token,freq
the,471677
of,252280
and,190283
to,187638
in,142717
a,130770
is,109683
that,78777
as,67159
nn,59697
be,57726
for,56120
this,53939
it,50845
are,42010
with,41129
by,39122
on,37508
was,36432
jj,31050
not,30622
which,28878
s,28802
from,28701
an,27837
have,25367
can,22741
or,22651
at,22461
has,19964
their,19071
they,18363
will,17851
were,17742
more,17498
also,16644
there,16516
but,15145
would,14670
one,13709
these,13239
we,13041
been,12910
all,12434
such,12403
his,12370
however,12236
its,11932
other,11830
formula,11416
if,11308
i,11198
between,11158
when,11156
may,11071
he,10970
than,10962
only,10391
so,10267
had,9456
no,9433
into,9260
could,9181
time,9088
used,9051
np,8259
some,8216
two,8138
new,7928
therefore,7821
should,7762
different,7668
use,7506
then,7427
most,7351
what,7329
who,7282
being,7279
both,7140
her,7064
them,6982
where,6971
many,6966
people,6872
because,6866
through,6855
social,6798
system,6633
how,6593
about,6586
out,6462
each,6461
order,6406
any,6382
within,6142
first,6111
very,5927
over,5737
women,5520
way,5483
world,5479
important,5432
due,5424
using,5368
example,5343
up,5306
do,5302
work,5022
same,4962
well,4918
does,4903
p.,4872
must,4858
she,4789
power,4782
even,4743
found,4714
state,4684
high,4651
after,4636
number,4615
data,4612
although,4578
market,4569
case,4553
made,4550
results,4507
process,4483
those,4483
thus,4479
see,4391
theory,4363
value,4302
much,4270
since,4200
development,4189
our,4154
model,4093
during,4056
form,4043
law,4029
possible,4020
seen,4006
group,3993
information,3984
society,3936
research,3896
analysis,3891
part,3884
need,3879
level,3879
make,3847
political,3838
control,3806
economic,3754
human,3738
another,3704
further,3692
life,3692
change,3652
et,3631
e.,3618
increase,3614
al,3603
like,3580
fact,3578
given,3548
us,3540
result,3502
figure/,3500
still,3476
often,3437
while,3429
good,3426
language,3422
point,3396
own,3386
evidence,3349
three,3341
my,3336
before,3333
less,3332
states,3322
rate,3312
study,3286
under,3264
years,3244
based,3241
rather,3173
company,3147
nature,3140
set,3137
able,3129
international,3125
figure,3120
whether,3105
means,3099
individual,3070
method,3058
values,3057
did,3049
you,3048
history,3047
business,3030
role,3025
management,3023
effect,2997
large,2963
without,2949
against,2942
take,2936
problem,2906
higher,2898
main,2897
project,2893
product,2890
countries,2866
shows,2854
just,2847
following,2843
now,2835
terms,2821
present,2817
structure,2815
t,2806
government,2805
shown,2791
above,2787
food,2782
factors,2739
approach,2699
production,2698
problems,2676
significant,2662
right,2653
period,2634
place,2623
health,2623
provide,2614
small,2608
table/,2590
water,2579
general,2575
knowledge,2571
growth,2546
taken,2537
similar,2525
cannot,2523
certain,2510
upon,2495
likely,2480
support,2478
low,2464
policy,2462
become,2457
children,2455
increased,2454
men,2452
public,2445
area,2422
war,2422
him,2421
long,2411
particular,2401
class,2399
according,2394
second,2383
view,2377
common,2373
culture,2352
relationship,2350
groups,2345
end,2339
changes,2337
trade,2336
ibid,2335
cost,2335
considered,2332
needs,2326
performance,2321
year,2313
required,2304
energy,2279
seems,2277
environment,2266
idea,2265
quality,2263
around,2262
cause,2261
current,2249
future,2247
products,2237
section,2222
function,2221
experience,2216
test,2193
show,2189
behaviour,2185
design,2183
greater,2182
might,2178
great,2169
act,2169
having,2120
making,2118
areas,2100
question,2099
hence,2098
towards,2097
better,2096
issues,2084
uk,2083
population,2078
levels,2076
local,2074
amount,2069
position,2054
yet,2049
too,2047
g.,2042
help,2042
line,2034
lower,2034
european,2032
though,2032
species,2030
potential,2027
per,2023
best,2012
sense,2006
body,1998
url,1991
clear,1989
find,1987
man,1986
rights,1983
price,1982
give,1972
early,1965
methods,1953
age,1949
itself,1940
labour,1939
interest,1938
introduction,1937
why,1936
others,1933
conditions,1929
national,1927
known,1925
necessary,1925
sample,1922
pressure,1920
specific,1912
effects,1909
words,1907
range,1906
systems,1906
here,1901
various,1895
suggests,1890
customers,1885
far,1881
material,1880
available,1878
difficult,1871
modern,1867
economy,1860
industry,1859
working,1858
london,1856
country,1852
force,1850
key,1845
natural,1841
reason,1840
type,1837
report,1835
again,1834
hand,1834
understanding,1834
down,1821
little,1818
person,1818
risk,1816
account,1805
either,1800
strategy,1799
positive,1791
conclusion,1789
demand,1783
every,1777
light,1777
table,1777
community,1777
family,1772
learning,1769
whilst,1768
always,1757
english,1756
impact,1755
major,1754
concept,1753
financial,1752
times,1750
influence,1749
total,1749
essay,1743
stage,1738
difference,1736
output,1730
importance,1725
once,1721
increasing,1721
situation,1717
past,1716
meaning,1715
factor,1715
themselves,1712
below,1709
temperature,1701
associated,1701
especially,1692
compared,1691
physical,1691
including,1687
i.,1685
flow,1681
care,1680
involved,1680
action,1676
service,1676
term,1676
negative,1675
lack,1673
university,1672
ability,1669
solution,1663
cases,1662
produce,1659
developed,1659
appendix,1650
ideas,1640
perhaps,1640
individuals,1639
strong,1638
free,1638
left,1637
child,1635
whole,1633
produced,1632
costs,1628
century,1625
lead,1625
real,1622
despite,1618
cultural,1616
size,1612
particularly,1611
include,1610
b,1609
c,1607
several,1604
provided,1600
thought,1596
source,1587
studies,1583
focus,1580
press,1580
four,1575
experiment,1575
few,1569
treatment,1569
argument,1568
back,1565
site,1563
p,1562
addition,1559
global,1557
true,1555
decision,1553
issue,1553
practice,1552
throughout,1550
get,1549
picture/,1538
forms,1534
extent,1531
expected,1523
land,1518
last,1518
single,1512
until,1507
clearly,1503
complex,1503
capital,1498
differences,1486
employees,1475
resources,1475
standard,1474
american,1474
points,1473
equation,1472
create,1471
later,1470
patient,1469
indeed,1469
direct,1469
death,1466
makes,1466
simply,1465
legal,1464
activity,1459
members,1455
error,1448
mean,1447
environmental,1442
needed,1441
know,1438
enough,1435
disease,1432
v,1431
done,1429
field,1427
already,1421
context,1416
customer,1412
subject,1400
appears,1397
understand,1395
led,1391
loss,1388
movement,1388
gender,1387
consider,1387
instead,1386
central,1384
success,1380
reasons,1379
ways,1376
oxford,1375
among,1374
together,1374
your,1371
services,1370
limited,1369
feel,1360
constant,1359
created,1358
surface,1354
personal,1353
put,1353
effective,1352
cited,1350
appropriate,1350
communication,1350
processes,1348
never,1347
companies,1347
relations,1345
caused,1343
look,1343
something,1342
successful,1337
provides,1336
simple,1335
female,1332
applied,1331
called,1331
said,1330
cells,1327
average,1327
europe,1325
least,1324
traditional,1320
moral,1319
home,1318
furthermore,1317
useful,1316
image,1316
affect,1315
status,1315
education,1314
technology,1313
money,1312
organisation,1312
british,1307
suggest,1307
s.,1306
gives,1304
reduce,1304
seem,1302
play,1301
previous,1299
defined,1297
m,1295
generally,1295
me,1294
male,1294
ensure,1294
mass,1292
final,1291
response,1288
related,1288
types,1282
team,1280
day,1278
argued,1277
staff,1273
students,1270
god,1266
reduced,1262
next,1261
program,1257
became,1255
graph,1252
described,1251
poor,1249
carried,1246
foreign,1246
believe,1245
questions,1240
come,1239
x,1239
activities,1237
highly,1233
longer,1229
allow,1227
taking,1226
reaction,1222
review,1222
critical,1221
cell,1220
mind,1219
occur,1218
say,1217
benefits,1216
book,1216
across,1215
usually,1215
justice,1207
basis,1204
marketing,1203
protein,1201
quite,1201
open,1201
discussion,1197
becomes,1195
black,1194
finally,1193
features,1190
short,1189
profit,1189
word,1187
aspects,1184
workers,1180
actually,1180
identified,1180
share,1179
almost,1179
off,1176
relatively,1175
page,1173
overall,1170
article,1167
access,1162
suggested,1161
d,1161
discussed,1159
characteristics,1158
initial,1156
turn,1156
theories,1156
go,1156
city,1154
text,1153
relation,1152
gain,1151
r,1150
variables,1141
directly,1141
choice,1140
policies,1138
uses,1134
distribution,1133
recent,1131
argues,1131
calculated,1130
basic,1128
established,1128
content,1128
along,1126
j.,1125
china,1123
sales,1123
science,1122
rules,1120
domestic,1120
competition,1118
politics,1117
patients,1116
third,1114
developing,1113
skills,1112
speech,1111
investment,1111
ratio,1111
c.,1109
appear,1109
increases,1108
air,1105
determine,1105
causes,1104
degree,1104
explain,1103
rise,1102
a.,1101
revolution,1101
obtained,1101
income,1100
materials,1099
equal,1098
away,1096
develop,1095
relevant,1093
achieve,1091
elements,1090
aim,1090
eu,1089
allows,1087
identity,1086
added,1082
things,1082
whereas,1081
looking,1079
exchange,1077
definition,1077
side,1076
normal,1075
phase,1075
rates,1070
conflict,1067
america,1067
majority,1066
think,1064
condition,1061
complete,1061
moreover,1060
remains,1059
presence,1056
today,1055
paper,1055
full,1054
input,1051
improve,1049
scale,1045
supply,1045
heat,1045
security,1041
techniques,1040
decisions,1039
prices,1037
matter,1037
white,1034
essential,1032
court,1031
farm,1031
goods,1030
private,1028
reader,1028
space,1028
held,1021
task,1020
samples,1018
existence,1018
speed,1018
affected,1017
events,1014
organic,1012
character,1011
external,1011
claim,1008
larger,1008
mentioned,1006
medical,1006
achieved,1006
principle,1005
exist,1005
training,1005
blood,1004
five,1003
reality,1002
observed,1000
failure,999
providing,998
attention,997
old,995
young,995
application,994
internet,994
tourism,993
r.,992
attempt,991
independent,991
th,991
course,990
instance,990
united,989
measure,989
easily,988
region,987
participants,986
close,982
n,981
lines,980
takes,978
weight,977
target,977
north,977
principles,975
living,971
purpose,970
allowed,970
actions,969
himself,968
argue,968
consumers,968
authority,968
run,967
identify,966
actual,966
literature,965
existing,965
length,960
internal,959
pain,958
union,957
comparison,956
included,955
interests,955
maximum,953
outside,952
reading,951
stated,946
stress,945
primary,942
britain,942
rule,941
examples,940
efficiency,939
m.,935
sector,935
east,933
frequency,932
element,931
markets,931
determined,930
object,930
pp,929
mainly,928
responsibility,927
ed,926
house,925
hard,925
self,925
original,925
maintain,924
deal,924
placed,923
party,922
series,921
probably,921
software,921
regarding,921
forces,920
capacity,919
user,919
building,917
move,914
advantage,914
benefit,913
measured,912
centre,910
concerned,910
resulting,910
properties,908
institutions,908
works,907
presented,906
consumer,906
interpretation,905
believed,902
previously,901
strength,899
code,899
contrast,898
note,898
accurate,898
showed,895
practical,892
interaction,892
property,890
woman,888
models,885
scientific,885
sources,885
distance,884
written,883
structures,882
milk,882
resistance,880
numbers,880
face,879
england,879
variable,879
relative,879
framework,877
freedom,874
occurs,873
de,872
name,872
firm,871
consideration,871
functions,871
felt,869
correct,868
unit,865
firstly,863
computer,863
religious,863
perspective,862
popular,861
lives,859
job,859
million,856
plant,853
leading,852
offer,852
strategies,852
writing,852
want,850
travel,850
leads,849
fully,849
alternative,849
going,848
sites,848
return,847
standards,846
corporate,845
respect,844
planning,844
measures,839
proposed,839
middle,839
kind,836
threat,836
school,835
meant,835
prevent,834
concentration,832
managers,832
objective,830
beginning,829
parts,829
etc,828
balance,828
claims,828
changing,827
behind,826
possibility,826
truth,825
shall,825
south,824
examination,823
plan,823
historical,822
follows,821
came,820
brain,820
firms,820
audience,820
hotel,818
media,818
linear,818
half,817
requires,817
reduction,815
contract,812
statement,811
reference,809
fit,808
competitive,808
doing,808
remain,807
consequently,806
variety,805
suitable,805
contact,801
keep,800
require,797
avoid,796
novel,795
interesting,794
changed,793
fundamental,793
fixed,791
slightly,786
humans,784
procedure,783
approximately,783
significantly,782
beyond,782
responsible,781
love,779
completely,779
objects,779
l.,778
continue,778
commission,778
religion,777
findings,777
earlier,776
indicates,776
start,775
chosen,775
days,775
story,774
notion,773
additional,773
online,773
relationships,773
introduced,773
errors,772
crucial,771
opportunity,769
lot,769
aims,769
giving,769
hours,768
step,767
protection,766
member,766
follow,766
concern,765
pattern,764
views,762
debate,762
really,762
structural,762
display,760
aspect,760
brought,760
roles,759
belief,759
hypothesis,758
dna,758
requirements,757
designed,756
efficient,756
search,756
york,755
implementation,755
smaller,753
growing,753
considering,753
investigation,752
lost,752
nation,752
let,751
soil,751
easy,750
creating,750
list,749
john,749
technique,749
fall,749
increasingly,749
via,748
significance,747
testing,746
followed,745
pay,744
mental,743
style,742
intervention,741
took,740
head,739
decrease,739
formed,739
active,738
progress,738
experiences,738
explained,737
possibly,736
characters,735
try,734
answer,734
poem,732
mother,730
explanation,729
aware,729
car,728
bank,727
organisations,727
acid,727
late,726
load,726
occurred,725
practices,725
criminal,724
expression,723
selection,723
read,723
base,722
shift,721
tests,720
separate,720
employment,719
formation,718
noted,716
sufficient,715
images,715
memory,715
effectively,714
west,714
allowing,713
room,713
d.,713
civil,712
similarly,712
tend,712
mr,711
experimental,711
showing,708
council,708
extremely,708
figures,707
certainly,706
crisis,706
week,704
patterns,703
f,702
consumption,701
damage,701
construction,701
animals,701
ones,701
stages,700
merely,699
electron,698
months,697
top,697
volume,696
opportunities,695
author,694
meet,692
violence,692
prior,692
ideal,692
live,692
description,691
comes,690
sex,690
western,690
network,689
alone,688
objectives,688
farmers,688
rest,684
shape,683
involves,683
linked,682
feature,681
k,680
sexual,680
laws,680
direction,679
reducing,679
brand,679
motor,678
agricultural,677
indicate,674
theoretical,674
nothing,674
pg,673
david,673
plants,672
whose,672
concerning,671
accepted,670
setting,669
necessarily,668
operation,667
tasks,666
ever,666
apparent,665
stable,665
e,664
bring,661
sometimes,661
y,661
details,661
becoming,661
implications,661
symptoms,660
components,659
b.,659
improved,658
largely,658
latter,658
opinion,657
heart,656
classes,655
gave,654
colour,654
l,653
safety,652
op,652
hold,652
perception,652
examine,652
stock,651
assessment,651
ground,651
roman,650
tool,650
red,649
currently,649
ii,649
parties,649
location,649
emphasis,648
desire,648
tax,648
wide,647
core,647
circumstances,646
art,646
psychological,646
includes,645
background,645
fluid,645
h,645
apply,643
regional,643
approaches,641
genetic,639
velocity,639
obvious,636
voltage,635
conclusions,635
trying,635
cit,634
unemployment,634
decided,633
integration,633
special,633
web,632
received,631
yield,631
prove,629
gene,629
agreement,628
concerns,627
smith,627
marriage,626
arguments,626
reach,626
website,625
concepts,625
journal,625
situations,623
supported,623
depends,623
choose,622
consistent,621
impossible,620
commercial,619
greek,618
contains,618
strain,618
respectively,617
define,617
am,617
h.,616
perceived,616
french,615
evaluation,615
animal,615
film,613
organization,612
exists,612
housing,611
formal,610
ltd,609
link,608
spread,607
powerful,606
obtain,606
describe,605
chinese,604
march,603
goes,603
decline,602
compare,602
causing,601
division,601
event,601
began,600
reasonable,600
transport,600
nevertheless,599
contemporary,599
assumed,599
represent,599
dependent,598
controlled,597
initially,596
picture,596
items,595
cash,594
democracy,594
unable,594
welfare,594
expectations,594
diagnosis,593
exercise,593
consequences,592
refers,591
represents,591
expressed,591
detailed,591
recorded,590
performed,589
evolution,589
goals,589
acts,589
distinct,588
transfer,588
zero,588
employee,587
creation,587
machine,585
layer,585
beam,585
establish,584
matrix,584
address,583
o,583
sound,581
military,581
six,581
communities,580
minimum,578
curve,578
outcome,577
percentage,577
huge,577
moment,576
parents,576
france,575
cambridge,575
big,574
illness,574
distinction,573
processing,573
proteins,573
g,573
thing,572
cycle,572
divided,571
accept,571
beliefs,571
estimated,571
books,571
measurement,570
continued,570
units,570
forced,570
-1,568
india,567
accuracy,567
professional,567
signal,566
cover,565
influenced,565
manager,565
strategic,563
describes,563
charge,562
v.,562
serious,561
highest,561
evident,560
nations,560
industrial,559
genes,559
motivation,559
contain,559
build,558
vital,558
believes,557
notes,557
experienced,556
duty,556
resulted,555
steel,555
reached,554
manufacturing,553
extra,553
variation,553
trend,552
manner,552
improvement,551
failed,551
unique,551
former,551
trust,551
producing,551
shared,550
proved,549
germany,548
plate,548
combination,548
regard,548
carry,548
started,548
alcohol,548
attempts,547
criteria,547
secondly,547
green,547
criticism,546
refer,546
fair,545
ultimately,545
attitudes,545
chain,545
biological,543
beneficial,542
king,542
learn,542
fear,542
begin,542
aid,541
peak,541
component,541
annual,540
mechanism,540
representation,540
climate,540
interview,539
operations,539
summary,539
foods,538
father,538
host,538
authors,537
asia,537
employed,537
fairly,537
wrong,536
conducted,535
wider,535
removed,534
widely,534
earth,532
researchers,532
looked,532
depending,532
built,530
suggesting,530
inflation,529
dominant,528
experiments,528
correlation,528
discuss,528
engine,527
edition,527
reported,527
narrative,527
commonly,527
viewed,527
asked,526
nor,526
projects,526
diet,526
chemical,525
perform,525
primarily,525
kept,525
expansion,525
philosophy,524
societies,524
lord,524
governments,523
implies,522
birth,522
density,521
awareness,521
electrons,521
entirely,521
observations,521
challenge,521
association,520
legislation,520
oil,520
inside,520
represented,519
unlikely,519
rural,519
places,519
analyse,519
connected,519
confidence,517
assumptions,517
tested,517
successfully,517
assumption,516
eventually,516
drawn,516
reform,516
scheme,515
fat,515
regions,515
someone,515
saw,515
otherwise,515
males,514
absence,514
cultures,513
department,513
finding,513
rapid,512
anything,512
option,512
race,511
analysed,511
solutions,510
businesses,510
regular,510
discourse,510
weak,510
quickly,510
enter,510
measurements,509
says,509
signs,509
programme,509
scope,509
weeks,509
wave,508
date,508
ancient,508
sequence,507
forward,507
selected,506
amongst,506
effort,505
limitations,505
stability,505
wife,505
limit,505
neither,504
hospitality,504
movements,504
promote,504
unlike,503
gradient,503
feeling,503
governance,503
consciousness,503
client,503
closely,503
rational,502
offered,502
assets,502
multiple,501
observation,501
offers,501
budget,501
raised,501
classical,500
starting,500
realism,500
poverty,500
agriculture,500
advantages,499
examined,499
enable,499
receive,499
detail,499
regarded,499
secondary,498
protect,498
chance,498
frequently,497
empirical,496
record,496
extension,495
derived,495
apart,495
front,495
bacteria,495
understood,495
near,495
numerous,494
essentially,494
published,493
entire,493
tools,493
acquisition,493
determining,493
reflect,493
referred,492
infection,491
greatly,491
bias,489
specifically,489
satisfaction,488
remained,488
operating,488
exactly,487
random,487
native,487
cold,486
hospital,486
recognised,486
assume,486
locke,486
generated,485
responses,484
parameters,483
moving,483
comparing,483
leader,482
leave,482
indicated,481
rich,481
visual,481
church,481
periods,481
competitors,481
globalisation,480
flexibility,480
proportion,479
thinking,478
connection,477
german,477
delivery,476
demonstrated,476
regulation,476
path,475
treated,475
origin,475
fig,475
powers,474
onto,474
adopted,474
radical,474
appeal,474
revenue,474
leadership,473
economies,473
attitude,473
resource,472
running,472
crime,472
texts,472
recently,472
ethical,472
slavery,472
profits,472
brown,472
combined,471
considerable,470
police,470
message,469
typical,469
diagram,468
don,468
long-term,468
links,467
difficulties,467
coefficient,467
calculations,467
plot,466
normally,466
categories,466
went,466
contribute,465
statistics,465
females,465
wall,463
call,463
asian,463
democratic,462
presentation,462
plays,462
surrounding,462
participation,461
lies,461
opposed,461
wealth,460
independence,460
oxygen,460
implemented,460
office,459
accounts,459
add,459
indian,458
wanted,458
paid,457
encourage,457
gained,457
easier,457
creates,457
accessed,456
empire,456
break,456
affects,456
acting,456
attack,456
diversity,454
technological,454
attached,454
conclude,453
agents,453
intended,453
regression,453
u.,452
sets,452
appeared,452
co,452
medium,452
doubt,451
capable,451
depression,450
mrs,450
regulations,450
survey,450
survival,449
j,449
minutes,449
store,449
feelings,447
gods,447
theorem,446
liberal,446
calculate,446
courts,446
drug,445
voice,445
daily,444
recognition,444
phenomenon,444
commitment,443
contained,443
speaker,443
advice,443
facts,443
steps,443
discovered,442
assess,442
equipment,442
skin,442
cognitive,442
productivity,441
trial,440
involvement,440
uncertainty,440
severe,440
molecules,439
explains,439
linguistic,438
characteristic,438
effectiveness,438
noise,437
expect,437
angle,436
extreme,436
authorities,436
meat,436
universal,436
vol,436
academic,435
helps,435
goal,434
located,434
helped,434
friends,434
decide,433
displayed,433
boundary,433
agree,433
absolute,432
regime,432
generate,432
seemed,432
soon,431
plc,431
validity,431
subjects,431
japan,431
procedures,431
equally,430
ideology,429
elite,429
families,429
category,429
bodies,429
favour,428
wind,428
student,428
cut,428
double,428
promotion,427
suppliers,427
demands,427
bad,427
gdp,426
conduct,425
obviously,425
abstract,424
crop,424
conflicts,424
husband,424
board,422
colonies,422
technical,422
difficulty,421
carbon,421
crops,421
continuous,421
quantity,420
sections,420
containing,420
risks,420
involve,420
illustrated,420
check,420
upper,419
morality,419
chapter,418
urban,418
focused,417
music,417
ten,417
mechanisms,416
rome,416
heavily,415
consists,415
predicted,415
gap,415
extensive,415
ethnic,414
ask,414
clinical,414
advertising,414
immediately,414
amounts,412
leaves,412
spent,412
sure,412
everyone,412
users,412
constructed,412
metal,411
grow,411
managed,411
version,411
subsequent,411
sentence,411
entry,411
net,411
integrated,411
underlying,411
enzyme,410
demonstrates,410
functional,410
temperatures,410
suffering,410
express,409
square,409
contribution,409
false,409
demonstrate,409
perfect,409
institutional,408
varying,408
measuring,408
adequate,408
corresponding,408
joint,408
transition,408
cancer,408
channel,407
defence,407
reflected,407
tradition,407
reliable,407
collection,407
identification,407
opposite,407
bone,406
intention,406
interested,406
count,406
cooperation,406
studied,405
schools,405
scene,404
w.,404
closer,404
collected,404
actors,403
leaving,403
purposes,403
qualitative,403
collective,403
consequence,403
purchase,403
expenditure,403
interactions,403
potentially,403
researcher,403
talk,403
reflects,402
piece,402
requirement,402
generation,402
citizens,401
parallel,401
extended,400
seek,400
t.,400
gas,400
atom,400
kant,399
tube,399
statements,399
investigate,399
sounds,399
stop,399
f.,398
met,398
atoms,398
probability,398
punishment,397
produces,397
profile,397
highlighted,397
everything,397
reasoning,397
restricted,397
worked,397
meeting,396
algorithm,396
decreased,396
teaching,396
ec,395
hands,395
k.,395
topic,395
proof,394
populations,394
appearance,394
die,393
liquid,393
write,393
positions,393
finance,393
ph,392
brief,392
whereby,392
addressed,391
older,391
st,391
willing,391
worth,390
presents,390
sort,390
dimensions,390
post,390
mode,389
binding,389
flexible,389
attributes,388
ring,388
vary,388
unknown,388
highlights,388
passed,387
schemes,387
developments,387
rely,387
overcome,386
circuit,385
strongly,385
substantial,385
dark,385
notice,385
greatest,384
height,384
dealing,383
feminist,383
emotional,383
shareholders,382
namely,382
conservation,382
japanese,382
intensity,382
efforts,381
arise,380
influences,380
limits,380
iron,379
diameter,379
october,379
segment,379
leaders,378
repeated,378
choices,378
draw,378
looks,378
diseases,378
rapidly,377
boundaries,377
faced,377
africa,377
particles,377
descartes,377
credit,376
theme,376
personality,376
capitalism,376
sustainable,376
eds,376
president,376
valid,376
else,376
spanish,375
bound,374
membrane,374
deep,374
involving,374
judge,374
turned,373
equilibrium,373
reports,373
adding,373
depth,373
qualities,372
establishment,372
adult,372
applications,371
concluded,371
root,371
indicating,371
percent,371
continues,371
acceptable,370
composition,370
waste,370
articles,370
professionals,370
april,370
atmosphere,370
tell,369
fast,369
recognise,368
barriers,368
stay,368
spend,367
tree,367
fish,367
expensive,367
calculation,366
maintaining,366
feedback,366
block,366
except,365
sea,365
tried,365
thomas,364
returns,364
doesn,364
dead,364
adopt,364
latin,364
born,364
eating,363
myth,363
tissue,363
girls,363
claimed,362
enables,362
leisure,362
played,362
constraints,362
laboratory,362
conception,362
aimed,362
eyes,361
autonomy,361
adjustment,361
sensitive,361
desired,361
universe,360
illustrates,360
spectrum,360
dynamic,360
hunting,360
completed,359
industries,359
thereby,359
additionally,359
monetary,358
drop,358
typically,358
mixture,358
justification,357
revealed,357
farming,357
whom,357
americans,357
speak,356
athens,356
pure,356
immediate,355
wants,355
transformation,355
rotation,355
historians,355
encouraged,355
presenting,355
nuclear,355
hotels,355
storage,354
marx,354
radiation,354
getting,353
army,353
blue,353
wage,353
improving,352
maintained,352
plans,352
prepared,352
nitrogen,352
n.,352
landscape,352
diverse,351
entity,351
tension,351
revolutionary,350
highlight,350
conventional,350
raw,350
logical,350
buy,350
secure,350
evaluate,350
learners,349
saying,349
visible,349
cross,349
trends,349
liability,349
opinions,349
vast,349
interpreted,348
subsequently,348
guidelines,348
unions,348
molecular,347
motion,347
williams,347
methodology,346
convention,346
illustrate,346
fresh,346
supporting,345
equations,345
replaced,345
monitoring,345
equivalent,345
investigated,345
driven,345
coming,345
respond,345
supports,345
norms,344
equality,344
crystal,344
reduces,344
night,344
fail,344
slow,344
psychology,344
array,343
mostly,343
justified,343
straight,343
sought,343
explaining,343
torque,343
provision,343
neolithic,342
sold,342
keeping,342
estimate,342
mix,342
cities,341
hope,341
excess,341
informed,340
domain,340
calls,340
affecting,340
export,340
serve,340
reliability,340
indirect,340
fields,339
theatre,339
marked,339
wild,339
intake,338
relating,338
drag,338
era,338
struggle,338
jobs,337
heavy,337
match,337
implement,337
remaining,337
selling,336
turnover,336
occurring,336
organisms,336
operate,336
moved,335
emergence,335
readings,335
index,335
begins,335
medicine,335
vision,335
sent,335
resolution,334
sees,334
drive,334
modified,334
minimal,334
title,334
map,334
stories,333
digital,333
la,333
quantum,333
file,333
employers,333
eye,332
nearly,331
acceptance,331
didn,331
ensuring,331
bit,330
sign,330
largest,330
unless,330
chronic,330
separation,330
lay,330
manage,329
feels,329
advanced,329
availability,329
workforce,329
database,329
wish,329
mechanical,329
solve,329
herself,329
speaking,329
literary,328
score,328
solid,328
reflection,328
arguably,328
options,328
ends,328
channels,328
evolutionary,328
superior,327
glass,327
package,327
agreed,327
communicate,327
suffered,327
forest,327
valuable,327
weber,327
healthy,327
somewhat,327
broad,327
thoughts,326
inequalities,326
identical,326
non,326
mark,325
focuses,325
sphere,325
exact,325
committee,324
opening,324
innovation,324
hydrogen,323
constantly,323
household,323
drugs,323
graphs,322
technologies,322
complexity,322
funds,321
networks,321
pulse,320
relate,320
recommendations,320
transferred,319
news,319
opposition,319
closed,319
organizations,319
soft,319
sensory,319
box,319
depend,319
dangerous,319
worker,318
answers,318
peace,318
accounting,318
seven,318
publishing,318
loop,318
molecule,317
systematic,317
slaves,317
survive,317
dramatic,317
ice,317
stand,317
james,317
judicial,317
currency,316
everyday,316
tense,316
soviet,316
rising,315
sensitivity,315
mexico,315
regards,315
purely,315
bond,315
mortality,315
korea,315
raise,315
intellectual,315
predict,314
engineering,314
quoted,314
official,313
contrary,313
matters,313
stresses,313
logic,313
representative,312
decision-making,312
sum,312
stone,311
agency,311
split,311
plato,311
electronic,311
pass,310
campaign,310
naturally,310
quantitative,310
enterprise,309
challenges,309
fight,308
analysing,308
recommended,308
mixed,308
payment,308
varied,308
explore,308
wages,308
examining,307
facilities,307
decreases,307
symbolic,307
truly,307
richard,307
robert,307
sublime,307
ratios,307
legitimate,306
accurately,306
differ,306
faster,306
fails,306
intelligence,306
indication,306
stored,306
monitor,306
insight,306
complicated,306
solely,306
contributed,306
sampling,305
committed,305
consent,305
trading,305
breast,305
legitimacy,304
holding,304
monopoly,304
trees,304
signals,304
falls,304
safe,304
outcomes,304
socially,303
q,303
poetry,303
vegetation,303
writers,302
maybe,302
son,302
silence,301
grown,301
teacher,301
disability,301
taylor,301
reward,301
dry,301
administration,300
winter,300
problematic,300
referring,300
attributed,300
isolated,300
respiratory,299
lie,299
synthesis,299
remove,299
pump,299
existed,299
bridge,298
necessity,298
game,298
got,298
virus,298
island,298
comparative,298
gross,297
scientists,297
chest,297
magnetic,297
debt,297
sell,297
entering,297
tone,297
heating,297
hall,296
stem,296
informal,296
occupation,296
none,296
lowest,296
applying,296
institution,296
flat,295
determination,295
shop,295
specification,295
panel,295
letter,295
sodium,295
round,294
friction,294
defines,294
programmes,293
orientation,293
guide,293
edge,293
frequencies,293
conversation,293
device,293
lenin,293
sugar,293
dominance,292
broken,292
suffer,292
preferred,292
buildings,292
street,292
surgery,292
settlement,292
tends,292
equity,291
shear,291
release,291
evil,290
told,290
peaks,290
covered,290
construct,290
drama,290
harm,290
similarities,290
losses,290
assuming,289
finds,289
entered,288
counter,288
inherent,288
parliament,288
scenario,287
hong,287
electrical,287
interference,287
grounds,287
promoting,287
dickens,287
rose,286
exclusion,286
•,286
ago,286
architecture,286
floor,286
confirmed,286
readers,286
road,286
unfortunately,285
observe,285
fuel,285
rejected,285
admission,285
houses,285
justify,285
precise,285
canada,285
recovery,285
induction,284
command,284
controls,284
pipe,284
cent,284
undertaken,284
persons,283
happen,283
exposed,283
pointed,283
agent,283
magnitude,283
eastern,283
shares,282
coefficients,282
danger,281
prominent,281
inner,281
primates,281
identifying,281
hierarchy,281
delay,281
abilities,280
enhance,280
tendency,280
proper,280
republic,280
plotted,280
distinguish,279
statistical,279
films,279
seeking,279
standing,279
possess,279
codes,279
prime,279
subjective,278
drawing,278
spending,278
battle,278
peter,278
george,278
orders,278
escape,277
gradually,277
stronger,277
northern,277
achieving,277
ethics,277
offering,277
interviews,276
kong,276
egyptian,276
remember,276
treat,276
educational,276
besides,276
altered,276
perceptions,276
stream,275
languages,275
origins,275
devices,275
sun,275
considerations,275
iii,275
profession,275
organisational,275
liberty,275
fiscal,274
wire,274
doctrine,274
detected,274
adults,274
influential,274
investigations,274
participant,274
and/or,274
holds,274
therapy,274
emma,273
emerged,273
themes,273
attract,273
lose,273
un,273
purchasing,273
segments,273
destination,272
improvements,272
toward,272
economics,272
satisfy,272
item,272
iv,272
applicable,272
fruit,272
writer,272
attractive,272
archaeological,271
slave,271
proportional,271
russia,271
impacts,271
establishing,271
decades,271
nineteenth,271
perfectly,271
machines,271
controlling,270
vertical,270
shaft,270
nutrients,270
wood,270
recruitment,269
marks,269
gains,269
feed,269
weakness,269
spatial,269
bones,269
moves,269
knowing,269
brings,269
assignment,269
emotions,268
banks,268
colonial,268
tourists,268
executive,268
threats,268
medication,268
passage,268
violent,268
ions,268
maintenance,268
dependence,267
names,267
mere,267
vector,267
attempted,267
reforms,267
u,267
carrying,267
screen,266
focusing,266
string,266
rousseau,266
properly,266
discovery,266
deemed,266
excessive,266
boys,266
fire,265
december,265
nonetheless,265
reactions,265
usa,265
critique,265
passing,265
desirable,265
designs,265
attempting,264
magic,264
eat,264
x-ray,264
column,264
martin,264
arises,264
judgement,264
acquired,264
definitions,264
ultimate,264
circle,263
sexuality,263
television,263
displays,263
nutrient,263
january,262
virtue,262
slight,262
bottom,262
lecture,262
abuse,262
simultaneously,262
teachers,262
weaknesses,262
anxiety,261
perspectives,261
quick,261
meetings,261
distributed,261
studying,261
permanent,261
correctly,260
cylinder,260
principal,260
targets,260
wrote,260
habitat,260
hobbes,260
concentrations,260
apparatus,260
ms,260
meanings,259
summer,259
sectors,259
investors,259
productive,259
simulation,259
residuals,259
interpretations,259
familiar,259
november,259
atp,258
discrimination,258
limb,258
partly,258
exports,258
turbulent,258
scholars,258
spirit,258
narrator,257
partner,257
integral,257
soul,257
receiving,257
ranke,257
stating,257
relevance,257
adoption,257
eliot,257
career,256
realistic,256
soldiers,256
birds,256
critics,255
capitalist,255
globalization,255
dependant,255
evolved,255
mobile,255
comments,255
separated,255
filter,255
dominated,255
acute,254
representing,254
southern,254
organised,254
skill,254
bonds,254
nietzsche,254
flows,254
rarely,254
defining,254
fine,254
usage,254
vulnerable,253
excellent,253
perceive,253
visit,253
directed,253
marginal,253
chocolate,253
tesco,253
carefully,253
minority,253
reputation,253
liverpool,253
chose,252
ireland,252
agenda,252
forming,252
essence,252
route,252
affairs,252
inputs,252
passive,252
doctors,252
axis,252
importantly,251
pleasure,251
convergence,251
peoples,251
waves,251
writes,251
roots,251
managing,251
adapted,250
variations,250
characterised,250
eight,250
optimal,250
falling,250
fashion,250
save,250
parent,250
learnt,250
happy,250
worldwide,250
widespread,250
michael,250
victims,249
sheet,249
conscious,249
supposed,249
masses,249
divisions,249
traditionally,249
van,249
lifestyle,249
spring,249
imposed,248
inclusion,248
funding,248
injury,248
stores,248
soils,248
radius,247
charged,247
spoken,247
facing,247
introduce,247
decreasing,246
strengths,246
penguin,246
speakers,246
buying,246
june,246
reveal,246
ad,245
compounds,245
solving,245
facilitate,245
associations,245
exposure,245
communications,245
operational,244
served,244
pressures,244
re,244
ownership,244
desires,243
referral,243
planned,243
compound,243
destruction,243
victorian,243
degrees,243
luxury,243
disorder,242
module,242
controller,242
starts,242
select,242
rare,242
released,242
hearing,242
divine,242
muscle,242
restaurant,242
outlined,242
tragedy,241
visitors,241
racial,241
imply,241
adapt,241
obligation,241
surely,241
originally,241
instruction,241
helping,241
defendant,241
displacement,241
satisfied,240
foundation,240
christian,240
fate,240
emerging,240
consensus,240
treatments,240
realist,240
enabled,240
happened,240
geographical,240
loyalty,240
cooling,239
environments,239
differently,239
inequality,239
fighting,239
reynolds,238
massive,238
bargaining,238
particle,238
instrument,238
married,238
extend,238
incorporated,238
regardless,238
sovereignty,238
participate,238
colony,238
hill,238
margin,238
placing,238
structured,238
unity,238
acquire,237
sheep,237
johnson,237
semantic,237
italian,237
duration,237
sentences,237
african,237
advance,236
inventory,236
1980s,236
deviation,236
continuing,236
william,236
ritual,236
engage,236
bath,236
tourist,235
bar,235
dimension,235
considers,235
frequent,235
implementing,235
grazing,235
ignored,235
ease,235
smoking,234
twice,234
layout,234
taught,234
membership,234
ideological,234
realised,234
instruments,234
preference,234
assigned,234
imagination,234
transmission,234
chief,233
seemingly,233
discipline,233
masculinity,233
considerably,232
contexts,232
fewer,232
optimum,232
reveals,232
ages,232
phonological,232
popularity,232
seconds,232
nucleus,232
server,232
applies,231
conservative,231
occupational,231
famous,231
breach,231
slope,231
freezing,231
expand,231
europeans,231
reformation,231
mathematical,231
ac,230
uniform,230
thompson,230
finite,230
director,230
prevention,230
kingdom,230
schedule,230
discussing,230
thickness,229
enhanced,229
treaty,229
hume,229
manual,229
intrinsic,229
gaining,229
beings,229
hero,229
deficit,229
alter,229
varies,229
thin,228
inevitably,228
arm,228
exploitation,228
obligations,228
youth,228
criticised,228
mobility,228
wavelength,228
styles,228
enabling,227
causal,227
organism,227
explicit,227
grammar,227
pollution,227
instances,227
frame,227
aristotle,227
explored,227
producers,226
sides,226
eggs,226
mothers,226
regularly,226
aggressive,226
scores,226
translation,226
cm,226
lived,226
salt,226
gauge,226
behaviours,226
parameter,226
phrase,225
taste,225
geometry,225
impression,225
slowly,225
electric,225
bohr,225
motivated,225
kinds,225
burial,225
farms,225
serves,225
encouraging,225
italy,224
spectra,224
thermal,224
achievement,224
viable,224
notions,224
jones,224
worse,224
performing,224
specified,224
interpret,224
mary,224
rape,224
reject,223
bringing,223
efficiently,223
careful,223
partial,223
describing,223
learned,223
porter,223
puts,223
circular,223
comprehensive,223
ordinary,223
differing,222
killed,222
introducing,222
verb,222
relates,222
z,222
creative,222
records,222
cars,222
accordingly,222
port,222
totally,222
assumes,222
month,221
indicator,221
connections,221
luther,221
responsibilities,221
gold,221
profitability,221
granted,221
incentive,221
narrow,221
taxation,221
plates,221
attachment,221
concludes,220
analytical,220
intentions,220
administrative,220
agencies,220
possibilities,220
modification,220
protected,220
automatically,220
conjunction,220
expanding,220
tells,220
hundred,220
preparation,220
grant,220
realise,220
strict,219
computers,219
bits,219
asthma,219
questionnaire,219
clients,219
arrangement,219
absorption,219
confusion,219
transaction,219
dramatically,219
concentrated,219
dependency,219
faith,219
temporary,219
agreements,218
assessed,218
layers,218
shaped,218
cope,218
humanity,218
restrictions,218
murder,218
cattle,218
debates,218
comment,218
town,218
amino,217
stands,217
club,217
transactions,217
intensive,217
mood,217
ex,217
bear,217
detect,217
accumulation,216
master,216
2nd,216
plutarch,216
charles,216
compete,216
contracts,216
steady,216
normative,216
supplier,216
physically,216
absorbance,216
send,216
behavioural,216
evaluated,216
barrier,215
grass,215
proven,215
balanced,215
russian,215
card,214
victim,214
pages,214
estimates,214
skilled,214
1990s,214
differentiation,214
biggest,214
gauges,214
rna,214
provisions,214
disc,214
ford,214
insurance,214
preferences,214
chimpanzees,214
grammatical,213
sharing,213
extract,213
wars,213
baby,213
removal,213
surplus,213
nutritional,213
manufacture,213
younger,213
static,213
armed,212
fraction,212
minimise,212
ch,212
attacks,212
sequences,212
driving,212
bill,212
coping,212
dairy,212
anyone,212
ethnicity,212
interface,211
liver,211
adaptation,211
contamination,211
pricing,211
versus,211
minds,211
enforcement,211
coupled,211
won,211
discover,210
ideals,210
syndrome,210
stroke,210
references,210
choosing,210
rice,210
collapse,209
delivered,209
incident,209
onset,209
reaching,209
criticisms,209
hot,209
solar,209
rooms,209
interact,209
divide,209
bull,208
id,208
renold,208
nmr,208
elites,208
inability,208
alongside,208
daughter,208
nationalism,208
guarantee,208
artificial,208
adverse,208
yields,208
challenging,208
empowerment,208
filled,207
indigenous,207
coherent,207
binary,207
died,207
february,207
stakeholders,207
happens,207
noticed,207
profitable,207
thesis,207
programs,207
partners,206
reasonably,206
excluded,206
sleep,206
minor,206
variance,206
employer,206
fusion,206
2.1,206
inevitable,206
accordance,206
putting,206
portrayed,206
controversial,206
accessible,205
aeneas,205
philosophical,205
detection,205
pair,205
bowel,205
turning,205
heard,205
enzymes,205
w,205
athenian,205
identities,204
drink,204
session,204
emphasises,204
identifies,204
wildlife,204
assistance,204
packaging,204
attribute,204
meaningful,204
roughly,204
faces,203
analyses,203
relies,203
centres,203
quantities,203
progression,203
independently,203
priority,203
precisely,203
whatever,203
der,203
kill,203
neutral,203
fiction,203
hidden,203
specialist,203
format,202
towns,202
wishes,202
bed,202
track,202
deciding,202
knows,202
horse,202
institute,202
laser,202
saving,202
ward,202
partnership,202
rewards,201
subjected,201
racism,201
hour,201
emperor,201
guests,201
proposition,201
amplitude,201
economically,201
enjoy,201
phases,201
clause,201
smooth,201
corpus,201
september,201
liberalism,201
oc,201
breath,201
senses,201
finished,201
infants,201
conversely,200
ambiguity,200
infant,200
retail,200
fourth,200
woodland,200
feeding,200
gets,200
ml,200
renaissance,200
knew,200
incorporate,200
converted,200
greeks,200
detector,200
bc,200
plus,199
assist,199
irish,199
determines,199
ending,199
teams,199
seeds,199
maternal,199
ourselves,199
symbol,199
augustus,199
fertility,199
classification,198
assessing,198
drinking,198
patriarchal,198
moderate,198
driver,198
killing,198
exception,198
nazi,198
rings,198
comparisons,198
centuries,198
laid,198
undoubtedly,198
hardware,198
competing,198
progressive,197
chart,197
phenomena,197
dietary,197
memories,197
payments,197
preventing,197
neurons,197
favourable,197
reserves,197
couple,197
nurses,197
pregnancy,197
lacking,197
diabetes,197
ill,196
isolation,196
insufficient,196
poland,196
capabilities,196
christianity,196
vs,196
doctor,196
horizontal,196
ensures,196
sizes,196
vote,196
childhood,196
substance,196
briefly,196
pest,196
brands,196
detrimental,196
election,196
document,196
explanations,196
royal,195
mutual,195
shapes,195
yellow,195
exam,195
accommodation,195
crimes,195
modernity,195
prosecution,195
coverage,195
seeing,195
stance,195
ambiguous,195
generator,195
cheaper,195
fracture,194
acids,194
islam,194
chains,194
intense,194
listed,194
apparently,194
locations,194
expense,194
concrete,194
dialogue,194
crises,194
readily,194
talking,194
shock,194
predominantly,194
regulatory,194
concentrate,194
bearing,193
claiming,193
decade,193
lung,193
ready,193
mention,193
occurrence,193
cheap,193
outer,193
river,193
mesh,193
limiting,193
grid,193
infrastructure,193
turns,193
myself,192
july,192
guilty,192
helpful,192
stalin,192
expressions,192
fulfil,192
grave,192
routledge,192
pieces,191
positively,191
sacrifice,191
pace,191
indicators,191
1970s,191
disadvantages,191
unstable,191
prefer,190
alternatives,190
ca,190
isn,190
2.2,190
burden,190
entities,190
beauty,190
admitted,189
trials,189
relief,189
differential,189
paradigm,189
robot,189
acknowledged,189
loans,189
wilson,189
null,189
targeted,189
named,189
imperialism,189
sufficiently,189
paragraph,189
comprehension,189
billion,189
prevented,189
disorders,188
migration,188
apple,188
induced,188
coding,188
terrorism,188
twenty,188
counts,188
bought,188
historian,188
negligence,188
avoidance,188
severity,188
motives,188
conversion,188
romans,188
request,188
recognized,188
descriptions,188
fell,188
suggestion,187
indians,187
jackson,187
explicitly,187
kidde,187
gothic,187
abroad,187
raising,187
empty,187
raises,187
wto,187
discretion,186
corporations,186
shopping,186
aids,186
pursue,186
avoided,186
timing,186
confirm,185
zone,185
imports,185
dr,185
lists,185
harder,185
mitochondria,185
aggression,185
definite,185
shifts,185
mm,185
girl,185
letters,185
actively,185
relied,185
owned,185
broader,185
traits,185
gone,184
imf,184
tables,184
elderly,184
peer,184
elections,184
tries,184
sustained,184
distinctive,184
challenged,184
advances,184
shaping,184
requiring,184
selective,184
lexical,184
exclusive,183
breakdown,183
asking,183
alignment,183
contents,183
competence,183
respective,183
deliver,183
romantic,183
laminar,183
overview,183
copper,183
genuine,183
denning,183
emphasised,183
theorists,183
definitely,182
savings,182
plane,182
employ,182
propaganda,182
poems,182
log,182
settlements,182
commodity,182
reaches,182
reflecting,182
caught,181
limitation,181
individually,181
missing,181
confident,181
l2,181
vegetables,181
infinite,181
afford,181
grew,181
engines,181
monuments,181
credibility,181
syllable,180
paradox,180
wine,180
labelled,180
citizen,180
manipulation,180
sovereign,180
replacement,180
win,180
adds,180
flask,180
friendly,180
archaeologists,180
dynamics,179
taxes,179
sophisticated,179
ion,179
fault,179
departments,179
menu,179
transnational,179
arguing,179
promoted,179
com,179
functioning,179
er,179
reporting,179
wilde,179
paul,179
archaeology,179
proximity,178
moisture,178
unusual,178
inadequate,178
glucose,178
questioned,178
specimen,178
papers,178
bacterial,178
twentieth,178
compromise,178
assembly,178
modelling,178
ships,178
dilution,178
algorithms,178
pairs,178
certainty,178
outputs,178
vocabulary,178
ought,177
consist,177
irrigation,177
transformed,177
completion,177
friend,177
operates,177
1960s,177
sweet,177
elastic,177
window,176
modernist,176
drift,176
egypt,176
camera,176
weather,176
embedded,176
opened,176
verbal,176
destroy,176
substitute,176
miss,176
experiencing,176
verbs,176
proposal,176
journey,176
season,175
unclear,175
repeat,175
harris,175
enlightenment,175
cosmopolitan,175
publication,175
judges,175
medieval,175
greece,175
loading,175
aged,175
potassium,175
discharge,175
morning,175
stressed,175
regionalism,175
emphasise,175
retain,174
fund,174
arrangements,174
educated,174
developmental,174
leaf,174
transcription,174
witchcraft,174
emotion,174
impose,174
seeks,174
capture,174
obesity,174
contributing,174
complaint,174
viewing,173
temporal,173
substances,173
walls,173
adjusted,173
crystals,173
capita,173
nursing,173
worlds,173
mutations,173
likelihood,173
retention,172
sustainability,172
threatened,172
inferior,172
please,172
citizenship,172
capability,172
supplies,172
button,172
diffraction,172
switch,172
commentary,172
directors,172
commodities,172
substrate,172
mirror,172
supplied,172
returned,172
execution,171
aggregate,171
blackwell,171
vehicle,171
runs,171
offence,171
feminists,171
acted,171
mission,171
dealt,171
voting,171
ensured,171
asset,170
organizational,170
generating,170
resolved,170
bulk,170
losing,170
mistakes,170
virgin,170
blame,170
innovative,170
continuously,170
consisting,170
compensation,170
attendance,170
sensor,169
destroyed,169
irrelevant,169
asserts,169
short-term,169
consistently,169
translated,169
classified,169
egg,169
gp,169
shot,169
duties,169
comparable,169
plots,169
residual,169
publishers,168
eliminate,168
plain,168
nitrate,168
dollar,168
literacy,168
parental,168
nurse,168
invest,168
lewis,168
buffer,168
steam,168
disruption,168
constitution,167
senior,167
recording,167
dual,167
ecological,167
newly,167
telephone,167
cult,167
genome,167
formulation,167
niche,167
topics,167
breaking,167
acknowledge,167
communist,167
joyce,167
wives,167
gathered,167
voluntary,167
seriously,167
novels,167
biased,166
rejection,166
hardly,166
consultation,166
conflicting,166
compliance,166
traditions,166
processed,166
spiritual,166
directive,166
macmillan,166
satisfactory,166
entitled,166
gradual,166
primate,166
statutory,166
instability,166
labor,166
masculine,166
consistency,166
shorter,166
livestock,165
rigid,165
unnecessary,165
kennedy,165
modes,165
restriction,165
territory,165
hit,165
fe,165
maximise,165
tended,165
encountered,165
reverse,165
guidance,165
washington,165
clean,165
deeper,165
continually,165
scott,165
maintains,165
lee,165
utility,165
covers,165
recovered,164
judgements,164
venture,164
mechanics,164
replace,164
fundamentally,164
incidence,164
sale,164
curves,164
strictly,164
phone,164
composed,164
deficits,164
trained,164
absent,164
soldier,164
node,164
lastly,164
nodes,164
victory,163
centred,163
proves,163
star,163
traffic,163
supra,163
bottle,163
appreciate,163
posterior,163
weed,163
comfortable,163
repetition,163
usual,163
happiness,163
prey,163
objectivity,163
solvent,163
3.1,163
chromosome,163
realm,163
darkness,163
servants,163
estimation,163
suggestions,163
speeds,162
surprising,162
guilt,162
settings,162
trusts,162
defend,162
pie-1,162
august,162
travelling,162
door,162
specialised,162
guardian,162
unfair,162
polish,162
foundations,162
disabilities,162
minister,162
ordered,162
combine,162
playing,161
regulated,161
intermediate,161
promise,161
library,161
hitler,161
habitats,161
personnel,161
likewise,161
dating,161
criterion,161
politicians,161
blacks,161
feasible,161
hair,161
adjust,161
emerge,161
peasants,161
documents,161
surfaces,160
width,160
adjectives,160
arts,160
toyota,160
observing,160
launch,160
park,160
modulus,160
band,160
incorrect,160
teeth,160
brazil,160
warm,160
tensile,160
telling,160
domination,160
calculating,160
deposits,160
ongoing,160
continuity,160
absorbed,160
deny,159
conceptual,159
plastic,159
atlantic,159
tip,159
machinery,159
cream,159
discussions,159
habits,159
behavior,159
para,159
pride,159
beef,159
generations,159
radio,158
corresponds,158
norm,158
owner,158
magical,158
singapore,158
earnings,158
utilised,158
problem(s,158
push,158
forcing,158
damaged,158
automatic,158
similarity,158
inspection,158
contradictory,158
phillips,158
freud,158
investments,158
managerial,158
encourages,158
ruling,158
bilateral,157
monitored,157
fox,157
outline,157
estate,157
enterprises,157
forecast,157
pc,157
engaged,157
touch,157
join,157
occasions,157
portfolio,157
thousands,157
ahead,157
joseph,157
denied,157
reliance,157
domains,157
custom,156
terminal,156
marxist,156
convey,156
essays,156
amplifier,156
constitute,156
societal,156
subsidies,156
representatives,156
accused,156
analogy,156
stopped,156
pixel,156
seed,155
genre,155
stationary,155
listening,155
isis,155
proposes,155
visits,155
trace,155
incentives,155
weights,155
ban,155
conquest,155
demonstrating,155
buyers,154
economical,154
hear,154
henry,154
fears,154
bending,154
positioning,154
minute,154
prediction,154
wilkinson,154
blocks,154
constitutes,154
adopting,154
learner,154
activation,154
arms,154
succeed,154
autonomous,154
directions,154
newspaper,154
notably,154
configuration,154
collect,154
flux,154
deeply,154
sudden,154
sustain,153
terror,153
watch,153
practitioners,153
levellers,153
pursuit,153
transform,153
motive,153
indicative,153
gear,153
physiological,153
vice,153
develops,153
nerve,153
ideologies,153
tissues,153
infected,153
noun,152
conform,152
initiatives,152
australia,152
residents,152
spain,152
equals,152
clock,152
college,152
preserve,152
socio-economic,152
nutrition,152
sociology,152
profiles,152
differentiate,152
campaigns,152
longitudinal,152
predictions,152
fits,152
removing,152
knee,152
newspapers,152
combining,152
voices,152
reproductive,151
bronze,151
pose,151
import,151
chemicals,151
beautiful,151
preservation,151
aside,151
probable,151
stimulation,151
biodiversity,151
lasting,151
draws,151
valley,151
l1,151
transmitted,151
prepare,151
searching,151
pressed,151
bp,151
dispute,151
reinforced,151
brother,151
neural,151
argentina,150
arising,150
lords,150
interventions,150
bird,150
insects,150
3.2,150
poorer,150
extinction,150
creativity,150
receives,150
favoured,150
workplace,150
disadvantage,150
hypotheses,150
paying,150
modulation,150
myths,150
prescribed,150
reviewed,150
fraud,150
plausible,150
attracted,150
wordsworth,150
overseas,150
feminine,150
consumed,149
writings,149
suited,149
vortex,149
loads,149
breed,149
worst,149
programming,149
consisted,149
secretary,149
cutting,149
proposals,149
assurance,149
skn-1,149
adam,149
cf,149
merger,149
floating,149
negotiation,149
receptor,149
jury,149
hemisphere,149
launched,149
prevents,149
experts,149
behave,148
immune,148
morally,148
liable,148
waiting,148
pronunciation,148
simmel,148
sir,148
cows,148
davis,148
aluminium,148
situated,148
freely,148
weekly,148
sensible,148
2.5,148
competitor,148
shakespeare,148
rawls,148
oral,148
strike,148
contributions,148
bigger,147
feet,147
warfare,147
implicit,147
passes,147
susceptible,147
friendship,147
appreciation,147
infections,147
vitamin,147
socialist,147
secret,147
penalty,147
humanitarian,147
politically,147
expanded,147
routine,147
accounted,147
husbands,147
obtaining,147
angles,147
influencing,147
saved,147
dispersal,147
frank,147
train,147
sharp,147
expertise,147
viscosity,147
superiority,146
cluster,146
declaration,146
scan,146
transportation,146
heated,146
implying,146
exhibit,146
contradiction,146
nowadays,146
integrity,146
interestingly,146
en,146
discrete,146
virtually,146
supermarkets,146
poet,145
coli,145
proton,145
pathway,145
addresses,145
constructive,145
assay,145
imagery,145
mouth,145
reproduction,145
nhs,145
walking,145
hegemonic,145
lesser,145
wales,145
questionable,145
protocol,145
strains,145
appealing,145
solved,145
charges,145
hofstede,145
addressing,145
1.1,145
threatening,145
correspond,144
nine,144
wasn,144
co-operation,144
modelled,144
separately,144
suit,144
induce,144
tubes,144
rhyme,144
flaws,144
conventions,144
babies,144
fill,144
prospects,144
loaded,144
catholic,144
investigating,144
designing,144
banking,144
islands,144
complications,144
symbols,144
latest,143
residues,143
indirectly,143
ended,143
wear,143
peripheral,143
seeming,143
ikea,143
solidarity,143
meanwhile,143
chemistry,143
targeting,143
walk,143
nd,143
abdominal,143
foot,143
explanatory,143
inappropriate,142
so-called,142
acquiring,142
partially,142
holes,142
fifth,142
lateral,142
termed,142
returning,142
elsewhere,142
fragments,142
forth,142
outlook,142
jane,142
davies,142
deflection,142
rhetoric,142
abundance,141
sight,141
tunnel,141
unified,141
standardised,141
feminism,141
observer,141
healthcare,141
stimulus,141
turbine,141
vacuum,141
varieties,141
bureaucracy,141
bolsheviks,141
antibody,141
depicted,141
arrived,141
owing,141
shifted,141
compression,141
exploring,141
initiated,141
compatible,141
psychologists,140
keen,140
nervous,140
conducting,140
assert,140
ties,140
engagement,140
register,140
firmly,140
interval,140
guest,140
grain,140
volatility,140
weapons,140
conductivity,140
maps,140
corporation,140
pushed,140
protecting,140
negatively,140
loan,140
coffee,140
screening,140
speeches,140
suicide,139
inaccurate,139
interviewing,139
polymer,139
allies,139
responding,139
complementary,139
supernatural,139
initiative,139
talks,139
allocation,139
failing,139
spaces,139
calling,139
arranged,139
representations,139
implication,139
sciences,139
accountability,139
spite,139
lacks,139
fruits,138
holocaust,138
handling,138
corruption,138
ranges,138
thorough,138
distances,138
ngos,138
gaps,138
wait,138
enormous,138
legislative,138
ideally,138
imagine,138
morphology,138
portion,138
colonists,138
artistic,138
circles,138
deficiency,138
violations,138
albeit,138
enemies,138
1930s,138
calcium,138
fluctuations,137
heroic,137
ha,137
deals,137
evaluating,137
valued,137
organs,137
bases,137
copy,137
kenya,137
contributes,137
stimuli,137
print,137
exclusively,137
syntactic,137
countryside,137
deaths,137
attend,137
threshold,137
piston,136
imperial,136
ignore,136
commit,136
le,136
chloride,136
gases,136
calibration,136
metabolic,136
belong,136
episodes,136
parliamentary,136
avoiding,136
inhibition,136
fairness,136
decay,136
jack,136
remarks,136
producer,136
matlab,136
commands,136
signalling,136
manufactured,136
packages,136
foster,136
dedicated,136
classic,136
owners,136
executed,136
imperative,136
expressing,136
computing,135
ranging,135
promotes,135
donor,135
highlighting,135
uncertain,135
reinforce,135
polymerase,135
sole,135
dismissed,135
judgment,135
mainland,135
alternatively,135
pearson,135
disclosure,135
sensation,135
recognize,135
brake,135
scattering,135
uht,135
cinema,135
evans,135
absolutely,135
nepal,135
implied,135
willingness,135
rationality,134
weeds,134
interviewee,134
yes,134
sport,134
react,134
algebra,134
messages,134
websites,134
propose,134
prestige,134
convert,134
wheat,134
finger,134
cloud,134
tale,134
inherently,134
belonging,134
clark,134
macpherson,134
differs,134
mutation,134
phosphate,133
accident,133
displaying,133
generates,133
peers,133
individualism,133
reconstruction,133
posed,133
insignificant,133
racing,133
queen,133
stephen,133
questioning,133
founded,133
disturbance,133
pottery,133
parmenides,133
tribunal,133
preliminary,133
bbc,133
contrasting,133
prosperity,133
exclude,133
troops,133
cycles,133
pests,133
grey,132
stiffness,132
thucydides,132
margins,132
approval,132
silver,132
merchants,132
checked,132
paris,132
opposing,132
shell,132
mid,132
brecht,132
pictures,132
edward,132
leg,132
ants,132
believing,132
magazine,132
thinks,132
expectation,132
harmful,132
noting,132
slower,132
pronoun,132
gravity,132
governed,132
dutch,132
hole,132
breaks,131
fed,131
privacy,131
borders,131
scales,131
schopenhauer,131
profound,131
genetics,131
dividends,131
sports,131
rooted,131
embryo,131
protagonist,131
constitutional,131
unemployed,131
impairment,131
legacy,131
supreme,131
combat,131
physics,131
iliad,131
elasticity,131
inverse,130
exercises,130
natives,130
archer,130
historically,130
vague,130
robinson,130
median,130
millennium,130
conrad,130
loose,130
allocated,130
homer,130
dates,130
primitive,130
moore,130
games,130
instructions,130
bread,130
linking,129
mankind,129
documented,129
courses,129
grasp,129
sociological,129
reflective,129
till,129
virtual,129
wing,129
files,129
atomic,129
altogether,129
braudel,129
pronouns,129
convincing,129
foucault,129
dropped,129
premature,129
span,129
powder,129
roosevelt,129
amnesty,129
crowd,129
inertia,129
witnessed,129
tolerance,129
intelligent,129
printed,129
refused,128
oxidation,128
utterance,128
restaurants,128
thousand,128
conviction,128
contacts,128
comply,128
routes,128
arrival,128
activated,128
occupied,128
cultivation,128
constraint,128
agar,128
hoped,128
photon,128
permitted,128
resistant,128
lady,128
begun,128
prejudice,127
soluble,127
modify,127
gate,127
accompanied,127
sick,127
village,127
golden,127
dictionary,127
protest,127
contractual,127
preceding,127
thick,127
basically,127
islamic,127
viewpoint,127
costly,127
inform,127
cooled,127
striking,127
consuming,127
convenient,127
advised,127
minorities,127
preserved,127
reserve,127
damaging,127
dream,127
seventeenth,127
quarter,127
oppression,127
heritage,127
ship,127
bright,127
peasant,127
fifty,127
polynomial,127
mutually,127
1.2,127
seasonal,127
shareholder,127
rationale,127
npv,127
cure,127
cr,126
epic,126
exploration,126
portrayal,126
resort,126
customs,126
mapping,126
aiming,126
standardisation,126
frameworks,126
serial,126
jurisdiction,126
ruled,125
miles,125
arrive,125
lots,125
hector,125
drinks,125
covering,125
governing,125
connect,125
saint,125
arena,125
tail,125
exceed,125
factory,125
asks,125
intuition,125
arbitrary,125
distinguished,125
famine,125
updated,125
actor,125
followers,125
interior,125
judged,125
procedural,125
momentum,125
inclined,125
harmony,125
offset,125
congress,125
colleagues,125
qualified,125
label,125
exploited,124
imported,124
othello,124
2.3,124
mature,124
buried,124
cast,124
tied,124
shifting,124
experimentation,124
heroes,124
listen,124
elaborate,124
disney,124
diplomacy,124
collaboration,124
wholly,124
manipulate,124
adaptive,124
fitted,124
interviewer,124
3rd,124
possessed,124
substantially,124
recover,124
anterior,124
declared,124
worship,124
matched,124
thirdly,123
consume,123
intervals,123
priorities,123
slip,123
unexpected,123
hygiene,123
respondents,123
demographic,123
tumour,123
hunt,123
rod,123
ran,123
syntax,123
rainfall,123
cantilever,123
inefficient,123
planet,123
radicals,123
0.5,123
irrational,123
ligand,123
recall,123
negotiations,123
suspect,123
candidates,123
nm,123
prevalent,123
practitioner,123
euthanasia,123
recipient,122
matrices,122
multilateral,122
treating,122
thirty,122
forecasting,122
kitchen,122
confined,122
predators,122
characterized,122
exploit,122
ruler,122
miller,122
chamber,122
resist,122
modernism,122
abnormal,122
chances,122
tragic,122
fitness,122
forum,122
iraq,122
religions,122
objection,122
integer,122
liberalisation,122
abundant,122
modality,122
declined,122
occasionally,122
fatigue,122
enjoyed,122
3.3,121
rebellion,121
resultant,121
premises,121
melting,121
witness,121
agrees,121
smoke,121
ei,121
loyal,121
euro,121
motherhood,121
proving,121
stimulate,121
picked,121
overlap,121
innocent,121
dated,121
cohesion,121
encounter,121
tensions,121
rated,121
christmas,121
sixteenth,121
liabilities,121
pointing,121
pilot,120
illusion,120
miranda,120
liquidity,120
neanderthal,120
energies,120
inspired,120
revision,120
rock,120
blair,120
madness,120
metropolis,120
controversy,120
broadly,120
shostak,120
roof,120
colonisation,120
anaemia,120
pitch,120
comfort,120
summarised,120
electricity,120
edited,120
proceed,120
enters,120
regulating,120
station,120
dissatisfaction,119
maxwell,119
capacitor,119
burials,119
wisdom,119
abortion,119
hart,119
4.1,119
florence,119
personally,119
diplomatic,119
costing,119
appropriately,119
bush,119
regulate,119
protons,119
regimes,119
realities,119
convinced,119
utterances,119
quote,119
critically,119
metres,119
expectancy,119
diets,119
lacked,119
compares,119
accommodate,118
montaigne,118
distant,118
strengthen,118
spectroscopy,118
unjust,118
abandoned,118
verse,118
hopefully,118
pragmatic,118
illegal,118
sensors,118
beams,118
undermine,118
artefacts,118
hrm,118
recognises,118
artists,118
mild,118
receptors,118
kg,118
hip,118
enhancing,118
poets,118
jet,118
lattice,118
extraction,118
ab,118
surrounded,118
fulfilled,118
coherence,118
demanded,118
behalf,118
accepting,117
conference,117
severely,117
drops,117
expert,117
neanderthals,117
globe,117
peaceful,117
expenses,117
dominate,117
flight,117
intercept,117
dioxide,117
silent,117
default,117
mistake,117
literally,117
clarify,117
arendt,117
nominal,117
noticeable,117
reviews,117
discount,117
±,117
amazon,117
deformation,117
oriented,117
happening,117
shh,117
innate,117
thanks,117
operated,117
woolf,117
mao,117
incorporating,117
carries,117
simplicity,117
mammals,116
proceedings,116
deliberately,116
sister,116
enemy,116
burning,116
zones,116
microscope,116
museum,116
stems,116
titles,116
branch,116
meets,116
mol,116
flawed,116
sons,116
collins,116
mentions,116
specifications,116
burke,116
satellite,116
compassion,116
diagnosed,116
biology,116
diagrams,116
players,116
dividend,116
subordinate,116
pick,116
ie,115
weaker,115
replication,115
repeatedly,115
millions,115
unequal,115
advancement,115
theft,115
optical,115
austen,115
breeding,115
exchanger,115
reluctant,115
sending,115
tank,115
twelve,115
legally,115
couples,115
clinic,115
joined,115
fathers,115
descriptive,115
integrate,115
jaundice,115
deliberate,115
bible,115
compensate,115
guaranteed,115
boy,115
contingent,115
admit,115
motivations,115
bonding,115
derive,115
oedema,114
erosion,114
candidate,114
aided,114
africans,114
farmer,114
advocate,114
fossil,114
expatriates,114
exit,114
mill,114
tackle,114
gamble,114
abdomen,114
officials,114
lying,114
hostile,114
airport,114
selecting,114
arose,114
ewes,114
manchester,114
strongest,114
stood,114
hiv,114
illustration,114
catch,113
socrates,113
ascertain,113
clauses,113
graphical,113
objections,113
shoulder,113
stereotypes,113
euripides,113
defeat,113
andrew,113
advocates,113
phrases,113
juice,113
visited,113
episode,113
expresses,113
modifications,113
pollen,113
mediterranean,113
sweden,113
discusses,113
straightforward,113
strange,113
randomly,113
1.5,113
laura,113
appraisal,113
encryption,113
closest,113
chloroplasts,113
dworkin,113
darwin,113
captured,113
swot,113
magazines,113
attraction,113
leaching,113
lectures,113
chicago,112
placement,112
polity,112
honour,112
undermined,112
well-being,112
medea,112
appearing,112
precision,112
spreading,112
manufacturers,112
acceleration,112
maize,112
rises,112
inferences,112
wise,112
grassland,112
enforce,112
establishes,112
thoroughly,112
audit,112
researched,112
foxes,112
questionnaires,112
approved,112
satisfying,112
badly,112
morgan,112
communicating,112
stimulated,112
eliminated,112
peru,112
crown,112
winning,112
suffers,112
clothes,112
ve,111
surgical,111
answered,111
households,111
muscles,111
carr,111
degradation,111
cow,111
aquaponic,111
emission,111
neck,111
2.4,111
scenes,111
fragmented,111
defects,111
dimensional,111
aforementioned,111
oliver,111
colours,111
remarkable,111
grand,111
bell,111
versa,111
settle,111
canopy,111
mathematics,110
eighteenth,110
approximate,110
interpersonal,110
pcr,110
passion,110
invention,110
permission,110
interpreting,110
governmental,110
tribute,110
emphasising,110
shops,110
roberts,110
nicholas,110
fought,110
copies,110
boost,110
heads,110
joints,110
fallen,110
elected,110
greenhouse,110
pin,110
bind,110
attended,110
surveys,110
hunger,110
publications,110
associate,110
anxious,110
poorly,110
facility,110
combinations,110
photons,110
parker,110
paths,110
extensively,110
supporters,110
rituals,110
offspring,109
cad,109
confused,109
introduces,109
philosophers,109
simon,109
prevalence,109
growers,109
vessels,109
circulation,109
negligible,109
spin,109
rating,109
ordering,109
antibodies,109
masters,109
delays,109
neglected,109
economist,109
transparency,109
relaxed,109
commerce,109
statistically,109
invested,109
diversification,109
camp,109
wright,109
α,108
invasion,108
inhabitants,108
assemblage,108
occasion,108
revenge,108
excluding,108
enforced,108
blind,108
elimination,108
micro,108
genetically,108
exceptional,108
hellenistic,108
cooking,108
hegemony,108
theoretically,108
moments,108
resolve,108
boston,108
publisher,108
bars,108
demanding,108
homes,108
canadian,108
franchise,108
wished,107
ross,107
malcolm,107
formulated,107
economists,107
practise,107
checks,107
rough,107
substituting,107
matching,107
dogs,107
tendencies,107
destructive,107
blake,107
warming,107
cardiac,107
failures,107
needle,107
examines,107
cytochrome,107
cook,107
fdi,107
hierarchical,107
residence,107
cortex,107
intent,107
cuts,107
x-rays,107
rank,107
cyprus,107
mercury,107
shame,106
travellers,106
microsoft,106
row,106
succeeded,106
injuries,106
lengths,106
engineers,106
suspects,106
cards,106
bowie,106
antioxidant,106
assertion,106
dog,106
poetic,106
metaphor,106
substitution,106
truths,106
holmes,106
connecting,106
anticipated,106
plague,106
interactive,106
dilemma,106
switching,106
functionality,106
meal,106
adjustments,106
berkeley,106
unrelated,106
frozen,106
angular,106
squares,106
variability,106
email,106
operators,106
lands,106
navigation,106
precipitation,106
warning,106
dummy,105
disposable,105
alliance,105
cooper,105
socialism,105
achilles,105
confirms,105
pulses,105
pepper,105
prone,105
platform,105
discourses,105
subtle,105
gel,105
imitation,105
subordination,105
lessons,105
arthritis,105
idealism,105
subsistence,105
unsuccessful,105
monthly,105
wealthy,105
injustice,105
gendered,105
replacing,105
altering,105
earliest,104
culturally,104
inductive,104
metals,104
distinguishing,104
distress,104
tort,104
germline,104
serving,104
anger,104
bus,104
immigrants,104
vocal,104
engineer,104
utopian,104
po,104
remembered,104
neurological,104
stops,104
purchases,104
grade,104
hr,104
advantageous,104
witnesses,104
excel,104
visitor,104
yielding,104
trouble,104
suspicion,104
supportive,104
richards,104
giddens,104
tactics,104
muslim,103
determinants,103
comparatively,103
connotations,103
acknowledges,103
pesticides,103
locally,103
agamemnon,103
manipulated,103
modules,103
dm,103
withdrawal,103
y.,103
tastes,103
intact,103
intend,103
harsh,103
prolonged,103
analogue,103
argentine,103
simpler,103
suddenly,103
palgrave,103
scotland,103
cap,103
deprivation,103
rites,103
stocks,103
pig,103
settled,103
heading,103
flowing,103
eia,103
advocated,103
carter,103
1.0,103
progressively,103
schizophrenia,103
exceptions,103
sainsbury,102
gift,102
tea,102
benefited,102
deviations,102
premium,102
embryos,102
vessel,102
extends,102
terrorist,102
earned,102
designer,102
absorb,102
cyclic,102
engaging,102
fitting,102
persian,102
delayed,102
inhibit,102
attractions,102
convince,102
premise,102
hundreds,102
checking,102
birmingham,102
homo,102
cb,102
painting,102
incorporation,102
statistic,102
lab,102
numerical,102
plasma,102
aesthetic,102
revealing,102
obstacles,102
cup,102
pneumophila,102
contingency,102
bundle,101
fellow,101
conversations,101
orbit,101
ottoman,101
spheres,101
collecting,101
adjacent,101
retained,101
sub,101
evolve,101
windows,101
mesolithic,101
philosopher,101
unreliable,101
irregular,101
binds,101
scenarios,101
statute,101
retailers,101
regeneration,101
labelling,101
adequately,101
restrict,101
complexes,101
inconsistent,101
stopping,101
eukaryotic,101
pub,101
county,101
specify,101
discharged,101
ems,101
inc,101
utilise,101
survived,101
invented,101
clearer,101
pixels,101
undertaking,100
tag,100
container,100
incomplete,100
des,100
matches,100
asda,100
sheer,100
od,100
goddess,100
resonance,100
ingredients,100
positioned,100
pupils,100
hedges,100
sitting,100
washing,100
battery,100
issued,100
flavour,100
devoted,100
caution,100
farrakhan,100
stanza,100
purity,100
1950s,100
rotor,100
localised,100
wells,100
grows,100
scrutiny,100
splitting,100
handle,100
relativism,100
morphological,99
occasional,99
buyer,99
misleading,99
walker,99
markers,99
lj,99
perfection,99
tangible,99
pool,99
theology,99
repression,99
poses,99
computational,99
declining,99
gordon,99
academics,99
railroad,99
employing,99
smart,99
synthetic,99
predominant,99
excavation,99
generalised,99
gray,99
robust,99
specialisation,99
ball,99
destiny,99
civilisation,99
hegel,99
rhythm,99
drives,99
companion,99
purchased,99
commented,99
convenience,99
creatures,99
stylus,99
bourgeois,99
parallels,99
counterparts,99
merchant,98
cardiovascular,98
spectator,98
trip,98
plotting,98
sake,98
drain,98
turner,98
browning,98
iq,98
ageing,98
harvest,98
subjectivity,98
winstanley,98
non-verbal,98
alive,98
tv,98
exponential,98
competitiveness,98
teach,98
-3,98
bureaucratic,98
possesses,98
legs,98
manufacturer,98
si,98
concluding,98
whenever,98
0.1,98
wavelengths,98
von,98
4.2,98
polar,98
distinctions,98
constructing,98
corner,98
simulated,98
audiences,98
healing,98
scottish,98
smallest,97
emergency,97
encoding,97
facilitated,97
republican,97
osiris,97
logically,97
constrained,97
notable,97
persistent,97
decisive,97
rd,97
qtmark,97
sanctions,97
vehicles,97
anderson,97
realisation,97
persuade,97
belongs,97
possession,97
scientist,97
blastomeres,97
wlr,97
suppose,97
insect,97
responded,97
helen,97
bleak,96
recommendation,96
generic,96
se,96
nns,96
becker,96
prison,96
steadily,96
prototype,96
trigger,96
bleeding,96
divergence,96
felicity,96
peat,96
refusal,96
disposal,96
asymmetric,96
secular,96
relying,96
marxism,96
ionic,96
ignoring,96
worthwhile,96
packet,96
analyze,96
enclosure,96
lighting,96
earn,96
correlated,96
pigs,96
classroom,96
iteration,96
tribes,96
lifetime,96
max,96
openness,96
penetration,96
microcontroller,95
stick,95
climatic,95
chancery,95
differentiated,95
simultaneous,95
urine,95
immigration,95
traders,95
quest,95
depended,95
weighed,95
holiday,95
offences,95
avebury,95
pr,95
comprises,95
exceeds,95
dividing,95
communicative,95
dose,95
restore,95
hardness,95
marine,95
stigma,95
oscilloscope,95
cortés,95
versions,95
multinational,95
non-state,95
compact,95
participating,95
pins,95
setup,95
conclusive,95
spontaneous,95
immense,95
pacific,95
automotive,95
beta,95
valve,94
attain,94
federal,94
specimens,94
middleton,94
coordination,94
attacked,94
ontological,94
dissolved,94
integrating,94
intermediaries,94
patriarchy,94
alpha,94
anthocyanins,94
ineffective,94
suspension,94
remedy,94
closure,94
somehow,94
associative,94
destinations,94
waitrose,94
shortage,94
recurrent,94
sympathy,94
filtered,94
aspirations,94
atmospheric,94
inference,94
nisa,94
converge,94
cleaning,94
approached,94
stabilisation,94
streets,94
contributory,94
biblical,94
nearest,94
sin,94
video,94
hardy,94
antibiotics,94
mate,94
motivate,94
allen,94
affluent,93
cenp-a,93
mainstream,93
pursued,93
spectral,93
equitable,93
cotton,93
imperfect,93
trustee,93
lag,93
broca,93
nest,93
hosts,93
insider,93
gathering,93
o.,93
subsidiary,93
beans,93
relatives,93
exert,93
analyzed,93
mineral,93
caring,93
clay,93
spot,93
booking,93
simplistic,93
metre,93
caesar,93
neglect,93
linguistics,93
rejects,93
contrasts,93
infer,93
reciprocal,93
clarendon,93
esteem,93
comprehend,93
attractiveness,93
mintel,93
es,93
paintings,93
neighbouring,93
dangers,93
rivalry,93
infectious,93
disk,93
tract,93
nouns,93
primers,93
inclusive,93
worthy,92
carrier,92
non-linear,92
susie,92
accent,92
noble,92
facilitating,92
exaggerated,92
impressive,92
revenues,92
associates,92
makers,92
extracted,92
player,92
assault,92
cd,92
cheese,92
recognising,92
strikes,92
centralised,92
obstruction,92
struggling,92
portray,92
reinforcing,92
korean,92
microbial,92
backgrounds,92
margaret,92
probe,92
confusing,92
fifteen,92
clarke,92
fulfilling,92
advertisement,92
receiver,92
watching,92
transparent,92
volumes,92
anatomy,92
inquiry,92
imbalance,92
ministers,92
borrowing,92
holy,92
protective,92
paramount,92
organized,91
carcinoma,91
cyanosis,91
visiting,91
rear,91
chromatography,91
deterioration,91
lang,91
prince,91
california,91
entrance,91
norton,91
sunday,91
emergent,91
ignores,91
macroeconomic,91
uncertainties,91
trauma,91
proceeds,91
roach,91
methodological,91
aztec,91
switched,91
fauna,91
cough,91
innocence,91
1.3,91
preface,91
unconscious,91
recession,91
rests,91
originated,91
proliferation,91
reinforces,91
signed,91
texture,91
announced,91
promises,91
onwards,91
diesel,91
lowering,91
performances,90
wound,90
alexander,90
pressing,90
bay,90
silicon,90
heath,90
joining,90
whites,90
prospect,90
revised,90
rotating,90
achievements,90
kinetic,90
sheets,90
efficacy,90
virginia,90
jurisprudence,90
patterning,90
antiquity,90
germination,90
radstone,90
ll,90
distortion,90
restoration,90
cam,90
contradictions,90
decides,90
horizon,90
netherlands,90
surprisingly,90
volatile,90
displaced,90
disaster,90
diluted,90
evidently,90
risky,90
eg,90
substantive,90
undertake,90
keeps,90
financing,90
rpm,90
principals,90
lifestyles,90
edges,90
0.05,90
evening,90
tropical,90
wearing,90
emitted,90
wills,90
monkeys,89
gm,89
recommend,89
strengthening,89
communism,89
beetle,89
devised,89
mixing,89
nestle,89
cfs,89
rulers,89
pluralism,89
sessions,89
trap,89
shortly,89
quarterly,89
pericles,89
installation,89
goat,89
triggered,89
omitted,89
ot,89
whyte,89
portrait,89
maximize,89
annales,89
parte,89
goffman,89
meter,89
roughness,89
delivering,89
timber,89
neuron,89
roads,89
robots,89
coloured,89
abnormalities,89
rejecting,89
embrace,89
carriers,89
chaos,89
constituted,89
birthweight,89
approximation,89
usefulness,89
alike,89
ear,89
maxim,89
scepticism,89
multitude,89
grants,89
damages,89
newton,89
undesirable,89
busy,89
multiplication,89
predicts,89
quiet,89
deficiencies,88
finish,88
parity,88
mexican,88
oticon,88
sterile,88
instrumental,88
alliances,88
merits,88
viral,88
chimpanzee,88
administered,88
conceptions,88
fletcher,88
marriages,88
aureus,88
dorian,88
tight,88
void,88
clearance,88
in-depth,88
ironically,88
pathways,88
affective,88
travelled,88
louis,88
cerebral,88
fever,88
trait,88
wet,88
dialect,88
holistic,88
spoke,88
mail,88
officer,88
metabolism,88
triumph,88
labels,88
tncs,88
claimant,88
entails,88
nearby,88
injection,88
viewer,88
emerges,88
cranial,88
lesson,88
tiny,88
reactive,88
converting,87
reflections,87
ihl,87
narratives,87
practiced,87
analogous,87
template,87
ignorance,87
stake,87
crc,87
assisted,87
garden,87
clara,87
dying,87
athenians,87
refined,87
sends,87
lean,87
nonsense,87
mg,87
pounds,87
campbell,87
strengthened,87
planck,87
weakened,87
adams,87
overwhelming,87
teamwork,87
emphasized,87
trudgill,87
bodycote,87
competent,87
disagree,87
continent,87
viability,87
lover,87
castro,87
tape,87
chooses,87
closing,87
inherited,86
dried,86
accessibility,86
washed,86
graves,86
insights,86
formally,86
presumably,86
portuguese,86
stones,86
ir,86
elegans,86
universities,86
carthage,86
contested,86
focussed,86
comprised,86
opera,86
aztecs,86
shadow,86
locus,86
enquiry,86
chickens,86
investing,86
firewall,86
lowered,86
mould,86
african-american,86
utilized,86
organ,86
occupations,86
self-esteem,86
neurath,86
pronounced,86
craft,86
cabinet,86
hannibal,86
divorce,86
thinkers,86
brian,86
complement,86
fluids,86
imposing,86
silk,86
unrest,85
inserted,85
supervision,85
employs,85
rehabilitation,85
curriculum,85
coast,85
marker,85
offices,85
arable,85
occupy,85
inferred,85
activists,85
burn,85
familiarity,85
defra,85
disabled,85
govern,85
corrected,85
gather,85
stars,85
translate,85
lens,85
faculty,85
anthology,85
extending,85
distinguishes,85
appetite,85
spirits,85
incomes,85
simplified,85
immunity,85
accepts,85
marlow,85
communal,85
transcendental,85
render,85
fame,85
undergo,85
wanting,85
polymers,85
organise,85
debated,85
gates,85
criminals,85
terminology,85
inca,85
viscous,85
literal,85
exercised,85
swift,85
sperm,85
mitochondrial,85
performs,84
gearbox,84
installed,84
abandon,84
depiction,84
rendered,84
disputes,84
unrealistic,84
illustrating,84
genus,84
contaminated,84
downward,84
google,84
breathing,84
cellular,84
specificity,84
densities,84
voiced,84
pulmonary,84
negotiate,84
surroundings,84
femininity,84
his/her,84
pound,84
hostility,84
reinforcement,84
obedience,84
β,84
branches,84
somewhere,84
ppp,84
hc,84
simulations,84
honest,84
mason,84
conscience,84
ep,84
christopher,84
titration,84
cultivated,84
dictatorship,84
mackie,84
columns,84
therapeutic,84
restrictive,84
ra,84
cans,84
cues,84
respected,84
frames,83
isotope,83
pid,83
virgil,83
pen,83
fuels,83
ocean,83
retrieved,83
bacterium,83
disadvantaged,83
gearing,83
optimistic,83
1st,83
improves,83
extrinsic,83
assignments,83
chromosomes,83
supposedly,83
tess,83
detecting,83
hospitals,83
francis,83
artist,83
nora,83
par,83
preparing,83
therapist,83
und,83
punished,83
rendering,83
depreciation,83
minimize,83
morris,83
accountable,83
ethnography,83
facial,83
centromere,83
remote,83
sexes,83
proletariat,83
ba,83
aphasia,83
couldn,83
duality,83
disagreement,83
stacy,83
determiners,82
outset,82
harvard,82
unreasonable,82
villages,82
quo,82
downs,82
polarity,82
periphery,82
electoral,82
cats,82
encounters,82
fees,82
unaware,82
assessments,82
torsion,82
bands,82
cognition,82
stakeholder,82
racist,82
triple,82
promising,82
malaysia,82
excited,82
4th,82
ancestors,82
founding,82
glasses,82
elle,82
airline,82
inlet,82
1h,82
cool,82
narration,82
handbook,82
barcode,82
thermometer,82
printing,82
allende,82
center,82
district,82
chambers,82
ecology,82
mounted,82
elias,82
registered,82
unacceptable,82
upward,82
weighing,82
alice,82
salary,82
vapour,82
drude,82
radiocarbon,82
incurred,82
painful,82
mutants,82
anyway,82
asserted,81
ultrasound,81
baseline,81
monarchy,81
holidays,81
virtues,81
dance,81
correction,81
witch,81
iterations,81
du,81
orange,81
restructuring,81
woods,81
reassurance,81
facilitates,81
discrepancies,81
buenos,81
turbulence,81
memes,81
caribbean,81
mythology,81
budgets,81
flowers,81
clarity,81
lashley,81
simplest,81
wouldn,81
unpopular,81
reception,81
privilege,81
abc,81
psychiatric,81
outlet,81
affair,81
patent,81
svevo,81
indefinite,81
collectively,81
lambs,81
aires,81
worry,81
causation,81
drew,81
intuitive,81
nice,81
suspected,81
guided,81
supermarket,80
unlawful,80
dense,80
allergies,80
conditioning,80
respects,80
multi-level,80
quicker,80
departure,80
shocks,80
alcoholic,80
ddt,80
locate,80
dilemmas,80
macro,80
assured,80
dreams,80
vomiting,80
manslaughter,80
reductions,80
warner,80
promotional,80
torsional,80
orbits,80
unfamiliar,80
catalyst,80
fabindia,80
maturity,80
pays,80
song,80
officers,80
quotation,80
ministry,80
ironic,80
shirking,80
encompass,80
pull,80
malaria,80
dignity,80
embodied,80
strand,80
financially,80
dc,80
journals,80
speaks,80
eternal,80
contextual,80
tower,80
sequential,80
remedies,80
parking,80
autumn,80
reliant,80
buttle,80
prevailing,80
3.5,80
pneumatic,80
adhere,80
simmons,80
disciplines,80
chip,80
meals,80
beneath,80
bev,80
vibration,80
territorial,80
entertainment,79
manifest,79
presidents,79
afraid,79
edwards,79
programmer,79
piaget,79
dalloway,79
appendices,79
relativist,79
defeated,79
divides,79
hetaira,79
ticket,79
boar,79
-2,79
hugely,79
hydroxide,79
barry,79
forgotten,79
afterwards,79
orientated,79
motors,79
commitments,79
lake,79
multiplied,79
fatty,79
resemble,79
voters,79
che,79
backed,79
egyptians,79
4.3,79
appointment,79
insertion,79
rain,79
palmer,79
beat,79
valera,79
consonant,79
prompted,79
irony,79
repair,79
creon,79
outsourcing,79
clothing,79
midwives,79
elizabeth,79
authoritarian,79
transcript,79
coleridge,79
professor,79
post-war,79
pale,79
loses,79
immoral,79
initiate,79
somatic,79
injured,79
microneedle,79
skeletal,79
crossing,79
neo-liberal,79
invisible,79
agrarian,79
substitutes,79
calvin,79
kelly,79
tariffs,79
deprived,79
accomplished,79
sp,79
overhead,79
prognosis,79
modal,79
linguists,79
heroism,78
chloroplast,78
designated,78
whey,78
glory,78
lesion,78
refuse,78
husserl,78
transient,78
achievable,78
p1,78
bare,78
glp-1,78
syllables,78
assays,78
skeleton,78
lipid,78
supplying,78
pushing,78
serum,78
skull,78
recombination,78
exhaust,78
hilton,78
conveyed,78
putnam,78
linearly,78
germ,78
operator,78
qualia,78
credible,78
interim,78
functionalism,78
comprising,78
marketplace,78
5th,78
saturated,78
gay,78
strive,78
owed,78
fsa,78
wireless,78
tour,78
colorectal,78
successes,78
conduction,78
restraint,78
sporting,77
interfere,77
violation,77
conducive,77
beneš,77
bold,77
trapped,77
systemic,77
hydrolysis,77
freedoms,77
chromatin,77
prostitutes,77
bodily,77
electronics,77
camps,77
lloyd,77
requested,77
heroine,77
directives,77
securing,77
causality,77
aren,77
railways,77
basingstoke,77
consequent,77
football,77
protestant,77
succession,77
p2,77
wheel,77
pursuing,77
alleviate,77
everybody,77
acquisitions,77
monument,77
overlapping,77
everywhere,77
backward,77
pad,77
surprise,77
whales,77
richer,77
burns,77
ethanol,77
mouse,77
risen,77
cooperative,77
distinctly,77
gestational,77
minerals,77
conversational,77
evolving,77
rig,76
lengthy,76
scanning,76
flint,76
acknowledging,76
homeric,76
reconciliation,76
ingram,76
starch,76
centromeric,76
uptake,76
waterland,76
endeavour,76
outbreak,76
outlines,76
singular,76
classics,76
branding,76
conceived,76
understandable,76
viruses,76
sli,76
defensive,76
contrasted,76
supplement,76
chairman,76
redistribution,76
attained,76
industrialisation,76
exacerbated,76
scattered,76
adopts,76
internally,76
vulnerability,76
precedent,76
travels,76
mortal,76
focal,76
replicate,76
depicts,76
attracting,76
popper,76
synonymous,76
rivals,76
ambitious,76
discrepancy,76
π,76
yourself,76
freeman,76
zoo,76
stays,76
determinant,76
twin,75
cohesive,75
pv,75
careers,75
treaties,75
pe,75
blow,75
catullus,75
spacing,75
rotational,75
mills,75
stretch,75
working-class,75
beer,75
counted,75
observable,75
diffusion,75
schooling,75
practically,75
saturation,75
rent,75
afforded,75
troy,75
merit,75
fluoride,75
league,75
lesions,75
5.1,75
taiwan,75
tongue,75
permanently,75
toxic,75
randomised,75
e-mail,75
bury,75
chapman,75
qb,75
compromised,75
demise,75
subset,75
naoh,75
portrays,75
mice,75
philip,75
easyjet,75
differed,75
rigorous,75
horses,75
australian,75
rightly,75
impaired,75
nuclei,75
resistivity,75
spartan,75
intimate,75
metro,75
liberation,75
deviant,75
brains,75
fibre,75
advise,75
senate,75
czech,75
unpredictable,75
contradict,75
intracellular,75
downstream,75
confession,74
lodge,74
hexagon,74
processor,74
settlers,74
epistemology,74
peasantry,74
crystalline,74
buggy,74
vitamins,74
sacred,74
openly,74
indonesia,74
trans,74
fibrosis,74
manages,74
conditionality,74
webster,74
interviewed,74
diminished,74
filling,74
theseus,74
eve,74
pink,74
sixth,74
delia,74
blamed,74
definitive,74
smoothing,74
tularensis,74
sheepdrove,74
nocturnal,74
hexagonal,74
hippolytus,74
bearings,74
appeals,74
imagined,74
payback,74
collision,74
inflammation,74
struggles,74
worried,74
publicly,74
persuasive,74
opens,74
wake,74
continuation,74
clusters,74
entrants,74
gram,74
convolutional,74
interdependence,74
realized,74
oneself,74
transmit,74
0.01,74
possessing,74
slide,73
sit,73
grounded,73
denying,73
attending,73
nose,73
manydown,73
correspondence,73
ductility,73
fea,73
destroying,73
tcs,73
nationalistic,73
negotiating,73
ecosystem,73
incapable,73
breastfeeding,73
manifestation,73
staffs,73
filters,73
nanotechnology,73
desperate,73
eliminating,73
halliday,73
humour,73
commentators,73
jewish,73
yielded,73
detriment,73
outliers,73
permit,73
el,73
hoopoe,73
diagnostic,73
gratitude,73
segmentation,73
judiciary,73
faustus,73
doors,73
keynesian,73
eventual,73
coded,73
nafta,73
demonstration,73
enthusiasm,73
rival,73
hoffmann,73
asserting,73
temporarily,73
derivative,73
lawrence,73
pic,73
partnerships,73
capillary,73
large-scale,73
realists,73
frontal,73
facilitation,73
fines,73
analyzing,73
presumption,73
brazilian,73
fractures,73
hedge,72
unsuitable,72
bomb,72
obstacle,72
antioxidants,72
protests,72
gladiator,72
supremacy,72
cuba,72
dichotomy,72
cameron,72
entrepreneurial,72
charisma,72
pity,72
census,72
inspiration,72
dress,72
struck,72
copyright,72
plenty,72
ankle,72
cellulose,72
unprecedented,72
reviewing,72
powerless,72
depict,72
homosexuality,72
aftermath,72
reversed,72
femtosecond,72
executives,72
fringes,72
parks,72
reproduce,72
fatal,72
homosexual,72
long-run,72
verify,72
sarah,72
inflammatory,72
discoveries,72
intrinsically,72
mating,72
prize,72
beetles,72
quebec,72
tibullus,72
pan,72
feared,72
resentment,72
separates,72
frustration,72
intentional,72
desk,72
rogers,72
cruel,72
diarrhoea,72
ammonium,72
radically,72
dimethoate,72
trustees,72
coastal,72
jews,72
debatable,72
real-time,72
modem,72
superficial,72
anova,71
histories,71
2o,71
alienation,71
wooden,71
capacities,71
handout,71
internationally,71
twist,71
priori,71
circumstance,71
meaningless,71
greene,71
approaching,71
bottles,71
jim,71
concentrating,71
prospective,71
affinity,71
inhibitor,71
mex-1,71
uniformity,71
repeating,71
understands,71
intangible,71
migrants,71
ports,71
systematically,71
echo,71
seats,71
confronted,71
embryonic,71
accelerated,71
decimal,71
planes,71
tender,71
anti,71
emotionally,71
ihg,71
swelling,71
priests,71
perceptual,71
annually,71
downfall,71
boiling,71
stomach,71
doubts,71
malnutrition,71
artery,71
identifiable,71
nights,71
chair,71
cosmopolitanism,71
laying,71
unaffected,71
extraordinary,71
traces,71
charts,71
habit,71
compton,71
directory,71
globally,71
pope,71
predictable,71
isnar,71
manometer,71
induces,71
hybrid,71
deduced,71
spectacle,71
rivers,71
overlooked,71
marie,71
tall,71
scoreboard,70
remainder,70
gifts,70
innovations,70
seasons,70
ant,70
passengers,70
marry,70
epidemic,70
praise,70
uv,70
decomposition,70
reciprocity,70
completing,70
digestion,70
shelf,70
doctrines,70
pro,70
hypothetical,70
committing,70
appreciated,70
alan,70
avoids,70
pip,70
uphold,70
repeats,70
spindle,70
carotid,70
assign,70
kotler,70
principally,70
equipped,70
insistence,70
realize,70
fta,70
compulsory,70
temple,70
shed,70
galaxy,70
debts,70
privileges,70
charter,70
conformity,70
nobody,70
complaints,70
secured,70
neighbours,70
pakistan,70
echoes,70
critic,70
adjusting,70
poisson,70
roger,70
membranes,70
subordinates,70
doubled,70
regressions,70
extremes,70
oecd,70
goodwill,70
indifference,69
attach,69
categorised,69
spells,69
tomato,69
researching,69
hansard,69
eaten,69
leniency,69
harmonic,69
documentation,69
staying,69
fortune,69
advertisements,69
amplification,69
ga,69
watson,69
mutant,69
promised,69
retrieval,69
fingers,69
ranters,69
bid,69
calibrated,69
lawyers,69
passages,69
anthropology,69
obey,69
deposition,69
correlations,69
stack,69
submitted,69
galaxies,69
enhances,69
charismatic,69
olson,69
excavations,69
virulence,69
mediated,69
historic,69
cosmos,69
incoming,69
grouped,69
comedy,69
exotic,69
booth,69
oppressive,69
ulrich,69
propensity,69
anthony,69
ma,69
manifested,69
spider,69
presumed,69
safeguards,69
methylation,69
crucially,69
dyson,69
cites,69
drivers,69
limerick,69
berlin,69
optimism,69
exhibits,68
funded,68
proportionality,68
adverts,68
estimating,68
greg,68
fee,68
creditors,68
undergone,68
forests,68
promoter,68
cooperate,68
entrepreneurs,68
sharpe,68
lr,68
encompassing,68
albert,68
continual,68
substituted,68
forget,68
fulfilment,68
fixation,68
consolidation,68
3.4,68
veil,68
tumours,68
authoritative,68
herd,68
böll,68
streams,68
kung,68
projected,68
forever,68
sue,68
contracting,68
degeneration,68
appointed,68
useless,68
tenderness,68
script,68
concentrates,68
silage,68
molar,68
commercially,68
manifold,68
epistemological,68
schematic,68
proportions,68
judging,68
combustion,68
multiplicity,68
distorted,68
giant,68
4.5,68
infarction,68
quotes,68
draft,68
lobe,68
alternating,68
provoked,68
deer,68
cohomology,68
davidson,68
peloponnesian,68
oft,68
poorest,68
terrible,68
emphasize,68
raman,67
x.,67
environmentally,67
sentiment,67
electromagnetic,67
paradoxical,67
classed,67
conditional,67
genocide,67
hazard,67
clergy,67
mncs,67
savage,67
americas,67
inhibits,67
irrespective,67
parsons,67
stereotype,67
determinism,67
hypertension,67
jessica,67
alien,67
buttons,67
incredibly,67
diminishing,67
ethnographic,67
oup,67
admits,67
strands,67
turnout,67
crew,67
kripke,67
fragment,67
politeness,67
photopeak,67
confidentiality,67
workshop,67
pretty,67
venice,67
belmayne,67
aligned,67
amy,67
loops,67
resemblance,67
boxes,67
latent,67
sums,67
intervene,67
genuinely,67
palpable,67
tom,67
bears,67
voltages,67
spare,67
midlands,67
accumulated,67
reply,67
condemned,67
proponents,67
snow,67
songs,67
photographs,67
preferable,67
orbital,67
welcome,67
successive,67
discretionary,67
humidity,67
interacting,67
gears,67
utilisation,67
lakoff,67
haemoglobin,67
breathlessness,67
blackmore,67
dye,67
marketers,67
disturbed,67
personalities,67
propagation,67
exciting,66
beverage,66
trusted,66
bowlby,66
collaborative,66
exporting,66
jean,66
objectively,66
guarantees,66
he/she,66
transfers,66
transported,66
activate,66
progressed,66
withdraw,66
embarrassment,66
3d,66
epistemic,66
perceives,66
overcoming,66
sealed,66
workings,66
battles,66
conceive,66
dictates,66
pessimistic,66
cholesterol,66
phenomenology,66
yarn,66
averaged,66
alkaline,66
stevenson,66
hudson,66
entrepreneur,66
oxide,66
mergers,66
pack,66
traced,66
tobacco,66
tear,66
electrode,66
premier,66
expatriate,66
vespasian,66
separating,66
limbs,66
centrica,66
queue,66
incompatible,66
submit,66
crusoe,66
shortcomings,66
relapse,66
geographic,66
extracts,66
operative,66
treasure,66
routines,66
redundant,66
plantation,66
exterior,66
preserving,66
baker,66
harrison,66
renal,66
velocities,66
implicitly,66
blanching,66
taxa,66
lane,66
denies,66
removes,66
plural,66
elevated,66
unfavourable,66
2.0,66
advert,66
epilepsy,66
responsive,66
rt,66
concise,66
alterations,66
heaven,65
sulphur,65
captive,65
stratification,65
monarka,65
sexually,65
barn,65
underestimated,65
lukes,65
taxonomic,65
bolshevik,65
haven,65
microorganisms,65
sized,65
grouping,65
rail,65
upheld,65
xenophon,65
inefficiency,65
longman,65
cloth,65
devil,65
francia,65
bonded,65
app,65
dispersed,65
defendants,65
privileged,65
crash,65
talked,65
heightened,65
hugh,65
finances,65
trips,65
2+,65
balancing,65
bubble,65
transducer,65
instantly,65
liberals,65
simulate,65
wolf,65
inconsistency,65
impulse,65
justifiable,65
formulate,65
shells,65
underground,65
daughters,65
prosecutions,65
suppression,65
sat,65
manure,65
connor,65
invited,65
fn,65
flash,65
barker,65
horticultural,65
permeability,65
universally,65
wikipedia,65
compressed,65
slack,65
nursery,65
t-test,65
tcp,65
approx,65
mi,65
mps,64
factories,64
bmi,64
self-defence,64
pompadour,64
mentioning,64
ib,64
processors,64
clubs,64
crude,64
metaphysical,64
enjoys,64
ecg,64
vegetable,64
colin,64
unchanged,64
visibility,64
promotions,64
p.5,64
gamma,64
cat,64
breeds,64
super,64
synthesised,64
radioactive,64
takeover,64
consult,64
refuses,64
shelter,64
fertile,64
leonard,64
pm,64
herbs,64
answering,64
postmodern,64
audio,64
absurd,64
foremost,64
distraction,64
gladiators,64
deposit,64
exploiting,64
convictions,64
vinegar,64
winston,64
ct,64
angela,64
denmark,64
incidents,64
mirrors,64
dowell,64
spoilage,64
understory,64
manor,64
continuum,64
upstream,64
unlimited,64
socio-cultural,64
microneedles,64
hopes,64
riots,64
alzheimer,64
adherence,64
studio,64
rectangular,64
sky,64
hampshire,64
vowel,64
chlorophyll,64
smell,63
hide,63
philippines,63
stark,63
refusing,63
dancing,63
caregiver,63
authentic,63
perpendicular,63
dionysus,63
adjective,63
fun,63
minimised,63
antigen,63
inhibited,63
boom,63
embodies,63
resting,63
chronological,63
usability,63
autocorrelation,63
distilled,63
housework,63
inheritance,63
fictional,63
hysteria,63
impetus,63
provider,63
organising,63
brochs,63
well-known,63
subunits,63
zealand,63
satisfies,63
predicting,63
summit,63
tightly,63
cave,63
yorkshire,63
waters,63
solids,63
explores,63
pleural,63
emphasizes,63
builds,63
les,63
races,63
digits,63
oxidative,63
kim,63
scatter,63
vectors,63
adaptations,63
confirmation,63
permits,63
emissions,63
selfish,63
counting,63
lamb,63
servant,63
historiography,63
oh,63
graphically,63
databases,63
recycling,63
einstein,63
visually,63
gl,63
optimise,63
beginnings,63
dyspnoea,63
amplified,63
fix,63
jordan,63
hazards,63
flame,63
sorts,63
asymmetry,63
dams,63
θ,63
q.,63
cytoplasm,63
ontology,62
terrorists,62
herodotus,62
peugeot,62
rays,62
burgess,62
propositions,62
markedly,62
bourgeoisie,62
combines,62
lincoln,62
outward,62
color,62
depressed,62
arguable,62
circuits,62
czechs,62
leap,62
arnold,62
underlining,62
parasites,62
passport,62
alloy,62
johnston,62
scoring,62
clash,62
exchanges,62
zeus,62
patterson,62
occurrences,62
fourier,62
mystery,62
coronary,62
quine,62
weapon,62
compiled,62
wonder,62
packaged,62
transformations,62
workload,62
sonnet,62
inverted,62
rotations,62
poles,62
oppose,62
penalties,62
encapsulate,62
craig,62
supranational,62
torrington,62
susceptibility,62
trc,62
amd,62
ibsen,62
horror,62
responds,62
utilitarian,62
infinitely,62
tickets,62
uncommon,62
ambient,62
cgt,62
resonant,62
counselling,62
reserved,62
prisoners,62
coercion,62
dollars,62
vibrations,62
packed,62
spartacus,62
pupil,62
jump,62
execute,62
low-cost,62
deceased,62
foreseeable,62
consonants,62
int,61
dialects,61
avenue,61
tracking,61
reminded,61
galois,61
pleasant,61
γ,61
predation,61
optimisation,61
feasibility,61
tony,61
dot,61
prohibited,61
burnt,61
brutal,61
ranks,61
featured,61
futile,61
diary,61
mitchell,61
brookes,61
traded,61
sophie,61
earning,61
aesthetics,61
scarcity,61
flock,61
co-existing,61
undermining,61
sentiments,61
recruited,61
drawbacks,61
restricting,61
aqueous,61
bernard,61
pour,61
informative,61
overly,61
thatcher,61
upwards,61
eggshell,61
initiation,61
clarification,61
sacrifices,61
illnesses,61
denotes,61
marking,61
petty,61
bud,61
keynes,61
bourdieu,61
coercive,61
dressed,61
criticized,61
casein,61
ray,61
voicing,61
qualifications,61
deposited,61
triangle,61
impartial,61
austin,61
homogenous,61
anarchy,61
sustaining,61
recordings,61
fred,61
prehistoric,61
powell,60
civic,60
reparations,60
n4,60
obliged,60
christians,60
safely,60
5.2,60
fragile,60
wellbeing,60
validation,60
hàcha,60
refugees,60
hoc,60
forty,60
apples,60
broke,60
webpage,60
fertilisation,60
tesla,60
mathematically,60
forecasts,60
patches,60
ryan,60
symbolism,60
subsidy,60
flower,60
acidic,60
verified,60
tired,60
unite,60
constructs,60
belt,60
factual,60
communicated,60
territories,60
beach,60
deng,60
fans,60
warmer,60
glance,60
recreational,60
progresses,60
pastoral,60
dies,60
reluctance,60
aromatic,60
striving,60
coordinate,60
disparity,60
paragraphs,60
spreadsheet,60
whaling,60
grains,60
poca,60
paint,60
devotion,60
scaling,60
civilization,60
cartesian,60
unethical,60
empowered,60
inorganic,60
lm,60
carrera,60
favours,60
cs,60
nickel,60
cartel,60
switches,60
exemplified,60
advent,60
hippocratic,60
labourers,60
billy,60
roma,60
tenants,60
asean,60
chapters,60
michel,60
democrats,60
providers,60
neighbour,60
transferring,60
evidences,60
pylori,60
remarkably,60
holders,60
officially,60
contentious,59
transcripts,59
effusion,59
hierarchies,59
contemplation,59
optimised,59
participatory,59
valves,59
imprisonment,59
greenpeace,59
enhancement,59
lift,59
shallow,59
manifestations,59
justifying,59
bradley,59
exogenous,59
saturday,59
pension,59
pre,59
tough,59
collectivism,59
devastating,59
pot,59
tamworth,59
disastrous,59
p0,59
drainage,59
mrna,59
participated,59
sketch,59
gatt,59
encompasses,59
outstanding,59
specialized,59
barely,59
nausea,59
arrays,59
snr,59
pathology,59
sourcing,59
invaluable,59
provincial,59
afro-american,59
bulb,59
shortness,59
coil,59
aircraft,59
normality,59
dehydration,59
threaten,59
worries,59
microwave,59
branca,59
airlines,59
encoded,59
specially,59
phones,59
electorate,59
competencies,59
jacobi,59
sand,59
defense,59
desert,59
undergoing,59
congestion,59
tillage,59
schema,59
fired,59
backing,59
confront,59
cavity,59
establishments,59
fantasy,59
laundering,59
photosynthesis,59
focussing,59
oppressed,59
ethos,59
naïve,59
experimentally,59
alleged,59
interacts,59
consciously,59
cache,58
prescription/medical,58
forefront,58
excavated,58
border,58
evenly,58
emancipation,58
arthur,58
storm,58
revolutions,58
termination,58
organelles,58
exchanged,58
affection,58
overriding,58
mobilisation,58
strauss,58
aristocracy,58
il,58
linkage,58
quotas,58
conserved,58
cystic,58
prostitution,58
sourced,58
ber,58
obsidian,58
sickness,58
genres,58
shortest,58
planets,58
stiglitz,58
detached,58
listener,58
stereotypical,58
uncomfortable,58
abused,58
abandonment,58
lowland,58
endless,58
perlès,58
reset,58
sugars,58
catering,58
residue,58
constants,58
interviewees,58
cross-cultural,58
classify,58
persona,58
fgm,58
biomass,58
pentheus,58
virginity,58
stokes,58
brothers,58
seat,58
pertinent,58
intonation,58
orwell,58
planted,58
liked,58
lever,58
chile,58
ligands,58
presidential,58
dictated,58
segregation,58
biographical,58
java,58
vat,58
projection,58
contradicts,58
kings,58
averil,58
accumulate,58
ellis,58
myocardial,58
los,58
corrupt,58
excellence,58
arriving,58
distal,58
architectural,58
strangers,58
faults,58
predator,58
keyboard,58
abolition,58
deter,58
oldest,58
resembles,58
strings,58
bhaskar,58
eugenics,58
ubi,58
parish,58
romanticism,58
click,58
grip,58
staffing,58
oath,58
relieve,57
empirically,57
mountains,57
eleven,57
proprietary,57
pascal,57
hunter,57
joy,57
misunderstanding,57
exercising,57
cathode,57
christ,57
chips,57
incorrectly,57
reads,57
liar,57
cfd,57
gall,57
steyn,57
sinclair,57
dilutions,57
viking,57
crossed,57
essex,57
accompanying,57
sunny,57
hallucinations,57
geneva,57
phenotype,57
bs,57
aspiration,57
weighted,57
habermas,57
surviving,57
symmetry,57
mistress,57
sociologists,57
relaxation,57
hire,57
registration,57
incorporates,57
graham,57
alienated,57
russell,57
julie,57
unwanted,57
anywhere,57
ewcs,57
fluorescence,57
localisation,57
extensions,57
guyana,57
derives,57
sceptical,57
imaging,57
taboo,57
continental,57
exerted,57
signify,57
requests,57
thematic,57
germans,57
fertilizers,57
publicity,57
fortification,57
ratings,57
hindsight,57
butterworth,57
shaw,57
enlargement,57
di,57
lineage,57
ridge,57
averages,57
dispersion,57
hits,57
suitability,57
seller,57
corrosion,57
esther,57
perpetrators,57
mcdonald,57
hfea,57
reservations,57
kosovo,57
watt,57
situational,57
diffuse,57
adulthood,57
achieves,57
grief,57
ira,57
fragmentation,57
logging,57
λ,57
mine,57
jr,57
lymphadenopathy,57
morale,57
uganda,57
bradshaw,57
zanmen,57
febvre,57
hedley,57
fibres,57
maximus,56
spa,56
friendships,56
suggestive,56
neo-classical,56
adapting,56
creole,56
reminds,56
disregard,56
textual,56
rebecca,56
jersey,56
fuelled,56
transcribed,56
paraguay,56
voiceless,56
comprise,56
cowley,56
bonus,56
empathy,56
nationality,56
disappear,56
baldwin,56
virtuous,56
morals,56
undermines,56
surveillance,56
coal,56
appearances,56
accusations,56
furniture,56
lexicon,56
alteration,56
coupling,56
incubated,56
toothpaste,56
token,56
theses,56
confirming,56
coincide,56
enjoyment,56
vascular,56
detergent,56
caste,56
consultant,56
speculation,56
defences,56
consulted,56
lovers,56
scoping,56
4.4,56
purified,56
homogeneous,56
watched,56
samuel,56
weekend,56
cubic,56
investor,56
update,56
dynasty,56
benign,56
mentally,56
methodologies,56
digit,56
basket,56
validate,56
dissolution,56
flights,56
penetrate,56
toughness,56
revolt,56
tb,56
passenger,56
endogenous,56
pregnant,56
patents,56
consulting,56
entail,56
dismiss,56
tremendous,56
hercules,56
suppress,56
loved,56
humanism,56
maximising,56
mountain,56
cortez,56
lock,56
flying,56
levi,56
graphics,56
reversal,56
ecotourism,56
stabilise,56
unhealthy,56
cereals,55
reservation,55
fading,55
flaw,55
undergoes,55
drastically,55
vicious,55
fractions,55
chaffey,55
litter,55
compute,55
overt,55
lungs,55
protects,55
forgetting,55
e-commerce,55
wines,55
sleeping,55
transcendent,55
potter,55
equates,55
conveys,55
comprehensible,55
pathogen,55
tanks,55
repetitive,55
stations,55
verification,55
keys,55
pcbs,55
discounted,55
issuing,55
pop,55
maker,55
unavoidable,55
adequacy,55
solubility,55
ian,55
unwilling,55
pathogens,55
maximizing,55
leveller,55
denial,55
mining,55
pallake,55
pesticide,55
anaerobic,55
geoffrey,55
anomalous,55
chris,55
literate,55
antigone,55
impacted,55
vodite,55
votes,55
violet,55
motif,55
badger,55
somebody,55
stringent,55
vein,55
intestine,55
monopolist,55
youngest,55
friedman,55
southeast,55
grace,55
axial,55
assure,55
critiques,55
percentages,55
devaluation,55
excuse,55
obese,55
resistor,55
punish,55
discovering,55
containers,55
residential,55
swedish,55
letting,55
1.4,55
dust,55
evidenced,55
periodic,55
pmcs,55
conferences,55
ancestor,55
persistence,55
lifelong,55
bertrand,55
utilization,55
html,55
warren,55
carbohydrate,55
inspire,54
daniel,54
ppm,54
holder,54
devoid,54
customary,54
1ml,54
protagonists,54
outpatient,54
goodness,54
seal,54
standpoint,54
ventures,54
blank,54
cross-sectional,54
genders,54
gestures,54
fiduciary,54
procurement,54
boat,54
dishes,54
enacted,54
nineteen,54
orientalism,54
vi,54
distributions,54
kinase,54
neighbourhood,54
totality,54
sediment,54
metropolitan,54
complexities,54
manipulating,54
thrown,54
dawn,54
contemporaries,54
douglas,54
empower,54
assessors,54
neutrality,54
fierce,54
grades,54
analysts,54
divinity,54
imaginary,54
cox,54
dahl,54
intellectuals,54
elaborated,54
donne,54
crying,54
cone,54
stagnation,54
minimising,54
designers,54
releases,54
den,54
rotate,54
outlets,54
bode,54
morton,54
rheumatoid,54
ucta,54
hay,54
gantt,54
embraced,54
ecj,54
chaotic,54
packing,54
disproportionate,54
potent,54
rally,54
calm,54
jason,54
needing,54
loving,54
presentations,54
determiner,54
activism,54
steering,54
interruptions,54
instant,54
brave,54
hexagons,54
naturalistic,54
hawthorne,54
disks,54
ranked,54
tertiary,54
realistically,54
mp3,54
stimulating,54
defect,54
bandwidth,54
tyre,54
bd,54
railway,54
summarises,54
ether,54
fishing,54
occupancy,54
assimilation,54
politician,54
polyethylene,54
immigrant,54
fin,54
adhered,54
squared,54
walter,53
coates,53
self-interest,53
droplets,53
physician,53
axes,53
trivial,53
vastly,53
suppressed,53
prompt,53
palpation,53
nitrates,53
drum,53
fabrication,53
brittle,53
midland,53
acknowledgement,53
quantify,53
federation,53
eukaryotes,53
unpleasant,53
polymerisation,53
intertwined,53
tlc,53
disruptive,53
reminiscent,53
transplantation,53
malinowski,53
fates,53
treasury,53
medial,53
gravitational,53
livy,53
princeton,53
attracts,53
optional,53
mac,53
reich,53
sensing,53
tribe,53
a-level,53
fats,53
formulating,53
gastric,53
acidity,53
tacitus,53
visions,53
disrupted,53
steve,53
abuses,53
purification,53
unilateral,53
litigation,53
catalytic,53
icc,53
foreigners,53
inaccuracies,53
edn,53
inversion,53
exhausted,53
diabetic,53
maria,53
likes,53
pivotal,53
neruda,53
2.6,53
murdered,53
auditory,53
attributable,53
weigh,53
punic,53
foam,53
outweigh,53
cohen,53
stressful,53
granules,53
utilize,53
massachusetts,53
locked,53
invasive,53
0c,53
recurring,53
reign,53
suction,53
hoplite,53
dissimilar,53
overtime,53
shortages,53
soviets,52
strokes,52
starvation,52
asylum,52
massacre,52
unnatural,52
reacts,52
sartre,52
parasitic,52
progressing,52
p4,52
conditioned,52
biomedical,52
paradoxically,52
transforming,52
pumps,52
disappeared,52
prescott,52
stairs,52
homology,52
vertically,52
sympathetic,52
underwent,52
granting,52
worrying,52
technically,52
rigidity,52
proceeding,52
lexis,52
buhalis,52
gareth,52
shipping,52
resident,52
creature,52
micrometer,52
steep,52
weiss,52
invalid,52
authenticity,52
p.6,52
cones,52
poisoning,52
borne,52
hormone,52
faber,52
architect,52
secretion,52
teachings,52
defective,52
middle-class,52
scarce,52
retaining,52
tremor,52
pulled,52
awarded,52
cv,52
missionaries,52
alert,52
guiding,52
p.3,52
oscillations,52
disturbing,52
leviathan,52
monologue,52
negotiated,52
psychosocial,52
dopamine,52
animate,52
motivating,52
kids,52
skepticism,52
disturbances,52
specialists,52
formica,52
precautionary,52
hollow,52
ignorant,52
crim,52
constituent,52
solow,52
lights,52
ghost,52
adversarial,52
clubbing,52
easiest,52
exceeded,52
fulfill,52
ln,52
plantations,52
align,52
urgent,52
generalisations,52
imitate,52
stayed,52
cpa,52
enlightened,52
griffin,52
nye,52
tsar,52
maze,52
automated,52
adversely,52
eroded,52
transcend,52
fostered,52
apt,52
currents,52
briefing,52
sensations,52
aborigines,52
ω,52
3.0,52
wernicke,52
petroleum,52
descendants,52
charity,52
colon,52
assemblages,52
bloch,52
manifesto,52
rewarding,52
fuller,52
sputum,52
slopes,52
blanket,52
understandings,52
erroneous,52
bulmer,52
concessions,52
provisional,52
copied,52
foodstuffs,52
whale,52
gaussian,52
guard,52
modest,52
day-to-day,51
homologous,51
zinc,51
follow-up,51
muslims,51
signature,51
ti,51
sd,51
eoq,51
tags,51
excitement,51
ea,51
eager,51
σ,51
santa,51
recruit,51
25ml,51
no.2,51
enforcing,51
banned,51
elevation,51
ischaemic,51
sulphate,51
e-business,51
multiplier,51
edinburgh,51
wiley,51
artisans,51
del,51
sampled,51
confessions,51
hurst,51
transformational,51
licensing,51
intellect,51
fluctuation,51
differentiating,51
suffice,51
exposing,51
liberalization,51
microscopic,51
stirred,51
lactose,51
preoccupation,51
belonged,51
tariff,51
marshall,51
uncle,51
rid,51
endangered,51
mayo,51
cryptography,51
quaternions,51
suspended,51
cancers,51
guardians,51
dull,51
physicians,51
branded,51
prominence,51
sterilisation,51
dish,51
bridges,51
spencer,51
drought,51
signifies,51
nobility,51
civilised,51
wishing,51
backwards,51
expecting,51
hydrophobic,51
cease,51
ambitions,51
speculative,51
carbonate,51
offenders,51
wheeler,51
trojan,51
methyl,51
florentine,51
strip,51
ubiquitous,51
orient,51
ibm,51
iodine,51
cylinders,51
michelle,51
chalk,51
dualism,51
volunteers,51
marchington,51
welsh,51
gower,51
expose,51
insecurity,51
preceded,51
salts,51
alarm,51
conical,51
quadratic,51
departmental,51
dirty,51
relativity,51
eric,51
portraying,51
sharply,51
curd,51
skewed,51
emu,51
forthcoming,51
nasa,51
fidel,51
apec,51
deliberation,51
warehouse,51
supplementary,51
atrocities,51
p.2,50
short-run,50
optimization,50
institutionalised,50
dominating,50
lawyer,50
gni,50
descent,50
cane,50
winners,50
rounded,50
putney,50
amersham,50
exhibited,50
dizziness,50
jesus,50
novelty,50
bag,50
institutionalism,50
encouragement,50
searches,50
practises,50
mole,50
pbl,50
informing,50
civilians,50
subunit,50
rods,50
rewarded,50
appointments,50
composite,50
tyranny,50
hinder,50
7th,50
respiration,50
inelastic,50
safer,50
negation,50
cp,50
yearly,50
basal,50
captivity,50
upholding,50
transfusion,50
stanley,50
excludes,50
coarse,50
renewed,50
aristophanes,50
socialisation,50
qualification,50
retired,50
dementia,50
possessive,50
reptiles,50
summarized,50
luck,50
mitigate,50
diameters,50
verdict,50
testimony,50
recognisable,50
ethnocentric,50
jrc,50
auditors,50
negligent,50
catalogue,50
antibiotic,50
nazis,50
madame,50
regulator,50
delinquency,50
renders,50
welcomed,50
intermediary,50
heraclitus,50
liquids,50
debtor,50
learns,50
sars,50
ghosts,50
duke,50
intakes,50
flooding,50
imposition,50
gastrointestinal,50
genius,50
microbes,50
aeneid,50
modifying,50
terrestrial,50
opponents,50
que,50
foraging,50
madox,50
reporter,50
depicting,50
mask,50
creator,50
accomplish,50
min,50
donors,50
confrontation,50
anomalies,50
pumped,50
underdevelopment,50
6.1,50
lays,50
slowing,50
defending,50
entirety,50
decentralisation,50
8th,50
microscopy,50
bob,50
vii,50
arrivals,50
multiplying,50
symmetrical,50
scheduled,50
precipitate,49
investigates,49
coral,49
macrophages,49
cookies,49
matthews,49
allocate,49
gambling,49
pole,49
normalised,49
rhodes,49
reminder,49
realising,49
controllers,49
ectopic,49
wallace,49
palaeolithic,49
kane,49
stm,49
blocking,49
canal,49
voted,49
lags,49
uranium,49
part-time,49
decent,49
extinct,49
radial,49
timely,49
missed,49
anarchical,49
dictate,49
relieved,49
platinum,49
clouds,49
corners,49
flood,49
orthodox,49
intel,49
articulate,49
researches,49
infinity,49
planting,49
hamilton,49
repressed,49
committees,49
stretching,49
psychologically,49
kinship,49
waltham,49
km,49
pi,49
pipette,49
mandatory,49
synchronous,49
journeys,49
prohibition,49
fly,49
levine,49
sells,49
hiv/aids,49
odd,49
bnp,49
proud,49
cage,49
seizure,49
discontent,49
signified,49
lucy,49
vivo,49
denoted,49
overweight,49
threatens,49
tracks,49
metric,49
sufferers,49
oréal,49
envisaged,49
ventricular,49
enclosed,49
calves,49
outsiders,49
involuntary,49
teg®,49
applicability,49
phosphorus,49
0.8,49
polybius,49
faculties,49
1920s,49
rutherford,49
anticipate,49
interrogation,49
werther,49
synchronisation,49
williamson,49
portions,49
bryman,49
analyser,49
regain,49
crack,49
parfit,49
boards,49
declare,49
coach,49
conveying,49
rapriop,49
arrange,49
0.2,49
storing,49
electrolyte,49
neaira,49
stuart,49
impressions,49
positivism,48
charcoal,48
knowledgeable,48
celebrated,48
wheeze,48
macdonald,48
declarative,48
2a,48
grazia,48
contractors,48
condensation,48
katharina,48
sucrose,48
mens,48
outsider,48
enlarged,48
renfrew,48
anselmus,48
hindered,48
deserted,48
ceremony,48
councils,48
contention,48
plateau,48
bang,48
allusions,48
top-down,48
solvents,48
misuse,48
ptas,48
hollywood,48
ranking,48
chicken,48
introductory,48
accustomed,48
lipids,48
clare,48
rtas,48
hoping,48
diminish,48
nasal,48
awards,48
estates,48
ethic,48
inventions,48
blum,48
marat,48
distribute,48
collapsed,48
stretched,48
israel,48
baylis,48
durkheim,48
restorative,48
aeschylus,48
demeter,48
barbarians,48
enduring,48
goats,48
flesh,48
pet,48
simplify,48
multiply,48
butter,48
expects,48
downturn,48
denote,48
decoding,48
cll,48
arisen,48
siblings,48
salvation,48
triggers,48
initiating,48
electrodes,48
justifies,48
logos,48
teenagers,48
programmed,48
compatibility,48
lcd,48
pleasures,48
evaluations,48
cuisine,48
uniqueness,48
friday,48
intensified,48
advocating,48
persecution,48
consultants,48
milton,48
debris,48
individuality,48
inconsistencies,48
sloman,48
withstand,48
drawback,48
fold,48
respectable,48
insulin,48
elaboration,48
guides,48
ceo,48
rhetorical,48
affordable,48
unhappy,48
sweep,48
schofield,48
carolingian,48
batch,48
sword,48
rea,48
characterise,48
handled,48
charging,48
unfortunate,48
utterly,48
deduce,48
ben,48
structurally,48
articulation,48
p53,48
attacking,48
urinary,48
scandal,48
inseparable,47
courage,47
inhibitors,47
thiamine,47
aerodynamic,47
polarization,47
criticise,47
heterochromatin,47
dissociation,47
spell,47
p.1,47
bovine,47
moon,47
aba,47
tombs,47
ewe,47
attr,47
measurable,47
replied,47
provoke,47
domesticated,47
isolate,47
cry,47
apollo,47
predicate,47
clever,47
dropping,47
musical,47
auditing,47
symptomatic,47
disposition,47
portugal,47
walks,47
golf,47
parallelism,47
discs,47
shield,47
contends,47
terminate,47
grotowski,47
acetic,47
heteroskedasticity,47
h3,47
disputed,47
favourite,47
reacted,47
titre,47
compelling,47
grievances,47
fellini,47
elementary,47
thumb,47
pharyngeal,47
climax,47
kinetics,47
aerobic,47
stereotyping,47
tribunals,47
spouses,47
freddie,47
summarise,47
protagoras,47
auxiliary,47
deities,47
indices,47
lethal,47
variances,47
sectional,47
immersed,47
kills,47
corn,47
anthropological,47
kurtz,47
prosecutor,47
anticipation,47
prejudices,47
monomer,47
unsure,47
possessions,47
foetus,47
expressly,47
governor,47
conquered,47
nelson,47
wash,47
constructions,47
papyri,47
marquez,47
calf,47
oriental,47
mount,47
churchill,47
accidents,47
accessories,47
cyclical,47
carpal,47
ventilation,47
£1,47
spots,47
outdated,47
retains,47
restoring,47
mistaken,47
algebras,47
agendas,47
quaternion,47
tenets,47
cater,47
symmetric,47
hatred,47
inconclusive,47
angry,47
y-axis,47
bpsk,47
heterogeneity,47
marital,47
disrupt,47
underworld,47
configurations,47
hat,47
casual,47
silas,47
diagnoses,47
blocked,47
hepatic,47
reed,47
blog,47
peculiar,47
spinning,46
altruistic,46
cecilia,46
deregulation,46
lasted,46
workwell,46
oestrogen,46
scholarly,46
compelled,46
spiral,46
yale,46
presently,46
diamond,46
affiliation,46
wartime,46
p.13,46
photograph,46
credits,46
activates,46
blurred,46
restraints,46
chef,46
5.0,46
artificially,46
uneven,46
cheapest,46
0.3,46
coined,46
artefact,46
femoral,46
heather,46
license,46
recognizing,46
proposing,46
judaeo-christian,46
2d,46
cumulative,46
complication,46
columbia,46
prototyping,46
enrichment,46
endure,46
originate,46
cautious,46
beads,46
tears,46
hostilities,46
aspire,46
intends,46
transitions,46
paedophilia,46
worn,46
genomes,46
anonymous,46
ρ,46
reconcile,46
tabulated,46
sporadic,46
doh,46
stranger,46
universalism,46
pertaining,46
non-standard,46
organizing,46
assisting,46
enjoying,46
olds,46
existential,46
attenuation,46
install,46
workplaces,46
regulates,46
sellers,46
attainment,46
hunted,46
familial,46
misguided,46
esteban,46
amorphous,46
generalisation,46
effected,46
talents,46
originates,46
tap,46
dunbar,46
fertilizer,46
discarded,46
morrison,46
misery,46
rescue,46
warrior,46
buckling,46
bore,46
naked,46
shuttle,46
urea,46
self-confidence,46
post-modern,46
humanist,46
fringe,46
carbohydrates,46
odds,46
influenza,46
nationalist,46
formulae,46
suli,46
formerly,46
illustrations,46
elitist,46
p3,46
journalists,46
phosphorylation,46
c-fibre,46
widening,46
underdeveloped,46
junction,46
alternate,46
hurt,46
lunch,46
voter,46
incubation,46
wasted,46
textbook,46
warwick,46
capturing,46
kinetochore,46
sommerfeld,46
bennett,46
emulsion,46
decoder,46
utopia,46
poll,46
externally,46
staining,46
pre-existing,46
developers,46
deck,45
hrsqt,45
impoverished,45
shots,45
exemplifies,45
wrigley,45
entries,45
worsening,45
weir,45
resolving,45
polyphenols,45
tales,45
initiator,45
unrestricted,45
phylogeny,45
san,45
lenders,45
conservatives,45
mounting,45
potatoes,45
occupying,45
mentor,45
compositions,45
anthropogenic,45
aversion,45
profoundly,45
intercourse,45
bitter,45
bite,45
vivid,45
aiding,45
ceased,45
bookings,45
kenneth,45
oxidised,45
adp,45
insists,45
environmentalism,45
geography,45
oakley,45
walked,45
doll,45
collections,45
prose,45
legislature,45
berk,45
characterisation,45
code-switching,45
editor,45
dedication,45
thames,45
accor,45
recognizes,45
maori,45
predecessors,45
4.0,45
intestinal,45
subversive,45
asymmetrical,45
culinary,45
parenting,45
democracies,45
homo-mensura,45
microbiological,45
modernisation,45
vested,45
wrapped,45
semantics,45
accession,45
bubbles,45
therapists,45
winner,45
hired,45
persist,45
chase,45
handed,45
peas,45
bride,45
utilising,45
ancestral,45
explosion,45
neurasthenia,45
scalp,45
belbin,45
prevail,45
roll,45
accessing,45
witches,45
observes,45
gary,45
venturi,45
adventure,45
grasses,45
faithful,45
bse,45
hester,45
walsh,45
anabaptists,45
sri,45
symptom,45
semi-structured,45
tones,45
antithesis,45
cipher,45
passions,45
refute,45
caregivers,45
realises,45
deity,45
discourage,45
borrowers,45
vocational,45
escaped,45
reasonableness,45
breadth,45
endurance,45
x-axis,45
fincham,45
searched,45
safeguard,45
bladder,45
deduction,45
victor,45
mortals,45
sacrificed,45
declaring,45
beard,45
hoffman,45
unsatisfactory,45
observers,45
cleavage,45
indications,45
unification,45
odysseus,45
piety,45
echr,45
underneath,45
nationals,45
nerves,45
currencies,45
tolerate,45
cable,45
professions,45
expenditures,45
abstraction,45
obscure,45
daemon,44
alba,44
exhibiting,44
violated,44
armour,44
funeral,44
ample,44
tutorial,44
gallery,44
bibliography,44
calvinism,44
berg,44
potentials,44
resistances,44
resisted,44
instincts,44
fortunately,44
beneficiaries,44
deterrence,44
geared,44
mega,44
preventative,44
beloved,44
steels,44
microstructure,44
klein,44
gsm,44
pubs,44
deficient,44
consolidated,44
pluralist,44
paradigms,44
apx-1,44
totalitarian,44
cores,44
mirrored,44
convicted,44
conglomerate,44
asylums,44
ip,44
listing,44
ectoderm,44
underline,44
testament,44
tablets,44
equated,44
indispensable,44
bowen,44
spends,44
refine,44
silica,44
socio-political,44
altruism,44
haemon,44
1.6,44
advisable,44
lions,44
discomfort,44
agglutination,44
overnight,44
obsolete,44
correlate,44
contracted,44
us$,44
maslow,44
recursive,44
childbirth,44
topology,44
spouse,44
hplc,44
wager,44
cereal,44
magnesium,44
precursor,44
chiral,44
1.8,44
ziegler,44
factions,44
fungi,44
eradicate,44
lettuce,44
copd,44
cooked,44
lid,44
remembering,44
blastomere,44
divergent,44
mad,44
trade-off,44
backs,44
arrives,44
arithmetic,44
submission,44
andean,44
despair,44
animation,44
"10,000",44
rectal,44
clinton,44
aer,44
naming,44
disclose,44
lion,44
empiricism,44
responsiveness,44
directing,44
opengl,44
vt,44
surprised,44
mick,44
experimenter,44
histogram,44
marriott,44
jointly,44
impurities,44
revival,44
allison,44
hale,44
tuberculosis,44
bills,44
tackling,44
p.17,44
suspicious,44
filtering,44
cross-section,44
nowhere,44
semi,44
frustrated,44
landscapes,44
lighter,43
minus,43
natal,43
porne,43
pseudocode,43
deception,43
centralized,43
ultra,43
manners,43
qualify,43
powdery,43
isomorphism,43
founder,43
administrator,43
photographic,43
clayton,43
ref,43
munich,43
colonialism,43
harvey,43
functionalist,43
synthase,43
downwards,43
carbonyl,43
lewin,43
spi,43
picking,43
biography,43
heights,43
segal,43
addressee,43
quarters,43
deadline,43
structuralist,43
accelerating,43
angel,43
metaphorical,43
ras,43
planar,43
delicate,43
poultry,43
ijv,43
potato,43
empowering,43
p.7,43
advocacy,43
kent,43
enslaved,43
trojans,43
inducing,43
relax,43
cruelty,43
wednesbury,43
finishing,43
contest,43
exemplary,43
variants,43
intricate,43
mulan,43
kranjska,43
ols,43
panic,43
informs,43
©,43
pneumonia,43
epidemics,43
retreat,43
bretton,43
malignant,43
hungry,43
eighteen,43
straw,43
emperors,43
wade,43
dorsal,43
impractical,43
p.8,43
lynn,43
neil,43
utilizing,43
outdoor,43
constituents,43
mortgage,43
parasite,43
clarified,43
polis,43
aboriginal,43
analytic,43
winds,43
opposites,43
21st,43
robson,43
expressive,43
flora,43
oven,43
fan,43
glacial,43
merseytravel,43
galago,43
settling,43
correlates,43
fascination,43
referenced,43
geocentric,43
drastic,43
karl,43
unavailable,43
intimacy,43
fourteen,43
intensively,43
dear,43
influx,43
practised,43
lowers,43
gentle,43
quota,43
vietnam,43
workshops,43
benefiting,43
walzer,43
marketed,43
deterministic,43
hedda,43
agesilaos,43
campaigning,43
shouldn,43
holdings,43
favouring,43
laboratories,43
oct,43
owns,43
faulty,43
declares,43
ronald,43
treats,43
murray,43
gradients,43
borrow,43
upset,43
wheatstone,43
dental,43
retirement,43
sheltered,43
budgetary,43
gora,43
prestigious,43
whipping,43
caroline,43
check-in,43
parcel,43
deeds,42
perón,42
unmarried,42
repressive,42
disasters,42
norway,42
owning,42
specifying,42
surveyed,42
proactive,42
incidental,42
fantastic,42
dissertation,42
crohns,42
legality,42
mri,42
degenerate,42
non-existent,42
boyd,42
torture,42
applicants,42
emit,42
destroys,42
uniformly,42
bengal,42
atypical,42
embodiment,42
loosely,42
warmth,42
algebraic,42
tonnes,42
typing,42
recipe,42
salient,42
tularemia,42
wyatt,42
rearranging,42
logo,42
photoelectric,42
priest,42
taxonomy,42
trajectory,42
conformation,42
privatisation,42
strengthens,42
tiberius,42
overlaps,42
scholarship,42
expulsion,42
athletes,42
estimations,42
hardship,42
axe,42
surrender,42
worsened,42
pervasive,42
alliteration,42
interrupt,42
converts,42
forecasted,42
haimon,42
holland,42
float,42
leather,42
platonic,42
lynch,42
subsidiaries,42
carpenter,42
industrialised,42
broadening,42
adolescents,42
recruiting,42
beneficiary,42
orestes,42
helix,42
consolidate,42
thornton,42
mysterious,42
hua,42
bile,42
reperfusion,42
tomorrow,42
adolescent,42
wep,42
bradford,42
exceptionally,42
acceptability,42
evaporation,42
dressing,42
standardized,42
messenger,42
libraries,42
mob,42
symbiotic,42
exploitative,42
stuck,42
allied,42
fuzzy,42
graduate,42
ssm,42
ambition,42
eligible,42
dixon,42
stanovich,42
accord,42
rows,42
automobile,42
salaries,42
confines,42
pacifism,42
mythical,42
resolutions,42
worshipped,42
muscular,42
meme,42
swing,42
solitary,42
curved,42
protocols,42
inversely,42
stratified,42
amsterdam,42
pits,42
rem,42
omission,42
immersion,42
enslavement,42
bushmeat,42
cults,42
firewalls,42
iss,42
concurrent,42
redundancy,42
hashmi,42
cfdt,42
thrust,42
disparities,42
weakening,42
transitional,42
audi,42
luciferase,42
abolished,42
nuts,42
dialogues,42
maturation,42
proximal,42
injected,42
10ml,42
phenomenological,42
lambing,42
hfe,42
tim,42
standardization,42
hemispheres,42
cc,42
×,42
sierra,42
cournot,42
firing,42
bloody,42
reformed,42
interfering,42
recipes,42
leakage,42
fraudulent,42
youths,42
headed,42
digested,42
100ml,42
plaster,42
whatsoever,41
verses,41
lifting,41
grooming,41
faunal,41
mercy,41
hodder,41
co-ordination,41
injustices,41
fulfils,41
breakthrough,41
contractor,41
tigers,41
imagining,41
encodes,41
breville,41
pathological,41
indoor,41
clk,41
globules,41
solidworks,41
wherever,41
conceal,41
rme,41
immanent,41
clockwise,41
lorries,41
monk,41
warn,41
recycled,41
troubled,41
rta,41
urges,41
nineteenth-century,41
passionate,41
cartels,41
compressive,41
triangulation,41
morvern,41
opportunistic,41
2-3,41
receipt,41
pryce,41
meters,41
aseptic,41
athena,41
humanists,41
hormones,41
endosymbiotic,41
mycenaean,41
surround,41
colourless,41
radcliffe-brown,41
rsa,41
instructed,41
amoebae,41
accidental,41
festivals,41
derivation,41
downing,41
ranged,41
landowners,41
pemax,41
educate,41
movern,41
wagner,41
charter88,41
impossibility,41
theorist,41
contend,41
"100,000",41
rewriting,41
histamine,41
blades,41
teamworking,41
categorisation,41
illegitimate,41
poe,41
therapies,41
fairbank,41
excitation,41
yerma,41
p.4,41
adolescence,41
deformity,41
renewable,41
longest,41
multidisciplinary,41
sullivan,41
wherein,41
alveolar,41
tachycardia,41
mobilise,41
valence,41
formality,41
r-,41
dtmf,41
vernacular,41
knees,41
recipients,41
doubtful,41
commons,41
predetermined,41
biopsy,41
olfactory,41
convergent,41
polite,41
lobbying,41
turbidity,41
percussion,41
ui,41
dealings,41
pinch,41
painted,41
consumerism,41
cauchy,41
igg,41
burdens,41
oscillation,41
airways,41
lend,41
advancing,41
discriminatory,41
trypsin,41
alleles,41
incur,41
assistant,41
thinker,41
cardinal,41
novelist,41
labeled,41
convict,41
subgroup,41
extinctions,41
a-p,41
remarked,41
entrepreneurship,41
musil,41
importing,41
dinner,41
oligopoly,41
full-time,41
irreversible,41
nation-state,41
coins,41
digestive,41
storey,41
judgments,41
shipbuilding,41
retailer,41
trail,41
reacting,41
cleared,41
crohn,41
abel,41
cointegration,41
jaguar,41
painter,41
interrupted,41
p.23,41
5.3,41
primacy,41
assigning,41
mpi,41
churches,41
tailored,41
drying,41
rm,41
inert,41
ischaemia,41
originating,40
bidder,40
condemn,40
keith,40
sam,40
gardner,40
tot,40
normed,40
krashen,40
medusa,40
bass,40
translations,40
bacillus,40
hell,40
prokaryotes,40
deforestation,40
substrates,40
imposes,40
seizures,40
longevity,40
beside,40
fastest,40
coils,40
kaplan,40
interrelated,40
analyst,40
iso,40
palpitations,40
converter,40
stocking,40
clinically,40
ancien,40
gaze,40
telecommunications,40
chiefly,40
receptive,40
reagent,40
cadbury,40
catching,40
stewart,40
prosperous,40
brutus,40
thereafter,40
jurors,40
anscombe,40
palace,40
pliny,40
elizabethan,40
doubling,40
bakery,40
henge,40
teenage,40
delight,40
combatants,40
2004a,40
enthusiastic,40
opt,40
shelves,40
licence,40
rationally,40
negro,40
healthier,40
cue,40
berger,40
sliding,40
joe,40
hanging,40
prokaryotic,40
galagidae,40
afternoon,40
irreducible,40
centromeres,40
sanction,40
tackled,40
cypriot,40
commonplace,40
justifications,40
flies,40
thebes,40
admissions,40
wires,40
refinement,40
disregarded,40
pursuits,40
shut,40
chancellor,40
renowned,40
slaughtered,40
collector,40
contempt,40
guess,40
lamp,40
voluntarily,40
mst,40
isles,40
entailed,40
province,40
incas,40
immortal,40
slogan,40
clear-cut,40
networking,40
phylogenetic,40
persuasion,40
pit,40
motivational,40
ventral,40
eighteenth-century,40
quantifiers,40
shrinking,40
transducers,40
amended,40
guns,40
infective,40
endosymbiosis,40
dissolve,40
glorious,40
tenses,40
plurality,40
banana,40
dawkins,40
volumetric,40
neatly,40
elevate,40
comfortably,40
whittle,40
left-handers,40
autocratic,40
fertiliser,40
keohane,40
clicking,40
surge,40
steric,40
specifies,40
organize,40
editing,40
viii,40
gut,40
stainless,40
leftist,40
sinister,40
stepped,40
commissioner,40
privity,40
wo,40
pluripotent,40
lonely,40
compounded,40
coincided,40
fleet,40
readership,40
spores,40
ε,40
registers,40
theorising,40
cloning,40
hills,40
publish,40
swan,40
postal,40
psyche,39
meditations,39
warns,39
chemotherapy,39
h1,39
collagen,39
disordered,39
tokyo,39
canned,39
moscow,39
creoles,39
mp,39
hydroponic,39
mdg,39
agreeing,39
rachel,39
brussels,39
replaces,39
sticks,39
encrypted,39
rocks,39
militant,39
citing,39
sie,39
fungus,39
rct,39
heavier,39
same-sex,39
consultancy,39
transduction,39
im,39
precautions,39
vertebrate,39
mentality,39
peptide,39
rapport,39
ministerial,39
tager-flusberg,39
leds,39
idealist,39
uncovered,39
struggled,39
fortified,39
phenomenal,39
translates,39
haywood,39
cds,39
financed,39
runoff,39
rolled,39
tomatoes,39
anthropologists,39
architects,39
asleep,39
freshwater,39
outbreaks,39
offender,39
summed,39
eliminates,39
lymph,39
wounds,39
monomers,39
hen,39
salinity,39
strangelove,39
populace,39
covert,39
behavioral,39
phonemes,39
stringer,39
debtors,39
blast,39
endemic,39
supplements,39
floors,39
remark,39
interplay,39
°c,39
coincides,39
sw1,39
prerequisite,39
pyongyang,39
emphasizing,39
sos,39
peroxide,39
inferiority,39
swinburne,39
bristol,39
deviate,39
dec,39
darker,39
inland,39
tutor,39
fgf10,39
offending,39
patriotic,39
smes,39
howard,39
anymore,39
warriors,39
shirk,39
rebellions,39
cord,39
tonic,39
kerr,39
entrenched,39
acetate,39
anatomical,39
phage,39
hints,39
biochemical,39
personification,39
formats,39
jan,39
ammonia,39
qing,39
litres,39
sourcebook,39
entertain,39
sisters,39
evoke,39
ic,39
donald,39
requisite,39
bloc,39
constitutive,39
inactive,39
bergson,39
stain,39
notwithstanding,39
download,39
endorsed,39
correspondingly,39
rappaport,39
nagel,39
suffrage,39
shocking,39
fires,39
utilitarianism,39
steal,39
neglecting,39
fellows,39
turkey,39
vibrational,39
canning,39
tenant,39
antigenic,39
posts,39
winterson,39
puncturing,39
régime,39
preferential,39
heterogeneous,39
aerial,39
weaken,39
consultative,39
fbh,39
self-regulation,39
tin,39
sheath,39
budgeting,39
1.7,39
sutherland,39
shafts,39
psychologist,39
terry,39
accelerate,39
crossover,39
hitting,39
unbiased,39
constipation,39
dracula,39
alison,39
storni,39
celebrate,39
lucan,39
bent,39
beijing,39
chorus,39
habilis,39
non-violent,39
sixteen,39
exhaustive,39
throw,39
devise,39
lucas,39
practicing,39
das,39
applicant,39
placebo,39
chesapeake,39
conjugation,39
manually,39
delinquent,38
reformers,38
differentiates,38
childcare,38
hazardous,38
vegetative,38
saps,38
intensities,38
miracle,38
assertive,38
guatemala,38
positivist,38
addiction,38
predictive,38
fossils,38
gulf,38
grasslands,38
anybody,38
te,38
chen,38
aristocratic,38
withdrawn,38
weren,38
thermistor,38
talent,38
patrick,38
breathless,38
ai,38
faeces,38
overwhelmingly,38
microprocessor,38
ngo,38
stressing,38
wal-mart,38
drained,38
eysenck,38
h0,38
casing,38
precedence,38
defended,38
unskilled,38
constable,38
8(1,38
newtonian,38
preferably,38
parkinson,38
stealing,38
stature,38
coordinated,38
gun,38
coagulation,38
thomson,38
observational,38
packets,38
deserves,38
cages,38
elicit,38
exceeding,38
securities,38
spectacular,38
absorbing,38
hypothesised,38
schneider,38
yeast,38
esdu,38
wolf-man,38
rage,38
semi-periphery,38
domesticity,38
dependability,38
armies,38
subordinated,38
murderer,38
contributors,38
edwin,38
structuring,38
fusca,38
mildew,38
invariant,38
groupings,38
crowds,38
conductor,38
prudent,38
inclination,38
amendments,38
freed,38
iterative,38
journalist,38
stirring,38
ambiguities,38
palliative,38
su,38
underpinned,38
monoclonal,38
wu,38
expands,38
upbringing,38
diurnal,38
drawings,38
stimulates,38
foetal,38
unitary,38
centrifugal,38
uc,38
rearing,38
mtdna,38
valuation,38
symbolise,38
somerfield,38
distort,38
coursework,38
efficiencies,38
cuban,38
temperate,38
restricts,38
punch,38
endowments,38
admiration,38
correcting,38
châteaux,38
contributor,38
fostering,38
topography,38
slowed,38
sunlight,38
contended,38
peterson,38
comic,38
improper,38
deductive,38
lifespan,38
p.37,38
embracing,38
inanimate,38
realms,38
solitude,38
beds,38
paperback,38
interdependent,38
treatises,38
dubliners,38
formulas,38
durable,38
slaughter,38
discounts,38
temptation,38
exposes,38
orthogonal,38
ν,38
crafts,38
servers,38
quantified,38
2.7,38
scholar,38
semaphore,38
dining,38
chronology,38
inward,38
tocqueville,38
prostitute,38
terrain,38
make-up,38
susan,38
appealed,38
pleased,38
retailing,38
sooner,38
heuristic,38
vesicles,38
viewpoints,38
incompatibility,38
exported,38
respondent,38
stamp,38
celebration,38
mutated,38
galileo,38
connotation,38
kidney,38
roanoke,38
theatrical,38
attachments,38
underlined,38
dirt,38
stranded,38
invertebrates,38
propertius,38
pharmaceutical,38
exponentially,38
saddle,38
farmed,38
remind,38
dissemination,38
telegraph,37
ap,37
geographically,37
chicks,37
fgf8,37
predictability,37
entrant,37
romance,37
disguise,37
hiding,37
affirmative,37
categorise,37
elicited,37
6.0,37
equate,37
ditches,37
norman,37
rectify,37
cameras,37
cherry,37
restored,37
micro-organisms,37
anthracis,37
no.3,37
exhibition,37
nichols,37
basing,37
picks,37
underlines,37
intensification,37
queries,37
breakfast,37
waveform,37
bounds,37
funnel,37
t]he,37
jameson,37
ego,37
deterrent,37
venus,37
anti-social,37
robin,37
rebel,37
uruguay,37
knock,37
broch,37
lump,37
gang,37
voyage,37
forestry,37
scans,37
dysfunction,37
temples,37
clearing,37
jonathan,37
burette,37
fluctuating,37
socioeconomic,37
selectively,37
succeeding,37
calculates,37
indentured,37
solicitor,37
harry,37
allegiance,37
multilateralism,37
anode,37
denaturation,37
protector,37
ferrite,37
belfast,37
exacerbation,37
implements,37
redesign,37
password,37
2b,37
self-awareness,37
ps,37
dubious,37
ears,37
derivatives,37
pd,37
kin,37
theological,37
dislike,37
defends,37
impede,37
pains,37
dunn,37
3-4,37
ijvs,37
lupins,37
anne,37
dismissal,37
seized,37
splinting,37
electrostatic,37
arrest,37
fences,37
authentication,37
sonite,37
vigorous,37
summarize,37
hash,37
sony,37
isoelectric,37
airflow,37
harvesting,37
reversible,37
launching,37
biases,37
hockney,37
grice,37
dominates,37
helpless,37
traps,37
coalition,37
commissions,37
deserve,37
0.25,37
housed,37
timescale,37
mca,37
curvature,37
metallic,37
clues,37
uncover,37
singles,37
herbicides,37
biologically,37
pocket,37
gi,37
tetrahedral,37
advertise,37
carroll,37
elegies,37
marginalised,37
spins,37
echoed,37
recycle,37
nucleotide,37
epithelium,37
rationalism,37
paradoxes,37
restrained,37
-6,37
acres,37
ritchie,37
liberated,37
fixing,37
tanto,37
adaptability,37
immensely,37
recommends,37
callosotomy,37
demonstrations,37
braking,37
precious,37
switzerland,37
nov,37
fabricated,37
suckler,37
sequencing,37
sparta,37
bacon,37
manageable,37
beak,37
neoclassical,37
flakes,37
maximization,37
fritz,37
behaving,37
notation,37
proportionate,37
reforming,37
collisions,37
£,37
trains,37
credited,36
spaced,36
thailand,36
baddeley,36
balfour,36
phosphatase,36
feeds,36
fundamentals,36
shoes,36
sorrow,36
three-dimensional,36
plethora,36
benchmark,36
cni,36
unusually,36
fused,36
staging,36
three-phase,36
telefónica,36
titled,36
inhabit,36
co-ordinates,36
unifying,36
rayleigh,36
conceptualised,36
polarised,36
petrol,36
tetra,36
fertilisers,36
bankruptcy,36
hindrance,36
tristan,36
bed-rails,36
panels,36
proficiency,36
limericks,36
garcia,36
lyrical,36
marsh,36
outlining,36
demonstrative,36
hereditary,36
roce,36
adler,36
loud,36
tragedies,36
tangent,36
stoma,36
heywood,36
praised,36
methane,36
~eqn,36
centrally,36
cleveland,36
forbidden,36
suits,36
elongation,36
pulling,36
sage,36
fabric,36
semantically,36
gibson,36
graphic,36
leakey,36
inhibiting,36
recurrence,36
lanka,36
buchanan,36
euler,36
skyscraper,36
willingly,36
bootstrapping,36
intermittent,36
1940s,36
crane,36
dragonwyck,36
instantaneous,36
lawson,36
embryology,36
persisted,36
contraction,36
devote,36
releasing,36
gould,36
realization,36
balances,36
bunyoro,36
migrate,36
sediments,36
osteoarthritis,36
situ,36
gilbert,36
depressive,36
facets,36
basin,36
paired,36
photocell,36
gravel,36
marxists,36
profiling,36
drill,36
recalled,36
forster,36
dell,36
depletion,36
mintzberg,36
photography,36
maths,36
posted,36
pyruvate,36
festival,36
capitalists,36
isotopes,36
impulses,36
burton,36
sen,36
blunt,36
signing,36
armstrong,36
ann,36
mann,36
6.2,36
apex,36
1:1,36
lijiang,36
protectorate,36
honey,36
bargain,36
advertisers,36
priced,36
marginally,36
hughes,36
peste,36
designation,36
adhering,36
pads,36
locating,36
fisher,36
constrain,36
flaubert,36
reagents,36
rosamond,36
co-ordinate,36
cookie,36
functioned,36
merging,36
landed,36
anti-war,36
disagreements,36
ash,36
ciphers,36
pharaoh,36
discriminate,36
sparrow,36
satisfactorily,36
hospitable,36
enriched,36
doomed,36
bnc,36
centrality,36
footnote,36
pipes,36
wasting,36
anxieties,36
postulate,36
santos,36
enact,36
abrupt,36
memorials,36
inaccuracy,36
strips,36
dilute,36
engels,36
hunston,36
milestones,36
imaginative,36
meditation,36
governs,36
eradication,36
discouraged,36
cenp-b,36
acquires,36
tails,36
geisha,36
curious,36
convincingly,36
thirteenth,36
insofar,36
interrogative,36
halt,36
psychoanalysis,36
amplify,36
abusive,35
allowance,35
tune,35
typology,35
provinces,35
tolerated,35
respecting,35
rs,35
reassure,35
glasgow,35
monarch,35
dummies,35
seedlings,35
framed,35
pomeroy,35
carer,35
aging,35
drosophila,35
lips,35
peaked,35
lifted,35
wit,35
drove,35
approximated,35
auction,35
prisoner,35
inviting,35
pauses,35
undeniable,35
carthaginian,35
burst,35
perceiving,35
compassionate,35
connell,35
insert,35
p.10,35
kuhn,35
hi,35
destined,35
outweighed,35
arterial,35
p.26,35
invariably,35
detachment,35
truancy,35
cato,35
editorial,35
niches,35
spike,35
med,35
coated,35
atwood,35
wholesale,35
detention,35
permanence,35
labov,35
poster,35
juices,35
anemometer,35
ming,35
occupies,35
inevitability,35
tempering,35
confuse,35
academy,35
myriad,35
attaches,35
idealistic,35
spherical,35
stanford,35
compost,35
deteriorated,35
hl,35
γ-ray,35
housewife,35
detailing,35
detectable,35
tolerant,35
20th,35
disprove,35
wealthier,35
aerodynamics,35
fallacy,35
postwar,35
maximal,35
grapes,35
autobiography,35
succeeds,35
chromosomal,35
disintegration,35
transitive,35
brass,35
intelligible,35
flourished,35
concordance,35
refrain,35
confidential,35
livery,35
furthering,35
inexperienced,35
foil,35
levant,35
kimes,35
adultery,35
jarvis,35
tie,35
progeny,35
assesses,35
priming,35
font,35
p.12,35
bayley,35
turmoil,35
butterworths,35
pairing,35
danish,35
dirichlet,35
aegean,35
adaptable,35
h+,35
productions,35
fluidity,35
slows,35
lining,35
nationally,35
frictional,35
antisocial,35
spectators,35
m1,35
subcultures,35
gabriel,35
directs,35
indexical,35
tripartite,35
alters,35
blisters,35
terminates,35
distracting,35
shaken,35
photosynthetic,35
commissioned,35
palm,35
embody,35
inpatient,35
evaluates,35
elegant,35
verbally,35
submissive,35
wrist,35
motility,35
sorted,35
chomsky,35
hix,35
dimer,35
frontier,35
advancements,35
ernest,35
plasmid,35
fascinating,35
freezer,35
dickinson,35
rev,35
physicists,35
exposition,35
violate,35
vain,35
grape,35
angus,35
jolly,35
schedules,35
deem,35
personhood,35
led1,35
tips,35
spectrophotometer,35
rats,35
jealousy,35
knight,35
shortened,35
cervical,35
seriousness,35
lotte,35
stemmed,35
encode,35
2.8,35
motifs,35
guaranteeing,35
glands,35
cape,35
sweeping,35
interferometer,35
lekythoi,35
seventh,35
revolutionaries,35
depictions,35
generous,35
photo,35
generalise,35
catherine,35
heterosexual,35
transforms,35
upland,35
larvae,35
thou,35
zander,35
serviced,35
stonehenge,35
north-west,35
man-made,35
perpetual,35
flowering,35
ditch,35
irrationality,34
pulegone,34
baumol,34
curse,34
bottom-up,34
na,34
multi,34
skeptical,34
slang,34
jeanette,34
tennis,34
passionlessness,34
forceful,34
budgeted,34
derek,34
refuge,34
byrne,34
sixteenth-century,34
administer,34
supplementation,34
p.16,34
optimized,34
spacers,34
deployment,34
allisgood,34
headaches,34
inextricably,34
twisting,34
bartlett,34
moles,34
prosecuted,34
spectrometer,34
lees,34
validated,34
p-value,34
2-,34
whitehead,34
dataset,34
eugenic,34
resistors,34
hydroxyl,34
precipitated,34
desperately,34
deserving,34
nancy,34
listeners,34
hobbs,34
offerings,34
attentional,34
harlow,34
fission,34
decision-maker,34
p.45,34
gateway,34
donation,34
hatcher,34
lends,34
pelvis,34
rni,34
use-value,34
unchanging,34
navy,34
stricter,34
patriotism,34
genomic,34
dam,34
nil,34
gesture,34
seldom,34
ostensibly,34
webb,34
balls,34
reiterated,34
maxima,34
scored,34
husbandry,34
emulate,34
conceivable,34
bacteriophage,34
disagreed,34
midwifery,34
non-,34
morbidity,34
mdgs,34
captures,34
perspectivism,34
assists,34
denominator,34
directional,34
allocating,34
diode,34
invaded,34
bazin,34
citric,34
shore,34
traveling,34
fluctuate,34
nucleic,34
cereus,34
consecutive,34
friel,34
distortions,34
0.4,34
bend,34
escaping,34
canals,34
anaesthetic,34
fortis,34
dipole,34
browser,34
incremental,34
ascending,34
summarizes,34
trajectories,34
venetian,34
salesman,34
mnc,34
presidency,34
synthesized,34
geometric,34
aggregation,34
births,34
seminar,34
punishments,34
ambivalent,34
lasts,34
mwq,34
hobsbawm,34
shading,34
mammalian,34
infact,34
hypotension,34
interviewers,34
communists,34
asbo,34
philips,34
catholicism,34
horatii,34
overheads,34
uniquely,34
hate,34
umbrella,34
warned,34
keypad,34
pigments,34
non-inverting,34
saves,34
precedents,34
commenting,34
lactate,34
intersection,34
rolling,34
organelle,34
prayer,34
secrets,34
muncie,34
poole,34
sandy,34
calculus,34
eruption,34
naturalism,34
hinge,34
warst,34
las,34
rubber,34
nilsson,34
predictor,34
aulētrides,34
smoothly,34
dimensionless,34
indifferent,34
horticulture,34
romantics,34
hearer,34
compartment,34
inhabited,34
legend,34
hepatitis,34
mandible,34
contacted,34
keepers,34
p.14,34
duchess,34
volcanic,34
hindu,34
lex,34
encapsulated,34
punishing,34
metaphysics,34
pakistani,34
degraded,34
sixty,34
preferring,34
invoke,34
vigour,34
commits,34
insecure,34
cis,34
convection,34
reconstruct,34
attributing,34
outright,34
shipman,34
colitis,34
rv,34
anomaly,34
prefers,34
insist,34
sauce,34
fashionable,34
scavenging,34
dial,34
allegations,34
cytoplasmic,34
rotated,34
atkinson,34
visualisation,34
visualise,34
desdemona,34
fore,34
formations,34
allele,34
compensated,34
rhyming,34
parietal,34
policymaker,33
precede,33
conspicuous,33
buses,33
postmodernism,33
informants,33
cube,33
invitation,33
hood,33
vis-à-vis,33
drinkers,33
superfluous,33
acceptor,33
cooler,33
nightmare,33
cynical,33
equivalence,33
monopolies,33
multi-disciplinary,33
unites,33
facilitator,33
shunt,33
poignant,33
ebay,33
skewness,33
broadsheet,33
migrated,33
skyscrapers,33
eddy,33
kodak,33
culmination,33
bilaterally,33
infusion,33
sharma,33
dire,33
asteroid,33
indistinguishable,33
motions,33
accusation,33
advertised,33
no.1,33
physiology,33
landlords,33
rotary,33
hz,33
reasoned,33
materialism,33
ecosystems,33
ft,33
dip,33
authorised,33
mpa,33
suitably,33
espoused,33
ich,33
archaic,33
burnham,33
pamphlets,33
ilo,33
phonetic,33
depleted,33
steinberg,33
floral,33
infrared,33
barthes,33
harmonious,33
apes,33
temporally,33
vfr,33
leptothorax,33
obstructive,33
1mm,33
pine,33
chem,33
covenant,33
spinal,33
annum,33
noticing,33
absorbs,33
emboli,33
monumental,33
isomorphic,33
templates,33
magnification,33
containment,33
determinate,33
monday,33
attaining,33
nozzle,33
seize,33
adh,33
laplace,33
ainu,33
steroids,33
accelerator,33
delhi,33
stern,33
var,33
imprisoned,33
lucrative,33
gregory,33
impartiality,33
low-income,33
freeze,33
wastes,33
akin,33
rebels,33
localized,33
grazed,33
localization,33
topical,33
thylakoid,33
computed,33
ceases,33
symbolically,33
impairments,33
railroads,33
synapse,33
coordinates,33
unsafe,33
arrested,33
inverter,33
referent,33
repercussions,33
greatness,33
linda,33
paralysis,33
coca-cola,33
sloan,33
implicated,33
blogs,33
planters,33
abp,33
subjugation,33
omnipotent,33
enjambment,33
13c,33
cnn,33
mucus,33
incredible,33
t4,33
retrieve,33
execration,33
impersonal,33
construed,33
cls,33
thrive,33
aphids,33
eradicated,33
inadequacy,33
integrals,33
increments,33
3.6,33
antagonism,33
spelling,33
intentionally,33
fujitsu,33
botulinum,33
wheels,33
pizza,33
ambulance,33
screens,33
wheezy,33
honda,33
aquatic,33
recourse,33
taxon,33
commander,33
spp,33
hamel,33
fog,33
win2,33
proxy,33
phoneme,33
forwards,33
xv,33
harley,33
eigenvalues,33
logistics,33
inch,33
converse,33
civilian,33
uterus,33
swap,33
duct,33
supplemented,33
congenital,33
delta,33
transit,33
pollard,33
matthew,33
thermometers,33
selves,33
rented,33
homogeneity,33
nepalese,33
actuators,32
hodgetts,32
calcareous,32
invertebrate,32
on-line,32
norris,32
guideline,32
3-,32
kayano,32
accompany,32
deadlines,32
moss,32
detective,32
exploratory,32
fp,32
fascist,32
cascade,32
p.19,32
hunters,32
iambic,32
polymorphism,32
elitism,32
denatured,32
ballads,32
misinterpretation,32
inbreeding,32
waits,32
dove,32
riesling,32
refuted,32
henceforth,32
coat,32
sentimental,32
lobby,32
beck,32
egalitarian,32
nut,32
reside,32
urbanisation,32
polynomials,32
evolves,32
antagonistic,32
horus,32
planners,32
hcl,32
deformed,32
set-up,32
shooting,32
intervening,32
engages,32
policing,32
discern,32
conspiracy,32
corresponded,32
agitation,32
dirsync,32
apartment,32
nationwide,32
archibugi,32
est,32
steers,32
sociologist,32
salomon,32
encompassed,32
intimately,32
pareto,32
quintic,32
activating,32
castes,32
crushed,32
phenol,32
harmondsworth,32
yahoo,32
richness,32
maritime,32
bearder,32
alarming,32
redefine,32
pornai,32
policymakers,32
annabel,32
solver,32
abide,32
subscription,32
moody,32
cromwell,32
quantitatively,32
fiona,32
7.5,32
unpaired,32
cylindrical,32
start-up,32
wonderful,32
p.47,32
glycogen,32
ivf,32
symbiosis,32
problem-solving,32
johansen,32
forcings,32
par-2,32
flavours,32
sanctity,32
etching,32
epidemiology,32
ozone,32
u1,32
probabilities,32
belgium,32
physiotherapy,32
omissions,32
fluent,32
volunteer,32
transverse,32
idealised,32
inexpensive,32
disappointing,32
oak,32
siege,32
recreation,32
resection,32
populated,32
thirteen,32
radcliffe,32
taxi,32
flourish,32
socket,32
tooth,32
hasn,32
competitions,32
yugoslavia,32
2004/2005,32
undergraduate,32
conquer,32
stopwatch,32
swbc,32
xiao,32
petri,32
predatory,32
mathematicians,32
nests,32
iris,32
crawford,32
pots,32
habitual,32
odour,32
chairs,32
cropping,32
necessities,32
kb,32
menus,32
well-established,32
empires,32
augmented,32
hardening,32
vicarious,32
champion,32
tram,32
widen,32
jeffrey,32
coexistence,32
bpm,32
polarisation,32
airports,32
leverage,32
interprets,32
merge,32
grounding,32
ok,32
pcb,32
necessitated,32
dido,32
divorced,32
dung,32
barrel,32
lowry,32
counterpart,32
doses,32
government-spending,32
resisting,32
fluency,32
xl,32
resembling,32
disperse,32
rupture,32
powered,32
aspirin,32
integrator,32
pseudo,32
meyer,32
usunier,32
safety-critical,32
methanol,32
histone,32
offensive,32
circumference,32
luthans,32
planetary,32
hydrophilic,32
contradicting,32
consequential,32
famously,32
obsession,32
injecting,32
ceremonial,32
auxiliaries,31
obeyed,31
infers,31
wnt,31
aberdeen,31
homeland,31
nearer,31
melt,31
award,31
seating,31
barrett,31
hereafter,31
vitellius,31
mindset,31
causative,31
scars,31
loci,31
fernand,31
elusive,31
satyricon,31
thinner,31
far-reaching,31
equating,31
functionally,31
curiosity,31
twins,31
insensitive,31
fiv,31
expedia,31
perverse,31
scaled,31
announcement,31
pa,31
tactic,31
thirties,31
discriminated,31
deployed,31
instinct,31
novella,31
mit,31
wary,31
plight,31
texas,31
tenth,31
complain,31
brutality,31
juries,31
revelation,31
plaintiff,31
pat,31
torvald,31
incomprehensible,31
contradicted,31
occipital,31
iceland,31
mccarthy,31
ovid,31
wang,31
bahn,31
hens,31
configured,31
aetiology,31
lasers,31
georgia,31
neo,31
backbone,31
juan,31
7.0,31
examinations,31
morphemes,31
converges,31
museums,31
linkages,31
favourably,31
rule-based,31
16qam,31
executing,31
sad,31
licences,31
tze,31
vendor,31
narrowed,31
semiconductor,31
slits,31
jacques-louis,31
keane,31
carey,31
sps,31
capuchins,31
tan,31
quenching,31
paternalistic,31
hardships,31
fawcett,31
nugent,31
treatise,31
turnus,31
industrialization,31
crompton,31
constrains,31
tenure,31
tailor,31
vulnerabilities,31
ester,31
landmark,31
loves,31
ofdm,31
res,31
schwarzbach,31
li,31
harding,31
solicitors,31
carrots,31
quit,31
futility,31
memorial,31
uncontrollable,31
compile,31
thicker,31
serotonin,31
englishmen,31
needles,31
scientifically,31
exertion,31
midwife,31
disposed,31
clostridium,31
lenses,31
neglects,31
aa,31
banning,31
manpower,31
frustrating,31
hydrogens,31
uniting,31
roi,31
distension,31
disparate,31
naturalist,31
two-way,31
stepping,31
kev,31
malignancy,31
underpinning,31
interconnected,31
transcriptional,31
mammal,31
ascribed,31
dennis,31
carl,31
stanzas,31
sparticus,31
wrapping,31
vowels,31
diversion,31
non-dimensional,31
hung,31
overtly,31
imminent,31
normalization,31
5.5,31
50ml,31
ligament,31
facet,31
chick,31
olsen,31
1m,31
successor,31
ces,31
boats,31
manifests,31
z.,31
alloys,31
hydro,31
pores,31
visibly,31
moulded,31
shocked,31
cia,31
giles,31
adhesion,31
raymond,31
slender,31
capm,31
helices,31
vocative,31
steroid,31
gentleman,31
disagrees,31
ix,31
navigate,31
carthaginians,31
touching,31
ballast,31
arrows,31
p.71,31
torn,31
winding,31
complained,31
aptly,31
mini,31
probing,31
slowdown,31
prionics,31
fifteenth,31
parishes,31
singing,31
reorganisation,31
c1,31
fearful,31
interstate,31
orderly,31
securely,31
reefs,31
1-2,31
ergaster,31
purposive,31
mixtures,31
migrant,31
hint,31
supervised,31
diversified,31
blindness,31
mma,31
9/11,31
affirmed,31
commissioners,31
surgeon,31
wnt7a,31
recollection,31
mullins,31
knife,31
mum,31
newer,31
viterbi,31
socialists,31
tudor,31
symbolises,31
criticises,31
rosemary,31
pca,30
pagan,30
exhaustion,30
insecticide,30
directories,30
herbert,30
habitation,30
erythema,30
shaking,30
payroll,30
antonio,30
tours,30
collateral,30
genesis,30
mitochondrion,30
laity,30
insulation,30
noisy,30
grids,30
requesting,30
2h,30
laurence,30
necessitate,30
collectivist,30
wmg,30
brilliant,30
rev/min,30
cirrhosis,30
hearts,30
waking,30
synchrotron,30
integers,30
prowess,30
inflicted,30
transmitter,30
qpsk,30
digitising,30
climb,30
irradiation,30
bmp,30
practicality,30
seals,30
aroused,30
cut-off,30
shoulders,30
meno,30
fpga,30
landlord,30
snakes,30
cessation,30
synaptic,30
lakeside,30
open-ended,30
additions,30
unwillingness,30
p.9,30
˚c,30
pause,30
slump,30
sided,30
certificate,30
phoenix,30
fermentation,30
surrounds,30
par-1,30
trotsky,30
centers,30
quoyle,30
accommodating,30
bounded,30
explosive,30
playhouse,30
puzzle,30
romer,30
unused,30
fluorescent,30
p7,30
scandinavian,30
p.36,30
civilisations,30
redress,30
zeros,30
perfusion,30
ignition,30
tricks,30
ascites,30
depths,30
thirds,30
zoos,30
flour,30
stylistic,30
upheaval,30
normalisation,30
inflexible,30
oceans,30
commutative,30
ics,30
levy,30
terminals,30
arabidopsis,30
piezoelectric,30
witnessing,30
cuff,30
hated,30
p.21,30
springs,30
overlook,30
iop,30
avoidant,30
intriguing,30
flag,30
latitude,30
chilean,30
gorgias,30
spore,30
landless,30
abolish,30
manures,30
minimized,30
borate,30
decentralised,30
lb,30
blackstone,30
compliant,30
1g,30
acutely,30
confounding,30
competency,30
suburbs,30
articulated,30
illicit,30
telfer,30
cart,30
replies,30
personalization,30
interwar,30
mn,30
non-tender,30
malthus,30
patroclus,30
fouling,30
tide,30
pleistocene,30
skeletons,30
ar,30
tempered,30
liberties,30
clicks,30
barrows,30
11th,30
oem,30
ceiling,30
nylanderi,30
drip,30
spartans,30
unambiguous,30
upgrade,30
unconditional,30
sloping,30
towers,30
splits,30
punctuation,30
bee,30
headache,30
clustering,30
photoelectrons,30
stiff,30
sponsored,30
orientations,30
p.44,30
leone,30
renewal,30
deriving,30
intuitively,30
owen,30
gait,30
cxr,30
filtration,30
senators,30
privately,30
mariner,30
mark-up,30
sits,30
connectionist,30
deputy,30
steeper,30
mystical,30
statutes,30
neo-realism,30
purple,30
emo-tion,30
posters,30
dwelling,30
moist,30
salbutamol,30
intergovernmental,30
wychwood,30
sender,30
spray,30
excite,30
arab,30
crp,30
interfaces,30
eiffage,30
beverages,30
utilises,30
republicans,30
femur,30
monitors,30
cuisines,30
bromide,30
ceremonies,30
equipments,30
repertoire,30
hiring,30
façade,30
moulds,30
cns,30
spontaneously,30
interruption,30
motorcycle,30
permissible,30
maggie,30
heralded,30
disciplinary,30
fieldwork,30
p.22,30
byte,30
oa,30
smoked,30
throne,30
postcolonial,30
incoherent,30
beggars,30
patented,30
bc1,30
stoker,30
k+,30
cooperating,30
olive,30
distillation,30
transplant,30
polanyi,30
characterises,30
ancestry,30
bolshevism,30
worm,30
classifications,30
engulfed,30
complements,30
durlston,29
subtly,29
relational,29
folk,29
legitimise,29
tray,29
afterlife,29
gnp,29
monsters,29
tsang,29
spine,29
assimilate,29
casts,29
rover,29
victories,29
uzbekistan,29
cjpoa,29
mandate,29
regulators,29
multivariate,29
gland,29
tenancy,29
julius,29
afro-caribbean,29
airway,29
cyclotron,29
zu,29
geometrical,29
patricia,29
8.1,29
elective,29
stenosis,29
postulated,29
connects,29
touched,29
low-level,29
simpson,29
dialectic,29
mastery,29
commenced,29
appropriation,29
p.18,29
em,29
fights,29
cgiar,29
foreseen,29
casting,29
leon,29
patronage,29
keywords,29
breadwinner,29
discounting,29
greed,29
tacit,29
categorical,29
uprising,29
lawful,29
undeniably,29
interpretive,29
emap,29
flatter,29
gide,29
individualistic,29
puberty,29
screw,29
helplessness,29
sticky,29
tuesday,29
cross-border,29
traumatic,29
subscale,29
excessively,29
pre-war,29
corrective,29
heuristics,29
earnest,29
goodman,29
pda,29
snake,29
absenteeism,29
8.2,29
moderately,29
humankind,29
kang,29
oximeter,29
tallest,29
complementarity,29
lombroso,29
2005a,29
silencing,29
waterlogged,29
distributing,29
1a,29
4.6,29
allergic,29
gently,29
librarians,29
amendment,29
hatch,29
pragmatics,29
heinrich,29
polypropylene,29
reid,29
f-test,29
persuaded,29
owe,29
vicinity,29
vesicular,29
mitigation,29
guinea,29
deaf,29
quadrant,29
ride,29
resides,29
enteric,29
wrongly,29
softer,29
goddesses,29
warrant,29
heterozygous,29
chemically,29
crampton,29
philosophies,29
2m,29
p.15,29
poured,29
neuronal,29
slice,29
zuckerman,29
scheduling,29
twenty-first,29
classifying,29
lets,29
restrain,29
butterflies,29
prevailed,29
20ml,29
ulcers,29
bytes,29
smoother,29
bread-makers,29
anion,29
experiential,29
hf,29
superlative,29
reservoir,29
urged,29
inventories,29
isabel,29
diagonal,29
molars,29
grossman,29
monkey,29
hopkins,29
harriet,29
frightened,29
commanders,29
herzberg,29
distressed,29
cost-effective,29
rubisco,29
imperialist,29
scratch,29
malicious,29
subsets,29
peregrine,29
protestantism,29
pra,29
developer,29
theban,29
selector,29
programmers,29
thirst,29
totalitarianism,29
tracing,29
barbara,29
wool,29
descendents,29
villagers,29
deontology,29
soup,29
cemetery,29
stemming,29
advisory,29
regenerated,29
disappears,29
conserving,29
tempting,29
rot,29
p.39,29
missionary,29
exporter,29
duck,29
one-way,29
p6,29
exploits,29
manganese,29
toxicity,29
decryption,29
ours,29
pensions,29
wilmot,29
carnivores,29
affirms,29
bernstein,29
blinded,29
self-consciousness,29
roper,29
berkshire,29
calendar,29
aggregator,29
dumping,29
epoch,29
metaphors,29
self-service,29
sc,29
catalysed,29
-4,29
multinationals,29
abduction,29
sectoral,29
submitting,29
un-stated,29
mock,29
shadows,29
econometric,29
conceptualisation,29
hansen,29
limestone,29
xi,29
fbc,29
mile,29
combing,29
http,29
individualist,29
cancel,29
micro-nutrients,29
flexion,29
honesty,29
brooks,29
enormously,29
undue,29
timi,29
trades,29
clashes,29
stolen,29
atrial,29
prescription,29
cavendish,29
duncan,29
fingerprints,29
sophocles,29
franchising,29
ceramic,29
narrowly,29
hans,29
transects,29
jealous,29
à,29
sicily,29
opposes,29
colonised,29
quinn,29
castle,28
womb,28
leaflets,28
grammatically,28
refrigeration,28
subservient,28
catastrophic,28
jaw,28
graded,28
krugman,28
inactivation,28
borrowed,28
bracket,28
swallowing,28
manipulative,28
spender,28
harold,28
ally,28
prohibiting,28
trick,28
vertices,28
decipher,28
cacl,28
long-standing,28
lifecycle,28
spraying,28
condensed,28
radiotherapy,28
everyman,28
intrusion,28
conveniently,28
assuring,28
org,28
fractured,28
p.11,28
structuralism,28
morford,28
gruoch,28
carding,28
paranoia,28
non-governmental,28
xnor,28
pollutant,28
multi-strategy,28
admittedly,28
retributive,28
debating,28
meteorological,28
toilet,28
certificates,28
conserve,28
mitotic,28
delphi,28
mcconville,28
modifiers,28
satire,28
ascertained,28
birthday,28
crowe,28
overarching,28
altitude,28
closeness,28
foul,28
deviance,28
stage-gate,28
lyons,28
illegality,28
complying,28
sheldon,28
spaniards,28
interchangeable,28
secreted,28
richardson,28
longing,28
eo,28
concealed,28
routinely,28
pyridine,28
descending,28
aetokremnos,28
owes,28
lit,28
predominance,28
mcteague,28
vengeance,28
posses,28
in-house,28
thy,28
venue,28
infringement,28
auditor,28
polarized,28
experimenters,28
stanton,28
magistrates,28
lovely,28
rude,28
hap,28
vikings,28
linklater,28
annex,28
linguistically,28
rotates,28
hazel,28
democratisation,28
aesthetically,28
derby,28
agard,28
ees,28
idle,28
stepper,28
5.4,28
lumps,28
1b,28
da,28
coup,28
ladder,28
distancing,28
laslett,28
spanning,28
unstructured,28
sorry,28
henderson,28
xrd,28
murphy,28
alevelsa,28
columbus,28
enjoyable,28
deleted,28
sa,28
boiled,28
biologists,28
trustworthy,28
indiana,28
opted,28
glycine,28
ribosomes,28
collier,28
compromises,28
fins,28
déclaration,28
cedaw,28
stressors,28
tactical,28
crusades,28
lure,28
overthrow,28
dismisses,28
tia,28
packs,28
survives,28
haemorrhage,28
preoccupied,28
saviour,28
armitage,28
steven,28
unionism,28
gc,28
precarious,28
bench,28
bedroom,28
thiocyanate,28
offline,28
orthodoxy,28
dissent,28
injections,28
esping-anderson,28
offred,28
stables,28
f(x,28
sally,28
unjustifiable,28
foundational,28
cortical,28
crushing,28
benzyl,28
unimportant,28
suites,28
elliott,28
baratz,28
goldstein,28
pointer,28
cell-cell,28
provoking,28
jacques,28
emits,28
wins,28
narrower,28
entertaining,28
prompts,28
kantian,28
insisted,28
repay,28
technologically,28
recovering,28
charred,28
len,28
diodorus,28
concur,28
bowerman,28
overwhelmed,28
confer,28
authorisation,28
cha,28
fraser,28
computation,28
p-nitrophenyl,28
napoleon,28
heckscher-ohlin,28
mundane,28
1998a,28
unsustainable,28
heatherwick,28
protections,28
bracketing,28
eclectic,28
cured,28
supramolecular,28
re-evaluation,28
notch,28
sim,28
bred,28
calories,28
inherit,28
campus,28
inter,28
heinemann,28
beforehand,28
interspecific,28
replicated,28
boca,28
restraining,28
acton,28
innotech,28
optimising,28
ugly,28
augustine,28
weimar,28
soya,28
splint,28
invaders,28
ration,28
anorexia,28
regret,28
florida,28
strikingly,28
bat,28
conforming,28
approve,28
primordial,28
roy,28
ritner,28
threaded,28
eldest,28
utter,28
boron,28
positivists,28
doherty,28
degenerative,28
invading,28
p.51,28
iggers,28
low-pass,28
moosbrugger,28
subaltern,28
cumings,28
cargo,28
self-conscious,28
perpetuate,28
rethinking,28
educating,28
4-cell,28
universality,28
hostess,28
prelude,28
behaves,28
sparse,28
encolpio,28
interdisciplinary,28
differentials,28
invite,28
tentative,28
tutors,28
vagueness,28
drunk,28
postural,28
14c,28
copenhagen,27
locals,27
horizons,27
grower,27
herbivores,27
p.30,27
inhibitory,27
ram,27
convicts,27
mans,27
maxims,27
bacchae,27
saints,27
distracted,27
merged,27
polycentric,27
reap,27
palmar,27
ranter,27
promoters,27
improbable,27
fiber,27
bankers,27
labyrinth,27
delusions,27
traveller,27
bulbs,27
ferguson,27
prioritise,27
justices,27
prescriptions,27
outgrowth,27
specialization,27
bin,27
posing,27
margulis,27
hooks,27
β-catenin,27
adipose,27
flourishing,27
sequenced,27
schizophrenic,27
architectures,27
face-to-face,27
johns,27
andrews,27
gill,27
dialectical,27
pointless,27
francisco,27
actuality,27
presume,27
frankfurt,27
vitro,27
opium,27
payne,27
beier,27
schrödinger,27
corpora,27
anoxia,27
generalized,27
/s/,27
impunity,27
holt,27
side-effects,27
fecundity,27
vacation,27
dispose,27
unconsciously,27
fs,27
cruse,27
secrecy,27
notices,27
incest,27
catholics,27
headline,27
evade,27
non-financial,27
commercialization,27
patron,27
rom,27
oxidising,27
assistants,27
radii,27
polypeptide,27
finley,27
confucianism,27
mound,27
plosive,27
retina,27
mediator,27
strata,27
override,27
sail,27
reversing,27
customisation,27
crackles,27
staple,27
twisted,27
ein,27
maximised,27
massively,27
finest,27
toronto,27
acetyl,27
synergy,27
basil,27
larson,27
filed,27
diffracted,27
itunes,27
eden,27
corus,27
thinning,27
clarisse,27
svenning,27
dynamical,27
pinker,27
jeremy,27
discovers,27
milking,27
hadn,27
pasture,27
cpia,27
allusion,27
broaden,27
solomon,27
unpaid,27
deletion,27
digging,27
hampered,27
melodrama,27
envisage,27
barley,27
breaches,27
stools,27
pos-1,27
sceptics,27
bow,27
unjustified,27
a1,27
cyberspace,27
analyte,27
supervisors,27
angels,27
caespitum,27
"20,000",27
embryogenesis,27
depriving,27
non-specific,27
delegation,27
anonymity,27
dei,27
eqn,27
modulated,27
culling,27
pictorial,27
up-to-date,27
edit,27
subgroups,27
hubble,27
scorecard,27
maltron,27
oils,27
euclidean,27
quantifying,27
necessitates,27
tryptophan,27
cornell,27
assembled,27
aroma,27
inspector,27
enthalpy,27
orientalist,27
jarndyce,27
conforms,27
elucidate,27
ratcliffe,27
utmost,27
conjugate,27
personalised,27
policy-making,27
haemoptysis,27
decode,27
womanhood,27
franklin,27
dehydrogenase,27
unregulated,27
clarkson,27
amounted,27
actus,27
oppositional,27
evokes,27
bl,27
bean,27
herbicide,27
demosthenes.59,27
cemeteries,27
taxpayers,27
suppressing,27
stator,27
eps,27
q1,27
prednisolone,27
desperation,27
anatomically,27
emotive,27
engel,27
warping,27
pleasing,27
protectionist,27
transcendence,27
susi,27
glulam,27
sinn,27
underpin,27
coexist,27
assemble,27
speculate,27
reflexivity,27
diversify,27
demographics,27
undp,27
hull,27
ethernet,27
repurchase,27
supervisory,27
cpi,27
infamous,27
distinguishable,27
regularity,27
impedance,27
posture,27
fluctuated,27
notoriously,27
belts,27
prosper,27
sterilised,27
forging,27
livelihood,27
conservatism,27
negate,27
intellectually,27
promptly,27
locality,27
soc,27
proclaimed,27
algae,27
lakes,27
urge,27
throat,27
prosecutors,27
enquiries,27
kidneys,27
4-5,27
doppler,27
sisson,27
reconstructed,27
prerogative,27
leveraging,27
craftsmen,27
leeson,27
castration,27
hymn,27
sapiens,27
prima,27
blasted,27
endeavours,27
captain,27
macroscopic,27
milieu,27
packer,27
p.61,27
complimentary,27
contestable,27
pelvic,27
abandoning,27
haemagglutination,27
swiftly,27
quoting,27
p.20,27
cohabitation,27
6-8,27
crux,27
ios,27
charlotte,26
malate,26
anchor,26
synthesise,26
miserable,26
unremarkable,26
ergo,26
riding,26
dreaming,26
closes,26
malaise,26
overestimated,26
trinkaus,26
deformities,26
institutionalization,26
p9,26
concordances,26
aziz,26
csr,26
sensibility,26
logarithmic,26
scandals,26
tightened,26
twenties,26
colonization,26
booksurge,26
tighter,26
ulcerative,26
dcs,26
archaeologist,26
montage,26
revolts,26
mod,26
lan,26
bhk21,26
bosnia,26
mimic,26
symposium,26
cranium,26
forged,26
kirby,26
midst,26
deteriorate,26
eighty-four,26
interactional,26
ipod,26
deepening,26
arteries,26
cati,26
hk,26
subscribers,26
mayor,26
finer,26
marrow,26
singularity,26
lust,26
mast,26
scare,26
absurdity,26
chrysler,26
peg,26
5.6,26
allegedly,26
amabile,26
imbalances,26
valleys,26
cables,26
lithium,26
s1,26
deceived,26
abbey,26
escalating,26
flake,26
norwich,26
concurrently,26
discontinuity,26
informational,26
labourer,26
rf,26
blessed,26
scared,26
riot,26
holliday,26
concurs,26
insoluble,26
throughfall,26
os,26
elevator,26
invade,26
instigated,26
cohn,26
cultivate,26
seventeenth-century,26
electrophoresis,26
rite,26
phillip,26
boarding,26
30°c,26
anabaptism,26
sufferer,26
invoked,26
public-key,26
persistently,26
gcs,26
evils,26
mortuary,26
bloom,26
unforeseen,26
quadrats,26
cantilevered,26
mistrust,26
pod,26
proceeded,26
coin,26
nucleosomes,26
globalised,26
constituting,26
countless,26
exempt,26
attc,26
counties,26
creditor,26
loosing,26
signifying,26
complicate,26
pph,26
hesitation,26
invites,26
furnace,26
hm,26
isomer,26
westminster,26
by-products,26
no.4,26
cares,26
labour-intensive,26
parijs,26
wedding,26
refugee,26
bzma,26
fc,26
header,26
michigan,26
avenues,26
classifies,26
drainklear,26
foolish,26
10mg,26
summers,26
adhesions,26
cfi,26
cbs,26
katurian,26
thyroid,26
compartments,26
handmaid,26
shetland,26
thread,26
harmless,26
eq,26
oscillator,26
sterility,26
plasticity,26
climates,26
"30,000",26
ashworth,26
unmik,26
small-scale,26
badgers,26
fingerprint,26
osteoporosis,26
gillies,26
intelligentsia,26
"50,000",26
syrup,26
misunderstood,26
ingredient,26
heller,26
sq,26
acoustic,26
demarcation,26
happier,26
eighth,26
earthly,26
tsunami,26
woodhouse,26
catastrophe,26
shorten,26
estella,26
pacifist,26
manhood,26
prototypes,26
existent,26
mars,26
junior,26
vesicle,26
mates,26
outwards,26
spark,26
predicament,26
drafted,26
ninety,26
titrated,26
bridging,26
externalities,26
remission,26
nonzero,26
declines,26
vincent,26
aggressor,26
amplifiers,26
heighten,26
amazing,26
vertebrates,26
ridiculous,26
seventy,26
par-3,26
bagg,26
funerary,26
anthropologist,26
sigma,26
stabilising,26
coles,26
gorman,26
cyanobacteria,26
zimmerman,26
puncture,26
fibrous,26
vendors,26
compiler,26
favorable,26
mixer,26
imperfections,26
wedge,26
resonances,26
turkeys,26
tetramorium,26
lesbian,26
arousal,26
wacc,26
horrific,26
michaels,26
deirdre,26
despised,26
nicht,26
clarissa,26
samba,26
commonest,26
megalithic,26
circulating,26
litre,26
professionalism,26
enzymatic,26
nurturing,26
bilateralism,26
ldl-c,26
graduated,26
watts,26
motivators,26
real-life,26
elder,26
merton,26
translocation,26
investigative,26
interlinked,26
reaffirmed,26
barren,26
rolls,26
taylorism,26
smiling,26
diminishes,26
enrich,26
6th,26
lively,26
guerrilla,26
supernormal,26
begs,26
wm,26
lichtheim,26
copying,26
resin,26
facto,26
noticeably,26
stand-alone,26
butler,26
clot,26
sylvaticus,26
islamism,26
dwarf,26
custody,26
odyssey,26
counteract,26
barbados,26
ingarden,26
p5,26
failings,26
qui,26
maternally,26
minded,26
mufti,26
permitting,26
plosives,26
condemning,26
cornerstone,26
morphogenetic,26
backup,26
crosses,26
nacl,26
disillusioned,26
perfume,26
revived,26
shoppers,26
lyon,26
freshly,26
enactment,26
rife,26
λe,26
perturbation,26
hook,26
je,26
voyages,26
bet,26
defoe,26
7.1,25
admitting,25
majone,25
inspiring,25
jupiter,25
ascii,25
stuff,25
inception,25
accidentally,25
reproduced,25
cumbrae,25
wsf,25
islamist,25
inescapable,25
darcy,25
modifies,25
columbian,25
weakly,25
streamline,25
murders,25
radicalism,25
celsius,25
oximetry,25
provokes,25
ohmae,25
pore,25
relieving,25
stampe,25
pep,25
commencement,25
pcd,25
engendered,25
generators,25
alex,25
concede,25
berridge,25
insufficiency,25
mnemonic,25
apathy,25
maturing,25
fronts,25
motivates,25
τ,25
encyclopaedia,25
timeless,25
supervisor,25
dan,25
continents,25
executions,25
photosystem,25
salmon,25
posteriori,25
predisposed,25
satirical,25
knightley,25
metaphysically,25
impeded,25
reflex,25
lenardon,25
left-wing,25
compliments,25
stripping,25
battered,25
p.129,25
manifolds,25
generals,25
endocarditis,25
collocation,25
subscriptions,25
tomi,25
nh,25
gleitman,25
valmont,25
ploughing,25
f-,25
buzan,25
above-mentioned,25
disconnected,25
agonists,25
superposition,25
negroes,25
recalling,25
thiol,25
huczynski,25
time-consuming,25
dysphasia,25
wore,25
draining,25
cuvette,25
astrology,25
serine,25
swept,25
bundles,25
bun,25
cleaned,25
monte,25
coursebook,25
eap,25
arturo,25
assertiveness,25
wolff,25
pre-implantation,25
prophecy,25
kennet,25
prioritised,25
finlay,25
pomeranz,25
seminal,25
widened,25
sociolinguistic,25
connectivity,25
micelles,25
corticosteroids,25
wers,25
colleges,25
underway,25
formative,25
frisby,25
baron,25
tensor,25
d2,25
amplitudes,25
90°,25
skim,25
westview,25
okin,25
phagosome,25
newsletters,25
arranging,25
damp,25
vigorously,25
furthered,25
noteworthy,25
fruitful,25
viaduct,25
hypoxia,25
jvp,25
caliper,25
rudimentary,25
levelled,25
outsource,25
smile,25
cooke,25
filtrate,25
ionisation,25
calluna,25
odours,25
symbolised,25
urgency,25
groves,25
annas,25
fortunes,25
autarky,25
seventeen,25
conquering,25
wieder,25
misinterpreted,25
fluidics,25
rabbit,25
fungal,25
rental,25
accents,25
obtains,25
macaques,25
triangular,25
forensic,25
rowe,25
appended,25
stabilised,25
fibula,25
worthless,25
envelope,25
virgins,25
prt,25
instrumentation,25
bachrach,25
suicidal,25
modalities,25
pefr,25
r-squared,25
assimilated,25
leopold,25
exerts,25
2004b,25
installing,25
minimizing,25
conductors,25
suburban,25
iat,25
alfred,25
earths,25
extraneous,25
pact,25
headquarters,25
oxfordshire,25
ainsworth,25
sterilization,25
pearlite,25
by-product,25
carers,25
competences,25
quenched,25
p.72,25
percy,25
thriving,25
jaffee,25
pious,25
primer,25
superstructural,25
δ,25
vases,25
emigration,25
pietas,25
bark,25
esti,25
gilpin,25
peeling,25
jurisdictions,25
doc,25
neat,25
tiger,25
categorized,25
pinochet,25
taipei,25
tenet,25
gibbs,25
handles,25
horn,25
conventionally,25
corollary,25
p.28,25
modulator,25
-5,25
μ,25
careless,25
disrupting,25
prosody,25
immediacy,25
alcoholism,25
combating,25
refractive,25
scripture,25
multicultural,25
adjacency,25
broadened,25
salem,25
affluence,25
nucleotides,25
barbarian,25
finches,25
weston,25
northeast,25
lobes,25
jargon,25
sacrificial,25
1-3,25
victorious,25
intuitions,25
pearl,25
self-interested,25
ernst,25
re-emergence,25
postulates,25
confederation,25
toxin,25
inn,25
cochrane,25
moravcsik,25
antony,25
kya,25
unbalanced,25
freight,25
calibrate,25
conferred,25
stretches,25
metastatic,25
sorting,25
p.24,25
fortunate,25
plains,25
brackets,25
opaque,25
redefined,25
gilead,25
robertson,25
contemplate,25
strives,25
swapping,25
xiv,25
shower,25
ductile,25
slowe,25
arrogance,25
seniors,25
p.50,25
exacerbate,25
piercing,25
confronting,25
twentieth-century,25
prompting,25
toluene,25
arbitrarily,25
abstention,25
kit,25
c-h,25
t1,25
narrowing,25
behaved,25
capacitors,25
blinding,25
descended,25
optimize,25
basics,25
irvine,25
survivors,25
allowable,25
query,25
lottery,25
amazonia,25
marceline,25
timetable,25
coordinating,25
intensely,25
ware,25
carolina,25
p.25,25
antagonist,25
na+,25
sins,25
delegate,25
affiliate,25
whoever,25
integrative,25
cartilage,25
minced,25
glycerol,25
harper,25
datamonitor,25
problem-focused,25
skinfold,25
ifis,25
heir,24
uranus,24
sustenance,24
trough,24
genera,24
quadrat,24
updates,24
beatrice,24
austria,24
notebook,24
paved,24
dad,24
stripped,24
argon,24
dissatisfied,24
medicinal,24
hath,24
behaviors,24
ducts,24
deed,24
epithelial,24
delegated,24
retort,24
chd,24
livelihoods,24
diagnose,24
vaccine,24
illuminate,24
rheumatic,24
ecclesiastical,24
mauritius,24
banner,24
disregarding,24
bulky,24
nationalities,24
bald,24
corporeal,24
conformational,24
brighter,24
solves,24
rationing,24
warnings,24
samantha,24
m2,24
rep,24
gloucestershire,24
palate,24
gus,24
landes,24
sparked,24
jew,24
african-americans,24
brotherton,24
psk,24
strategically,24
bt,24
truck,24
persists,24
jeans,24
wittgenstein,24
quex,24
bags,24
faint,24
unhelpful,24
helical,24
burl,24
initiates,24
shapiro,24
frost,24
gourmet,24
manuscript,24
evapotranspiration,24
countered,24
sms,24
folder,24
radiative,24
abnormality,24
mesoderm,24
sigal,24
papacy,24
unintentional,24
fighter,24
75mg,24
reconsider,24
servitude,24
celebrity,24
p.34,24
burden-sharing,24
assertions,24
neoliberal,24
blanched,24
subtracting,24
downloaded,24
sgp,24
toys,24
fein,24
variant,24
duff,24
benin,24
hippocrates,24
friedrich,24
i/o,24
erratic,24
veins,24
sited,24
hectare,24
crow,24
internalised,24
defiant,24
ethnocentrism,24
informant,24
clamped,24
disappointed,24
.05,24
luxuries,24
booked,24
geladas,24
piracy,24
curb,24
bowman,24
climbing,24
aggravated,24
kay,24
mzn,24
industrialized,24
contraception,24
idols,24
allowances,24
p.49,24
undertakings,24
aphrodite,24
listened,24
milgram,24
attaching,24
auscultation,24
monster,24
5mg,24
goodwin,24
ellipsis,24
hearth,24
tending,24
prepares,24
trilogy,24
lent,24
graze,24
roland,24
enlarge,24
time-dependent,24
attacker,24
½,24
distributors,24
refrigerant,24
wolds,24
quartz,24
holism,24
thee,24
long-lasting,24
taller,24
1.9,24
corals,24
copas,24
broody,24
prentice,24
implementations,24
coincidence,24
hitlerjunge,24
abovementioned,24
corrupted,24
oh-,24
macondo,24
chin,24
fur,24
bates,24
partitioning,24
bureau,24
fairer,24
4a,24
trapping,24
movie,24
corpse,24
cosa,24
observance,24
evoked,24
servile,24
diverge,24
infancy,24
ukhl,24
guevara,24
mansfield,24
dtt,24
restructure,24
asses,24
wallaroo,24
bipolar,24
cassell,24
7.2,24
identifications,24
co-operate,24
obler,24
figurative,24
insecticides,24
lenis,24
unhappiness,24
pathogenic,24
compromising,24
illusions,24
lap,24
milner,24
linearity,24
hammer,24
founders,24
battlefield,24
electrolytes,24
levitt,24
awake,24
italics,24
secretly,24
perpetuating,24
5.7,24
crust,24
disciplined,24
0.7,24
cowlishaw,24
neurotransmitter,24
mccormack,24
crick,24
proofs,24
kinematic,24
0.1ml,24
beats,24
t-1,24
unresolved,24
rents,24
randomness,24
multicollinearity,24
townsend,24
exaggeration,24
mediate,24
insulated,24
hick,24
802.11a,24
dublin,24
ho,24
flagship,24
well-defined,24
documentary,24
ballot,24
martensite,24
harvested,24
broadcasting,24
verlorene,24
dat,24
modernization,24
gulhati,24
colonisers,24
quantifier,24
dancy,24
theorems,24
prism,24
undertook,24
ezetimibe,24
matrimonial,24
facs,24
persians,24
burkert,24
appropriateness,24
cared,24
cheney,24
legitimising,24
age-related,24
energetic,24
ramifications,24
genotype,24
heater,24
arc,24
p.31,24
constellation,24
cmc,24
seasonality,24
archives,24
autistic,24
aylward,24
complemented,24
washoe,24
grateful,24
apoptosis,24
rogoff,24
embraces,24
lemma,24
gb,24
mike,24
qo,24
violating,24
deborah,24
tablet,24
yogurt,24
cleanliness,24
bruising,24
boyfriend,24
maternity,24
non-science,24
queues,24
4-6,24
godfrey,24
fam,24
unrisd,24
durham,24
glf,24
brakes,24
nallari,24
knox,24
clinics,24
bentham,24
gramsci,24
characterization,24
keats,24
carp,24
minima,24
exporters,24
howe,24
penicillin,24
heteroscedasticity,24
stir,24
rio,24
ovalbumin,24
doctrinal,24
butchery,24
psychotic,24
tds,24
lecturer,24
plank,24
additive,24
disliked,24
desirability,24
p.40,24
inductance,24
vine,24
osmotic,24
3.7,24
fencing,24
reliably,24
faecalis,24
bcd,24
squirrel,24
tory,24
screened,24
rectangle,24
mcgregor,24
dictating,24
wings,24
beneficence,24
aptitude,24
persuading,24
heterosexuality,24
fuse,24
carboxylase,24
moulding,24
delivers,24
importation,24
capsule,24
pre-capitalist,24
semaphores,24
hades,24
concerted,24
amide,24
syllabus,24
p.54,24
penetrating,24
appalling,24
usher,24
feb,24
paracetamol,24
lamps,24
villaverde,24
deceive,24
clack,24
p.58,24
asher,24
accentuated,24
circuitry,24
pitfalls,23
retributivist,23
orlando,23
extracellular,23
0.9,23
ethyl,23
hydrolysed,23
irving,23
glycolysis,23
reflux,23
n1,23
constancy,23
nicely,23
barium,23
inflict,23
crowded,23
7.4,23
opus,23
diverging,23
robustness,23
heredity,23
hardt,23
grubb,23
investigator,23
linux,23
manipulates,23
stabilize,23
chandler,23
explorers,23
deleterious,23
analog,23
prescriptive,23
une,23
defensible,23
duplicate,23
shoot,23
muhammad,23
synapses,23
statue,23
0.6,23
textbooks,23
contours,23
uncontrolled,23
assigns,23
congo,23
impressed,23
experimenting,23
whitaker,23
backdrop,23
swollen,23
rivkin,23
sonority,23
invent,23
ebbinghaus,23
emails,23
clones,23
immanuel,23
weakest,23
unsupervised,23
oc-curve,23
harassment,23
mistletoe,23
pioneer,23
epiphytes,23
hegemon,23
dissipated,23
howell,23
histological,23
gloves,23
non-executives,23
pectin,23
thrombosis,23
marginalisation,23
lessen,23
raped,23
chan,23
logged,23
outlier,23
associating,23
cicero,23
bowling,23
equiano,23
shade,23
s3,23
co2,23
free-range,23
meantime,23
p.87,23
certified,23
projecting,23
unnoticed,23
pushes,23
arouse,23
behaviourism,23
prescribe,23
macroeconomics,23
referential,23
laminate,23
booksellers,23
visualised,23
sauces,23
joins,23
needless,23
fleming,23
pasteurised,23
p.62,23
tribal,23
substitutions,23
messer,23
citation,23
ineffectiveness,23
purchasers,23
aspasia,23
provocation,23
ascendancy,23
mixes,23
replacements,23
grat,23
sussex,23
carcasses,23
metaphorically,23
reiterates,23
prague,23
motivator,23
verifiable,23
volkswagen,23
veto,23
schiff,23
erp,23
predecessor,23
collusion,23
humble,23
endospore,23
kenyan,23
finn,23
γ-rays,23
hosting,23
clover,23
0.03,23
monstrous,23
griffiths,23
theodicy,23
envy,23
ethically,23
bike,23
musculoskeletal,23
bruce,23
sued,23
perishable,23
mobbs,23
eudaimonia,23
hewitt-taylor,23
cleavages,23
pinpoint,23
rhodopsin,23
angeles,23
bearer,23
celia,23
waist,23
bronchial,23
dorset,23
80s,23
tilt,23
empiricist,23
compliment,23
forsyth,23
chilterns,23
pigment,23
redness,23
remuneration,23
strained,23
laugh,23
transcends,23
carabid,23
maidenhead,23
mathematician,23
scrap,23
puritanism,23
inputting,23
spreads,23
resembled,23
disappearance,23
petrucci,23
kcl,23
trp,23
wetter,23
disproved,23
rehearsal,23
inverting,23
streamlined,23
semester,23
self-control,23
evangelical,23
brownsword,23
mythological,23
expelled,23
dangerously,23
motile,23
nipple,23
occluded,23
revisited,23
fig.1,23
hierarchal,23
modernising,23
theatres,23
incurring,23
harbour,23
individualised,23
zhang,23
selectivity,23
goldsmith,23
nomenclature,23
tens,23
organically,23
mckendrick,23
madidus,23
leng,23
quantification,23
mines,23
particularism,23
merchandise,23
andersen,23
colic,23
xiii,23
ornamental,23
mapped,23
rationalist,23
evaluators,23
led2,23
cannon,23
venous,23
frightening,23
donations,23
plug,23
staunch,23
sutton,23
non-executive,23
sceptic,23
amidst,23
alving,23
ensuing,23
terminated,23
distrust,23
autocracy,23
echoing,23
2005b,23
asp,23
toll,23
affiliates,23
buds,23
posits,23
forage,23
grasping,23
simile,23
pluto,23
denounced,23
guards,23
daniele,23
frontiers,23
nss,23
coke,23
coca,23
dome,23
imitated,23
milestone,23
faction,23
upsetting,23
repurchases,23
co-operative,23
utccr,23
omniscient,23
cvs,23
obsessed,23
aphasic,23
hillis,23
spatially,23
skew,23
cola,23
t2,23
hetairai,23
shanghai,23
precursors,23
slot,23
dishonest,23
newell,23
junk,23
right-handers,23
diplock,23
contracture,23
peninsula,23
hectares,23
unfairness,23
p.75,23
ulcer,23
parody,23
mourning,23
4.8,23
balmer,23
dick,23
ascorbic,23
manipulations,23
pence,23
2.9,23
promiscuous,23
multi-layered,23
crystallography,23
segregated,23
fills,23
automation,23
cite,23
proportionally,23
dynamism,23
heal,23
ate,23
scripts,23
artemis,23
recalls,23
juxtaposed,23
p.76,23
ehre,23
seekers,23
killer,23
autism,23
longstanding,23
cleaner,23
niven,23
rectified,23
obligatory,23
patchy,23
weathering,23
paley,23
lortz,23
premiums,23
ifrs,23
cosmology,23
p.115,23
lea,23
jellicle,23
mains,23
quotations,23
inaccessible,23
hillman,23
counters,23
manly,23
domestically,23
scarcely,23
tempted,23
curtain,23
withdrawing,23
p.42,23
equivalents,23
lam,23
secluded,23
landing,23
claudius,23
broadberry,23
sterling,23
riches,23
bk,23
blueprint,23
"1,000",23
pmc,23
prolong,23
ménalque,23
discourages,23
cocoa,23
converging,23
vines,23
gaseous,23
a-levels,23
niswander,23
oscillating,23
unnecessarily,23
cosmic,23
activist,23
heathland,23
bankrupt,23
sown,23
surveying,23
dominion,23
quant,23
imperatives,23
branching,23
facie,23
ucles,23
transmitting,23
earners,23
idt,23
dendrochronology,23
disgust,23
floods,23
ovary,23
rested,23
p.48,23
crank,23
awkward,23
icon,23
regan,23
doublet,23
panasonic,23
condemnation,23
composting,23
hodgson,23
maastricht,23
extra-europeans,23
lce,23
cultivars,23
rearrange,23
kathmandu,23
iec,23
troubles,23
altman,22
obscured,22
first-person,22
subtracted,22
sweating,22
epzs,22
capitis,22
lesbians,22
congruent,22
cynthia,22
relativistic,22
inns,22
intercultural,22
rosa,22
generalization,22
psychiatry,22
stained,22
speciation,22
manfred,22
decoration,22
necrosis,22
accomplishments,22
lethargy,22
jvc,22
stereotyped,22
gbp,22
fallible,22
2.2.1,22
queuing,22
mérimée,22
impotence,22
edible,22
wiltshire,22
misunderstandings,22
disapproval,22
chesney-lind,22
cockney,22
fair-trade,22
recessive,22
antler,22
tortured,22
electronically,22
coyle,22
iran,22
impress,22
comm,22
refining,22
agile,22
carcass,22
parked,22
attainable,22
poseidon,22
compose,22
recorder,22
androcentric,22
p.88,22
pdf,22
analgesia,22
propagate,22
visa,22
spans,22
hinted,22
exclusivity,22
clotting,22
conclusively,22
1/2,22
p.29,22
tuc,22
gatekeeper,22
logs,22
respectability,22
p1.0,22
slides,22
hardback,22
andré,22
tracts,22
goldstone,22
translating,22
stilk,22
helicobacter,22
spartum,22
wrongs,22
hamming,22
loaf,22
asteroids,22
animacy,22
gitlin,22
polysemy,22
reactor,22
groundwater,22
smokers,22
6.3,22
blackwood,22
transactional,22
fisheries,22
pennington,22
macfarlane,22
alleviating,22
claimants,22
untreated,22
oscar,22
robbins,22
foley,22
disillusionment,22
erected,22
bauman,22
unquestionably,22
teu,22
flowed,22
strife,22
suite,22
space-time,22
tons,22
hedgerows,22
feast,22
qua,22
teenager,22
heroines,22
pancreatic,22
pre-trial,22
happily,22
aortic,22
customized,22
mediation,22
nervosa,22
photopeaks,22
wellington,22
memorandum,22
enrolment,22
robb,22
unwell,22
physiotherapists,22
jenkins,22
covalent,22
lip,22
fricative,22
macintyre,22
personified,22
hendry,22
middlesex,22
mpn,22
tc,22
stukeley,22
sadly,22
batches,22
novelists,22
20mg,22
lubricated,22
underestimate,22
fredrickson,22
transmembrane,22
relatedness,22
ralph,22
bolster,22
tractor,22
diverted,22
mackinnon,22
cryptic,22
harness,22
rh,22
patch,22
pioneering,22
ripe,22
lear,22
devastation,22
constituency,22
encapsulates,22
purdy,22
oversee,22
alveoli,22
dy,22
makeup,22
medicines,22
ricardo,22
hla,22
mud,22
objectivist,22
shy,22
café,22
tandem,22
toy,22
refutes,22
axillary,22
teaches,22
paradise,22
draba,22
donoghue,22
dti,22
endured,22
czechoslovak,22
augustan,22
drafting,22
formalised,22
chartered,22
ingrained,22
honourable,22
expedition,22
cohabitants,22
putin,22
mismatch,22
widow,22
wavefunction,22
admired,22
desktop,22
portable,22
intentionality,22
stagnant,22
no-one,22
creatinine,22
4mm,22
cronin,22
resignation,22
indulgences,22
expansive,22
unexplained,22
reformist,22
cries,22
mosaic,22
oocyte,22
operant,22
hb,22
reckless,22
paternal,22
molarity,22
saddles,22
unfounded,22
endowed,22
unconventional,22
prophylaxis,22
gardens,22
terrifying,22
fictitious,22
accredited,22
non-native,22
curry,22
lender,22
unauthorised,22
beaten,22
kuhle,22
meats,22
soap,22
non-human,22
blogging,22
deciduous,22
violates,22
mlu,22
high-level,22
tasting,22
unprofitable,22
displace,22
dickensian,22
shouting,22
hecabe,22
paraskevas,22
amalgamation,22
yours,22
homogenized,22
depart,22
p.121,22
exchanging,22
spotted,22
exile,22
samian,22
complied,22
non-union,22
powerlessness,22
bi,22
hypocrisy,22
ict,22
attorney,22
benevolent,22
superseded,22
jasper,22
p.97,22
c++,22
liquidation,22
miners,22
leucine,22
prayers,22
distorting,22
ieee,22
centralisation,22
penetrated,22
boelen,22
sinusoidal,22
advises,22
ppf,22
distanced,22
indeterminate,22
expiratory,22
separable,22
thrombolysis,22
gaskill,22
leslie,22
c2,22
marc,22
jar,22
arrow,22
fittest,22
illuminated,22
oratory,22
somerset,22
zygote,22
mysteries,22
nick,22
cleft,22
cinematic,22
maillard,22
forgiveness,22
p.32,22
dyer,22
pos,22
evaluative,22
horrors,22
insightful,22
immunodeficiency,22
caves,22
uplands,22
l.1,22
tyrannical,22
oaverage,22
nostalgia,22
edmund,22
willis,22
p.46,22
immunoglobulin,22
formidable,22
successors,22
fares,22
disappointment,22
spiking,22
naval,22
purposeful,22
feudal,22
maximisation,22
ambit,22
wiseman,22
simplification,22
handedness,22
heap,22
ken,22
lone,22
capitalistic,22
d1,22
piggott,22
caplan,22
devolution,22
deconstruction,22
illogical,22
minotaur,22
suspicions,22
bio-diesel,22
retardation,22
semiconductors,22
groove,22
privatization,22
apathetic,22
physicist,22
p.68,22
featherstone,22
folate,22
-10,22
carcinomas,22
dem,22
alkyl,22
marxian,22
pgd,22
benson,22
therein,22
muir,22
tagged,22
warrants,22
a+e,22
schmitt,22
confidently,22
selects,22
confinement,22
stochastic,22
jumps,22
plasmids,22
excursions,22
tbx5,22
hides,22
unfit,22
speciality,22
hex,22
cycling,22
fascinated,22
lymphocytes,22
swiss,22
maddison,22
suffragettes,22
educators,22
dwellings,22
rigidly,22
coliforms,22
halves,22
plentiful,22
playwright,22
herds,22
denser,22
hogan,22
mcgrath,22
10mm,22
outgoing,22
slit,22
inserting,22
wampe,22
malleable,22
truthful,22
wired,22
daylight,22
delete,22
fgf,22
erm,22
fermi,21
humiliation,21
disguised,21
ruthless,21
understandably,21
barbaric,21
commonwealth,21
unproductive,21
coward,21
silenced,21
berry,21
baptism,21
steward,21
criticising,21
icss,21
hist,21
pervades,21
humorous,21
seet,21
sing,21
delicious,21
república,21
nesting,21
"3,000",21
16psk,21
correctness,21
fragmentary,21
vires,21
wc,21
negri,21
aural,21
pillars,21
rigour,21
inwards,21
cannibalism,21
indubitable,21
9th,21
canon,21
acquaintance,21
pockets,21
tinea,21
petition,21
incisors,21
sutures,21
nmc,21
ukpa,21
halls,21
impacting,21
humane,21
toussaint,21
culminating,21
als,21
temp,21
antithetical,21
dismissing,21
dahlin,21
break-even,21
cation,21
millennia,21
cartledge,21
ecr,21
interactivity,21
summarising,21
exits,21
replicates,21
fighters,21
tuned,21
increment,21
balad,21
trader,21
peanut,21
isolde,21
unnamed,21
metamorphoses,21
cunning,21
p.60,21
extracting,21
inscription,21
aquaponics,21
30b,21
x2,21
relocation,21
dp,21
cnr,21
unanimous,21
reared,21
haem,21
versatile,21
refill,21
backlash,21
zeal,21
attendant,21
resorts,21
mmx,21
fertilization,21
laissez-faire,21
attribution,21
hedgehog,21
untouched,21
500mg,21
impair,21
shepherd,21
dir,21
0.1m,21
dictator,21
volts,21
unicef,21
damping,21
bizarre,21
deflator,21
barro,21
permutations,21
defiance,21
cerny,21
stateless,21
neill,21
inflated,21
cracking,21
giver,21
hoards,21
feline,21
crystallisation,21
swallow,21
notorious,21
globular,21
carlo,21
drilled,21
aphid,21
unperceived,21
proclamation,21
outlay,21
kc,21
astaire,21
fairy,21
pk,21
toxins,21
hoover,21
zed,21
legitimately,21
discredited,21
interacted,21
dynamometer,21
bogs,21
70s,21
deserved,21
sympathise,21
mercatoria,21
weiner,21
nato,21
fricatives,21
irreconcilable,21
occupants,21
kenwood,21
diomedes,21
sine,21
simulating,21
swinnen,21
coleman,21
personalized,21
autonomously,21
intra,21
surgeons,21
realizing,21
scorer,21
incompetent,21
blaming,21
jacobs,21
temper,21
louvered,21
doubles,21
spear,21
reuse,21
leckford,21
handover,21
photos,21
dysphagia,21
expansionary,21
scrutinised,21
structuration,21
mighty,21
methylation-sensitive,21
sydney,21
indoors,21
booker,21
leak,21
contagion,21
psychometric,21
martini,21
rwanda,21
aggregates,21
mello,21
re-entry,21
magnificent,21
cruickshank,21
sic,21
aviation,21
masks,21
translator,21
intergovernmentalism,21
crassicaudatus,21
4.7,21
erα,21
anecdotal,21
triggering,21
perspex,21
randall,21
colloquial,21
piłsudski,21
inadvertently,21
appellants,21
u*,21
unsurprisingly,21
commonality,21
antidumping,21
hampsher-monk,21
hunter-gatherer,21
unpredictability,21
gough,21
attrition,21
alkali,21
vienna,21
merkel,21
barber,21
pedigree,21
rfid,21
albumin,21
tedious,21
intolerance,21
deflections,21
embolus,21
eiro,21
reconciled,21
suck,21
reus,21
sunk,21
villain,21
parallax,21
pasteurisation,21
browsing,21
superiors,21
deductions,21
tubular,21
phonology,21
communicates,21
know-how,21
upgrading,21
eighty,21
him/her,21
deceitful,21
nsc,21
organises,21
nonhuman,21
systolic,21
ferricyanide,21
bourbon,21
scenic,21
mcgunnigle,21
pathogenesis,21
gillespie,21
intending,21
retscreen,21
hardest,21
4-,21
spiders,21
depoy,21
memetic,21
compaction,21
viscometer,21
intra-regional,21
hanger,21
dealers,21
atpase,21
tannen,21
bookseller,21
phronesis,21
multifaceted,21
residences,21
prevails,21
shark,21
ideologically,21
rectum,21
ambush,21
unthinkable,21
antigens,21
lutz,21
protesters,21
barnes,21
imbued,21
shining,21
institutionalist,21
horizontally,21
wounded,21
proletarian,21
infidelity,21
heydrich,21
microtubules,21
synopsis,21
dean,21
beating,21
pillar,21
triplet,21
sermons,21
malthusian,21
kwh,21
rush,21
libre,21
heparin,21
chores,21
presumptions,21
xii,21
solute,21
bowl,21
hochschild,21
kilometres,21
kno,21
incontinence,21
seas,21
immortality,21
degrading,21
myoglobin,21
archive,21
textile,21
homicide,21
bookshops,21
bluetooth,21
impropriety,21
ashgate,21
gaskell,21
scenery,21
raid,21
entitlement,21
blade,21
consolidating,21
sealing,21
pcs,21
occlusion,21
forelimb,21
horace,21
inscribed,21
eumenides,21
hesitate,21
certification,21
pancreas,21
lending,21
0.0,21
cole,21
frogs,21
y-intercept,21
iago,21
launches,21
insiders,21
plastics,21
imprecise,21
disregards,21
tenuous,21
patience,21
meadows,21
ontologies,21
browne-wilkinson,21
deadly,21
complicates,21
p1.1,21
std,21
chat,21
transplants,21
clytemnestra,21
martyr,21
collapses,21
sanders,21
tqm,21
beresford,21
modeling,21
timer,21
suturing,21
healers,21
starter,21
divisive,21
marrying,21
stereochemistry,21
worms,21
vta,21
bertolt,21
sieve,21
pedal,21
medically,21
melissa,21
one-off,21
papyrus,21
unchallenged,21
dynamically,21
sme,21
snowball,21
slattery,21
sands,21
genealogy,21
non-food,21
mina,21
ruth,21
rebuild,21
contaminate,21
dissenting,21
singer,21
mucous,21
p.91,21
incidences,21
tiles,21
subspecies,21
clerical,21
cenp-c,21
gorilla,21
senator,21
manning,21
free-living,21
repress,21
handy,21
zimbabwe,21
dudley,21
hippocratics,21
beverley,21
condenser,21
communitarian,21
seclusion,21
gps,21
lucky,21
burned,21
boring,21
louise,21
falsification,21
anglo-saxon,21
canonical,21
irregularities,21
sheds,21
vuck,21
méditerranée,21
cannabis,21
pvsyst,21
tu,21
seam,21
pros,21
entrances,21
deteriorating,21
macrophage,21
regularities,21
kramer,21
elton,21
mobilization,21
world-wide,21
agora,21
pettitt,21
summaries,21
maxilla,21
maximises,21
medications,21
appliances,21
panics,21
admirable,21
periodically,21
bio,20
clientele,20
baths,20
scull,20
blend,20
losers,20
sway,20
diving,20
chiefs,20
insane,20
seydoux,20
swage,20
hardimon,20
forgive,20
hanson,20
rearrangement,20
manuals,20
encyclopedia,20
hogg,20
wiki,20
non-polar,20
cleverly,20
twofold,20
dispositions,20
arid,20
distributive,20
amine,20
stalled,20
bayly,20
lessened,20
groundnut,20
nicaragua,20
daytime,20
perennial,20
pasko,20
shipwrecks,20
walwyn,20
repulsion,20
psycho-social,20
dots,20
halsall,20
lola,20
neo-liberalism,20
checklist,20
victimisation,20
insure,20
patency,20
cried,20
highlands,20
sociable,20
tasted,20
falsity,20
explorer,20
tripp,20
p.90,20
brink,20
wrongful,20
condemns,20
donovan,20
high-quality,20
heliocentric,20
woodside,20
paranoid,20
footnotes,20
flouting,20
pro-active,20
subsection,20
orbitals,20
casualties,20
blowing,20
sanitation,20
ǻ,20
connective,20
baxi,20
iodide,20
bernoulli,20
alms-takers,20
rapoport,20
beaker,20
circulated,20
waltz,20
wield,20
seyfarth,20
tainted,20
furthest,20
kbr,20
endocytosis,20
self-employed,20
mercenaries,20
p.38,20
post-structuralist,20
cursor,20
rebellious,20
germanium,20
noises,20
contaminants,20
ftp,20
detectors,20
distressing,20
ohm,20
inflationary,20
incidentally,20
supporter,20
breakthroughs,20
tilted,20
pumping,20
post-depositional,20
herald,20
accorded,20
untrue,20
biocontrol,20
reassessment,20
disconfirmation,20
10-12,20
anime,20
guthrie,20
disproportionately,20
sewell,20
bats,20
charitable,20
reiterate,20
accessory,20
bunsen,20
"garch(1,1",20
impart,20
fare,20
pork,20
teleological,20
allan,20
hooghe,20
empowers,20
finland,20
nokia,20
intimidating,20
gaul,20
resumed,20
licensed,20
extroversion,20
p.101,20
undisturbed,20
0.75,20
incipient,20
rsi,20
procureur,20
3.1.1,20
anna,20
kiss,20
chi,20
9.3,20
meiosis,20
baxter,20
garman,20
arginine,20
equalisation,20
shen,20
molluscan,20
brücke,20
colleague,20
pragmatism,20
transposon,20
homonymy,20
p.64,20
schmidt,20
eec,20
sticking,20
eminent,20
gym,20
reactants,20
interwoven,20
benchmarking,20
nobel,20
millau,20
purports,20
xiaoping,20
wondering,20
peruvian,20
maff,20
lenient,20
barber/bowsher,20
blatant,20
connectionism,20
swearing,20
3+,20
fascism,20
boredom,20
liberate,20
daniels,20
defeating,20
deceptive,20
cups,20
richmond,20
legco,20
flip-flops,20
politicised,20
reg,20
storms,20
advising,20
mesolithic-neolithic,20
jacket,20
commanding,20
gq-6,20
wednesday,20
prakash,20
concession,20
discontinuous,20
liking,20
uttered,20
ewca,20
breathe,20
blurring,20
powermop,20
systech,20
plated,20
analytically,20
self-respect,20
nigeria,20
iucn,20
iconic,20
droplet,20
metastases,20
lazy,20
darwinian,20
client-centred,20
elson,20
coating,20
rails,20
tac,20
qa,20
vaguely,20
spectrometry,20
willens,20
cools,20
ups,20
deafness,20
centricity,20
screws,20
piskeal,20
porters,20
humanistic,20
textiles,20
fashioned,20
immorality,20
intergroup,20
persephone,20
wolves,20
keynesians,20
painters,20
timings,20
mandibular,20
hitherto,20
zygotic,20
momentary,20
relaxing,20
alternately,20
spontaneity,20
dowding,20
parlour,20
f1,20
anhydrous,20
republicanism,20
taiwanese,20
0.001,20
noli-tangere,20
corp,20
spo2,20
homozygous,20
diversifying,20
peso,20
ergonomic,20
hoplites,20
aldershot,20
sds,20
hydropower,20
gentry,20
hydroponics,20
partition,20
arx,20
lagged,20
transitory,20
qualitatively,20
trophy,20
fidelity,20
eurepgap,20
falsely,20
affirmation,20
falcon,20
bog,20
leached,20
pill,20
ruin,20
bleed,20
vera,20
dehydrated,20
prolific,20
imagist,20
signalled,20
dibb,20
→,20
keiller,20
reputable,20
console,20
axons,20
implausible,20
40mg,20
larynx,20
mesenchyme,20
flew,20
b3,20
insanity,20
histograms,20
ubiquinol,20
repayment,20
babbling,20
state-centric,20
funny,20
incumbent,20
rodents,20
housekeeping,20
detergents,20
averaging,20
cultivating,20
harmonics,20
two-dimensional,20
biochemistry,20
meek,20
highland,20
sewage,20
paints,20
behaviourist,20
yards,20
cpu,20
predicates,20
m25,20
versailles,20
habitus,20
forge,20
revise,20
numbered,20
perineal,20
mcdonalds,20
sows,20
å,20
interrupts,20
pharynx,20
expounded,20
homomorphism,20
shaded,20
unattainable,20
lime,20
retrospect,20
clamp,20
intertextuality,20
long-distance,20
garrett,20
exemption,20
propagated,20
danby,20
cake,20
moorland,20
intracranial,20
breakage,20
schroeder,20
2:1,20
hydraulic,20
hubris,20
pas,20
dflipflop,20
obscurity,20
magician,20
titrations,20
stressor,20
sub-saharan,20
berries,20
sophistication,20
vats,20
pusey,20
newman,20
misconception,20
displacements,20
swarm,20
mas,20
shallower,20
orally,20
valuing,20
nero,20
belize,20
sec,20
commence,20
chefs,20
praising,20
woodlands,20
vroom,20
accommodated,20
exams,20
materialist,20
tyres,20
shirt,20
catalogues,20
line-up,20
redevelopment,20
scandinavia,20
harming,20
dozen,20
p.98,20
subjection,20
mfb,20
fromkin,20
simplifying,20
tortuous,20
gerald,20
accomplice,20
bara,20
cl,20
boyer,20
doped,20
cocos,20
hysterical,20
freer,20
stupid,20
unattractive,20
coa,20
dde,20
tr,20
apuleius,20
pinion,20
apical,20
halting,20
tone-unit,20
authorship,20
delirium,20
josé,20
plagued,20
fitzgerald,20
anon,20
gays,20
threw,20
scylla,20
wirtz,20
qantas,20
luxurious,20
pinnacle,20
criminality,20
jail,20
2/3,20
awful,20
prehistory,20
centro,20
purchaser,20
referencing,20
informally,20
fosters,20
revolutionised,20
topological,20
cement,20
cl-,20
channelled,20
cultured,20
anthropocentric,20
vocation,20
digest,20
theism,20
m(α,20
dilated,20
oasis,20
wiped,19
aerospace,19
renew,19
lease,19
jefferson,19
$1,19
pollutants,19
falsified,19
ss,19
illiterate,19
p.84,19
naevi,19
depreciate,19
rabbits,19
causally,19
compensatory,19
cerebrum,19
appoint,19
skinner,19
web-based,19
subconscious,19
deploy,19
locomotion,19
choi,19
detained,19
platforms,19
excesses,19
trafficking,19
prematurely,19
fgf-8,19
dances,19
revolved,19
sweat,19
throwing,19
mis,19
overshoot,19
dentition,19
statuses,19
onion,19
acetone,19
stein,19
legumes,19
karyotype,19
logistical,19
awe,19
minimises,19
heka,19
interstitial,19
escherichia,19
katz,19
pers,19
ce,19
inefficiencies,19
p.43,19
s®,19
collated,19
re-examination,19
esr,19
high-tech,19
collide,19
"1,2",19
underachievement,19
phototransduction,19
pvm,19
smallpox,19
tuning,19
trusting,19
pratt,19
starving,19
steer,19
kcal,19
bland,19
secretions,19
s2,19
formalist,19
seymour,19
cj,19
vocalisations,19
geological,19
costume,19
cosmetic,19
lucid,19
monoglycerides,19
denoting,19
videos,19
bechada,19
sense-data,19
refuting,19
repeatable,19
tiptree,19
yen,19
migrating,19
cmucam,19
gbs,19
defender,19
fluidic,19
slips,19
co-exist,19
egoism,19
monopolistic,19
tsarist,19
proficient,19
resists,19
staged,19
juliet,19
colonoscopy,19
ratified,19
2-4,19
lacan,19
bundelnss,19
pessimism,19
impotent,19
hears,19
westernised,19
numerically,19
carlos,19
boss,19
accumulating,19
mankiw,19
benjamin,19
houghton,19
earthquakes,19
tritetel,19
framing,19
inflow,19
frederick,19
chasteen,19
intrusive,19
intensifying,19
x1,19
salmonella,19
doyle,19
juris,19
gestation,19
lures,19
tapscott,19
stigmatised,19
portal,19
bins,19
opinio,19
touches,19
hedging,19
gbh,19
succinic,19
rotator,19
infect,19
creations,19
unfeasible,19
6.5,19
concedes,19
cain,19
finkelstein,19
fulfillment,19
eine,19
dogmatic,19
inclusions,19
aquaculture,19
representational,19
trueba,19
porosity,19
p.35,19
syria,19
platt,19
arboreal,19
inhaled,19
widows,19
mimetic,19
p.73,19
histidine,19
ineffectual,19
mobilised,19
co-existence,19
blur,19
isolating,19
intensify,19
caries,19
suyuan,19
obstruents,19
self-help,19
v0,19
advisors,19
sanctuary,19
updating,19
knm-er,19
surpluses,19
moods,19
bertram,19
reassured,19
essentials,19
hardenability,19
aston,19
breached,19
amores,19
decoded,19
milroy,19
addressees,19
nixon,19
hamstrings,19
saunders,19
generative,19
austenite,19
resilient,19
artwork,19
p.33,19
outperform,19
sac,19
apprehension,19
uncovering,19
prohibits,19
insisting,19
bidding,19
deform,19
29th,19
peacock,19
deference,19
grim,19
immaterial,19
fagin,19
usd,19
cracks,19
guild,19
lactoperoxidase,19
mercer,19
brothel,19
greenwich,19
mosquitoes,19
negates,19
tolerable,19
leaked,19
wardhaugh,19
reconciling,19
mastitis,19
superoxide,19
atrophy,19
soaked,19
learndirect,19
baring-gould,19
undifferentiated,19
participative,19
vaccination,19
sitkoff,19
montezuma,19
pyramid,19
evoking,19
confucian,19
tributary,19
mouthfeel,19
plausibility,19
indies,19
buendia,19
rhythmic,19
p=0.05,19
lined,19
hypertext,19
actin,19
flange,19
soxhlet,19
ectodermal,19
human-wildlife,19
connectors,19
laclos,19
athlete,19
tabloid,19
derrida,19
precondition,19
p.74,19
richter,19
conducts,19
manoeuvre,19
deems,19
constraining,19
brainstorming,19
depressing,19
nails,19
throws,19
bangladesh,19
permeated,19
orthopaedic,19
characteristically,19
regained,19
s/he,19
capillaries,19
molluscs,19
hebdige,19
post-conflict,19
seated,19
exhausting,19
mitigating,19
oversight,19
flee,19
sink,19
affirm,19
guesses,19
wording,19
jumping,19
reflexes,19
wicki,19
virulent,19
logarithm,19
diaries,19
secrete,19
p.41,19
nash,19
magnitudes,19
humanoid,19
boutique,19
strasbourg,19
travelers,19
clarifies,19
aeration,19
lancashire,19
argumentation,19
phenotypic,19
mcgraw-hill,19
wild-type,19
addressor,19
ipcc,19
resigned,19
18th,19
consumptive,19
swain,19
commentator,19
upcoming,19
borderline,19
converged,19
shedding,19
myotragus,19
divisible,19
contrastingly,19
knapp,19
beckert,19
subscales,19
multiples,19
p.127,19
mcdonagh,19
predicated,19
lumped,19
juvenile,19
monasteries,19
short-lived,19
eur,19
communion,19
coda,19
9.2,19
watchers,19
notebooks,19
strindberg,19
daly,19
emotion-focused,19
peters,19
supernatant,19
newborn,19
embedding,19
accomplishment,19
squeezed,19
subscribe,19
desiring,19
archetypal,19
flattened,19
offshore,19
cps,19
0-9,19
microbiology,19
ttr,19
exacerbations,19
scarre,19
chocolates,19
jamaica,19
shrews,19
3/2,19
benzene,19
nitrocellulose,19
joey,19
aphasics,19
hesitant,19
rgb,19
machining,19
apollodorus,19
zvelebil,19
multi-faceted,19
suspend,19
rieske,19
penal,19
featuring,19
7.3,19
artisan,19
violently,19
narrators,19
finishes,19
halfway,19
ever-changing,19
rue,19
cost-benefit,19
paddle,19
prophylactic,19
meta-analysis,19
in-line,19
prominently,19
kj,19
irri,19
1cm,19
trustworthiness,19
inoculated,19
cricket,19
unfairly,19
menstrual,19
carol,19
moduli,19
incompetence,19
creek,19
vita,19
phenotypes,19
nightwork,19
polluted,19
nicholls,19
politic,19
brevity,19
originality,19
cremation,19
sincerely,19
fev1,19
unpopularity,19
life-cycle,19
analogies,19
headings,19
biting,19
figes,19
h2,19
prejudiced,19
juxtaposition,19
neuropathy,19
insults,19
rojek,19
presumes,19
imagines,19
paterson,19
derogatory,19
hawkins,19
warfarin,19
approximations,19
transect,19
croatia,19
doubting,19
betrayal,19
transporting,19
um,19
reichenbach,19
receipts,19
hetty,19
self-care,19
juridical,19
summing,19
azathioprine,19
deontic,19
greeted,19
reductionist,19
50hz,19
debilitating,19
nation-states,19
whichever,19
invisibility,19
chimps,19
disulphide,19
on-going,19
subsidised,19
tangential,19
submerged,19
polymorphic,19
posited,19
ceramics,19
projections,19
lcms,19
phagocytosis,19
appropriated,19
rapes,19
hu,19
ecthr,19
revisionist,19
resorted,19
collaborate,19
mirroring,19
sara,19
homeostasis,19
distorts,18
controllable,18
conjecture,18
normalized,18
monotonic,18
missile,18
rhythms,18
punter,18
austerity,18
richest,18
cheating,18
watkins,18
precedes,18
flap,18
immature,18
unknowns,18
bug,18
arabic,18
kaizen,18
missions,18
grams,18
pickup,18
disjointed,18
apc,18
remnants,18
poisonous,18
nationalists,18
postman,18
betrayed,18
puritan,18
regiocentric,18
bukharin,18
globalized,18
perry,18
cytosol,18
thymine,18
gilman,18
dunne,18
spacecraft,18
sanitary,18
recreate,18
tanzania,18
vial,18
colourful,18
populist,18
geometries,18
magnetising,18
hominin,18
mumford,18
veronika,18
corrosive,18
composing,18
pledged,18
bca,18
vorticity,18
changeable,18
ag,18
oblique,18
accuse,18
stomata,18
anticipating,18
interfered,18
tact,18
worsen,18
articulatory,18
glad,18
28th,18
overbooking,18
slim,18
vl,18
ussr,18
terrace,18
reductive,18
britton,18
numerator,18
alleviated,18
p.180,18
praises,18
leukaemia,18
wards,18
perpetrator,18
coherently,18
xvi,18
specialise,18
tearing,18
mellars,18
falsehood,18
weighting,18
skilful,18
rogue,18
recombinant,18
appraised,18
permanganate,18
littlewood,18
3.8,18
globalizing,18
bragg,18
painless,18
spolsky,18
underlies,18
p.66,18
ridicule,18
200ml,18
newsletter,18
malone,18
implant,18
organomegaly,18
finality,18
wiedemann,18
oscillates,18
p.103,18
remembrance,18
self-determination,18
evaporated,18
ricky,18
harem,18
tyrosine,18
broglie,18
substantiated,18
t-tests,18
dependable,18
brewster,18
infertility,18
aisi,18
postnatal,18
liebestod,18
layered,18
rhymes,18
ferment,18
splitter,18
durability,18
coerced,18
mismanagement,18
hindering,18
abelian,18
phenolphthalein,18
flexibly,18
additives,18
hurdle,18
conc,18
olympian,18
compiling,18
delegates,18
unbearable,18
dubbed,18
polycaprolactone,18
nail,18
institutionalisation,18
costcutter,18
propriety,18
overseeing,18
principled,18
telecommunication,18
righteousness,18
chronologically,18
spada,18
bedside,18
facilitators,18
hayes,18
private-key,18
subversion,18
breasts,18
estimator,18
paracas,18
decrypt,18
mortgages,18
β-galactosidase,18
succinctly,18
coliform,18
faecal,18
offloading,18
snapshot,18
synthesising,18
inactivity,18
elution,18
enforces,18
prophet,18
couplet,18
geopolitical,18
salad,18
loosening,18
shelmerdine,18
p.117,18
aol,18
insomnia,18
boosting,18
trask,18
aggressively,18
foregrounded,18
yard,18
sidney,18
prn,18
monochromatic,18
arch,18
mlp,18
bother,18
regress,18
p.100,18
benchmarks,18
worshipping,18
politburo,18
signaling,18
halved,18
ruins,18
dale,18
pp.163-182,18
riefenstahl,18
generosity,18
heavenly,18
§,18
timeline,18
farther,18
hyperglycaemia,18
newport,18
stubbs,18
recruits,18
biotechnology,18
psi,18
cons,18
heinz,18
opponent,18
prof,18
bombs,18
laughter,18
chp,18
barrow,18
propagates,18
appetites,18
unsatisfied,18
one-to-one,18
infiltration,18
md,18
thessaly,18
siemens,18
hernia,18
strome,18
cassette,18
asymmetries,18
municipal,18
dissolving,18
sap,18
ketchup,18
sixties,18
lapse,18
drilling,18
hunts,18
preconceptions,18
populous,18
inspected,18
cedar,18
dvd,18
p.172,18
conformed,18
subalgebra,18
aloud,18
havisham,18
arabs,18
workable,18
farewell,18
deconstruct,18
tenacissima,18
semi-arid,18
monies,18
par-6,18
contagious,18
placenta,18
exacerbating,18
eats,18
crm,18
turks,18
individuation,18
mounds,18
agnes,18
cheaply,18
aligning,18
embark,18
8-bit,18
cid,18
sem,18
afterward,18
2.2.2,18
mechanistic,18
statues,18
orbiting,18
chlorine,18
vitally,18
bloodstream,18
andy,18
adorno,18
commences,18
shortening,18
skulls,18
p.57,18
splints,18
connector,18
robotics,18
boosted,18
republics,18
19th,18
colorado,18
c0,18
non-international,18
p.82,18
autobiographical,18
fundamentalist,18
easton,18
atkins,18
tcp/ip,18
positing,18
transcended,18
shortlist,18
oats,18
toothed,18
mcmahon,18
critcher,18
nb,18
radiological,18
ain,18
septimus,18
usinier,18
booming,18
one-sided,18
protesting,18
thursday,18
fiercely,18
south-west,18
8.5,18
fancher,18
transistors,18
democratization,18
propositional,18
µm,18
deferred,18
magill,18
infrastructures,18
docile,18
homologues,18
mischief,18
affiliated,18
lagrange,18
broadcast,18
puritans,18
alienate,18
einen,18
darwinism,18
modernise,18
zpa,18
menace,18
rack,18
contemplating,18
non-newtonian,18
self-regulating,18
feldman,18
robbery,18
woven,18
shoots,18
3a,18
city-states,18
resourcing,18
loyalties,18
phospholipids,18
collapsing,18
frenzy,18
exponent,18
cobalt,18
choke,18
paramagnetic,18
unexpectedly,18
buddhism,18
p.89,18
peltenburg,18
unison,18
negated,18
ist,18
eruptions,18
spirited,18
dykes,18
aranaeus,18
twelfth,18
mulvenna,18
tetrahedron,18
hub,18
octonions,18
lookup,18
avl,18
laden,18
motorway,18
adc,18
botting,18
margolis,18
succinate,18
alignments,18
wasteful,18
infertile,18
epo,18
alienating,18
nikarete,18
initialized,18
dislocation,18
tuckman,18
madrid,18
rope,18
grocery,18
suzuki,18
9.1,18
telos,18
agonist,18
emcs,18
nuances,18
discursive,18
postsynaptic,18
monophyletic,18
boime,18
stratum,18
dover,18
reminding,18
lumen,18
horsepower,18
sich,18
rodman,18
infarct,18
15-20,18
encrypt,18
vertex,18
3b,18
grasped,18
scanned,18
qualifiers,18
explode,18
passwords,18
caecina,18
foetuses,18
resented,18
model3,18
flavians,18
weaponry,18
speculations,18
dim,18
enforceable,18
iside,18
nutritious,18
5(2,18
culpable,18
sunkel,18
townshend,18
shi,18
lysozyme,18
assemblies,18
hopeful,18
host-country,18
petit,18
conceptually,18
unmarked,18
mechanically,18
unsettling,18
faulkner,18
shearing,18
bestowed,18
exportation,18
ye,18
demon,18
socialization,18
decayed,18
marieb,18
gamma-ray,18
contraceptive,18
hearths,18
processual,18
appreciating,18
agrochemicals,18
inflows,18
ivan,18
baked,18
labours,18
bloodshed,18
housewives,18
dupuytren,18
sedentary,18
kurtosis,18
trunk,18
high-energy,18
14th,18
generality,18
inventor,18
appleby,18
tactile,18
levied,18
degeneracy,18
kick,18
han,18
eich,18
fantasies,18
clytaemnestra,18
anomie,18
undemocratic,18
plaza,18
impurity,18
subconsciously,18
investigators,18
revert,18
bliss,18
libben,18
a4,18
obedient,18
togaf,18
pugh,18
dealer,18
fgf-4,18
unify,18
rat,18
clustered,18
díaz,18
estha,18
p.27,18
ta,18
crowding-out,18
monde,18
deteriorates,18
tbx4,18
φ,18
swapped,18
plaintext,18
idioms,18
pools,18
obtainable,18
nets,18
fenton,18
transferable,18
gossip,18
overlying,18
flattening,18
adheres,18
excerpt,18
extravagant,18
qam,18
10th,18
geese,18
rutgers,18
preclude,18
high-street,18
quotient,18
erasmus,18
fpoe,18
exemplify,18
p.85,18
south-east,18
propagating,18
adl,18
subjectivism,18
reassuring,18
bored,18
diy,17
5-6,17
groundwork,17
ghaill,17
delaying,17
disunity,17
superpower,17
multi-purpose,17
flr,17
inputted,17
graft,17
dries,17
insurrection,17
decorated,17
voltmeter,17
kohn,17
pioneered,17
emulsifiers,17
alcoholics,17
rebirth,17
liberating,17
totals,17
sclerosis,17
palladium,17
mess,17
wrongdoing,17
julia,17
instructive,17
psychiatrists,17
p.65,17
sailors,17
theirs,17
sintering,17
hyundai,17
welch,17
macbeth,17
cosine,17
nodules,17
orf,17
unobservable,17
uncompromising,17
worrall,17
forex,17
molybdenum,17
tenochtitlan,17
allegory,17
thigh,17
slum,17
cosmetics,17
mark2,17
pilkington,17
pterostichus,17
pka,17
inept,17
beech,17
civ,17
obs,17
intricacies,17
leach,17
bothered,17
ni,17
perros,17
all-encompassing,17
remotely,17
gentlemen,17
belgian,17
lc,17
glossary,17
ldl,17
merritt,17
reptile,17
extraordinarily,17
dent,17
bsa,17
staring,17
vegetarian,17
repaired,17
overprotective,17
arch(1,17
translational,17
urease,17
debit,17
londoners,17
endings,17
bluff,17
materialistic,17
idiom,17
cling,17
interdependency,17
untenable,17
galagoides,17
bombers,17
dowling,17
cassese,17
apartments,17
laval,17
af,17
woe,17
dd-peptidase,17
democrat,17
undertakes,17
satan,17
mediums,17
inches,17
marquise,17
infringements,17
wage-earners,17
animated,17
xxi,17
elevators,17
earthquake,17
hinders,17
traceback,17
tackles,17
baseband,17
antonius,17
t-distribution,17
payable,17
2so,17
greenblatt,17
emporion,17
harnessed,17
gfp,17
characterize,17
cornwall,17
pregnancies,17
byron,17
vervet,17
overuse,17
qds,17
amusement,17
plea,17
transgression,17
kumar,17
infectivity,17
riley,17
ontario,17
greenbury,17
ginger,17
jurists,17
neely,17
browse,17
www,17
graeco-roman,17
stipulated,17
hardened,17
volvo,17
imitating,17
antagonists,17
rodgers,17
transmits,17
replicating,17
ds,17
interpretative,17
stat,17
0.02,17
unscientific,17
pacemaker,17
portfolios,17
homepage,17
ape,17
pam,17
competes,17
flocks,17
energetically,17
postfix,17
fibrillation,17
rosenthal,17
chromate,17
adenosine,17
breakeven,17
loneliness,17
vehemently,17
omitting,17
aggressiveness,17
miscarriages,17
calnan,17
scaffolding,17
biologist,17
db,17
madhouses,17
brute,17
egoistic,17
transposition,17
justly,17
assonance,17
beowulf,17
paternalism,17
arrhythmias,17
preparations,17
subvert,17
heathrow,17
interferes,17
uneasy,17
attentive,17
dispensed,17
awaiting,17
panama,17
temperament,17
p84,17
labview,17
ferric,17
5ml,17
chromium,17
2s,17
tentatively,17
waterstone,17
bailyn,17
pea,17
nourished,17
undertones,17
postmortem,17
instruct,17
pre-modifying,17
annotated,17
mnd,17
e-learning,17
outflow,17
conkin,17
sulphuric,17
yoga,17
ev,17
non-random,17
hp,17
ipe,17
levantine,17
escalated,17
gis,17
thioredoxin,17
schlesinger,17
scoreboards,17
deprive,17
infallible,17
stricta,17
affords,17
ingenious,17
3.1.2,17
lepelletier,17
aql,17
washers,17
sympathies,17
coffin,17
waddell,17
baboons,17
accelerators,17
imidazole,17
historicism,17
reproducibility,17
fdr,17
redesigned,17
constructivism,17
gissing,17
protracted,17
utc,17
predominately,17
stoa,17
presupposes,17
reconstructing,17
collects,17
1s,17
ascertaining,17
streamlining,17
ivory,17
vigil,17
modesty,17
milder,17
georg,17
disclosed,17
acp,17
physicalism,17
abusing,17
male-dominated,17
p.142,17
surfactants,17
pheromone,17
selfless,17
re-writing,17
reproduces,17
pioneers,17
2.1.1,17
colobus,17
itching,17
rounds,17
discarding,17
pylos,17
weaving,17
keating,17
hooper,17
sprung,17
gaap,17
compotech,17
resurrection,17
mastering,17
self-preservation,17
resorting,17
repudiation,17
non-members,17
irs,17
redefining,17
unintelligible,17
mj97,17
discord,17
narmer,17
drv,17
deceit,17
vacant,17
creep,17
hammond,17
bram,17
electrically,17
meticulous,17
judith,17
prosecute,17
p.67,17
lagging,17
sla,17
contrastive,17
swear,17
mellitus,17
cytosine,17
murmur,17
hind,17
ithaca,17
8-9,17
inalcik,17
hailed,17
trainer,17
opting,17
smoker,17
eggshells,17
deviating,17
sub-irrigation,17
thereof,17
emblematic,17
crystallographic,17
actinomycin,17
stabilizing,17
tying,17
album,17
smoothed,17
retribution,17
mall,17
unstressed,17
abbott,17
overturned,17
pray,17
summation,17
pond,17
phonemic,17
adenine,17
protestants,17
razor,17
histoire,17
1.00,17
non-physical,17
offend,17
mins,17
oranges,17
tricky,17
upholds,17
ci,17
18-20,17
correlating,17
barcodes,17
rampant,17
skimmed,17
rib,17
ribs,17
non-zero,17
io,17
brick,17
standardise,17
gaelic,17
barnard,17
elaborating,17
assessor,17
drucker,17
spe,17
ferrocene,17
militancy,17
mastectomy,17
communitarianism,17
cornering,17
mceldowney,17
predisposition,17
philadelphia,17
horns,17
broth,17
atonement,17
inhabiting,17
guy,17
quatrain,17
ewen,17
buzz,17
editors,17
statesman,17
unequally,17
ingested,17
conway,17
furies,17
regenerate,17
dppc,17
eagerness,17
enterobacteriaceae,17
admire,17
product/service,17
attentions,17
chalmers,17
anguish,17
wax,17
experimented,17
celebrations,17
"25,000",17
wavenumber,17
bravery,17
pulls,17
offended,17
speedup,17
intermediates,17
dans,17
renting,17
fraught,17
campaigner,17
hedgerow,17
germinate,17
dread,17
phoebe,17
bromden,17
peel,17
p.92,17
jenny,17
qualifying,17
oxidase,17
p.96,17
hx,17
saul,17
cheshire,17
commencing,17
prologue,17
bedrooms,17
liu,17
pilgrim,17
tomb,17
bypass,17
ritualised,17
manufactures,17
redemption,17
mab1,17
volute,17
p.94,17
kaleidoscope,17
practicalities,17
objected,17
rembitt,17
democratically,17
usefully,17
asynchronous,17
brien,17
spoils,17
luftman,17
p.192,17
riddle,17
aaps,17
one-third,17
parabolic,17
non-natural,17
syndromes,17
p.215,17
reactance,17
esteemed,17
remodelling,17
enigma,17
embarking,17
characterising,17
brightness,17
plaque,17
foresee,17
vitality,17
t-statistics,17
/p/,17
reassert,17
rs232,17
dinan,17
typed,17
districts,17
auto,17
unrepresentative,17
inappropriately,17
commercialisation,17
emulation,17
selfishness,17
pilots,17
multi-dimensional,17
insular,17
buffet,17
two-thirds,17
weep,17
vertebrae,17
accommodations,17
exerting,17
present-day,17
dietician,17
quantifiable,17
revolve,17
rosenbaum,17
x-bar,17
idp,17
notified,17
clipping,17
victimhood,17
ciphertext,17
terminus,17
rocky,17
anti-,17
hungarian,17
throughput,17
ridiculed,17
magistrate,17
spn-4,17
interfacial,17
frankfurter,17
adverbs,17
line-ups,17
companions,17
nylon,17
alec,17
glue,17
coughing,17
repetitions,17
bereavement,17
terminally,17
identically,17
beaver,17
non-discrimination,17
heracles,17
densely,17
reactionary,17
chromatogram,17
nitric,17
k16,17
fume,17
calorie,17
oviduct,17
follower,17
acre,17
unfinished,17
vodites,17
whiskey,17
ottawa,17
5a,17
unix,17
viewers,17
bma,17
segmented,17
mead,17
ipr,17
hominids,17
"500,000",17
enlarging,17
decaying,17
preamble,16
minimisation,16
chilling,16
nasty,16
inconceivable,16
neuroscience,16
codeword,16
environmentalists,16
gametes,16
forehead,16
flooded,16
compensates,16
housekeeper,16
bishop,16
jets,16
caudillos,16
scintillator,16
ads,16
boast,16
bearers,16
undeserving,16
thank,16
paterfamilias,16
uncoded,16
practicable,16
effecting,16
vitelli,16
a2,16
pollock,16
toe,16
circumferential,16
bh,16
cva,16
mclaney,16
relocate,16
hrt,16
elapsed,16
pilcher,16
chilled,16
p.125,16
legionnaires,16
irishman,16
shake,16
chronicle,16
northcote,16
cockburn,16
congregation,16
extrapolated,16
sers,16
anytime,16
urbervilles,16
monocrystalline,16
sunkin,16
ee,16
anarchic,16
grinding,16
abbreviation,16
jacob,16
constructivist,16
priesthood,16
inaction,16
natures,16
demography,16
in-between,16
astonishing,16
amp,16
indefinitely,16
bulletin,16
pl,16
pledge,16
welcoming,16
echocardiogram,16
fence,16
allophones,16
andrea,16
burge,16
overcomes,16
decision-makers,16
cogito,16
iliac,16
sung,16
tempest,16
porous,16
engenders,16
emptiness,16
unilaterally,16
utopianism,16
overkill,16
tenor,16
discriminating,16
notify,16
attl,16
outweighs,16
hype,16
fetishism,16
polyphenol,16
aristotelian,16
antenna,16
-lactams,16
edgar,16
coinciding,16
benevolence,16
bloods,16
0.35,16
intl,16
p.157,16
spur,16
rr,16
jerry,16
recoil,16
b2,16
stumbling,16
divi,16
implanted,16
embodying,16
sensed,16
coltman,16
endocrine,16
attitudinal,16
arenas,16
excision,16
foresight,16
suppresses,16
isle,16
embassies,16
deep-rooted,16
gopnik,16
tenancies,16
anniversary,16
thoracic,16
olympic,16
remorse,16
rightful,16
compel,16
2006a,16
cambodia,16
hypnosis,16
earl,16
rn,16
hicks,16
guerrier,16
rigorously,16
rethink,16
multimeter,16
trainee,16
exodus,16
molten,16
ingold,16
frs,16
diastolic,16
professionally,16
erotic,16
projective,16
ideational,16
separations,16
nielsen,16
fluctuates,16
lsd,16
ritzer,16
psychoanalytic,16
mb,16
2.1.2,16
irresponsible,16
1-5,16
guarding,16
b4,16
buffers,16
rp,16
sizing,16
kyoto,16
engineered,16
proclaim,16
albumen,16
apartheid,16
authorized,16
reductionism,16
partake,16
jon,16
jacobean,16
excused,16
phased,16
crosby,16
lightly,16
swimming,16
editions,16
ass,16
mau,16
fourteenth,16
expel,16
object-oriented,16
atkin,16
handful,16
flege,16
seminars,16
boycott,16
borges,16
tango,16
ethogram,16
accrued,16
hawke,16
newborns,16
blended,16
fossa,16
ochs,16
finely,16
wandering,16
celebrating,16
hinting,16
rubbish,16
beattie,16
cloak,16
turbines,16
famrelief,16
stadium,16
fingerprinting,16
conductive,16
205-224,16
fairclough,16
slc,16
pygmy,16
epochs,16
championed,16
creamy,16
defiantly,16
lcm,16
silverman,16
chi-square,16
semiotics,16
unfolding,16
nazism,16
xhigh,16
wafers,16
toxaemia,16
upper-class,16
speedy,16
6-7,16
likened,16
gonzalez,16
listeria,16
utilizes,16
highroad,16
post-op,16
blackfriars,16
life-threatening,16
5mm,16
quanta,16
poisoned,16
ingots,16
integrates,16
kelvin,16
martyrs,16
four-manifold,16
blight,16
pluralistic,16
sanctioned,16
surfing,16
wide-ranging,16
ink,16
suture,16
ace,16
strangely,16
underwater,16
decree,16
retrospective,16
refutation,16
sexist,16
ah,16
ills,16
analgesic,16
wafer,16
leaps,16
dullness,16
p8,16
hcn,16
avenge,16
clerk,16
superficially,16
surfactant,16
raiding,16
bivariate,16
renault,16
syncope,16
surpassed,16
flare,16
detects,16
melanie,16
hexter,16
nurseries,16
bilirubin,16
dysfunctional,16
wrap,16
y*,16
fled,16
bricks,16
negatives,16
kirk,16
oscillate,16
winters,16
victoria,16
mesophyll,16
acquainted,16
repressor,16
6.4,16
oblivion,16
precipitating,16
timothy,16
ulna,16
setback,16
redistribute,16
abraham,16
allegorical,16
revive,16
l.3,16
jensen,16
mark1,16
intelligibility,16
ninth,16
2mm,16
homologue,16
doubted,16
authoritarianism,16
tapping,16
tvn,16
psychic,16
resume,16
wilhelm,16
blanchard,16
speculators,16
gloom,16
hi-fi,16
knowable,16
slippery,16
nathan,16
pleasurable,16
saussure,16
alanine,16
10m,16
phalanx,16
sacrificing,16
scar,16
zanden,16
confrontational,16
bathroom,16
workbench,16
embarked,16
suppressor,16
fashions,16
inter-state,16
30th,16
roundabout,16
laptop,16
c3,16
mysticism,16
inline,16
paralleled,16
flugasche,16
utilities,16
bohm,16
audible,16
stacking,16
clip,16
story-telling,16
eleventh,16
methylated,16
encephalopathy,16
donate,16
cointegrating,16
mcclelland,16
steiner,16
valdés,16
publics,16
casually,16
ptolemaic,16
carnivore,16
lest,16
hrdlička,16
herb,16
seth,16
maqta,16
unwise,16
stead,16
svp,16
self-sufficiency,16
β2,16
third-generation,16
exchangers,16
transcending,16
illusory,16
olfaction,16
ostriker,16
shelley,16
tenbruck,16
sequentially,16
seasonally,16
divert,16
humanities,16
annihilation,16
diva,16
ericsson,16
wicked,16
pronounce,16
prescribes,16
alludes,16
turtles,16
jachtenfuchs,16
mughal,16
endorsement,16
waveforms,16
crt,16
maoist,16
graphite,16
moser,16
self-love,16
erode,16
jumped,16
devon,16
re-establish,16
liberalist,16
clue,16
f-statistic,16
desmond,16
ambivalence,16
h5,16
biscuits,16
mediates,16
slipped,16
100mg,16
benedict,16
vocatives,16
signifo,16
fibrin,16
mesthrie,16
4/5,16
p.147,16
forcibly,16
asymptomatic,16
levack,16
consumes,16
atrill,16
watered,16
misfortune,16
appendix1,16
slate,16
quirk,16
salvage,16
dg,16
maya,16
xlow,16
severed,16
grips,16
subcutaneous,16
djabugay,16
sternberg,16
hinges,16
menopause,16
pastures,16
9.5,16
recoverable,16
encroachment,16
criticize,16
polished,16
begging,16
250ml,16
2004:9-22,16
crete,16
saturations,16
vintage,16
γ-invariant,16
mathias,16
diluting,16
internationalism,16
mistakenly,16
abundantly,16
bsfc,16
extant,16
repenting,16
potentiometer,16
kjeldahl,16
harmonisation,16
boldly,16
fuenzalida,16
pituitary,16
fatherhood,16
gratification,16
daunting,16
alsace,16
spilt,16
p.122,16
rebuilding,16
outwardly,16
ng,16
constituencies,16
wears,16
annaliste,16
kolb,16
atrp,16
brier,16
polgar,16
provenance,16
ingenuity,16
paperwork,16
suspense,16
oedipus,16
commanded,16
hoy,16
disturb,16
doublets,16
ante,16
affirming,16
shillourokambos,16
cancelled,16
ch2,16
ouclj,16
telescope,16
grassroots,16
frankel,16
lima,16
monteith,16
bowels,16
disdain,16
agility,16
familiarise,16
gettier,16
methuen,16
xyz,16
waal,16
misses,16
mercenary,16
holocene,16
arbitrage,16
stepper-motor,16
disapproved,16
lactation,16
cushing,16
lessening,16
preformed,16
tacitly,16
p.113,16
weil,16
unduly,16
strawson,16
revolves,16
heats,16
presuppositions,16
aitchison,16
refresh,16
amoeba,16
hindlimb,16
aod,16
outsourced,16
macro-environment,16
equator,16
technicians,16
arab-muslims,16
plies,16
troup,16
adrian,16
lithic,16
biographies,16
pnr,16
pressured,16
publicised,16
web-service,16
spleen,16
depreciated,16
vaginal,16
warmed,16
csa,16
powerfully,16
hopeless,16
"arma(1,1",16
salience,16
p.81,16
fade,16
bedrock,16
collar,16
200mg,16
civilizations,16
merry,16
mc,16
t-statistic,16
marcus,16
rider,16
riders,16
shelton,16
customised,16
boltzmann,16
hippodrome,16
leicester,16
photoelectron,16
huxley,16
levers,16
irregularly,16
reindeer,16
photopsin,16
non-smoker,16
illustrative,16
continuance,16
mailing,16
harms,16
hirst,16
self-,16
furnishings,16
borrowings,16
rugby,16
mornings,16
baroness,16
conflicted,16
petitions,16
tamales,16
celtic,16
slater,16
unorthodox,16
magnified,16
2001a,16
stances,16
rudolfensis,16
shoe,16
bugs,16
lightning,16
rcts,16
catheter,16
furor,16
circulatory,16
phenolic,16
breastfeed,16
predication,16
slipping,16
m²,16
shaper,16
contaminating,16
ros,16
sub-national,16
rham,16
superimposed,16
trams,16
threads,16
shrubs,16
jetstar,16
cigarette,16
p.108,16
rewrite,16
unwelcome,16
jaws,16
built-in,16
johanson,16
cftr,16
colder,16
greenland,16
unities,16
pre-,16
upside,16
liaison,16
0x0ff,16
fairfax,16
contrarily,16
substantiate,16
illuminating,16
mar,16
defy,16
demerger,16
labs,16
guilds,16
stool,16
pathos,16
relocated,16
carnival,16
symbolized,16
constitutions,16
complaining,16
overprotection,16
p.59,16
fancy,16
anaesthesia,16
grossly,16
palatable,16
roller,16
tunnels,16
donaldson,16
ashamed,16
hackett,16
scrub,16
α-chymotrypsin,16
souls,15
uav,15
220v,15
aicc,15
eiffel,15
karen,15
well-developed,15
displeasure,15
accountants,15
consortium,15
polices,15
ensued,15
levenson,15
decomposed,15
dodger,15
pretend,15
patronising,15
manifesting,15
axtell,15
cholangiocarcinoma,15
cartoon,15
aps,15
k*,15
aura,15
anatolian,15
polarizer,15
fig.2,15
sachs,15
registering,15
inadequacies,15
awgn,15
attains,15
crusaders,15
quadrature,15
ladies,15
streamfunction,15
supra-state,15
conferring,15
mislead,15
/r/,15
calvinist,15
butcher,15
inbuilt,15
tendons,15
brewer,15
elliptical,15
anecdote,15
on-site,15
monocytogenes,15
feeble,15
telephones,15
isotropic,15
embolism,15
votive,15
neutrons,15
hartley,15
readiness,15
inconvenience,15
chow,15
drifting,15
evenings,15
gahlin,15
photophosphorylation,15
byblos,15
headlines,15
grandmother,15
self-contained,15
sorrows,15
phd,15
nematode,15
octaphenylcyclotetrasiloxane,15
extremities,15
roundabouts,15
arab-muslim,15
walters,15
pnd,15
endscrapers,15
triumphant,15
academia,15
interglacial,15
overload,15
leeds,15
lamin,15
stokke,15
fleeting,15
affording,15
edmonds,15
granular,15
amputation,15
diffeomorphic,15
northwest,15
gillon,15
horrible,15
hexane,15
runciman,15
mach,15
animalistic,15
metaphoric,15
fruitless,15
onus,15
twists,15
hulse,15
symbiont,15
sinful,15
callipers,15
betty,15
mousa,15
ham,15
unease,15
fmea,15
buckingham,15
udell,15
decidedly,15
khz,15
primatology,15
cavities,15
self-contradictory,15
exacerbates,15
soca,15
ons,15
suffolk,15
amor,15
marginson,15
neonates,15
clarifying,15
wh,15
knob,15
sedimentation,15
zimbardo,15
reuters,15
mexica,15
cardboard,15
deixis,15
qu,15
mrp,15
modular,15
supposition,15
yesterday,15
blackbody,15
biogeography,15
hanlon,15
conservancy,15
grading,15
pamphlet,15
send-me,15
adhd,15
ghurye,15
mosses,15
goethe,15
twenty-four,15
ruminant,15
peptic,15
nexus,15
pci,15
frowned,15
eveline,15
rides,15
evidential,15
hands-on,15
pheromones,15
cardozo,15
budding,15
redesigning,15
downstairs,15
cerevisiae,15
frc,15
orfs,15
repulsive,15
galagos,15
sincere,15
lupton,15
stationarity,15
wrought,15
rationalised,15
pierce,15
radiating,15
hypocritical,15
peacefully,15
bonilla,15
scarlet,15
clementi,15
and/,15
e-mails,15
ewhc,15
overcrowded,15
unrests,15
guirdham,15
tamoxifen,15
cupboard,15
shades,15
mcintosh,15
playwrights,15
bonuses,15
wallerstein,15
sino-japanese,15
"2,000",15
vol.2,15
redistributed,15
csf,15
trible,15
capitalise,15
duplications,15
raleigh,15
conceiving,15
flip,15
superstring,15
tm,15
policemen,15
polypeptides,15
chronically,15
hoyos,15
acetylcholine,15
particularity,15
undecided,15
anglia,15
receivers,15
pagans,15
adsorption,15
trickle,15
narrating,15
un-lubricated,15
padel,15
wondered,15
rationalization,15
b1,15
travelocity,15
sigmoid,15
epitomised,15
conductance,15
overton,15
syntactically,15
corticosteroid,15
racially,15
sensibly,15
procreation,15
comp,15
tech,15
y1,15
eased,15
maurice,15
eeg,15
5-10,15
settlor,15
passively,15
quercus,15
constructively,15
introspection,15
monetarist,15
rolls-royce,15
dalton,15
minoan,15
pentameter,15
gli3,15
vudu,15
birthright,15
footing,15
av,15
deflected,15
businessmen,15
unexplored,15
theodore,15
symmetrically,15
hypothesise,15
antipsychotic,15
20-30,15
amartya,15
quietly,15
charities,15
mitosis,15
callosum,15
yule,15
xml,15
incline,15
10.1,15
inexperience,15
helleiner,15
brca,15
pre-tax,15
p.109,15
hawks,15
kindness,15
lysine,15
p.128,15
erectus,15
rinehart,15
absorbency,15
instigate,15
anisotropic,15
stale,15
vo,15
elucidated,15
instantaneously,15
circularity,15
latch,15
pennsylvania,15
tomlinson,15
props,15
protectionism,15
krieger,15
carelessness,15
stereotypically,15
p29,15
speeding,15
hemispheric,15
mallik,15
schuler,15
argonauts,15
chaste,15
concomitant,15
branched,15
burt,15
ejection,15
blessing,15
compulsion,15
angina,15
tooling,15
esposito,15
hypothyroidism,15
culminated,15
gui,15
pornography,15
boddy,15
aie,15
preobrazhensky,15
simulink,15
sharon,15
radiate,15
windmill,15
goldfish,15
guanine,15
vice-versa,15
api,15
cocaine,15
hurricanes,15
sponsorship,15
strikers,15
openings,15
armit,15
resurgence,15
cyber,15
propyl,15
commodus,15
non-significant,15
engle-granger,15
10-15,15
homosexuals,15
frap,15
κ,15
shipped,15
preserves,15
headphones,15
conquests,15
oblivious,15
swet,15
milan,15
detract,15
errington,15
cementite,15
risking,15
socialising,15
censorship,15
milneral,15
gyan,15
pipetted,15
lipophilic,15
discernible,15
postmodernist,15
parishioners,15
£2,15
biotic,15
warranted,15
reactors,15
nadph,15
p79,15
drains,15
hco,15
apolitical,15
booklet,15
photoprint,15
absorber,15
patria,15
serpent,15
non-profit,15
rajagopal,15
corridors,15
prefix,15
menyuk,15
marti,15
gunn,15
oximeters,15
subjectively,15
lh,15
computerised,15
self-sufficient,15
porcelain,15
shakespearean,15
cleaved,15
pizam,15
elephants,15
solvation,15
lett,15
brenda,15
methylene,15
tremendously,15
positives,15
downforce,15
perceptive,15
indebted,15
7.8,15
itch,15
marble,15
trampling,15
xilinx,15
kaldor,15
individualized,15
cardiff,15
unchangeable,15
comedies,15
layton,15
ashton,15
statin,15
ecotourists,15
gilgit,15
pie,15
ribosomal,15
approximates,15
overleaf,15
white-throated,15
magnum,15
moeller,15
unanswered,15
ier,15
intravenous,15
gudjonsson,15
p.86,15
rinsed,15
devastated,15
8(2,15
taping,15
underlie,15
fetch,15
darya,15
administering,15
rheme,15
instil,15
prerequisites,15
blanca,15
auf,15
schwartz,15
7-8,15
salter,15
heclo,15
chaudhuri,15
beckhampton,15
p.79,15
burying,15
rick,15
callar,15
melts,15
impermeable,15
suffix,15
immobile,15
pneumothorax,15
lipton,15
snyder,15
lightweight,15
greenhalgh,15
assures,15
discontinuities,15
brixner,15
playful,15
p.232,15
mint,15
unborn,15
p.197,15
heroin,15
stray,15
commas,15
fusing,15
cleve,15
batista,15
cosy,15
outcry,15
matured,15
wheezing,15
wilk,15
calculative,15
concentric,15
sept,15
preoccupations,15
re-evaluated,15
comte,15
pooled,15
sounding,15
obsessive,15
pursues,15
provocative,15
self-sacrifice,15
guarani,15
sonites,15
usable,15
royalty,15
brides,15
ketone,15
okali,15
mcfarlane,15
shielding,15
engender,15
comical,15
genotypes,15
tma,15
afghanistan,15
1998b,15
waged,15
bronchiectasis,15
1000-1999,15
regionally,15
p.126,15
sub-cultures,15
vernier,15
cations,15
glimpse,15
right-wing,15
appreciates,15
penultimate,15
arduous,15
o2,15
presumptive,15
retarded,15
ieem,15
favor,15
p.170,15
puzzling,15
kaiser,15
bullous,15
right-handed,15
buys,15
aspires,15
ldcs,15
char,15
amenable,15
counsel,15
exiting,15
declarations,15
macintosh,15
optic,15
"60,000",15
adept,15
residing,15
harshly,15
misplaced,15
competed,15
anti-drugs,15
merrick,15
outbound,15
cooperatives,15
generalizations,15
glaciers,15
tnc,15
legitimating,15
pedro,15
torts,15
prohibit,15
3mm,15
pp.137-163,15
tamil,15
fallibility,15
plasters,15
self-image,15
suggestibility,15
subjugated,15
radiated,15
gottfried,15
idleness,15
self-evident,15
coats,15
mechanic,15
fervent,15
agri-environment,15
tetrachromatic,15
lodging,15
eddies,15
obeying,15
reprehensible,15
ductal,15
prisms,15
valine,15
simultaneity,15
bruno,15
cornea,15
deviated,15
1914-1921,15
venues,15
singled,15
cromañón,15
marketer,15
exalted,15
brainstem,15
osiride,15
confederations,15
altar,15
isinlist,15
no-load,15
rooting,15
3.2.1,15
listens,15
bws,15
passionately,15
clashed,15
interlocutors,15
flashmaster,15
elucidates,15
post-,15
dos,15
littered,15
intestines,15
guessing,15
genital,15
chemists,15
excepting,15
endowment,15
preconceived,15
rer,15
ploughed,15
hybrids,15
maguire,15
reparation,15
threonine,15
keeper,15
hooker,15
jungle,15
accompanies,15
scroll,15
bitterness,15
melted,15
exposures,15
mortar,15
interchangeably,15
mallorca,15
assassination,15
orkney,15
russians,15
disseminated,15
hers,15
stewardship,15
air/fuel,15
hsbc,15
ethiopia,15
yearning,15
hispanic,15
outreach,15
newspeak,15
carrot,15
diol,15
cancellation,15
timed,15
half-life,15
upheavals,15
pelage,15
proctor,15
inspect,15
carnivorous,15
ppc,15
infrequent,15
reconsidering,15
consultations,15
droughts,15
inhumations,15
skirt,15
practising,15
montreal,15
non-target,15
refraction,15
oates,15
costumes,15
ton,15
permeable,15
barr,15
martinez,15
melodramatic,15
tremoulet,15
glutamate,15
sandinista,15
waiters,15
blistering,15
tickner,15
microorganism,15
recessions,15
pictured,15
diffused,15
adopters,15
anterior-posterior,15
typologies,15
gmos,15
isobars,15
lpm,15
unchecked,15
staggering,15
tachypnoea,15
salesperson,15
tendon,15
revocation,15
pateman,15
bryant,15
evaporate,15
hang,15
rework,15
lysis,15
dramas,15
conjunctiva,15
cosmosworks,15
monica,15
icosahedral,15
champagne,15
helium,15
v2,15
formalism,15
ames,15
fragility,15
thiosulphate,15
heisenberg,15
17th,15
disable,15
sonnets,15
shortcoming,15
zwingli,15
psychopaths,15
macro-economic,15
k-ras,15
reca,15
demoule,15
rounding,15
ethnicities,15
cw,15
feinstein,15
eulalie,15
jewellery,15
p.111,15
histones,15
compilation,15
immutable,15
endorse,15
centrosome,15
lo,15
evaluator,15
jus,15
abnormally,15
redefinition,15
attends,14
felling,14
bsc,14
p.77,14
unreasonableness,14
uniforms,14
desai,14
plath,14
prototypical,14
brooke,14
inspections,14
waddington,14
inhaler,14
streubert,14
cysteine,14
unwin,14
p.106,14
12th,14
folded,14
manhattan,14
zeit,14
pressurised,14
loathing,14
literatures,14
visitation,14
truth-value,14
downfield,14
bureaucrats,14
ascorbate,14
dane,14
tingling,14
amid,14
bottlenecks,14
right-hand,14
p.169,14
polluting,14
streak,14
higgins,14
institutionalized,14
p.187,14
trails,14
fittings,14
fallow,14
magnets,14
courageous,14
mince,14
hollensen,14
octahedral,14
gardening,14
snape,14
ada,14
gpc,14
stabbing,14
dopaminergic,14
executes,14
tattersall,14
prudence,14
intrigue,14
hollier,14
calorimeter,14
stepfather,14
biscuit,14
ku,14
hydrated,14
grab,14
spenders,14
x=40,14
gearhart,14
nordau,14
whirling,14
parisian,14
convex,14
dredging,14
colonic,14
naivety,14
frances,14
ulysses,14
gellner,14
efficacious,14
unintended,14
hoekman,14
fortress,14
intervened,14
roam,14
sumberg,14
hunter-gatherers,14
cpn,14
stipulate,14
felled,14
crassus,14
allocative,14
domestication,14
honours,14
288-293,14
izhikevich,14
falconer,14
solid-state,14
non-compliance,14
diphenylsilanediol,14
predate,14
antioca,14
prolonging,14
theodote,14
kevin,14
eras,14
fo,14
sailed,14
morse,14
alonzo,14
allotted,14
pardon,14
montgomery,14
fonts,14
hormonal,14
unravel,14
glorification,14
remedied,14
blaxter,14
rhine,14
thai,14
demosthenes,14
100g,14
smells,14
p.52,14
butterfly,14
white-light,14
iteratively,14
3-phase,14
omnipresent,14
fanny,14
inactivate,14
sudan,14
legitimize,14
licenses,14
forcefully,14
g8,14
nix,14
spirituality,14
100mm,14
guidebook,14
valuables,14
localise,14
preston,14
melewar,14
micromorphological,14
succumb,14
promiscuity,14
hydration,14
omu,14
davenport,14
argumentative,14
fuelling,14
overloaded,14
adf,14
jokes,14
abstain,14
metabisulphite,14
uneducated,14
brine,14
jamaican,14
flueric,14
build-up,14
accentuate,14
copm,14
talented,14
singh,14
nonsensical,14
superman,14
frau,14
igm,14
ravenhill,14
subsidized,14
binge,14
myelin,14
cross-linking,14
canso,14
yuleeda,14
gowing,14
psychographic,14
dowd,14
çatalhöyük,14
hodges,14
proudly,14
ackroyd,14
volcanoes,14
aperture,14
weakens,14
emitting,14
pemphigoid,14
equatorial,14
dieting,14
boesch,14
coprime,14
corder,14
swanson,14
sell-side,14
haemostasis,14
kw,14
ψ,14
disarticulated,14
reformists,14
post-operative,14
ehl,14
bewildering,14
obligate,14
messaging,14
sql,14
ponies,14
coma,14
maid,14
nitrous,14
ridges,14
p.110,14
repel,14
single-stranded,14
wilderness,14
figured,14
plough,14
fourthly,14
cutter,14
veterans,14
aq,14
abg,14
anticlericalism,14
misused,14
seduced,14
clone,14
regionalization,14
platelet,14
alleviation,14
ias,14
filament,14
healed,14
ligaments,14
interplanar,14
herein,14
olley,14
superstition,14
metrics,14
silt,14
ansoff,14
expeditions,14
eigenvalue,14
formalisation,14
cephalosporin,14
phanourios,14
hyman,14
typified,14
conquistadores,14
schluchter,14
damnatio,14
determinations,14
sentenced,14
cyclohexane,14
mp2,14
commemoration,14
nostalgic,14
morphy,14
bookcase,14
programmable,14
footprint,14
crucian,14
pornoboskos,14
janet,14
kitcher,14
worcester,14
leafy,14
toyshop,14
zeitung,14
staircase,14
damon,14
breaching,14
nurture,14
ever-increasing,14
morgenthau,14
dft,14
rowley-conwy,14
defectives,14
volunteered,14
aerosol,14
impediments,14
sober,14
extrapolate,14
dowler,14
whitney,14
ramsey,14
eaec,14
moderation,14
flegeal,14
integrators,14
huang,14
tailoring,14
situate,14
hingley,14
ne,14
musicians,14
bison,14
meronymy,14
non-intervention,14
colouring,14
formulaic,14
ali,14
icty,14
putman,14
takeovers,14
fab,14
hello,14
hyperbole,14
stare,14
assembling,14
flashing,14
remarque,14
commodification,14
porphyria,14
hochstetter,14
sacked,14
180°,14
iwc,14
objectification,14
rhesus,14
blanc,14
cypro-ppnb,14
sociability,14
nourishment,14
fort,14
isthmus,14
evaporator,14
↓,14
costa,14
fond,14
oversimplification,14
adjunct,14
p.211,14
subtleties,14
pdi,14
turn-taking,14
compositional,14
preparatory,14
phosphor,14
alluded,14
undergraduates,14
eluted,14
sprayed,14
sur,14
lor,14
ashburnham,14
sayings,14
ecm,14
carlson,14
sub-scales,14
natalie,14
magnetisation,14
dwellers,14
cousin,14
reassess,14
datum,14
euro-dollar,14
pecuniary,14
celestial,14
subculture,14
unsurprising,14
dissimilarities,14
respectful,14
tread,14
drier,14
p.143,14
arctic,14
handouts,14
acknowledgment,14
hoff,14
stoppered,14
hebbian,14
neonatal,14
ventilated,14
scr,14
solidarist,14
ammunition,14
foregrounding,14
powdered,14
boardwalk,14
ca2+,14
diodes,14
tachometer,14
channelling,14
reds,14
leung,14
scharpf,14
1:73,14
struhsaker,14
p28,14
unanticipated,14
herlihy,14
2c,14
marches,14
caput,14
purify,14
distaste,14
honestly,14
torment,14
permutation,14
mastered,14
asia-pacific,14
magicians,14
dotted,14
internalise,14
adhesive,14
briefings,14
mccullough,14
vault,14
h4,14
arcs,14
nussbaum,14
metapopulation,14
advantaged,14
single-phase,14
slr,14
caerulea,14
initiators,14
insult,14
jagels,14
sras,14
profitably,14
flasks,14
buckley,14
ludwig,14
1-,14
longmore,14
cosmopolitans,14
disrupts,14
kanzi,14
8-10,14
damped,14
parcels,14
p.112,14
championing,14
statist,14
sassoon,14
patriarch,14
lowe,14
revelations,14
champions,14
instilled,14
wycherley,14
astute,14
subtract,14
smiles,14
elders,14
bout,14
lennard-jones,14
leptin,14
intransitive,14
graduates,14
nuisance,14
militia,14
2.12,14
sustains,14
messengers,14
vol.1,14
ssl,14
hips,14
orchestra,14
hcp,14
epitome,14
sociocultural,14
pb,14
reckoned,14
slaughtering,14
escalation,14
flex,14
soares-smith,14
ordained,14
englishman,14
athene,14
hangmann,14
socialised,14
p.179,14
kgs,14
okay,14
everlasting,14
crush,14
ashes,14
beasts,14
isochromatic,14
erased,14
rawlsian,14
innovators,14
complains,14
precludes,14
elaborates,14
fortify,14
ovaries,14
civilized,14
irr,14
brunt,14
strove,14
kinser,14
dinah,14
pouring,14
decentralized,14
dobson,14
pauline,14
baumer,14
gley,14
malfunction,14
mistresses,14
"200,000",14
foothold,14
fixes,14
eisenstein,14
isolates,14
dijkstra,14
cbt,14
p33,14
greenwood,14
wastage,14
rearranged,14
hallucination,14
cohort,14
p.99,14
butchers,14
pallakai,14
fleeing,14
copernican,14
aral,14
irrevocable,14
broadband,14
p.130,14
princess,14
discredit,14
builders,14
mucosa,14
inventing,14
longer-term,14
karageorghis,14
bolts,14
staphylococcus,14
figs,14
unsaturated,14
sirens,14
communicator,14
spill-over,14
inhumane,14
louder,14
perseus,14
kaye,14
amenities,14
embarrassing,14
intercepted,14
goodglass,14
appraisals,14
metabolites,14
lesbia,14
winthrop,14
dept,14
wwii,14
palsy,14
specifics,14
lif,14
cynicism,14
reversion,14
cirencester,14
bo,14
scsi,14
favored,14
cunningham,14
pearce,14
sociolinguistics,14
ins,14
ecologically,14
eliciting,14
stryer,14
warsaw,14
bedding,14
abscess,14
355mpa,14
z2,14
pervade,14
relentless,14
carbolic,14
agnostic,14
labouring,14
stadter,14
expounds,14
dissipation,14
schad,14
interbreeding,14
thurner,14
thagard,14
centered,14
2003a,14
feasting,14
phlegm,14
bede,14
vegard,14
encoder,14
vardy,14
nozick,14
parochial,14
erikson,14
warde,14
couplant,14
futurist,14
inaugural,14
devalued,14
moveable,14
mantle,14
nigel,14
melvin,14
animosity,14
deflect,14
completes,14
gp13,14
congressional,14
worldview,14
subdivided,14
graphological,14
scholastic,14
athlone,14
snell,14
mv,14
cantonese,14
oracle,14
hypothalamus,14
beware,14
kubrick,14
8.6,14
burgeoning,14
dolphins,14
supplementing,14
non-cyclic,14
flagella,14
academically,14
collaborating,14
qualifies,14
taxable,14
vuli,14
mok,14
evidence-based,14
dcm,14
postponed,14
aspiring,14
tiredness,14
is-lm,14
fairytale,14
majors,14
leaks,14
bingham,14
coinage,14
publishes,14
woodlanders,14
christina,14
skuldelev,14
bovolenta,14
homeless,14
beggar,14
ministries,14
murdering,14
ka,14
booms,14
e-marketing,14
dismantling,14
co-ordinated,14
lvdt,14
200m,14
liminal,14
pre-industrial,14
divisional,14
trousers,14
entrapment,14
maron,14
externality,14
performers,14
vacancies,14
flexor,14
lmx1,14
talc,14
codified,14
fischbach,14
mori,14
emerson,14
callicles,14
p.124,14
homemaker,14
bespoke,14
insatiable,14
levin,14
atlas,14
coalescence,14
oresteia,14
p42,14
privy,14
notations,14
vet,14
fake,14
craib,14
feeder,14
chartism,14
haslam,14
con,14
drank,14
hijacking,14
vocalisation,14
fax,14
taxed,14
overridden,14
grievous,14
yoghurt,14
hobbesian,14
druids,14
5-7,14
gruen,14
angered,14
deducted,14
icrc,14
cures,14
concert,14
showalter,14
internationalisation,14
catalysts,14
caga,14
wie,14
goal-directed,14
cigarettes,14
alginate,14
undercut,14
self-reference,14
magwitch,14
p.53,14
relay,14
intermolecular,14
wickham,14
measles,14
agitated,14
sickle,14
looses,14
cliff,14
p.93,14
bilinear,14
azimuth,14
algy,14
thatcherism,14
brazier,14
josefa,14
passivity,14
courtesy,14
disorientation,14
rubbing,14
suboptimal,14
axon,14
4p,14
resilience,14
anaemic,14
clearest,14
jit,14
hopper,14
leaning,14
articulating,14
scalar,14
travlos,14
delve,14
convoluted,14
mediating,14
laparotomy,14
slums,14
copper(i,14
prenatal,14
subsampling,14
bolstered,14
≡,14
greenberg,14
lovett,14
paraguayan,14
bitch,14
wonders,14
gcd,14
opuntia,14
volunteering,14
nra,14
covalently,14
pods,14
restless,14
cameroon,14
joanne,14
vibrating,14
pallor,14
unofficial,14
elegy,14
vladimir,14
designators,14
reconsidered,14
janeiro,14
sunshine,14
rarity,14
pleuritic,14
satellites,14
folic,14
impending,14
excreted,14
overshadowed,14
transference,14
comforting,14
traceability,14
yanley,14
sowing,14
cayley-dickson,14
clicked,14
famines,14
polls,14
kingdoms,14
collinearity,14
silbury,14
neutralising,14
devotes,14
p17,14
automorphism,14
linguist,14
neurones,14
circulate,13
ulterior,13
innately,13
lister,13
scribner,13
mccutcheon,13
retraction,13
accuses,13
inhabits,13
warwickshire,13
routing,13
awakening,13
nuremburg,13
tuck,13
courtroom,13
vocabularies,13
trumpet,13
inventive,13
nadh,13
chatto,13
diagnosing,13
verso,13
wt,13
fro,13
harden,13
tickle,13
conversions,13
intersect,13
x=0,13
friendliness,13
numbness,13
lin,13
sights,13
bidar,13
pronucleus,13
shamil,13
left-hand,13
ovarian,13
antecedent,13
motorola,13
matheson,13
workspace,13
tightening,13
cramped,13
amend,13
todd,13
underestimation,13
tsunamis,13
dexterity,13
pitched,13
irradiance,13
unwavering,13
butyl,13
prosodic,13
norwegian,13
vinyl,13
cross-national,13
hera,13
13th,13
cumbersome,13
gini,13
perceiver,13
equalise,13
incompressible,13
pronouncing,13
initialization,13
accrue,13
oxymyoglobin,13
reservoirs,13
objectified,13
resolutely,13
quadrupolar,13
mercantile,13
tcr,13
curative,13
colchester,13
demos,13
1836-1975,13
couplets,13
afflictions,13
amounting,13
departures,13
decorative,13
tibia,13
p.186,13
pre-eminent,13
nsm,13
borough,13
josling,13
capital-intensive,13
exceedingly,13
fusiform,13
universals,13
callaghan,13
nervousness,13
tyrant,13
cross-examination,13
icosahedron,13
mir,13
hasan,13
xy,13
acheson,13
maskus,13
e2,13
p16,13
warnock,13
aylmer,13
diffeomorphism,13
fgf4,13
eukaryote,13
unsecured,13
seduction,13
english-speaking,13
p.95,13
interiors,13
supercomputer,13
enigmatic,13
narrate,13
self-worth,13
sparrowhawk,13
miraculous,13
opcit,13
impediment,13
27th,13
disappearing,13
sweetness,13
antecedents,13
cooks,13
platelets,13
stylish,13
gathers,13
villa,13
p.131,13
fowler,13
dispersing,13
loanable,13
insurrectionary,13
merseyside,13
regurgitation,13
capie,13
blaue,13
replenishment,13
gout,13
moffat,13
wong,13
militaristic,13
alloying,13
sadler,13
tougher,13
doubly,13
startling,13
patterned,13
bia,13
generalisability,13
bullet,13
perversion,13
mcclure,13
p.139,13
uml,13
p*,13
overlooks,13
rossetti,13
gypsy,13
coursebooks,13
crafted,13
timescales,13
peptidoglycan,13
melody,13
nitrite,13
lysosomes,13
amussen,13
p.191,13
wither,13
pretext,13
sibilance,13
actium,13
harmer,13
ewing,13
rumours,13
phantom,13
donated,13
sulfur,13
eradicating,13
caligiuri,13
ptb,13
prematurity,13
spotlight,13
erythematous,13
remedial,13
p.233,13
bombings,13
nematodes,13
bloggs,13
wrath,13
exhibitions,13
starkly,13
testable,13
jeon,13
mcv,13
harvests,13
turbocharger,13
diana,13
non-assertive,13
legions,13
wizard,13
boroxol,13
dougherty,13
leo,13
malleolus,13
fraternity,13
fullerton,13
m/s,13
"40,000",13
competently,13
underweight,13
vw,13
culled,13
tubing,13
sour,13
aggregators,13
hpa,13
freezers,13
sub-scale,13
tunnelling,13
insipidus,13
indexed,13
unrequited,13
sharper,13
duplicates,13
carpet,13
filmmakers,13
pneumatics,13
rocket,13
guinness,13
expediency,13
participates,13
gestae,13
henley,13
viscosities,13
remarking,13
turkish,13
conservationists,13
rc,13
leadbeater,13
vygotsky,13
cubs,13
formulations,13
css,13
gills,13
memetics,13
elliot,13
unheated,13
threepenny,13
2.3.1,13
elemental,13
inferring,13
rains,13
3000rpm,13
jeopardise,13
carbonic,13
masculinities,13
spacings,13
intimidation,13
nunan,13
reactant,13
hermitian,13
eagle,13
contemporaneous,13
eichengreen,13
b0,13
complies,13
ore,13
michelson,13
polyuria,13
comprehending,13
equivalently,13
planful,13
agri-food,13
15-24,13
hungary,13
mersey,13
royalist,13
accentuates,13
/t/,13
reproducing,13
engendering,13
bosnian,13
breakdowns,13
mph,13
goose,13
lastminute,13
boeing,13
orthopnoea,13
full-term,13
softening,13
purer,13
lemon,13
p30,13
vaughan,13
grouse,13
globalists,13
sockets,13
vapor,13
harsher,13
humility,13
hestia,13
shaky,13
spoil,13
speculated,13
debugging,13
unconditionally,13
cadmus,13
heresy,13
sombre,13
ptolemy,13
localities,13
chess,13
p.104,13
steady-state,13
microcosm,13
tarn,13
c4,13
prenominal,13
h-o,13
inhuman,13
beaks,13
μs,13
jerusalem,13
institutionalists,13
leonardo,13
labour-power,13
pritchard,13
checkland,13
administrations,13
hg,13
ingestion,13
jowell,13
jihad,13
putative,13
hastie,13
vigilant,13
parentage,13
isomers,13
relegated,13
bae,13
massacres,13
restart,13
dosage,13
p.151,13
synchronise,13
screaming,13
eugenol,13
essentialist,13
motorists,13
displacing,13
heaviest,13
perverted,13
tierra,13
wbs,13
dominantly,13
3m,13
pnp,13
philosophes,13
lobular,13
apyrexial,13
initialisation,13
counteracted,13
craps,13
anti-inflammatory,13
crows,13
morley,13
commune,13
rationalise,13
2.3.2,13
thanatology,13
braverman,13
drvs,13
siegler,13
secession,13
deflation,13
ifn-β,13
bloggsbuild,13
9.6,13
reintroduced,13
monarchs,13
caveat,13
hydrochloric,13
m16,13
math,13
sheffield,13
cheat,13
undeveloped,13
gelation,13
uncivilised,13
potency,13
bells,13
claire,13
elevating,13
mitigated,13
interventionist,13
ing,13
minke,13
enumeration,13
schiffrin,13
p.189,13
legitimation,13
wessex,13
infects,13
pseudomonas,13
homogenisation,13
equus,13
shah,13
managements,13
maylor,13
non-invasive,13
ubiquinone,13
re-structuring,13
bacchus,13
sacrament,13
hs,13
revolving,13
hepatomegaly,13
tories,13
cautiously,13
herbaceous,13
hypercomplex,13
hachette,13
discontents,13
elbow,13
episodic,13
dishonesty,13
maiden,13
instilling,13
tfp,13
aquaria,13
zajonc,13
centric,13
setzuan,13
lenaerts,13
cheerful,13
braudellien,13
flashes,13
hacking,13
aaa,13
all-female,13
11.1,13
pegged,13
tokens,13
hpaii,13
bandura,13
xenophobia,13
enders,13
unesco,13
promisee,13
revpar,13
transfusions,13
inbound,13
honoured,13
easter,13
reappraisal,13
p.80,13
victors,13
shattered,13
inspires,13
sensibilities,13
tauber,13
watershed,13
obstruent,13
ballad,13
old-fashioned,13
p.105,13
entropy,13
frege,13
pathetic,13
surname,13
tis,13
35-44,13
oswald,13
stunted,13
unsolved,13
stacked,13
front-line,13
amateur,13
resign,13
hutcheon,13
undiluted,13
meniscus,13
deepest,13
antiquated,13
bender,13
left-sided,13
richardsal,13
archetype,13
vandevelde,13
outnumbered,13
lorca,13
breslin,13
intraspecific,13
1(1,13
cmv,13
anabaptist,13
lorry,13
spill,13
proc,13
ailments,13
πe,13
zoom,13
ubisemiquinone,13
dissipate,13
windus,13
colombia,13
w1,13
unaided,13
co-ordinator,13
particularist,13
midpoint,13
masked,13
contemplative,13
salting,13
bottleneck,13
lager,13
ewc,13
enamel,13
militarily,13
blows,13
inflamed,13
drunken,13
exaggerate,13
25mm,13
anemometers,13
seoul,13
strumpf,13
wcc,13
resistive,13
exclusions,13
p.107,13
cuadros,13
1-4,13
printers,13
invalidate,13
degrade,13
syndicate,13
pwm,13
sclc,13
entertained,13
rigs,13
quintavelle,13
mixed-sex,13
flashbulb,13
decentralization,13
resounding,13
safeway,13
reverting,13
sikes,13
lineages,13
cimetidine,13
dinka,13
brennan,13
abstinence,13
synoptic,13
fool,13
x10,13
y2,13
tibial,13
sufficiency,13
della,13
annoying,13
negligently,13
p.171,13
hierarchically,13
lockwood,13
expansionist,13
infringed,13
handheld,13
innumerable,13
traversing,13
chelsea,13
p.83,13
cross-country,13
folding,13
vries,13
latex,13
geary,13
rs-232,13
insolvency,13
standardize,13
crusade,13
afflicted,13
spices,13
distracters,13
borrower,13
blythe,13
nestor,13
jain,13
fe-s,13
phonetics,13
uracil,13
brutally,13
abolishment,13
2001b,13
reactivity,13
patriciate,13
savages,13
disneyland,13
administrators,13
cloudy,13
royalties,13
£200,13
pre-head,13
pcrs,13
bans,13
ascent,13
stroma,13
outrageous,13
2.11,13
polarising,13
archival,13
decrees,13
photorespiration,13
roadside,13
l.5,13
wnt3a,13
proximate,13
enthalpies,13
hoard,13
feathers,13
disseminate,13
chastity,13
personifies,13
ski,13
expanse,13
powhatan,13
macromolecules,13
evolutional,13
injure,13
simplifies,13
prescaler,13
stress-strain,13
serbia,13
cogent,13
1559-1624,13
moctezuma,13
penetrates,13
yolk,13
concord,13
gyrus,13
tightness,13
oxodiperoxychromium,13
iroquois,13
vacuole,13
legume,13
protested,13
lefkowitz,13
krebs,13
repairs,13
mediumheuristics,13
forts,13
schuster,13
mario,13
ufton,13
1c,13
whiteness,13
sadistic,13
non-discriminatory,13
unintentionally,13
freshness,13
miracles,13
sadness,13
legislations,13
unanimity,13
controversies,13
dare,13
turnbull,13
mhz,13
vaccines,13
trailing,13
upmarket,13
country-pairs,13
sane,13
p-nitrophenol,13
£40,13
diseased,13
minimizes,13
manetho,13
caps,13
discernable,13
metmyoglobin,13
translucent,13
consented,13
upright,13
trabecular,13
mycenae,13
asean+3,13
løvborg,13
counter-terrorism,13
37°c,13
thrift,13
χ2,13
intensifies,13
fuhrer,13
£100,13
cruelly,13
preventive,13
blackouts,13
chamberlain,13
raids,13
comprehended,13
part-timers,13
y(t,13
2.10,13
knapping,13
reverted,13
attenuated,13
ulceration,13
surfers,13
gt,13
overheating,13
biodiesel,13
adamant,13
poiseuille,13
upsurge,13
painkillers,13
ua,13
tremens,13
mammography,13
trichromatic,13
rash,13
contented,13
entrusted,13
irritation,13
turin,13
modulate,13
sea-faring,13
endanger,13
cm-1,13
milling,13
pending,13
xxxx,13
pulp,13
tonight,13
indecision,13
steele,13
conglomerates,13
turnovers,13
biopsychosocial,13
pasteurized,13
1500-1800,13
cochlea,13
solomos,13
glossy,13
5.8,13
deepen,13
undulipodia,13
eczema,13
undefined,13
input/output,13
marching,13
a-grades,13
reflectors,13
creators,13
kyrgyzstan,13
daehler,13
deus,13
hanna,13
checksum,13
schemas,13
logistic,13
fifties,13
"8,000",13
nujol,13
infirmity,13
dictum,13
inclinations,13
inequity,13
spikes,13
iain,13
codification,13
copp,13
10.2,13
nodal,13
8.0,13
ubermensch,13
canines,13
backchannels,13
p31,13
i-,13
deviates,13
login,13
youthful,13
p.70,13
processions,13
decoupling,13
aristeia,13
tobi,13
twbg,13
orchids,13
gated,13
knowles,13
psychiatrist,13
submissions,13
spurious,13
lindhorst,13
stricture,13
troublesome,13
reclaim,13
confuses,13
presupposed,13
sterilized,13
afro-americans,13
doth,13
meaningfully,13
biopsies,13
yeasts,13
humerus,13
streamlines,13
inr,13
tarski,13
pseudo-code,13
crystallised,13
foliage,13
birefringence,13
subscribed,13
barbarism,13
mattila,13
opfer,13
25m,13
keyword,13
pre-modify,13
martyrdom,13
elm,13
solvable,13
multidimensional,13
nmrp,13
midbrain,13
persecuted,13
epidermal,13
marginalized,13
euphemism,13
polygons,13
loafing,13
rex,13
9.4,13
hagedorn,13
lissajous,13
fagan,13
ruined,13
willcocks,13
naf,13
appreciable,13
task-based,13
germanic,13
innes,13
notification,13
punitive,13
networked,13
stomacher,13
crystallization,13
solutes,13
unfulfilled,13
mylouthkia,13
waals,13
weeping,13
cja,13
reverence,13
apprentices,13
kisses,13
bomber,13
computerized,13
3.2.2,13
ganglia,13
dpp,13
mummification,13
proprietors,13
terminating,13
contacting,13
p.114,13
ftas,13
chariot,13
pets,13
hymes,13
eagleton,13
computes,13
2-5,13
astounding,13
p.194,13
neutralised,13
xxii,13
stabilized,13
18-19,13
illiteracy,13
caenorhabditis,13
≠,13
poison,13
reducible,13
detectives,13
£50,13
spelled,13
polycentrism,13
1.0000,13
memoriae,13
bursts,13
mark3,13
miniature,13
thickening,13
corbett,13
cfx-pre,13
thiosulfate,13
standpoints,13
telecoms,13
tajikistan,13
legitimised,13
commandments,13
shari,13
roskilde,13
spared,13
serbian,13
italians,13
detroit,13
magnet,13
bmw,13
lieberman,13
diluent,13
baum,13
byker,13
sincerity,13
endospores,13
property-,13
gotta,13
departed,13
snidal,13
buoyant,13
trafalgar,13
concealing,13
abolishing,13
countering,13
anachronistic,13
quashing,13
20-25,13
horne,13
underpins,13
shanidar,13
servicing,13
beautifully,13
neocentromeres,13
internalisation,13
veterinary,13
recovers,13
creatively,13
suka,12
quadrupole,12
vocalization,12
209d,12
sufferings,12
scs,12
twenty-five,12
superpowers,12
onions,12
fortnight,12
photocurrent,12
garrard,12
sensual,12
trademark,12
egocentric,12
dorso-ventral,12
permeates,12
non-fluent,12
knowledge-based,12
quarry,12
dorsoventral,12
scapula,12
vrbga,12
isp,12
backwardness,12
agave,12
hearings,12
hertz,12
oiling,12
eslake,12
wares,12
marshes,12
cenp-h,12
aepep,12
conceptualise,12
shrink,12
oily,12
"250,000",12
garnered,12
murmurs,12
granule,12
boasts,12
circumvent,12
overstated,12
sintered,12
mev,12
hyoid,12
stalling,12
deviancy,12
axford,12
negativity,12
stabilises,12
sizeable,12
unsteady,12
chang,12
catalase,12
tremors,12
mauss,12
onboard,12
feuerbach,12
perpetuated,12
charms,12
extensibility,12
disenchanted,12
delighted,12
institutionally,12
dac,12
inauguration,12
constitutionally,12
glaucus,12
childlike,12
thermodynamic,12
undo,12
joshua,12
lycurgus,12
seton,12
anthocyanin,12
dvt,12
murdoch,12
pt,12
unconvincing,12
revered,12
rutile,12
fantastical,12
wa,12
colonise,12
neoplasm,12
overpowering,12
renewing,12
discard,12
1500rpm,12
impure,12
preloaded,12
tindall,12
neo-realist,12
veracity,12
clutton-brock,12
β1,12
reagan,12
pursuant,12
qtd,12
futurists,12
enacting,12
brow,12
rococo,12
huffman,12
mushroom,12
owner-occupied,12
mclellan,12
delights,12
halted,12
rushed,12
admissible,12
sus,12
alms,12
radians,12
iceberg,12
csv,12
p.69,12
us-led,12
dh,12
non-european,12
cavalry,12
m-a,12
bildungsroman,12
bouts,12
furnish,12
distinctiveness,12
dimini,12
shildrick,12
parsimony,12
boots,12
italo,12
neurone,12
attested,12
widest,12
enantiomers,12
30s,12
perilous,12
person-centred,12
ponssard,12
corrections,12
mesogens,12
smiled,12
neutrinos,12
commonalities,12
anticipates,12
cibber,12
excretion,12
state-owned,12
preach,12
salads,12
inconvenient,12
lexemes,12
estrogen,12
didactic,12
esso,12
spirometer,12
cognitions,12
cot,12
bulls,12
decommodification,12
galvanometer,12
haze,12
urging,12
polling,12
ukraine,12
outdoors,12
entwined,12
jake,12
outrage,12
p36,12
scholte,12
dreadful,12
solvency,12
categorization,12
uprisings,12
jonson,12
introns,12
subroutine,12
amusing,12
histology,12
kweilin,12
circumscribed,12
falcons,12
hamper,12
bunch,12
bros,12
cosmological,12
landow,12
ethnically,12
omnipotence,12
copolymers,12
dimorphism,12
irrr,12
señor,12
emg,12
principate,12
competitively,12
exchange-value,12
goldcliff,12
hominid,12
vogue,12
wallpaper,12
assimilating,12
respite,12
swings,12
abu,12
sluggish,12
mulligan,12
concretely,12
harker,12
mcdowd,12
feat,12
pyrexia,12
irritability,12
partisan,12
coventry,12
spiritually,12
unlock,12
reigned,12
p.56,12
validating,12
inertial,12
unqualified,12
laparoscopy,12
silences,12
emily,12
almighty,12
traveler,12
p13,12
defunct,12
specialising,12
thermodynamics,12
ohms,12
greeting,12
siécle,12
-lactam,12
enloe,12
withdrew,12
fatherly,12
blindly,12
unobtainable,12
dialetheism,12
lament,12
vanguard,12
excerpts,12
ottomans,12
inject,12
psycholinguistics,12
recognizable,12
noll,12
hannah,12
erd,12
wipe,12
trela,12
farmland,12
filmreel,12
habitually,12
announce,12
counterbalanced,12
overlooking,12
right-sided,12
troglodytes,12
tilled,12
peculiarities,12
synonym,12
stifle,12
odontoceti,12
bangkok,12
avant-garde,12
oxley,12
giegerich,12
sisterhood,12
riskier,12
tile,12
2.1.3,12
loeb,12
unauthorized,12
gasoline,12
anthropocentrism,12
p19,12
oppositions,12
mise-en-scène,12
faded,12
p.176,12
arresting,12
shorthand,12
troughs,12
humphrey,12
p.188,12
shrine,12
alcock,12
eccentric,12
valle,12
mid-nineteenth,12
levinson,12
11.5,12
westerners,12
slade,12
mobilising,12
neutron,12
¡,12
kandola,12
destabilising,12
automobiles,12
nobles,12
lactic,12
piano,12
stoel-gammon,12
ripening,12
iva,12
surrogate,12
builder,12
unjustly,12
ergon,12
antenatal,12
allergy,12
defenders,12
lax,12
fia,12
epitomized,12
gestetner,12
neutralise,12
purported,12
sulfate,12
epithet,12
implantation,12
injective,12
legalised,12
fulford,12
hesiod,12
bower,12
markings,12
charm,12
reece,12
internationalization,12
cyclone,12
phasing,12
fischer,12
bonn,12
preterm,12
/l/,12
diaphragm,12
culpability,12
safeguarding,12
phys,12
acclaimed,12
methionine,12
distract,12
kok,12
probes,12
remit,12
subdue,12
blackness,12
strictures,12
nakano,12
vibrate,12
penile,12
duly,12
zum,12
p39,12
calving,12
decisively,12
contentment,12
colostrum,12
finale,12
realizes,12
malbon,12
sta,12
tracked,12
morphine,12
watering,12
behaviourally,12
dis_code,12
dogma,12
traitors,12
syphilis,12
bcg,12
signifier,12
memoir,12
predestination,12
invert,12
knowth,12
caged,12
allport,12
biddy,12
escapes,12
judaism,12
beetham,12
faire,12
experiencer,12
thunder,12
minimally,12
almond,12
remediation,12
p49,12
ferrous,12
ambassador,12
baltimore,12
predominates,12
credentials,12
0.002,12
hydroelectric,12
petrograd,12
god-like,12
bovary,12
scrolling,12
capitalisation,12
rivest,12
luxembourg,12
humean,12
self-directed,12
softwood,12
wight,12
2.15,12
congruence,12
blister,12
ue,12
deceiving,12
ictr,12
compass,12
suburbia,12
keyboards,12
ser,12
caveats,12
rainforest,12
vince,12
rivalries,12
overrun,12
lomborg,12
one-dimensional,12
pallas,12
nomadic,12
redeem,12
sarsen,12
ever-present,12
manorial,12
simkin,12
phallic,12
phenyl,12
destitution,12
nuanced,12
shores,12
au,12
quickest,12
sh,12
shui,12
madagascar,12
ancients,12
slowest,12
home-country,12
alphabet,12
a/d,12
monoculture,12
boil,12
superb,12
bibby,12
seamless,12
neoliberalism,12
higher-order,12
ke,12
triangles,12
lobner,12
scientificity,12
operands,12
schmoll,12
u1cos[k(x-ct,12
purposiveness,12
-7,12
kersten,12
allude,12
pr-d,12
waning,12
clinicians,12
fortifies,12
mab2,12
lorentz,12
extrapolating,12
thwarted,12
dispositional,12
quench,12
bm.16,12
cladding,12
defer,12
dormant,12
re-enter,12
alluding,12
p.177,12
transposed,12
placements,12
fce,12
similes,12
hue,12
stationed,12
neuman,12
lijphart,12
instinctive,12
fury,12
secularisation,12
0.12,12
/or,12
ceci,12
monks,12
objectionable,12
sunset,12
f-algebra,12
0.01m,12
c-h···o,12
iconography,12
15/15,12
heaths,12
taming,12
aeroplane,12
cramps,12
p.193,12
p.185,12
unreported,12
kilometre,12
rbcs,12
middling,12
gracchus,12
revoked,12
endorses,12
invoking,12
morphologically,12
companionship,12
customization,12
billions,12
brothwell,12
r*,12
oval,12
tumultuous,12
annoyed,12
symbionts,12
morphogenesis,12
electronegative,12
squealer,12
col,12
unrestrained,12
dragon,12
glorify,12
jeopardised,12
conspecifics,12
foregrounds,12
7ni,12
a-comin,12
scapegoat,12
streaking,12
elevates,12
devalue,12
skins,12
demodulator,12
zuo,12
miabot,12
cherished,12
giants,12
flu,12
ni-ni,12
aunt,12
mollusc,12
swayed,12
pre-determined,12
thrombolytic,12
bachelor,12
proline,12
dragged,12
hourly,12
buddhist,12
chassis,12
refrigerated,12
tantamount,12
myopia,12
timeframe,12
prizes,12
reputations,12
bcp,12
undervalued,12
synovial,12
leonora,12
mammoth,12
mimesis,12
circumstantial,12
twilight,12
hymen,12
diuretic,12
l3,12
allyl,12
p.174,12
icv,12
verifying,12
chafe,12
müntzer,12
vibrant,12
pal-1,12
impairs,12
lawgiver,12
diabetics,12
ill-health,12
vagina,12
sf,12
brookfield,12
broom,12
vegetarians,12
withhold,12
50mg,12
polymorphisms,12
classless,12
deianeira,12
jose,12
unbound,12
slash,12
accomplishing,12
comprehensively,12
generalist,12
sats,12
deletions,12
homogenised,12
aggrieved,12
sailing,12
d-v,12
substituent,12
innovate,12
marlowe,12
20°c,12
charming,12
proliferate,12
bovids,12
wildly,12
womanly,12
rations,12
sars-cov,12
hawk,12
monarchical,12
translators,12
close-up,12
allocations,12
buss,12
repealed,12
nonlinear,12
strier/2003,12
bucket,12
afm,12
transformer,12
svg,12
barnett,12
osmolality,12
υ,12
misconceptions,12
likeness,12
neurosis,12
cryogenic,12
alerts,12
disintermediation,12
anti-competitive,12
unpublished,12
bypassing,12
12-cell,12
neurotransmitters,12
elegance,12
handler,12
creswell,12
underestimates,12
dmd,12
libretto,12
barns,12
c=o,12
eurocentric,12
p15,12
authorial,12
swabs,12
slurry,12
flavor,12
terrified,12
parenthood,12
emulsions,12
disqualified,12
enlighten,12
fulcher,12
anatolia,12
karyotypes,12
adviser,12
monogamous,12
permeate,12
aluminum,12
queerness,12
rankean,12
unprotected,12
illuminates,12
tesman,12
merrill,12
stickiness,12
monetarists,12
healy,12
bombing,12
dissolves,12
guarded,12
10.5,12
greenspan,12
disinterested,12
pastor,12
tange,12
nucleosome,12
aitken,12
predominate,12
fresh-water,12
yeah,12
3.3.1,12
broker,12
dissociates,12
lysias,12
franz,12
fogel,12
onset-rhyme,12
opioid,12
eighties,12
deutsche,12
neelands,12
resonate,12
mitsubishi,12
non-voting,12
5.2.1,12
clendinnen,12
conceded,12
non-stationary,12
p56,12
staples,12
dawson,12
sore,12
rewritten,12
overseen,12
mollen,12
downes,12
collocations,12
hyponatraemia,12
huts,12
amalgamated,12
uplift,12
televised,12
glycosylation,12
cuenca,12
2.13,12
designate,12
exemplar,12
assent,12
banners,12
fosshotel,12
multi-national,12
artifacts,12
boolean,12
silva,12
fortifications,12
nme,12
gonen,12
sundstrom,12
2003b,12
faust,12
analyzes,12
m/z,12
nucleophilic,12
biocomposite,12
hobson,12
identifier,12
volition,12
ocp,12
polemic,12
attenborough,12
indexicals,12
hse,12
tribune,12
pipeline,12
silly,12
crania,12
watercourses,12
privileging,12
trainers,12
multi-professional,12
p.190,12
covariance,12
noi,12
overcrowding,12
gendering,12
shrinkage,12
nigra,12
tennant,12
propounded,12
liaisons,12
beacon,12
elephant,12
implicature,12
pennyroyal,12
magnetite,12
p37,12
brothels,12
maryland,12
oxaloacetate,12
donnison,12
colors,12
aulētris,12
enclosures,12
rodrik,12
anson,12
nascent,12
diane,12
3o,12
passionless,12
arrhenius,12
wikis,12
averse,12
foreman,12
voutsaki,12
tew,12
fitzpiers,12
dobyns,12
aubrey,12
buckle,12
knot,12
unquestioned,12
conformations,12
furmston,12
emphysema,12
lampkin,12
dimerisation,12
hegelian,12
lilburne,12
paras,12
lotus,12
12-14,12
kundu,12
thorium,12
motherly,12
mass-produced,12
oases,12
p.219,12
relayed,12
sunrise,12
fluidisation,12
trinity,12
selenium,12
meagre,12
invasions,12
scifinder,12
thresholds,12
nos-2,12
milks,12
rinaldi,12
sermon,12
whore,12
hounds,12
taxpayer,12
scullion,12
inadequately,12
impeding,12
holden,12
uproar,12
brokers,12
stigmatisation,12
lithics,12
cross-species,12
virginal,12
nina,12
neptune,12
raven,12
palatial,12
riluzole,12
portc,12
hourani,12
accumulates,12
embassy,12
rota,12
ara,12
invokes,12
antimicrobial,12
compress,12
paraphrase,12
moratorium,12
shiny,12
mobilize,12
hospitalisation,12
explorations,12
haunted,12
alpine,12
marion,12
effusions,12
collocates,12
laundry,12
fbt,12
hurricane,12
lauer,12
br,12
dumped,12
bawr,12
coped,12
hairs,12
geology,12
anglo-american,12
pfiffner,12
confounded,12
medef,12
longrigg,12
wwf,12
nanking,12
thorne,12
westward,12
dew,12
refreshing,12
intolerant,12
p.229,12
floss,12
emig,12
peanuts,12
momentous,12
perished,12
breeder,12
europeanisation,12
instantiated,12
5v,12
chabán,12
cremona,12
robotic,12
precipitates,12
una,12
complicating,12
exaggerating,12
puzzles,12
grove,12
tail-recursive,12
buchanan-smith,12
risked,12
retract,12
inhalation,12
bradbury,12
secretory,12
epilogue,12
placental,12
for-itself,12
intersected,12
lethality,12
anal,12
tangibles,12
naacp,12
childs,12
4mg,12
printout,12
lameness,12
8.3,12
inductor,12
hippocampus,12
p68,12
sentencing,12
kebara,12
ionised,12
freedman,12
non-normality,12
irrigated,12
dysprosium,12
impulsive,12
patella,12
p.214,12
larner,12
osborne,12
indivisible,12
sr,12
pyramidal,12
crews,12
troponin,12
empathetic,12
angiogram,12
wolfe,12
taped,12
wasps,12
post-mortem,12
abiotic,12
hdl-c,12
associativity,12
clots,12
mcmurphy,12
bloomsmith,12
bursting,12
self-reliance,12
shrub,12
pilgrims,12
bcas,12
annealing,12
hyatt,12
effector,12
smyth,12
fluxes,12
rub,12
retarding,12
bailey,12
papua,12
copernicus,12
retracts,12
supposes,12
forwarded,12
extremist,12
emancipatory,12
dialectics,12
167b,12
p11,12
1kg,12
aldehyde,12
sid,12
p.212,12
penner,12
p.183,12
snails,12
intercepts,12
wspu,12
consensual,12
reintroduction,12
amps,12
cartoons,12
12.5,12
anathema,12
epstein,12
quartile,12
incoherence,12
strenuous,12
md5,12
slenderness,12
pseudoscience,12
polishing,12
venezuela,12
purest,12
altitudes,11
state-pinning,11
impedes,11
singularities,11
pp.3,11
disclosures,11
2ml,11
contralateral,11
rescued,11
worsfold,11
coie,11
halo,11
truncated,11
opsin,11
collimated,11
way-finding,11
socialise,11
reinforcers,11
anti-clockwise,11
eminence,11
bis,11
fuses,11
installations,11
migrations,11
£120,11
budd,11
evaporates,11
adiabatic,11
battling,11
kirtlington,11
andromache,11
uninterrupted,11
p.55,11
mystic,11
waterlogging,11
detach,11
radiosonde,11
warlike,11
decidendi,11
jennens,11
trucks,11
bathing,11
nationhood,11
swords,11
p14,11
lennard,11
trevor,11
goldne,11
crossley,11
stifling,11
wolfheim,11
brace,11
eugenicists,11
decays,11
sherratt,11
face-centred,11
vomit,11
lemur,11
fernando,11
accountant,11
patrons,11
punctuated,11
micromorphology,11
freeing,11
deliverables,11
epitopes,11
abbreviated,11
roundhouses,11
shook,11
loom,11
dispense,11
colossal,11
paste,11
furnished,11
£5,11
conceptualization,11
initialise,11
carboxylic,11
masturbation,11
flush,11
envision,11
fist,11
signal-to-noise,11
chap,11
estoppel,11
galleries,11
duplication,11
confers,11
miscarriage,11
inter-relationship,11
cardiomyopathy,11
grease,11
michaelis-menten,11
hates,11
folds,11
culprit,11
catalyses,11
cuttings,11
biphasic,11
edm,11
humours,11
hexahydrate,11
omit,11
candle,11
algebraically,11
pivot,11
reflexive,11
indira,11
asbos,11
footage,11
phthalate,11
scaffold,11
perpetrated,11
rodger,11
ferdinand,11
anglo-irish,11
effluent,11
wilkie,11
intersects,11
griffith,11
joke,11
mt,11
mya,11
marketable,11
interrelation,11
décor,11
div,11
preposition,11
sprays,11
articular,11
bake,11
poetical,11
foakes,11
graduation,11
labour-time,11
xu,11
deciphering,11
demonstratives,11
incurs,11
triol,11
hydrostatic,11
mecca,11
specialities,11
kerrang,11
misunderstand,11
corneille,11
optimizing,11
dorsal-ventral,11
suetonius,11
cycladic,11
anhydrase,11
enterprising,11
landslide,11
b2b,11
seventies,11
dorothy,11
overhaul,11
instituted,11
obligated,11
betting,11
vec,11
analogues,11
wisely,11
attalos,11
digression,11
piecemeal,11
exclusionary,11
dialogic,11
3-dimensional,11
legionella,11
zhu,11
ceteris,11
partaking,11
incremented,11
conceives,11
ja,11
revisable,11
3s,11
insufficiently,11
eroding,11
non-greek,11
learnability,11
autosomal,11
~10,11
recklessness,11
dennett,11
bmep,11
greenfield,11
mays,11
indisputably,11
swinbank,11
technocratic,11
mccracken,11
broadview,11
orifice,11
absolutist,11
etymology,11
predispose,11
denature,11
reinvested,11
mifflin,11
cryovac,11
stabilizers,11
lawsuit,11
dosse,11
scheper-hughes,11
contending,11
ch1,11
t=0,11
curtailed,11
deary,11
resource-poor,11
grotesque,11
n/m,11
tomography,11
1880s,11
abrams,11
kydland,11
bioavailability,11
balchin,11
cenp-i,11
splash,11
locates,11
p.181,11
p.175,11
mestizo,11
swinging,11
houlbrooke,11
oppress,11
in-patient,11
questel,11
bukatko,11
tipping,11
posit,11
continuities,11
value-added,11
categorising,11
fsma,11
drury,11
contractions,11
daft,11
grapefruit,11
caffeine,11
28/10/06,11
upstairs,11
syneresis,11
puppet,11
contingencies,11
quirke,11
north-south,11
saf,11
visionary,11
signatories,11
tonnage,11
lavish,11
toga,11
cixous,11
polyps,11
bge,11
1.75,11
slant,11
tsai,11
stylized,11
toleration,11
decadence,11
deliveries,11
haematoma,11
web-site,11
vividly,11
reunion,11
ef,11
overcame,11
irritable,11
mspi,11
tumble,11
behaviourists,11
harbours,11
waiter,11
lakatos,11
luckily,11
adventurous,11
krueger,11
mid-1980s,11
lately,11
diploid,11
contemplated,11
senseless,11
tschirnhaus,11
wyn,11
transplanted,11
soaring,11
cakes,11
brochure,11
rhineland,11
stevens,11
polymerization,11
aggregated,11
migratory,11
st-resolution,11
pedagogy,11
storyline,11
plum,11
krogstad,11
ornaments,11
rosuvastatin,11
monarchies,11
frog,11
hmso,11
scripting,11
quentin,11
transferability,11
inter-national,11
proclaiming,11
erect,11
hotspots,11
mcewan,11
spotting,11
josephine,11
octavian,11
saliva,11
pretence,11
supine,11
hyperinflation,11
advisers,11
knock-on,11
pre-modern,11
sympatric,11
flammable,11
mites,11
mountainous,11
freda,11
clamping,11
expectant,11
reeve,11
cerebellum,11
convertible,11
fa,11
misexpression,11
ay,11
bullying,11
taiping,11
trenches,11
shrines,11
circa,11
voids,11
7a,11
pahl,11
partiality,11
colonized,11
ibge,11
apology,11
deferential,11
grassy,11
niels,11
heavens,11
indeterminacy,11
receivable,11
microns,11
costello,11
↑,11
jarry,11
burner,11
ere,11
pier,11
recrystallisation,11
yendell,11
onp,11
maxine,11
unreal,11
colgate,11
robes,11
triestine,11
pickles,11
pillow,11
blending,11
heery,11
barney,11
mummies,11
hybridization,11
astronomers,11
speeded,11
progenitor,11
antipathy,11
crepitus,11
degenerates,11
whipped,11
5cm,11
noir,11
flip-flop,11
quantised,11
entrepreneurialism,11
co-decision,11
transdermal,11
non-tariff,11
beveridge,11
ozment,11
wnt2b,11
slightest,11
festivities,11
semiotic,11
worldly,11
elect,11
duress,11
redman,11
acidosis,11
ventricle,11
overvalued,11
vol.40,11
misfortunes,11
nstemi,11
sinking,11
streptomycin,11
positron,11
marner,11
non-proliferation,11
self-concept,11
mokyr,11
manus,11
phrased,11
amazingly,11
khan,11
iff,11
beast,11
fullest,11
icm,11
commentaries,11
preponderance,11
mateo,11
schein,11
betrays,11
erythrocytes,11
medium-sized,11
contravene,11
adm,11
stacey,11
second-order,11
apportionment,11
qms,11
religiously,11
sham,11
post-cold,11
contour,11
kiosks,11
peroxidase,11
steedman,11
eh,11
∙,11
icons,11
neo-classicism,11
victorians,11
hutchings,11
momentarily,11
pharmaceuticals,11
busiest,11
villiers,11
whigs,11
materialise,11
arrogant,11
debateable,11
prosthesis,11
muses,11
7-10,11
cupid,11
clan,11
pleas,11
wrangham,11
guerre,11
taps,11
units/ml,11
domineering,11
tundra,11
counter-revolution,11
antebellum,11
hayden,11
perlmutter,11
spondylus,11
ascribe,11
alvarez,11
spurred,11
filaments,11
dictionaries,11
instalments,11
prokaryote,11
nang,11
poaching,11
mothering,11
titanium,11
µ,11
7.6,11
indexing,11
23rd,11
flavanoids,11
ibarra,11
austrian,11
reversibility,11
julian,11
mushrooms,11
barrie,11
affinities,11
t0,11
somoza,11
cancerous,11
nucleophile,11
band-gap,11
mancoff,11
bewildered,11
regularblood,11
lifts,11
brilliantly,11
maximizes,11
substantia,11
leukonychia,11
gascoigne,11
deserts,11
ki,11
weaned,11
tampa,11
rigor,11
equivocal,11
rob,11
cardiologist,11
trainspotting,11
autoregressive,11
scc,11
governors,11
grandeur,11
eternally,11
5b,11
certainties,11
untapped,11
solidarism,11
flags,11
gillings,11
kamenev,11
estuary,11
superhuman,11
libation,11
bookstores,11
anticlockwise,11
astronomer,11
ready-made,11
4.2.1,11
turf,11
liars,11
distributor,11
2.5mg,11
groeschl,11
conspiracies,11
tiring,11
2000rpm,11
non-eu,11
fernanda,11
linen,11
redeeming,11
substandard,11
beginner,11
tagging,11
unidroit,11
categorically,11
two-slit,11
dvcva,11
movies,11
holbraad,11
pandemics,11
heightens,11
beximco,11
decisional,11
clearances,11
compounding,11
oxalate,11
mcpherson,11
newton-raphson,11
clays,11
slovenia,11
subverting,11
basement,11
semillon,11
formalities,11
pre-requisite,11
blown,11
coaching,11
topf,11
erica,11
sprawl,11
sketched,11
fez,11
impatient,11
polythene,11
damning,11
agra,11
housekeepers,11
braun,11
starbucks,11
dichotomies,11
cohen-cruz,11
lexington,11
kelleter,11
albedo,11
kahn-harris,11
gypsies,11
otis,11
bilabial,11
immunoglobulins,11
ex-smoker,11
rbc,11
icelandair,11
skiing,11
gaits,11
demons,11
agathe,11
attic,11
symbolising,11
fondness,11
greenwald,11
fascists,11
cushion,11
romani,11
instantiate,11
wave-particle,11
citizenry,11
ayllu,11
goodrich,11
gelada,11
1/2003,11
oversimplified,11
betz,11
millisecond,11
five-year,11
nutritionally,11
decompression,11
v583,11
tli,11
awarding,11
brady,11
accumbens,11
prescribing,11
eide,11
helm,11
elisa,11
double-stranded,11
ireton,11
subsidise,11
manger,11
js,11
figurehead,11
ignited,11
coltrane,11
polecats,11
ck,11
marguerite,11
whispered,11
ursula,11
teller,11
nottingham,11
overdose,11
surpass,11
bahrain,11
crawling,11
greif,11
totalled,11
sinus,11
homework,11
greet,11
would-be,11
hobbies,11
pharmacological,11
ensue,11
toilets,11
handset,11
cant,11
hodston,11
perceval,11
sherman,11
ideation,11
computations,11
philopatric,11
howards,11
ccp,11
mno,11
swell,11
smashed,11
mind-independent,11
coiled,11
oceanic,11
whalers,11
"2,500",11
buffs,11
kgc,11
third-party,11
lupin,11
bids,11
3x3,11
runaway,11
cottingham,11
trieste,11
coincidental,11
retracted,11
bal,11
ivy,11
hfr,11
infarcts,11
q2,11
highway,11
illumination,11
jay,11
2fe2s,11
unheard,11
kendall,11
heraclio,11
oxfam,11
pablo,11
centralization,11
particulars,11
bordo,11
extrapolation,11
riemann,11
adjudicator,11
disturbs,11
fallopian,11
fistula,11
conceals,11
cyclin,11
quatrains,11
completeness,11
durkin,11
nsaids,11
atherosclerosis,11
biotech,11
oeconomicus,11
2.21,11
hertfordshire,11
6.7,11
priess,11
eclecticism,11
mccall,11
typists,11
disciples,11
exponents,11
semele,11
uneasiness,11
dickie,11
secretariat,11
pharaonic,11
glycoproteins,11
substantivists,11
ling,11
moses,11
disarray,11
hydrogels,11
eligibility,11
scribe,11
recursion,11
dfee,11
prioritisation,11
triplett,11
rime,11
chapel,11
phrasal,11
birch,11
lawfully,11
tiers,11
regaining,11
p.206,11
hypnotic,11
camille,11
evidentiary,11
traversal,11
50mm,11
obscene,11
synchronic,11
ashby,11
benefactors,11
nominally,11
tsars,11
fillers,11
dowry,11
singlet,11
grievance,11
industrialists,11
selvon,11
teens,11
elaine,11
convertibility,11
vivan,11
conjectures,11
generalising,11
boils,11
positional,11
sectioned,11
despotic,11
euros,11
dearth,11
schelling,11
successively,11
polygon,11
scherler,11
kühl,11
esp,11
olduvai,11
necking,11
4k,11
accruals,11
distractions,11
amplifying,11
mcnamara,11
conveyor,11
karyotyping,11
justifiably,11
expropriation,11
paediatric,11
brogan,11
astronomy,11
privatised,11
partisanship,11
-it,11
legge,11
methacrylate,11
overruled,11
lqr,11
epitomises,11
cottage,11
retransmission,11
info,11
p58,11
04/11/05,11
ravallion,11
disintegrated,11
kassim,11
intolerable,11
holgate,11
cubes,11
curbing,11
climbed,11
fovea,11
exclaims,11
indisputable,11
conquerors,11
unresponsive,11
domino,11
curzon,11
nous,11
kinder,11
communes,11
axle,11
moderated,11
ning,11
high-skilled,11
high-technology,11
crutches,11
bmj,11
sweeps,11
consequentially,11
impasse,11
diametrically,11
133-143,11
"£10,000",11
palaeobotanical,11
incisor,11
conjugated,11
cornerville,11
fucking,11
loam,11
quashed,11
interrupting,11
falsify,11
thickened,11
tracheal,11
outraged,11
mackenzie,11
jarque-bera,11
distractors,11
banker,11
thornbury,11
warships,11
dodge,11
treason,11
l.2,11
epidermis,11
reformer,11
o-h,11
mrsa,11
mute,11
fao,11
storyteller,11
dermis,11
remoteness,11
x0,11
disobey,11
pathologies,11
fry,11
pantograph,11
elijah,11
irrevocably,11
masterpiece,11
deadweight,11
navigating,11
1:6,11
magnetoresistance,11
dashed,11
dani,11
criticizes,11
bellamy,11
tetrachromacy,11
intension,11
cidade,11
howler,11
emanating,11
waikiki,11
8h,11
multi-functional,11
vacancy,11
11-12,11
storytelling,11
schieffelin,11
ae,11
jeopardy,11
nanostructures,11
0.5m,11
gradel,11
foreground,11
prophetic,11
redox,11
chased,11
conklin,11
cogs,11
gladiatorial,11
ts,11
vhdl,11
importer,11
3-d,11
holistically,11
ussher,11
tab,11
acquitted,11
ecstasy,11
unsound,11
24-hour,11
lyczak,11
pacifists,11
resided,11
oscillatory,11
limitless,11
slip-ratio,11
mof,11
recirculating,11
specialty,11
=0,11
dcis,11
presiding,11
non-government,11
jeffs,11
unconstitutional,11
sherds,11
burnett,11
wander,11
toes,11
inspecting,11
slices,11
multipliers,11
imaginations,11
lenschow,11
overwhelm,11
easing,11
misrepresentation,11
erythromycin,11
dissonance,11
"300,000",11
majesty,11
piers,11
whim,11
revising,11
compulsive,11
impatiens,11
postgraduate,11
fm,11
expectancies,11
tumor,11
p.118,11
heirs,11
munitions,11
disabling,11
bg,11
configure,11
orientals,11
lobules,11
avis,11
nbl,11
vancomycin,11
optically,11
ruptured,11
upgraded,11
midline,11
insulting,11
mrd,11
terribly,11
morpheus,11
rspl63,11
wiener,11
progesterone,11
incongruity,11
11.2,11
proclaims,11
hedonistic,11
extroverted,11
kingsmead,11
alexis,11
lids,11
civilising,11
propagandist,11
repentance,11
ellen,11
sub-sector,11
interoperability,11
mcrobbie,11
bohemia,11
flimsy,11
reductase,11
microscopes,11
tolerances,11
simplifications,11
festinger,11
#include,11
streaming,11
baldick,11
loudly,11
t3,11
celebrates,11
discouraging,11
nominated,11
homage,11
distributional,11
interconnectedness,11
fairs,11
nebuliser,11
cohesiveness,11
dissection,11
unknowingly,11
podzols,11
blockages,11
improvisation,11
falcone,11
afore,11
monnet,11
manders,11
unipolar,11
mist,11
pharmacophore,11
gratuitous,11
slime,11
panacea,11
prosthetic,11
mearsheimer,11
5o,11
phonons,11
surfaced,11
2p,11
trillion,11
garratt,11
font-size,11
federalism,11
pr8,11
phonetically,11
spanned,11
eviction,11
subsamples,11
ais,11
unsigned,11
hussein,11
namibia,11
jill,11
anhydride,11
precluded,11
prosimians,11
spoiled,11
abiding,11
carretta,11
cos,11
-11,11
bait,11
cheek,11
sphagnum,11
sliced,11
pharaohs,11
generalize,11
hornung-draus,11
sclera,11
fortran,11
osteological,11
glasshouse,11
homme,11
impeller,11
escapism,11
plastocyanin,11
copious,11
boron-11,11
jars,11
plainly,11
s64(1a,11
acrylamide,11
salespeople,11
kotter,11
blotting,11
watches,11
drake,11
healer,11
unequivocally,11
subjecting,11
minors,11
pinter,11
conversing,11
vacations,11
avert,11
salisbury,11
moors,11
ripples,11
inactivated,11
outskirts,11
melbourne,11
flavian,11
p32,11
searle,11
brunelleschi,11
flawless,11
p.201,11
mcgrew,11
longs,11
grieco,11
flames,11
tyger,11
foe,11
ridden,11
indexes,11
sn,11
presses,11
treacherous,11
underhill,11
slogans,11
mithen,11
shigeru,11
boyle,11
swallowed,11
factorization,11
bees,11
artificiality,11
limp,11
amnesia,11
pompey,11
two-stage,11
5.2.2,11
"5,000",11
gtn,11
corinth,11
cardiology,11
lawler,11
meta-narrative,10
staggered,10
shinagel,10
gifted,10
intracapsular,10
reaffirm,10
p.173,10
socialized,10
deflationary,10
hometown,10
navigationdescription,10
sprouts,10
sprang,10
hospice,10
tapper,10
step-by-step,10
catalysis,10
p.63,10
pear,10
alarms,10
disenchantment,10
socialistic,10
acidification,10
nth,10
ultrasonic,10
untrustworthy,10
mises,10
mosley,10
stamping,10
popularly,10
vahl,10
akebono,10
intoxication,10
nayar,10
unsubstantiated,10
gaba,10
obeys,10
uncanny,10
swamp,10
drachmas,10
nutshell,10
sdo,10
dictatorships,10
renamed,10
contextualising,10
swaps,10
crouch,10
lcl,10
decency,10
bulimia,10
1/t,10
peach,10
herman,10
kwiksave,10
gliding,10
tötges,10
schapiro,10
astray,10
schemata,10
receptionist,10
personalize,10
marcel,10
wimps,10
gcse,10
consenting,10
reconsideration,10
lacey,10
epicyclic,10
psii,10
torques,10
modeled,10
kremlin,10
mussolini,10
q-cycle,10
pestle,10
geometrically,10
bistable,10
cheryl,10
eggins,10
dcmu,10
granata,10
blatantly,10
p.152,10
pco,10
reciprocated,10
bushman,10
molinia,10
nicholson,10
frusemide,10
baumgarten,10
winged,10
tester,10
rubp,10
slab,10
rugged,10
mj,10
harmed,10
laughing,10
thrasymachus,10
vanishing,10
lambert,10
infra-red,10
pretending,10
corrupting,10
decoste,10
argyle,10
tetrameter,10
mex-5,10
lengthen,10
knit,10
rotten,10
ld0,10
transgressions,10
leased,10
,10
nong,10
brent,10
ferocity,10
nightclubs,10
nurtured,10
iglesia,10
multiplicative,10
craved,10
botswana,10
ouk,10
-10.0,10
deskilling,10
stipulations,10
theta,10
rehfeldt,10
abandons,10
polonsky,10
s-n,10
stachura,10
ref.4,10
inter-confederal,10
havoc,10
1994:35-74,10
prowazekii,10
harnessing,10
inhumation,10
mrnas,10
thf,10
supervising,10
legislator,10
udolpho,10
stiffer,10
avery,10
centrifugation,10
memoirs,10
p.102,10
kreitzer,10
introspective,10
choo,10
0.333,10
frederic,10
earns,10
acromioclavicular,10
paulo,10
trichromacy,10
fridge,10
grandfather,10
maximally,10
statins,10
greedy,10
inflectional,10
necessitating,10
adenomatous,10
prefrontal,10
mutton,10
missiles,10
creeping,10
bereaved,10
jowsey,10
aux,10
hungler,10
crumbling,10
steensgaard,10
hyperlipidemia,10
disarmament,10
triplets,10
appendicitis,10
catalyse,10
ya,10
exhilarating,10
morpheme,10
riemannian,10
chunks,10
cabin,10
9.0,10
kershaw,10
z-transform,10
fried,10
dedicating,10
linehan,10
lowheuristics,10
3)3,10
axtmann,10
warleigh,10
mercantilism,10
enablers,10
steeped,10
mediators,10
pitfall,10
sect,10
calibrating,10
candles,10
eigenvector,10
doom,10
pervaded,10
replications,10
remco,10
macaca,10
ducks,10
fàil,10
collinson,10
qh,10
dispatch,10
individualists,10
numeric,10
mrt,10
plead,10
25mg,10
pd1.0,10
goddard,10
treasures,10
arbitration,10
deforms,10
gum,10
lamppost,10
appease,10
adsorbed,10
exogenously,10
pseudo-transformational,10
p.134,10
deluded,10
pn,10
valerie,10
outlaw,10
fruity,10
bounce,10
eckstein,10
sylvester,10
roe,10
directionality,10
rectilinear,10
subsumed,10
prioritises,10
warped,10
1820s,10
ax,10
hj,10
weekends,10
imageability,10
conceivably,10
witz,10
elliptic,10
deterring,10
syringe,10
haas,10
banality,10
delumeau,10
0.65,10
pd0,10
kingston,10
veblen,10
transpired,10
vickers,10
sidelined,10
r2,10
congestive,10
embeddedness,10
vasoconstriction,10
confesses,10
convulsions,10
bracknell,10
al/1999,10
vigilance,10
maccoun,10
bosola,10
physiotherapist,10
barratt,10
lindsey,10
burleigh,10
nkda,10
intercropping,10
peking,10
quantitive,10
banal,10
browne,10
iron-sulfur,10
crippling,10
fowl,10
mcgee,10
mccann,10
xor,10
acetanilide,10
paradigmatic,10
considerate,10
glassware,10
fdr1,10
hedonic,10
+1,10
trendy,10
cette,10
intermittently,10
confining,10
merges,10
encountering,10
0.04,10
raison,10
grandiose,10
p.235,10
reverses,10
fair-minded,10
castrated,10
totale,10
escalate,10
aidos,10
comrade,10
appellant,10
preacher,10
novick,10
randomisation,10
php,10
250cm,10
precaution,10
proponent,10
unionists,10
cottages,10
lisa,10
presuppose,10
#2,10
misspecification,10
courtesan,10
1840s,10
bread-maker,10
brooches,10
brotherhood,10
ezra,10
vices,10
metamorphosis,10
retinal,10
cremated,10
hastings,10
proprietor,10
pidgin,10
enthusiastically,10
designations,10
soaking,10
pellets,10
welt,10
distractor,10
hydrogenphthalate,10
mercantilist,10
brutish,10
rhino,10
64-qam,10
axially,10
nemo,10
preside,10
irreversibly,10
stenness,10
monroe,10
malnourished,10
borg,10
sturdy,10
tephigram,10
aufderheide,10
revisiting,10
ao,10
doorway,10
beginners,10
craters,10
dn,10
glynn,10
spectroscopic,10
extents,10
pitot,10
non-vegetarians,10
vq,10
phs,10
waterfall,10
undesired,10
appian,10
chlordiazepoxide,10
coastlines,10
teich,10
finnegan,10
p.160,10
mckinley,10
rectangles,10
soundness,10
cuticle,10
lars,10
3.9,10
suns,10
newcomers,10
clumsiness,10
britons,10
p26,10
professed,10
locking,10
creed,10
turtle,10
incubator,10
drafts,10
cleaver,10
left_sweep,10
goswami,10
corridor,10
ks,10
complacent,10
crave,10
connecticut,10
communisation,10
1.14,10
spears,10
accusing,10
prometheus,10
incestuous,10
pmtemperature,10
mappings,10
evasion,10
persuasively,10
guerilla,10
definitional,10
delineated,10
augment,10
worryingly,10
baird,10
asthmatic,10
inspirational,10
balaam,10
p119,10
0.33,10
southerners,10
motorist,10
slurred,10
unclean,10
mcconnell,10
aeruginosa,10
atlantis,10
extremity,10
uncomplicated,10
relentlessly,10
implicates,10
succinct,10
censored,10
koreans,10
stol,10
postpartum,10
levies,10
flanges,10
absolve,10
historiographic,10
nyambegera,10
p.148,10
primitives,10
ammann,10
journalism,10
slicer,10
free-free,10
sublimity,10
aeroplanes,10
fearing,10
n-manifold,10
opiates,10
non-white,10
subtypes,10
extra-european,10
spence,10
graffiti,10
regressing,10
son-in-law,10
verdicts,10
repository,10
sabine,10
penitence,10
nitrifying,10
schematically,10
detainees,10
digestible,10
thenar,10
computationally,10
co-integrating,10
flanking,10
"400,000",10
arthritic,10
für,10
4b,10
wheelwright,10
hilary,10
denotation,10
emden,10
breakages,10
unparalleled,10
gg,10
fgf-10,10
anthropometric,10
relativists,10
schoen,10
exclamation,10
realpolitik,10
aber,10
sarcasm,10
1.5m,10
indonesian,10
baboon,10
td,10
-8,10
conner,10
squires,10
hyperfine,10
perplexing,10
deutscher,10
thankfully,10
non-recursive,10
neologisms,10
revisions,10
potentiality,10
colman,10
scarring,10
mucianus,10
barton,10
pickering,10
professors,10
dwindling,10
triad,10
dirac,10
brecher,10
left-handed,10
transports,10
compensating,10
hastings-bass,10
diachronic,10
capital-labour,10
policy-makers,10
tragedians,10
mendelson,10
ellipse,10
1.10,10
affliction,10
clarín,10
definitelynot,10
vanished,10
burchill,10
browsers,10
ect,10
confronts,10
gritty,10
lad,10
jaundiced,10
luis,10
delving,10
adherents,10
sakabe,10
creases,10
chained,10
swirling,10
moor,10
fine-tuning,10
hotter,10
wilcock,10
ponds,10
cab,10
totalling,10
carboxyl,10
rmax,10
warehouses,10
sheridan,10
fictions,10
lodged,10
loosen,10
tops,10
ent,10
incubate,10
capitalize,10
weberian,10
e3,10
pco2,10
laughs,10
rowley,10
kathleen,10
peptides,10
dot/icm,10
infiltrating,10
csos,10
dt,10
fpe,10
subdued,10
tiling,10
broadest,10
powerplay,10
-1.0,10
plt,10
glvertex3d(-1.732,10
holly,10
intruder,10
p.343,10
umbilical,10
fined,10
inner-city,10
corden,10
consequentialist,10
humus,10
gravels,10
unreliability,10
vatter,10
$1000,10
locks,10
e1,10
uterine,10
particulate,10
wetland,10
reunification,10
excise,10
l.22,10
fodder,10
indulge,10
fir,10
keil,10
expressionism,10
intern,10
starved,10
courtship,10
0.3m,10
reinterpretation,10
construe,10
u5mr,10
r1,10
belizean,10
nebulised,10
imbedded,10
tai,10
figurines,10
η,10
acquaintances,10
ache,10
24th,10
millar,10
barracks,10
gina,10
tractors,10
walt,10
objectivism,10
disclosing,10
cu,10
benthic,10
taboos,10
telomeres,10
angiography,10
glycolytic,10
high-speed,10
methotrexate,10
balloon,10
subsections,10
sacraments,10
padding,10
noses,10
impregnated,10
fgfs,10
carriage,10
consul,10
endoscopic,10
teachability,10
rainsborough,10
maquiladoras,10
evangelization,10
kepler,10
angiosperms,10
zeno,10
gds,10
metafiction,10
despairing,10
analysers,10
unworkable,10
unanimously,10
thoughtless,10
tabs,10
extermination,10
verificationism,10
seneca,10
ecriture,10
orphans,10
pd1.1,10
hooded,10
schism,10
grafton,10
sse,10
gaitskell,10
p45,10
factor-price,10
enshrined,10
appellate,10
jaba,10
user-friendly,10
blonde,10
p59,10
geller,10
phonologically,10
no.21,10
penny,10
transistor,10
printer,10
unfold,10
retaliation,10
kucia,10
glvertex3d(0.0,10
unloaded,10
13.5,10
deictic,10
p163,10
4.1.1,10
inflate,10
adcock,10
gram-negative,10
downloading,10
carburettor,10
open-endedness,10
diffractometer,10
dolphin,10
muchlinski,10
novice,10
saline,10
incite,10
sunken,10
monosyllabic,10
dislocated,10
p109,10
scanner,10
phaedra,10
categorize,10
rosenzweig,10
f-scale,10
sphincter,10
eisner,10
homogenization,10
kai,10
gilligan,10
memberships,10
beth,10
fortuitous,10
invertible,10
ipm,10
disgrace,10
sculpture,10
deceiver,10
mimicked,10
criticizing,10
lofty,10
conceptualized,10
capitalised,10
lightbrown,10
malley,10
throttle,10
seismic,10
envisioned,10
physiologically,10
p.236,10
fig.5,10
rls,10
anthracene,10
politico-economic,10
directorate,10
bzip,10
north-east,10
kettle,10
pbs,10
baillie,10
categorises,10
enveloped,10
tenfold,10
cahill,10
ebm,10
n3,10
disjoint,10
15mins,10
poeclectics,10
traitor,10
emitter,10
claudication,10
sonar,10
folly,10
monoxide,10
non-maleficence,10
p.119,10
signatures,10
well-off,10
epidural,10
bronchitis,10
lymphocyte,10
p.231,10
garton,10
alia,10
10-20,10
non-experimental,10
clocks,10
bicel,10
phytochemicals,10
rss,10
ccgg3,10
ejected,10
lras,10
bazaar,10
confessed,10
artifice,10
fractional,10
misperception,10
astronomical,10
offeree,10
hacker,10
linnaeus,10
millimetre,10
castles,10
neander,10
sandwich,10
despotism,10
underdown,10
reshape,10
ecopsychology,10
calculator,10
poincare,10
cracked,10
myers,10
varian,10
purposefully,10
medicalisation,10
seaton,10
sucked,10
haustorium,10
andes,10
attendants,10
vent,10
qaeda,10
microsensors,10
reviving,10
miguel,10
buy-side,10
15th,10
needy,10
diplomat,10
sol,10
l.6,10
plaques,10
interconnection,10
stopper,10
salty,10
rioting,10
pedestrian,10
unto,10
ipsec,10
geostrophic,10
annotation,10
dump,10
muted,10
tanker,10
pencil,10
coerce,10
flexed,10
ecotourist,10
2θ,10
re-engineering,10
malleus,10
onerous,10
thalamus,10
efflux,10
"9,000",10
horstmanshoff,10
itsm,10
martha,10
roffey,10
disguises,10
well-preserved,10
multi-carrier,10
50g,10
64qam,10
newcastle,10
footsteps,10
scalable,10
automorphisms,10
polit,10
repeal,10
vampires,10
expressively,10
non-western,10
journalistic,10
primed,10
overrule,10
0total,10
fenced,10
aa4,10
pre-emptive,10
utr,10
handmaids,10
dann,10
supervise,10
niacin,10
m16c,10
clements,10
olympics,10
celts,10
fundamentalism,10
npi,10
eachother,10
perkin,10
francophones,10
colicky,10
isotopic,10
wetlands,10
lessens,10
scares,10
mathematic,10
p18,10
selinker,10
contestation,10
p.141,10
chronicles,10
bsq,10
costanzo,10
metronidazole,10
ringing,10
falsifiable,10
own-brand,10
pasta,10
overflow,10
aug,10
epoxy,10
end-user,10
p.166,10
iamo,10
inrena,10
pp.2,10
summarizing,10
led7,10
hominins,10
dobash,10
amplifies,10
synchronised,10
mattered,10
refunds,10
hindess,10
daphne,10
traverse,10
9v,10
thuc,10
gibbon,10
nalidixic,10
freeborn,10
xss,10
empathise,10
tennessee,10
wimp,10
p81,10
complicity,10
p71,10
alberta,10
acidified,10
mendenhall,10
fdr1234,10
huntley,10
ipratropium,10
non-accounting,10
weird,10
ferocious,10
x-direction,10
calcification,10
weaver,10
shaving,10
factor-intensity,10
tyrants,10
-the,10
portb,10
apprentice,10
jeannette,10
propelled,10
spacer,10
allegation,10
serpentina,10
zinoviev,10
dessert,10
scrutinise,10
likert,10
50:50,10
finch,10
strang,10
10cm,10
washings,10
theologians,10
tout,10
allocates,10
p20,10
flynn,10
porsche,10
1.96,10
bravely,10
scrutinize,10
materially,10
stephenson,10
pericardial,10
mobilizing,10
expended,10
onk,10
koenig-archibugi,10
hurting,10
arrowsmith,10
eclipsed,10
prudential,10
shapiro-stiglitz,10
leninist,10
victimised,10
estranged,10
harcourt,10
0.50,10
cruttenden,10
rams,10
rulings,10
purposely,10
hurtfulness,10
infringing,10
bitterly,10
duckworth,10
cathedral,10
orac,10
bloomsbury,10
toa,10
stains,10
skilfully,10
23(6,10
a5,10
mukti,10
ehrr,10
polymeric,10
biophysical,10
penn,10
forcible,10
thermally,10
dock,10
contrived,10
confine,10
1d,10
macleod,10
shadowing,10
coasts,10
coaches,10
curing,10
free-trade,10
u0,10
princeps,10
temporality,10
"2,3",10
cryptographic,10
supersymmetry,10
envious,10
supposing,10
defies,10
mystique,10
mlr,10
léon,10
akrotiri,10
haphazard,10
6(1,10
gass,10
unquestionable,10
elongated,10
operatively,10
streamer,10
insignificance,10
unfolds,10
non-moral,10
vase,10
safest,10
blurs,10
physicalist,10
tapes,10
doorways,10
slider,10
unwittingly,10
tensometer,10
mouths,10
17.01.2006,10
in-group,10
birely,10
juxtaposing,10
abolitionist,10
boxer,10
ramada,10
classifier,10
geopolitics,10
mo,10
handicap,10
crbcs,10
45°,10
cytoskeleton,10
intelligences,10
post-structuralism,10
abstractions,10
monotherapy,10
carassius,10
mathews,10
bakeries,10
valvular,10
christine,10
premised,10
sward,10
headspace,10
sokoloff,10
predictably,10
equitability,10
oxygenated,10
palpebral,10
so(3,10
spinach,10
overestimation,10
michaelis,10
merciless,10
outputted,10
mocking,10
16-qam,10
monomeric,10
a+,10
unwarranted,10
wiring,10
cleeve,10
microclimate,10
whitbread,10
injector,10
taxing,10
fertilized,10
sq[i,10
confederate,10
ominous,10
stakes,10
marcom,10
expansionism,10
systematics,10
devout,10
arthroplasty,10
spss,10
glvertex3d(1.732,10
madeline,10
bachelors,10
beswick,10
satiric,10
sponsor,10
6.8,10
strapped,10
emblem,10
sinks,10
12-13,10
dwell,10
tsarism,10
eskimo,10
kn,10
lipoprotein,10
aspired,10
;--when,10
canaan,10
confiscation,10
infiltrate,10
fine-tune,10
arrests,10
foresaw,10
predicative,10
expend,10
remembers,10
royalists,10
sitagroi,10
tongues,10
mat,10
photoreceptor,10
anarchists,10
pens,10
bernhard,10
tegmental,10
contextualised,10
dedicate,10
daring,10
g/100,10
manuel,10
cgmp,10
bapna,10
ravaged,10
δp,10
traveled,10
clump,10
nur,10
oedipal,10
reserving,10
15ml,10
centripetal,10
alexandria,10
seizing,10
bignell,10
sues,10
sparks,10
msc,10
stereocilia,10
hulburt,10
e-enable,10
levelling,10
h20,10
metrical,10
ahistorical,10
mss,10
skip,10
bctf,10
amg,10
disarming,10
warhurst,10
evacuated,10
shackleton,10
sven,10
disruptions,10
electrophoretic,10
agonistic,10
godwin,10
reportedly,10
concealment,10
elucidating,10
conceding,10
opines,10
cardholder,10
demagogue,10
exiled,10
homely,10
reused,10
0.15,10
lindsay,10
arthroscopy,10
gal,10
ecologists,10
wholeness,10
municipalities,10
durant,10
co-codamol,10
cookworks,10
baltic,10
incessant,10
negotiable,10
win-win,10
500m,10
surgically,10
zeroed,10
market-friendly,10
gospel,10
dared,10
thrombus,10
apprehensive,10
coulthard,10
rath,10
finney,10
plating,10
let-99,10
quarks,10
cemented,10
swann,10
procure,10
stoic,10
rubin,10
unequivocal,10
co-efficient,10
winderickx,10
adkins,10
moorlands,10
ganz,10
dobres,10
shrunk,10
knap,10
haploid,10
conquistadors,10
encarta,10
concisely,10
internationalist,10
internationalists,10
shielded,10
masse,10
disseminating,10
cocktails,10
sordid,10
unambiguously,10
epitope,10
perseverance,10
1-6,10
vanity,10
tragically,10
raster,10
barring,10
hayslope,10
preset,10
unced,10
dig,10
guantanamo,10
sever,10
uso,10
fork,10
vttr,10
morbid,10
cmos,10
incongruent,10
resourceful,10
delegating,10
hedgers,10
squash,10
miscommunication,10
landfill,10
chelating,10
mattli,10
indecent,10
portrayals,10
bicycle,10
infantry,10
encroaching,10
hum,10
unctad,10
cognitivism,10
donating,10
neutrophils,10
exudate,10
primal,10
2000a,10
wirs,10
sigmund,10
boden,10
revolutionized,10
*via_ora,10
activator,10
sow,10
coniferous,10
mephastophilis,10
banded,10
cob,10
astrazeneca,10
subverted,10
leftists,10
tumbling,10
spectrogram,10
fixated,10
aircrafts,10
organisers,10
immunological,10
citrus,10
clerks,10
fatally,10
electra,10
fianna,10
alright,10
petersburg,10
freehold,10
backlog,10
aca,10
metcalf,10
karmiloff-smith,10
martians,10
injuring,10
angled,10
widens,10
disclaimer,10
over-arching,10
electors,10
themed,10
coir,10
trigonal,10
1996b,10
unbelievable,9
caseins,9
cowper,9
cuckoo,9
pelvic-femoral,9
believable,9
siegfried,9
brovkin,9
rjp2,9
depositors,9
hf/6-31+g(d,9
n-dimensional,9
visualising,9
useable,9
walden,9
collectors,9
skillful,9
glued,9
evicted,9
jk,9
axel,9
sub-system,9
daddy,9
calming,9
outspoken,9
p.165,9
collage,9
dieticians,9
disjunction,9
wealthiest,9
p/e,9
passports,9
honor,9
stockton,9
surf,9
sharman,9
subcontractors,9
midnight,9
skimming,9
guise,9
saloon,9
g/l,9
futures,9
eisenhower,9
tachyon,9
urbanism,9
python,9
stockholm,9
gable,9
ripped,9
masking,9
etched,9
ropes,9
harrington,9
differentiable,9
aquarium,9
dermatology,9
stephanos,9
mh,9
narrows,9
glycation,9
epigenetic,9
hospitalised,9
freewill,9
rasmussen,9
blockage,9
non-contradiction,9
wholeheartedly,9
£20,9
burdensome,9
debbie,9
lairsonal,9
studios,9
ballybeg,9
instore,9
negating,9
swarming,9
approximating,9
woodrow,9
presuming,9
barred,9
conundrum,9
b12,9
animations,9
causa,9
phosphorous,9
eloquent,9
trina,9
outpatients,9
bmwp,9
ids,9
greig,9
ij,9
uts,9
kernel,9
tetrahydrofuran,9
enantiomer,9
abbot,9
garraty,9
patchwork,9
solidity,9
triplicate,9
noone,9
benn,9
income-tax,9
enantiomeric,9
ois,9
unlawfully,9
agms,9
"7,000",9
amanda,9
dissuade,9
seng,9
worsens,9
hydrogenation,9
subdivision,9
ley,9
situating,9
sanford,9
re-written,9
reticulum,9
glandular,9
spar,9
kg/m,9
employability,9
pyrite,9
vaporisation,9
infra,9
punishes,9
stuffs,9
slid,9
pcns,9
ketones,9
ripper,9
manufactory,9
starve,9
sang,9
bulge,9
coleoptera,9
t-value,9
temptations,9
syncretism,9
hyland,9
q4,9
supranationalism,9
masterscorer,9
gorillas,9
centring,9
redirected,9
nicotinic,9
impersonality,9
recourses,9
illocutionary,9
anti-semitism,9
mail-order,9
kerbogha,9
clergymen,9
p8.2,9
prepositional,9
amazons,9
disorderly,9
rc4,9
ref.1,9
"1,500",9
pgm,9
retorting,9
vn,9
armenians,9
aegisthus,9
macbrayne,9
liden,9
proliferated,9
howar,9
sparkes,9
four-dimensional,9
tregear,9
towering,9
greenhouses,9
dangereuses,9
landmarks,9
respired,9
edelman,9
effectual,9
welding,9
transposase,9
plunkett,9
shutdown,9
fermions,9
compressor,9
bordeaux,9
4m,9
incapacity,9
ny,9
teare,9
dystrophy,9
hebrides,9
devising,9
straying,9
wadsworth,9
p98,9
crs,9
under-5-mortality,9
sua,9
mindful,9
ri,9
catchment,9
epicycles,9
lunatic,9
menial,9
cleopatra,9
biosynthesis,9
socio,9
nicolson,9
volcano,9
biocides,9
tapped,9
pigmentation,9
medici,9
periodical,9
abbreviations,9
synergies,9
roderick,9
hendrix,9
godivaville,9
public/private,9
stubble,9
capsular,9
führer,9
bronchiolitis,9
ºc,9
0.45,9
nathaniel,9
self-perpetuating,9
niace,9
semi-conductor,9
p.154,9
stylised,9
m-2,9
gloss,9
podzolisation,9
dreamed,9
lica,9
sub-groups,9
weary,9
superordinate,9
p.210,9
sil,9
brée,9
reer,9
anchises,9
inequitable,9
plog,9
kurt,9
raby,9
admittance,9
enormity,9
profession-specific,9
tse,9
jerusha,9
low-fat,9
sbragia,9
infundibulum,9
miriam,9
monotony,9
arsenal,9
paulsen,9
l.23,9
cts,9
glycoprotein,9
pasteur,9
immunisation,9
barbarous,9
kennedy-pipe,9
religiosity,9
2-d,9
p54,9
milford,9
buxton,9
inherits,9
pitting,9
oppressing,9
co-existed,9
trachea,9
serene,9
2.00,9
adverbial,9
justiciable,9
octahedron,9
recommending,9
conti,9
dragging,9
co-operating,9
pillowman,9
gyromagnetic,9
preached,9
jimmy,9
moi,9
adjustable,9
mössbauer,9
slowness,9
nordic,9
high-risk,9
ferredoxin,9
novak,9
cysts,9
propulsion,9
heidensohn,9
washer,9
ad)pgm,9
anglophones,9
rotwang,9
boella,9
borghouts,9
doubtless,9
rcn,9
terence,9
gargett,9
adapts,9
conformer,9
attenuate,9
maxworthy,9
goldhill,9
p.209,9
anthocyanidins,9
turkmenistan,9
ordinarily,9
0.05m,9
p212,9
reorganised,9
9.7,9
explosions,9
commended,9
foodstuff,9
biodegradable,9
cadet,9
ovum,9
usurpation,9
flouts,9
phospholipid,9
pavlov,9
ncbi,9
belly,9
correlational,9
presided,9
scratching,9
warist,9
informality,9
evocative,9
case-law,9
unfree,9
attica,9
vegetations,9
beakers,9
dsl,9
infrequently,9
helpfulness,9
barrels,9
bedford,9
immunocompromised,9
savagery,9
blower,9
downturns,9
messner,9
ileus,9
teas,9
dizzy,9
machiavellian,9
redirect,9
miliband,9
fickle,9
looming,9
papa,9
ff-ff,9
methodologically,9
isoleucine,9
",al",9
kemphues,9
p.132,9
self-identity,9
tamango,9
robbed,9
liminality,9
negotiators,9
subsided,9
mourn,9
canterbury,9
tubers,9
crepitations,9
cod,9
advisor,9
genitive,9
rightness,9
reiterating,9
aap,9
singaporean,9
imperium,9
-w,9
technocrats,9
beauchamp,9
fibroblast,9
excuses,9
phallus,9
defying,9
fared,9
bateman,9
furtherance,9
emptied,9
kula,9
maspinn,9
pauli,9
p-a,9
gunning,9
eger,9
gchq,9
readable,9
pilgrimage,9
gallons,9
walpole,9
high-income,9
boosts,9
procuring,9
francophone,9
dilatation,9
kassin,9
editorials,9
engrained,9
boyne,9
esterase,9
webct,9
sanctuaries,9
xvii,9
leontes,9
simulator,9
key-factors,9
bian,9
sanity,9
thawing,9
sexiphenyl,9
aerosols,9
sharples,9
dickman,9
kronos,9
colloidal,9
enantioselective,9
czechoslovakia,9
formatted,9
critiquing,9
reinstated,9
hail,9
re-launch,9
initialised,9
eigenvectors,9
capp,9
sonorous,9
on-call,9
wavy,9
forerunner,9
adjectival,9
dismissive,9
congested,9
sexism,9
clemency,9
amphorae,9
grandees,9
cctv,9
mannerisms,9
drc,9
impatience,9
knocking,9
sybil,9
showcase,9
bowed,9
undiscovered,9
grandparents,9
gottesman,9
yalta,9
ferrari,9
e,9
genitourinary,9
abusers,9
pint,9
imparted,9
apocalyptic,9
harassed,9
turnaround,9
workforces,9
mirage,9
huggins,9
cannulated,9
taut,9
kindly,9
outflows,9
buiter,9
parkin,9
hobby,9
loess,9
sigmoidoscopy,9
thrived,9
cram,9
fhm,9
circe,9
flushed,9
cytokine,9
haemagglutinin,9
pellet,9
offsets,9
jesuits,9
dutton,9
archbishop,9
lioness,9
spawned,9
outperformed,9
fluoxetine,9
surrendered,9
mistral,9
gloomy,9
pears,9
mcguire,9
grbich,9
bakhtin,9
repairing,9
lutheran,9
rot3,9
downtown,9
tormented,9
hoque,9
pinning,9
stabilisers,9
non-domestic,9
breder,9
intergrase,9
brett,9
sncc,9
renshaw,9
dutiful,9
elsie,9
nvz,9
worded,9
dependencies,9
cookbooks,9
balassa,9
secondarily,9
welcomes,9
kavanagh,9
functionalists,9
regionalisation,9
southwest,9
exophoric,9
unruly,9
rae,9
checkout,9
otherness,9
impinge,9
endoplasmic,9
dumas,9
sparing,9
clyde,9
subcontracting,9
mochizuki,9
pre-menopausal,9
p.307,9
pyre,9
adjuvant,9
tawana,9
aphorism,9
peripheries,9
anionic,9
pitiable,9
leech,9
chung,9
depositing,9
leases,9
interrelations,9
bastille,9
hyponymy,9
melquiades,9
beam-type,9
lionesses,9
overrides,9
woollin,9
soldering,9
mortem,9
onward,9
disinfectant,9
shunned,9
20cm,9
sfas,9
deducing,9
believers,9
keller,9
1870s,9
expedient,9
frustrations,9
macroinvertebrates,9
co-occurrence,9
chairperson,9
breaths,9
dualist,9
interdependencies,9
parenteral,9
filing,9
alps,9
netting,9
reisinger,9
marmosets,9
subscribes,9
whiter,9
qualms,9
enthusiasts,9
fernández,9
tier,9
epithets,9
tradable,9
typhus,9
metics,9
cml,9
bowden,9
weathered,9
behrens,9
newfound,9
par-5,9
shrouded,9
posting,9
drunkenness,9
surjective,9
hut,9
nickson,9
matures,9
chossudovsky,9
weeding,9
emasculated,9
"6,000",9
neoplastic,9
tidal,9
ovens,9
inhalers,9
axonal,9
replica,9
mechanisation,9
sub-systems,9
exclaimed,9
isoquants,9
misalignment,9
yo,9
whistle,9
selections,9
unloading,9
sigh,9
kp,9
7.7,9
trimming,9
invests,9
septic,9
curr,9
obliterated,9
health-related,9
patient-centred,9
sentinel,9
gale,9
kenge,9
anoxic,9
ferrell,9
oklahoma,9
eagerly,9
citrate,9
generis,9
dissident,9
laterally,9
pergamon,9
electromagnetism,9
blueberry,9
unrepresentable,9
rattle,9
electrogoniometer,9
subordinating,9
pauper,9
appeasing,9
wilcox,9
withered,9
spasm,9
rambler,9
fiedler,9
indulgence,9
outlying,9
gerber,9
curtail,9
insertions,9
p64,9
shines,9
ultraviolet,9
unassociated,9
2n,9
schiffer,9
shipments,9
hendrick,9
parole,9
zola,9
lancaster,9
ebit,9
sheth,9
dysarthria,9
colonel,9
intercontinental,9
upturn,9
lounge,9
infecting,9
perfetti,9
relocating,9
peritoneum,9
involuntarily,9
childress,9
supraspinatus,9
gp15,9
broadleaf,9
incision,9
vigenère,9
caesium,9
potion,9
agis,9
fervour,9
erase,9
wed,9
renton,9
pluralists,9
defaulting,9
baptist,9
steppe,9
urgently,9
mikołajczyk,9
inroads,9
loin,9
commoners,9
unilateralist,9
abruptly,9
self-sustaining,9
assaults,9
shelters,9
maoism,9
diez,9
staphtect,9
demonstrable,9
p21,9
gleaned,9
misconduct,9
complexion,9
dystopic,9
generalism,9
dryer,9
mouthwash,9
burglary,9
blames,9
withstanding,9
ten-year,9
tilting,9
3.4.1,9
truthfully,9
hampering,9
cmlr,9
fated,9
haste,9
replenished,9
nonparametric,9
gtp,9
discerning,9
fawc,9
valvata,9
dishonour,9
jacs,9
gst,9
timetables,9
t*,9
reichsprotektor,9
vaughn,9
absolutism,9
killings,9
karyoukai,9
cuboids,9
oxidant,9
inconsequential,9
moreland,9
zeroing,9
laborious,9
blackburn,9
perfected,9
councillors,9
broodiness,9
concurrence,9
biol,9
springing,9
memorable,9
foley/2001,9
laptops,9
"15,000",9
nettleton,9
dipolar,9
heaped,9
ch7,9
gallafent,9
condom,9
stigmatising,9
mon,9
glow,9
desmopressin,9
circularly,9
2002a,9
malice,9
rosenberg,9
cuzco,9
childish,9
trompf,9
chater,9
xp,9
indivisibility,9
commonsense,9
ventured,9
ecmr,9
snares,9
1990:5,9
stepwise,9
oxidized,9
waterstones,9
oration,9
pair-wise,9
micro-débitage,9
p.138,9
flavonoids,9
liquor,9
walton,9
coastline,9
combe,9
thylakoids,9
-helices,9
prosecuting,9
radiates,9
inscriptions,9
chiefdom,9
phobia,9
latency,9
gileadean,9
mallin,9
bainton,9
sw0,9
anew,9
formula-1,9
moran,9
profane,9
biaryl,9
3.1.3,9
echolocation,9
galbraith,9
powders,9
arbiter,9
defeats,9
eco-friendly,9
scant,9
penance,9
wicker,9
thrill,9
nucleation,9
dyes,9
backscatter,9
p27,9
ulnar,9
factbook,9
handlers,9
naylor,9
lazarus,9
resazurin,9
definable,9
regenerating,9
crest,9
delineates,9
damnation,9
industrialising,9
fyzee,9
antitrust,9
crashed,9
fixtures,9
k-manifold,9
/b/,9
mallon,9
pertain,9
sala,9
looting,9
p-values,9
condit,9
subsystem,9
landau,9
coordinator,9
mg/ml,9
consonance,9
cravings,9
obiter,9
wrists,9
pgcs,9
spenser,9
multimedia,9
saxons,9
liaise,9
n8,9
:4,9
fungicides,9
neocortex,9
fid,9
kelliher,9
alkene,9
lunchtime,9
ravens,9
corpses,9
donnelly,9
z3,9
baxandall,9
cowardly,9
glorified,9
customize,9
knossos,9
whiteford,9
many-to-many,9
turban,9
quadrants,9
"12,000",9
postoperative,9
prioritising,9
wardle,9
voyager,9
quantisation,9
abolitionists,9
dug,9
eichmann,9
antlers,9
tgwu,9
pvuuu,9
özbek,9
cancelling,9
≥,9
weibe,9
subsystems,9
highheuristics,9
rave,9
sketches,9
20°,9
inhabitant,9
kellogg,9
legislate,9
journeyed,9
fig.4,9
improperly,9
austere,9
social-cultural,9
humiliating,9
deified,9
layouts,9
xp50d20,9
famed,9
polarities,9
dk,9
nira,9
delicacy,9
2.4.1,9
hare,9
redistributing,9
3.3.2,9
hyperplasia,9
tps,9
retrograde,9
typhon,9
kolonychia,9
coder,9
reinhardt,9
contests,9
asians,9
recalculated,9
post-colonial,9
parliaments,9
pericentric,9
l.7,9
curiously,9
γ(n,9
cilia,9
pteridium,9
15cm,9
nim,9
disengagement,9
invariants,9
pasteurization,9
marsden,9
roar,9
misogynistic,9
5d,9
jazz,9
diplomats,9
obscuring,9
chubb,9
controversially,9
georges,9
manifestly,9
endplates,9
prosecutorial,9
siguaw,9
eamon,9
trialled,9
ge,9
vineyard,9
fdr875,9
imperialistic,9
autocrat,9
cents,9
hoey,9
dalby,9
perceptible,9
blasé,9
forums,9
shoemaker,9
denzin,9
recount,9
mockery,9
deactivated,9
sweats,9
müller,9
subsidiarity,9
tidy,9
shamir,9
p.156,9
anthrax,9
leaping,9
strategising,9
gift-giving,9
lawsuits,9
helper,9
cross-functional,9
sexualities,9
west-european,9
pastry,9
jaeger,9
ug,9
interpolation,9
correlograms,9
theorise,9
patently,9
popped,9
rene,9
ajax,9
smith-rosenberg,9
biceps,9
viking-age,9
cdu,9
psycholinguists,9
benner,9
tp,9
sub-adult,9
inciting,9
aloof,9
litigants,9
clouded,9
confessional,9
scientology,9
leeuwis,9
neue,9
transpiration,9
verge,9
orang-utan,9
dissociate,9
feminised,9
spd,9
deconstructing,9
staffordshire,9
mandated,9
disaffection,9
palpated,9
conjunctivae,9
p-1)(q-1,9
babilonia,9
holladay,9
crosland,9
goldthorpe,9
30-40,9
hh,9
queens,9
savidov,9
rumbold,9
cross-polarised,9
wren,9
fists,9
premiership,9
hypervariable,9
destabilize,9
tick,9
stagflation,9
kohler,9
insurmountable,9
praxis,9
jacobson,9
diagnostics,9
sharpened,9
40m,9
escr,9
substantiates,9
psychopathic,9
bays,9
1.2.1,9
meltzoff,9
modems,9
3-5,9
kth,9
cmnd,9
operon,9
promisor,9
ribosome,9
hoarding,9
1/3,9
rationalisation,9
aceramic,9
juveniles,9
colahan,9
s-electrons,9
iprs,9
groom,9
proximities,9
gestalt,9
wordperfect,9
interferences,9
p.136,9
skeptics,9
adulterous,9
antconc,9
altmann,9
sip,9
stepping-stone,9
introductions,9
shurman,9
libertarian,9
midsummer,9
topb,9
maenad,9
cyclades,9
peppers,9
pragmatically,9
suitors,9
thematically,9
segmental,9
interlocking,9
cfu/g,9
juniors,9
electrowetting,9
hythloday,9
agriculturally,9
greens,9
middleman,9
aerials,9
irritating,9
summons,9
wagon,9
padua,9
value-judgment,9
northerners,9
carson,9
hinchliff,9
2.2.3,9
frail,9
reconstructions,9
oyster,9
sense-certainty,9
100cm,9
marilyn,9
thieves,9
bullion,9
ignite,9
lockmanager,9
piglets,9
csfs,9
collateralised,9
photodiode,9
middle-aged,9
mind-brain,9
theorised,9
bierens,9
fordham,9
theodicies,9
retirees,9
frivolous,9
c-side,9
rnas,9
relics,9
shine,9
self-actualization,9
ses,9
imperialists,9
posthumous,9
armchair,9
securitization,9
amassed,9
automated),9
paternity,9
moos,9
p77,9
laughlin,9
sui,9
rim,9
replenish,9
espouses,9
interrelationship,9
rees,9
dlr,9
chucks,9
siren,9
tycho,9
trays,9
dialog,9
corps,9
extensiveness,9
melanoma,9
goodbye,9
clumsy,9
romeo,9
tennenhouse,9
mitleid,9
vegetal,9
thg,9
impressionism,9
pettegree,9
sightseeing,9
nicotine,9
langford,9
larbaud,9
schweilen,9
hypercholesterolaemia,9
referents,9
cluttered,9
slavonic,9
faq,9
zur,9
glamorous,9
synonyms,9
liberalists,9
wnt8c,9
monolithic,9
unknowable,9
"£100,000",9
diffuses,9
mammoths,9
elvsted,9
18f452,9
lichens,9
acculturation,9
mineralization,9
adoptive,9
cmht,9
velar,9
luggage,9
cataracts,9
ambience,9
cradle,9
surcharge,9
penalised,9
60s,9
alliterative,9
last-born,9
equip,9
·,9
probit,9
supremely,9
sabotage,9
summits,9
glasson,9
killers,9
prussian,9
psychodynamic,9
nicomachean,9
disagreeable,9
crossett,9
schwarz,9
giddins,9
frazer,9
12mm,9
plunged,9
itchy,9
iterated,9
ruggie,9
heartburn,9
stagnated,9
chs,9
aliens,9
clichés,9
w/w,9
gsm100t,9
trophic,9
ebusiness,9
rushall,9
datasets,9
betray,9
ruminants,9
intramolecular,9
altroy,9
dares,9
reunited,9
renown,9
spindles,9
denounces,9
sometime,9
meshing,9
ptc,9
vusi,9
batiatus,9
voltaire,9
overdraft,9
sibling,9
insularity,9
lytic,9
nzomo,9
non-violence,9
naive,9
newlist,9
ehrenreich,9
sporadically,9
inequities,9
fluerics,9
all-powerful,9
cabinets,9
centrosomes,9
p.213,9
agarose,9
mid-range,9
capped,9
unlocking,9
hassle,9
sean,9
machos,9
goebbels,9
roth,9
departing,9
glezer,9
downfalls,9
zapatista,9
vaccinations,9
lowenberg,9
multicellular,9
tayeb,9
ebb,9
orthographic,9
syntactical,9
traditionalist,9
descend,9
pmh,9
mcsweeney,9
greetings,9
cd-rom,9
enclose,9
p41,9
announcing,9
hurry,9
instigating,9
climbs,9
word-of-mouth,9
irritated,9
hallmark,9
dtnb,9
untrained,9
deliberations,9
whiting,9
pricewaterhousecoopers,9
mw,9
1798-1998,9
amoebas,9
pappas,9
fisherman,9
yavetz,9
tot-state,9
clamps,9
wreck,9
msap,9
whittaker,9
emasculation,9
spiralling,9
pvc,9
pestilence,9
gp14,9
hypothesized,9
variously,9
vol1,9
fishermen,9
self-management,9
myopic,9
lunacy,9
heathen,9
soothing,9
immobility,9
sparingly,9
madiganal,9
consociational,9
markup,9
zero-order,9
mitral,9
abrasive,9
pants,9
jpg,9
omnivorous,9
100m,9
nightclub,9
pointers,9
gasses,9
nanoparticles,9
407-420,9
pandora,9
0.22,9
authenticated,9
paving,9
non-covalent,9
barston,9
two-fold,9
domesticates,9
tau,9
vocations,9
eurasia,9
mccoll,9
aptheker,9
auspices,9
5s,9
0.2m,9
menn,9
austenitic,9
taint,9
joan,9
casp,9
uv-visible,9
cholera,9
ortho,9
water-soluble,9
amari,9
multimodal,9
granddaughter,9
1971a,9
vcjd,9
mendel,9
bowls,9
trisomy,9
sub-samples,9
feasibly,9
turnpike,9
teac,9
dresses,9
polytheism,9
celebrities,9
lim,9
madhouse,9
icj,9
descends,9
sylvia,9
decreed,9
rnase,9
osi,9
eq.3,9
manova,9
pooling,9
raphael,9
14-15,9
poetics,9
plugged,9
817m40,9
polarizing,9
reddish,9
c(t,9
pre-processing,9
replying,9
ceasing,9
claw,9
ileum,9
iciss,9
argentines,9
spurt,9
sandra,9
kid,9
ascribes,9
invincible,9
jung,9
implants,9
5m,9
phuket,9
dudgeon,9
fleece,9
becky,8
brauer,8
outbursts,8
credibly,8
bioelectrical,8
94˚,8
despondency,8
tame,8
long-haul,8
ars,8
trampled,8
ordeal,8
crucibles,8
abscesses,8
micelle,8
kiosk,8
curses,8
cq,8
p126,8
henrik,8
rowlands,8
lrt,8
androgynous,8
purcell,8
0.60,8
aligns,8
paralanguage,8
punched,8
collard,8
rake-out,8
preaching,8
catabolism,8
oppositely,8
newbury,8
"£30,000",8
pardo,8
jennifer,8
2.5ml,8
p24,8
embarrassed,8
oocytes,8
popularised,8
-satellite,8
licensee,8
non-finite,8
0.5mm,8
2006②,8
comparably,8
polytheistic,8
three-quarters,8
civility,8
marathon,8
distinctively,8
condoned,8
infringe,8
stent,8
traction,8
herdsman,8
downplayed,8
quintessential,8
bassett,8
assembles,8
dutt,8
unsuccessfully,8
diaz,8
consumptions,8
interventionism,8
wretched,8
depersonalised,8
thistle,8
engerman,8
kenner,8
mysql,8
dispersive,8
hobley,8
zealous,8
larry,8
luoma,8
mayan,8
interlanguage,8
inclusiveness,8
rebut,8
retard,8
selmer,8
naples,8
kyriakou,8
workstation,8
zeitz,8
filename,8
asch,8
affricates,8
carver,8
hinchingbrooke,8
fev,8
simulates,8
animates,8
humm,8
zeroes,8
fourfold,8
behaviorism,8
altram,8
bramley,8
recapture,8
outlawed,8
irwin,8
delineation,8
unorganised,8
clumps,8
allegiances,8
diffusing,8
self-referencing,8
mesolimbic,8
mythologies,8
open-source,8
overlapped,8
augustinian,8
stalk,8
chaired,8
strategists,8
bolton,8
cerebrovascular,8
phosphorylated,8
slapper,8
cote,8
singularly,8
parkes,8
motta,8
savannah,8
communitarians,8
week-old,8
fy,8
dials,8
caters,8
anaphora,8
abril,8
°f,8
interrogate,8
foreigner,8
banding,8
moscovici,8
cleansing,8
beardsworth,8
disproving,8
effortlessly,8
roos,8
ferry,8
mind-set,8
embed,8
cbi,8
acceptors,8
insured,8
oppressor,8
bovis,8
leaking,8
hound,8
thirty-five,8
pierre,8
prolactin,8
kenyon,8
yhat,8
diction,8
mover,8
trapezoidal,8
pedestrians,8
cobley,8
paddy,8
holonym,8
groundnuts,8
stalemate,8
sculptures,8
aristocrat,8
seduce,8
splenomegaly,8
interpreters,8
organiser,8
transpose,8
long-,8
crazy,8
unconstrained,8
exhausts,8
conjuncture,8
garments,8
omen,8
protozoa,8
post-graduate,8
ohio,8
cost-push,8
chirac,8
commuting,8
p.208,8
jpeg,8
cornflakes,8
splinter,8
pre-school,8
elbows,8
transmissions,8
magnolia,8
oikos,8
nitrogenous,8
nickel(ii,8
existences,8
permissions,8
multi-storey,8
perú,8
restores,8
meat-eating,8
hanks,8
generalisable,8
waived,8
depopulation,8
aliquot,8
mucosal,8
fdr440,8
fixture,8
hawthorn,8
seligman,8
070m55,8
infantile,8
ccch,8
biliary,8
elisabeth,8
maple,8
roses,8
meltdown,8
biorad,8
disgruntled,8
couch,8
unenforceable,8
glaucon,8
laments,8
effeminate,8
for(i,8
lightman,8
painfully,8
mrbcs,8
earthworms,8
vagrant,8
subcategory,8
l.11,8
soybean,8
jumblies,8
par-3/par-6/pkc-3,8
raf,8
trans-national,8
visuo-spatial,8
surrey,8
photosynthesise,8
dichotomous,8
adversity,8
fore-,8
hid,8
hepatocellular,8
courting,8
remedios,8
scheming,8
intramuscular,8
mainframe,8
photomultiplier,8
non-athenian,8
forearm,8
pivots,8
nairobi,8
aiello,8
legacies,8
withholding,8
reattachment,8
pempel,8
irrefutable,8
await,8
22nd,8
bung,8
grinder,8
stabbed,8
history-,8
incomparable,8
paediatricians,8
monsoon,8
mastny,8
evaded,8
mais,8
hodgart,8
illinois,8
manuscripts,8
0.5cm,8
sportsmen,8
yu,8
csc,8
alibi,8
icts,8
tar,8
saliagos,8
reassessed,8
devils,8
magnusson,8
était,8
orchestrating,8
a3,8
godlike,8
kathryn,8
haemostatic,8
fibrinogen,8
sweeter,8
uncontroversial,8
nexis,8
millstone,8
alden,8
nomads,8
tropes,8
hogarth,8
juncture,8
botrytis,8
heed,8
danvers,8
philosophically,8
oxidants,8
delay(,8
dagger,8
pervading,8
ratification,8
"14,000",8
middens,8
ferns,8
l.13,8
enz,8
amin,8
legitimated,8
perish,8
microprocessors,8
forfeited,8
resolvent,8
otsp,8
faltering,8
horner,8
matrimony,8
menander,8
gigantic,8
shone,8
aversive,8
geertz,8
baptista,8
mimicking,8
meconium,8
leagues,8
p100,8
cowie,8
mendelian,8
mated,8
heel,8
crowding,8
expansions,8
statesmen,8
subside,8
millennial,8
idyllic,8
refinements,8
hydrocarbons,8
hashimoto,8
accentuating,8
horseback,8
£10,8
shennan,8
szelényi,8
banaji,8
avian,8
environmentalist,8
p80,8
2001:1,8
nickelsburg,8
padlock,8
cohorts,8
$40,8
boniface,8
defiling,8
fracturing,8
disorganisation,8
averagely,8
connectedness,8
budesonide,8
epigrams,8
deposed,8
l.9,8
rosalyn,8
retreating,8
zerkow,8
neurology,8
marjorie,8
householder,8
cascades,8
whip,8
horwitz,8
parris,8
hpc,8
unrivalled,8
plausibly,8
televisions,8
retinaculum,8
jul,8
exquisite,8
floodplain,8
ontologically,8
tung,8
lesley,8
qbd,8
holdsworth,8
puerto,8
400x400x500mm,8
5×10,8
capitals,8
despedaçado,8
analogue-to-digital,8
b-raf,8
johannesburg,8
rosette,8
displaces,8
visualize,8
hortalus,8
reminders,8
definitively,8
windscreen,8
tulchin,8
tupolski,8
tenenhaus,8
proximal-distal,8
jintao,8
ruthlessly,8
eyewitness,8
korsakoff,8
asexual,8
genotypic,8
double-edged,8
swales,8
semblance,8
waelbroeck,8
parsimonious,8
paribus,8
icescr,8
sense-datum,8
evolutionists,8
theorizing,8
dignified,8
weal,8
unproblematic,8
gender-based,8
wilberforce,8
non-renewable,8
ahmed,8
cpm,8
opensg,8
takers,8
bikes,8
re-examine,8
electrochemical,8
smeared,8
®,8
pythagorean,8
psoriasis,8
rankings,8
diego,8
halsey,8
samore,8
tingle,8
tides,8
malformations,8
chipped,8
monotheism,8
0.10,8
25-35,8
hy-lite,8
enron,8
complimented,8
zero-sum,8
reward-relevant,8
progenitors,8
historia,8
pernicious,8
codons,8
endlessly,8
overthrown,8
nc,8
villainous,8
composers,8
funerals,8
reeves,8
1.25,8
uprooted,8
pubic,8
occitan,8
petronius,8
fragrance,8
fortunato,8
genoese,8
contra,8
sheehan,8
watertight,8
relevantly,8
laughed,8
palpably,8
exchange-rate,8
extensor,8
bushes,8
roaring,8
degler,8
irrelevance,8
claustrophobic,8
brucker,8
mcmaster,8
burnout,8
2004:2,8
sonic,8
calhoun,8
nominations,8
pies,8
decompose,8
assortment,8
staffed,8
trichophyton,8
inhibitions,8
rainwater,8
debasement,8
icu,8
l,8
clubcard,8
econ,8
helena,8
greco-roman,8
gatherer,8
linger,8
glick,8
fehling,8
cellar,8
finnish,8
simply-supported,8
work-piece,8
gerhard,8
naidoo,8
meridien,8
theoharis,8
disillusion,8
upscale,8
lv,8
deprives,8
guar,8
viscount,8
potters,8
organophosphate,8
briggs,8
chartier,8
battersby,8
sjogren,8
brulines,8
flouted,8
impinged,8
scrutinising,8
chinoiserie,8
truer,8
tradesmen,8
disqualification,8
freder,8
ethnical,8
concave,8
vie,8
form-focused,8
p.285,8
jv,8
furious,8
oberholzer,8
eases,8
prisons,8
subtopic,8
400µm,8
barrientos,8
sprinters,8
amino-terminal,8
katrina,8
fama,8
alp,8
granger,8
brighton,8
sensitivities,8
inadvertent,8
dice,8
rise-fall,8
bm,8
injunction,8
responsibly,8
anticoagulation,8
50cm,8
zeitgeist,8
inkpen,8
aneurysm,8
2-ureido-4-pyrimidone,8
differencing,8
microeconomics,8
10.6,8
crumbled,8
severn,8
ezell,8
menstruation,8
conjunctions,8
referrals,8
bestowing,8
fermat,8
enumerating,8
xylose,8
delusion,8
jeffery,8
deceleration,8
hessian,8
mammary,8
valens,8
rassweiler,8
run-off,8
gorgon,8
reinforcements,8
instrumented,8
bhp,8
imaginable,8
cursors,8
viz,8
equalled,8
podsakoff,8
haiti,8
softness,8
nomination,8
denominated,8
finalised,8
e-procurement,8
diminutive,8
darling,8
8.4,8
adcockal,8
spectrophotometry,8
patrol,8
p189,8
harmonised,8
harmonising,8
cc-cc,8
well-informed,8
cip,8
westphalian,8
cetaceans,8
hyperactivity,8
sweeney,8
unachievable,8
gram-positive,8
cinerea,8
favourites,8
pkc-3,8
explainable,8
veneration,8
2004c,8
recombine,8
ionian,8
rodriguez-martin,8
self-referent,8
silty,8
archaebacterium,8
cellcal,8
pirates,8
rumbaugh,8
irritant,8
surreal,8
ax=b,8
ankles,8
p106,8
lame,8
cypriots,8
cabling,8
25th,8
sas,8
workstations,8
reciprocate,8
libby,8
lysosome,8
martinich,8
purgatory,8
biotin,8
vastness,8
coalitions,8
subduction,8
saccharomyces,8
meddling,8
trivialising,8
bollinger,8
enzymic,8
magnify,8
untimely,8
syrups,8
£5000,8
gymnasts,8
tins,8
ayer,8
squirrels,8
withrow,8
enteral,8
damn,8
macau,8
arthropods,8
toulene,8
cavitation,8
heaps,8
meadow,8
2006c,8
blunders,8
turkana,8
bayne,8
benzodiazepine,8
tn,8
dualistic,8
resultantly,8
llp,8
coalesce,8
paci,8
flexure,8
protrusions,8
presupposition,8
dripping,8
flank,8
ferrara,8
australopithecus,8
vaccinated,8
cn,8
capricious,8
depoliticisation,8
servility,8
golgi,8
unworthy,8
lecturers,8
sales-force,8
nematic,8
authorise,8
xanthus,8
forgot,8
dislikes,8
educationally,8
yetton,8
camaraderie,8
p40,8
advices,8
cashflow,8
wounding,8
p.221,8
givola,8
centimetres,8
elk,8
4.3.1,8
cobden,8
bulging,8
hammersley,8
diligence,8
slavic,8
ardent,8
seamlessly,8
miserere,8
insurances,8
titi,8
evading,8
amarasinghe,8
calorific,8
denier,8
15.7,8
movable,8
table#,8
indiscriminate,8
fem,8
gewesen,8
heels,8
unexplainable,8
knowledges,8
webs,8
cecily,8
showers,8
77°k,8
superstitious,8
calmness,8
inspirations,8
polden,8
goods-market,8
recurses,8
sumsion,8
sasps,8
yeats,8
wahrman,8
guessed,8
sterilising,8
antoine,8
bivalves,8
reciprocally,8
stunned,8
dora,8
knots,8
steered,8
exacted,8
well-ordered,8
2-pyridone,8
2g,8
interchange,8
sibilant,8
alejandro,8
pile,8
p107,8
lyric,8
fairhurst,8
represses,8
gangs,8
sulphiting,8
r-fng,8
δy,8
corroborate,8
infrastructural,8
freund,8
enlightening,8
lublin,8
tithes,8
germanisation,8
agriculturalists,8
x-,8
wurde,8
courier,8
polynices,8
bestow,8
testified,8
olivier,8
-12,8
stratigraphy,8
radiator,8
agony,8
carbons,8
vol.9,8
¿,8
matrixes,8
holstein,8
0.0001,8
acropolis,8
markham,8
dms,8
tsetse,8
decimated,8
p.269,8
nonstationary,8
technician,8
carved,8
validates,8
aspirate,8
bargains,8
inapplicable,8
shrinks,8
soy,8
hypothetico-deductive,8
falsifiability,8
chewing,8
beige,8
waterfield,8
abortions,8
giardinelli,8
waited,8
irf-3,8
insectivorous,8
gómara,8
p.146,8
rosas,8
antidote,8
reaffirming,8
fools,8
maccannell,8
astonishment,8
demarcated,8
annie,8
500ml,8
fora,8
sharia,8
microphones,8
rift,8
monologues,8
p.196,8
ticks,8
£500,8
repayments,8
visser,8
willow,8
sox,8
non-smoking,8
280nm,8
acid-base,8
westphalia,8
zenith,8
y/n,8
carpets,8
non-indigenous,8
swirled,8
aryl,8
bdc,8
adventurers,8
bonnell,8
deontological,8
wishful,8
dipped,8
compresses,8
rotors,8
browness,8
a/61,8
understated,8
on-the-job,8
hathor,8
file-sharing,8
profit-motivated,8
supremo,8
frailty,8
p99,8
georgian,8
dusty,8
spy,8
melanogaster,8
2003:5,8
amortisation,8
svensson,8
beaumont,8
reentry,8
snap,8
nation-building,8
fmw,8
unravelling,8
gabora,8
hephaestus,8
midday,8
vest,8
xmid,8
shapers,8
cremations,8
condoms,8
thr,8
sacrosanct,8
tintern,8
anyhow,8
thromboembolism,8
agno,8
punishable,8
franks,8
retreated,8
alluvium,8
collimator,8
mdt,8
mort,8
activa,8
underpinnings,8
cornerstones,8
"4,000",8
homelands,8
búrca,8
sandison,8
trivialised,8
slag,8
imprint,8
annals,8
endeavoured,8
class-based,8
slabs,8
myosin,8
sexy,8
deregulated,8
epg,8
amelioration,8
heterosexist,8
organophosphates,8
wattmeter,8
rw,8
lpp,8
upgrades,8
bereft,8
coyne,8
beatson,8
cdrs,8
occupiers,8
enlistment,8
juxtaposes,8
p10,8
setbacks,8
undated,8
hurrell,8
reversals,8
polymestor,8
intertextual,8
news)nov,8
subfield,8
chu,8
p.295,8
downside,8
0.22809m,8
keigo,8
sings,8
zoological,8
kahler,8
boraine,8
2006b,8
sci,8
sensationalist,8
trivers,8
diller,8
conjured,8
cinemas,8
brack,8
emergencies,8
dimitrakopoulos,8
gangsters,8
m4l,8
unspecified,8
aggressors,8
rectifying,8
minos,8
armenian,8
degrades,8
creditworthiness,8
wage-rental,8
porridge,8
listings,8
overturning,8
posteriorly,8
fils,8
htm,8
tripled,8
streaked,8
fordist,8
somme,8
fodor,8
capital-abundant,8
re-established,8
millimetres,8
gpa,8
intangibility,8
timbers,8
initialgdp,8
fall-rise,8
50s,8
jorge,8
aldcroft,8
moghadam,8
rwandan,8
30mg,8
ukcc,8
craftsmanship,8
adversaries,8
restated,8
eias,8
accords,8
prepositions,8
hiv-1,8
radiology,8
percus-yevick,8
icelandic,8
declaratory,8
clinician,8
pizarro,8
fraudsters,8
fumes,8
amoral,8
mwh/yr,8
marlborough,8
institutes,8
p66,8
pedagogic,8
underdamped,8
prickly,8
maltreatment,8
lovell,8
stuttgart,8
p.161,8
al/2003,8
no-tillage,8
inmates,8
voluminous,8
charlesworth,8
knocked,8
cyst,8
tpk,8
triceps,8
expired,8
agglutinate,8
regressive,8
poplars,8
biasing,8
hooke,8
clipped,8
hamber,8
genitals,8
farrell,8
murderous,8
msb,8
diverged,8
liquisaver,8
pathogenicity,8
obstfeld,8
wiser,8
marriot,8
insulator,8
banished,8
myrick,8
bevan,8
être,8
pf,8
glimpses,8
anton,8
asd,8
schott,8
vfrs,8
warranty,8
so(8,8
sexology,8
freelance,8
joules,8
oversea,8
tows,8
smokes,8
happiest,8
tor,8
neighbourhoods,8
zagorin,8
hooked,8
astm,8
rimmer,8
dissociated,8
atheist,8
khrushchev,8
dimmesdale,8
mandeville,8
renovation,8
konrád,8
travers,8
jordanova,8
tenders,8
importers,8
autoimmune,8
grayson,8
oligarchic,8
amines,8
absorbencies,8
priestly,8
grenal,8
comrades,8
traversed,8
regressors,8
torr,8
karlstadt,8
unseen,8
unfettered,8
hackers,8
initials,8
brushing,8
women-focused,8
2003:12,8
timanoridas,8
buffalo,8
flattering,8
pinned,8
balkans,8
dash,8
uncontaminated,8
tous,8
phosphotase,8
immortals,8
humiliated,8
palynological,8
lfps,8
uncivilized,8
terada,8
mingled,8
trench,8
shopper,8
handicapped,8
emulsifier,8
woody,8
c-c,8
crawled,8
petrifilm,8
qureishi,8
compels,8
farcical,8
naturalized,8
adoration,8
signatory,8
venting,8
no.10,8
boldness,8
saxon,8
l.14,8
pedestal,8
collaboratively,8
orphan,8
riddled,8
tania,8
apprenticeships,8
p=,8
acacia,8
terraces,8
labeling,8
cancels,8
septal,8
unpasteurized,8
entice,8
cuboid,8
coppicing,8
traumatised,8
derogation,8
annoy,8
islanders,8
twycross,8
adjoining,8
koch,8
misidentification,8
ironical,8
chappell,8
salon,8
brines,8
stennings,8
bap,8
narrowness,8
s17,8
sei,8
griseofulvin,8
jurisdictional,8
wp,8
rad/s,8
multipath,8
lbw,8
hmis12,8
gripping,8
gp74,8
liveweight,8
pct,8
revisit,8
newest,8
appraise,8
roll-out,8
mercosur,8
redistributive,8
taken-for-granted,8
cork,8
onlookers,8
nuremberg,8
ernesto,8
lib,8
thresholded,8
brisk,8
brush,8
asbestos,8
strides,8
ingest,8
overworked,8
rodney,8
3.00,8
rehearsed,8
127.0.0.1,8
rs24,8
1830s,8
-c,8
loe,8
non-smokers,8
shipwreck,8
surpasses,8
bose,8
tl,8
withheld,8
immunoglobin,8
immobilisation,8
sausages,8
aggravating,8
chadwick,8
flavouring,8
worksheet,8
r61,8
semen,8
"1,000,000",8
moutinho,8
deg,8
inter-pathway,8
entomology,8
etl,8
partitioned,8
labour-abundant,8
nvc,8
dun,8
knights,8
longstones,8
patenting,8
efg,8
coulter,8
rnapii,8
p.200,8
hinton,8
canine,8
festive,8
disposing,8
tragedie,8
weekdays,8
harmonize,8
cicourel,8
mulatto,8
quantized,8
wert,8
divider,8
oligarchy,8
redundancies,8
predispositions,8
left-right,8
username,8
alphabetical,8
rungapadiachy,8
uncontested,8
equities,8
rockart,8
mex-6,8
dicker,8
michaely,8
normalise,8
esen,8
bullied,8
textuality,8
micronutrients,8
bluck,8
anaerobes,8
chert,8
starling,8
yardstick,8
beluga,8
epiphyte,8
unacquainted,8
birth-rate,8
conditionalities,8
lammers,8
youngsters,8
disarm,8
raging,8
spit,8
bodichon,8
theophylline,8
meshed,8
sandberg,8
diverting,8
cortisol,8
groot,8
burrowing,8
vengeful,8
reconstitution,8
aldrich,8
hedge-school,8
curtains,8
crystallise,8
re-thinking,8
gamete,8
normatively,8
lemurs,8
enumerated,8
pilfering,8
shin,8
£345,8
preconditions,8
gj,8
tentativeness,8
invariance,8
fairytales,8
well-documented,8
bruni,8
p12,8
preventable,8
voyeurism,8
bodied,8
parametrization,8
entailing,8
fatherland,8
eea,8
desensitisation,8
devious,8
£16,8
esw,8
assaulted,8
disembedding,8
1860s,8
stipulates,8
wiesner,8
marvin,8
ad-hoc,8
vr,8
stuffed,8
scharine,8
intersecting,8
atiyah,8
high-end,8
pyramids,8
canadians,8
60°c,8
amyloid,8
p.137,8
appointing,8
martial,8
co-evolution,8
0°c,8
lbc,8
higgot,8
lamenting,8
shuts,8
mahmood,8
criminalisation,8
mccluskey,8
archaebacteria,8
erection,8
butchered,8
parthasarathy,8
scandalous,8
tempo,8
overshadow,8
trotman-dickenson,8
erodes,8
loftus,8
enticing,8
e6,8
nacro,8
kuraka,8
secretaries,8
syr,8
amaru,8
compatibilism,8
piping,8
baud,8
eyebrows,8
bewilderment,8
wolpoff,8
glend(,8
stiles,8
hyperbolic,8
vale,8
no-distraction,8
vertebral,8
mutilation,8
1.12,8
kupersmidt,8
misstatements,8
aspirated,8
high-performance,8
fruition,8
coughlan,8
mythic,8
reina,8
delian,8
nihilist,8
bandit,8
inoculum,8
dugdale,8
supper,8
boxing,8
alfonsina,8
rebelling,8
mackay,8
habicht,8
l.19,8
luke,8
p.280,8
aristocrats,8
quadruple,8
amphitheatres,8
flagged,8
blocs,8
+2,8
philippe,8
proceduralization,8
chapelle,8
prop,8
linden,8
syracuse,8
6.9,8
money-form,8
higher-level,8
shrewd,8
analgesics,8
modulating,8
paging,8
hannon,8
hopelessness,8
footwear,8
secretary-general,8
copyrights,8
segmenting,8
aberration,8
gruesome,8
ubiquity,8
price-sensitive,8
life-course,8
fragmenting,8
infinitive,8
jo,8
cairo,8
alcohols,8
tween,8
mha,8
bruits,8
mg/day,8
,8
92-119,8
market-oriented,8
arson,8
delelement2,8
haggard,8
valuations,8
superimposing,8
p145,8
ht,8
fellow-citizens,8
12.2,8
9/l,8
substantivist,8
dissatisfy,8
beeson,8
faithfully,8
pleomorphic,8
détente,8
reinterpret,8
sgn(,8
lightening,8
ascend,8
rodolphe,8
morineau,8
therapeutically,8
parade,8
allergens,8
confirmability,8
cleaves,8
avail,8
gabler,8
unimpeded,8
blackpool,8
lysed,8
phosphates,8
olivia,8
ballet,8
coworkers,8
perforation,8
alley,8
difficile,8
predefined,8
consumerist,8
anticyclone,8
blyton,8
gombe,8
overlaid,8
geen,8
macaw,8
courtesans,8
housemistress,8
v1,8
reparative,8
divergences,8
macrae,8
gardiner,8
facilitative,8
craving,8
p.256,8
katherine,8
babylon,8
constructible,8
scramble,8
blasphemy,8
millenarian,8
trobriand,8
bijection,8
stunning,8
interminable,8
hara,8
agreeable,8
etch,8
r²,8
xp30d03,8
poggi,8
reclaiming,8
zollman,8
4x4,8
miers,8
mummery,8
en-1,8
6a,8
ref.2,8
colored,8
bottomed,8
brookner,8
innovator,8
copolymer,8
neutralize,8
inskeep,8
moravia,8
pagden,8
sushi,8
equilibrate,8
innocuous,8
omus,8
invader,8
archetypes,8
fumarate,8
usl,8
p389,8
checkpoints,8
∞,8
stratigraphic,8
mmol/l,8
confectionary,8
bényei,8
ranitidine,8
phorophyte,8
post-processing,8
anticonvulsant,8
fx,8
s.118,8
gleyed,8
bedau,8
affectionate,8
stromquist,8
raffield,8
stoicism,8
kalyan,8
decorations,8
serena,8
pleases,8
generalities,8
characterizes,8
brochures,8
abuser,8
yves,8
excreta,8
toole,8
microwaves,8
p.216,8
rumoured,8
historiographical,8
senegalensis,8
l-malate,8
juno,8
p63,8
spun,8
hubs,8
zhao,8
intimidated,8
sighed,8
radioactivity,8
16-psk,8
depraved,8
deplete,8
ischomachus,8
fluffy,8
purport,8
umbilicus,8
key-barriers,8
harman,8
quaternary,8
fraternal,8
kwh/yr,8
hotspot,8
p23,8
her2,8
dictators,8
counterproductive,8
diethyl,8
2l,8
guardianship,8
testify,8
speculating,8
90s,8
s11,8
wrecks,8
disapprove,8
kicked,8
franchthi,8
injunctions,8
satiety,8
moiety,8
rutter,8
spellings,8
rüchardt,8
toms,8
redeemed,8
enabler,8
nader,8
harzing,8
appliance,8
raining,8
13.3,8
whitley,8
codewords,8
agenda-setting,8
bonferroni,8
eleanor,8
arthropod,8
uncovers,8
re-ordering,8
garner,8
inlets,8
tcid,8
ackers,8
materialised,8
realisations,8
perpetually,8
merchandising,8
802.11,8
piel,8
liyanage,8
panagariya,8
illegally,8
curbed,8
undoubted,8
countrymen,8
laminitis,8
spacious,8
fortifying,8
textures,8
carbon-carbon,8
crashing,8
prolongs,8
clips,8
denouncing,8
i(1,8
market-led,8
north-western,8
classmates,8
simulated-driving,8
question_whether_to_place_order_or_not,8
accelerates,8
starr,8
keegan,8
ledc,8
ige,8
councillor,8
outlandish,8
mocks,8
chimera,8
0.68,8
haunting,8
insulating,8
empire-building,8
high-value,8
heini,8
polyvinylidene,8
egalitarianism,8
surnames,8
macho,8
radicalized,8
brislin,8
gorge,8
tiananmen,8
"70,000",8
truncation,8
palaces,8
angiotensin,8
p34,8
normocytic,8
convinces,8
ciborra,8
roark,8
attest,8
wbc,8
geocentrism,8
25cm,8
parrott,8
registrar,8
alle,8
businessman,8
harpercollins,8
harrowing,8
fukuyama,8
mindless,8
p.306,8
hornstein,8
ticking,8
tanner,8
locomotor,8
multiplexing,8
farce,8
bailin,8
lqg,8
frankenstein,8
confrontations,8
moa,8
cheverud,8
ldpe,8
cradle-board,8
geophysical,8
corinthians,8
nickname,8
ordinance,8
brioschi,8
materialized,8
tradeoff,8
allopatric,8
ffq,8
witt,8
postmodernists,8
faints,8
post-discharge,8
eternity,8
armax,8
calipers,8
pratensis,8
widdowson,8
bouquet,8
devises,8
chuck,8
arches,8
mitford,8
trashing,8
rainy,8
empiricists,8
non-academic,8
algorithmic,8
curtis,8
forested,8
folkman,8
adder,8
plassey,8
triumphs,8
12.6,8
folin,8
17.5,8
safety-related,8
isaac,8
sulfuric,8
unacceptably,8
testifies,8
kenny,8
eudaimon,8
replicative,8
shotter,8
cripple,8
poyser,8
hci,8
childbearing,8
unpalatable,8
disturbingly,8
bolam,8
p86,8
zooming,8
in-itself,8
keenly,8
max6952,8
magnetism,8
iphigenia,8
per-capita,8
documenting,8
sandwiches,8
orenstein,8
contextualized,8
triglycerides,8
alesina,8
steidlmeier,8
mohan,8
1.50,8
armature,8
polytunnels,8
allusive,8
slots,8
non-business,8
krasner,8
eventuality,8
eccleshare,7
p680,7
payoff,7
collectivity,7
sep,7
chasing,7
ghiselli,7
stride,7
fingertips,7
epiphytic,7
mcelvaine,7
peculiarly,7
sensationalised,7
howells,7
nic,7
140ºc,7
innocently,7
sulphide,7
accrual,7
audited,7
desks,7
pollute,7
male-female,7
p.195,7
incompleteness,7
rtpi,7
evolutionism,7
drowning,7
cusps,7
spectrums,7
wye,7
betterment,7
anaphoric,7
hutu,7
vers,7
pre-selected,7
graveyard,7
underplayed,7
limelight,7
multilevel,7
bumps,7
nothingness,7
jackendoff,7
peacekeeping,7
divulge,7
well-designed,7
revels,7
unrecognised,7
pesos,7
ferrassie,7
farmsteads,7
long-houses,7
re-conceptualisation,7
pef,7
toil,7
teachable,7
devoured,7
wreak,7
dante,7
endures,7
trope,7
sexualis,7
arbitrageurs,7
baryonic,7
kraus,7
steeply,7
pebbles,7
eigentlich,7
purged,7
sublimation,7
unwritten,7
electronegativity,7
decibels,7
mickey,7
22.2,7
fabricate,7
anachronism,7
lustful,7
lairg,7
sex-preferential,7
ligase,7
paddington,7
cannula,7
mitrany,7
furnham,7
fluted,7
whist,7
:1,7
futuristic,7
burlet,7
ashley,7
bossy,7
reisberg,7
scn-,7
disengaged,7
godly,7
zoology,7
bosnia-herzegovina,7
non-servant,7
ticked,7
aitchinson,7
re-orientation,7
growths,7
kawakami,7
honess,7
crawl,7
maleficarum,7
nurturance,7
underrepresented,7
mistreatment,7
reflectively,7
filmed,7
ergometrine,7
malign,7
zest,7
mcp,7
erskine,7
comforts,7
romaine,7
chern,7
imitative,7
windeyer,7
junctions,7
ghraib,7
currentnode,7
cii,7
bosch,7
primes,7
acquittal,7
multiplies,7
shrewsbury,7
spath,7
dentyl,7
lambert-beer,7
mullerat,7
artefactual,7
crippled,7
reclaimed,7
immobilised,7
commissioning,7
12/03/07,7
tributaries,7
functionalised,7
emile,7
tornadoes,7
cursed,7
ft-,7
mex-3,7
combatant,7
data-rate,7
legg,7
oswyn,7
n=1,7
intrude,7
subfamily,7
broadens,7
cai,7
haemorrhagic,7
stewartson-warn-warn,7
gremlin,7
50°c,7
reeling,7
introversion,7
wasteland,7
sepsis,7
alston,7
menacing,7
gawl,7
p132,7
intruders,7
mennell,7
motto,7
re-claiming,7
nightmarish,7
ogura,7
audition,7
reclamation,7
vulgar,7
rediscovery,7
newtons,7
idol,7
alldred,7
goudie,7
attendees,7
sounded,7
60-80,7
vadehra,7
decrements,7
feierabend,7
corazón,7
franchisee,7
lantern,7
benton,7
fredersen,7
rocs,7
evershed,7
colectomy,7
repaying,7
chemist,7
0.07,7
xxiii,7
duggan,7
servqual,7
surmised,7
elt,7
epiphenomenalism,7
300w,7
equilibration,7
affections,7
peccei,7
humpty,7
hmg-coa,7
crémieux,7
nepas,7
heathlands,7
rjp1,7
stocked,7
anns,7
gramscian,7
meaning-focused,7
conjures,7
capitalized,7
participles,7
mundo,7
phrenology,7
trotter,7
endophoric,7
p.205,7
forma,7
expalc,7
preucel,7
tutsi,7
mensheviks,7
isoschizomers,7
hannigan,7
arthropathy,7
blot,7
binaries,7
functionalities,7
rumour,7
feudalism,7
plucked,7
amour,7
pigmented,7
terbinafine,7
odor,7
permeation,7
p.322,7
acumen,7
dishonestly,7
b),7
melnick,7
l.8,7
malic,7
mimicry,7
epoche,7
crucible,7
textural,7
edifice,7
amazed,7
p.234,7
unfamiliarity,7
machismo,7
moons,7
yolland,7
dermatologists,7
rainforests,7
pandemic,7
gaius,7
athenaeus,7
cldna,7
woolly,7
snowflake,7
blurry,7
minerva,7
entitlements,7
gamma-rays,7
gatekeepers,7
psychoanalytical,7
lowess,7
dismembered,7
high-powered,7
chichester,7
merteuil,7
d-dimer,7
habe,7
chloroform,7
canner,7
heppell,7
workmanship,7
aegis,7
smelting,7
happenings,7
incongruous,7
bottoms,7
15m,7
macarthur,7
earner,7
xenotransplantation,7
ref.6,7
2000/2001,7
cysteines,7
paramedics,7
ridicules,7
diener,7
decorum,7
dengue,7
live-time,7
folia,7
humid,7
s.6,7
impulsively,7
partem,7
abound,7
transcriptions,7
cyclisation,7
chiefdoms,7
pedagogical,7
massey,7
soffee,7
monti,7
2002b,7
lfp,7
broiler,7
wolfgang,7
synergistic,7
/ə/,7
self-consciously,7
triphosphate,7
blocker,7
schon,7
dialing,7
nestlé,7
ficino,7
just-in-time,7
br(f,7
co-morbidity,7
reputed,7
§39,7
ilc,7
babergh,7
brownlow,7
core-periphery,7
post-revolutionary,7
pol,7
markusen,7
tiresias,7
unreadable,7
p.252,7
inimical,7
belittle,7
inspectors,7
remapping,7
andriopoulos,7
maleness,7
localising,7
inaccurately,7
sensuous,7
edta,7
overtaken,7
1999:122,7
yamamura,7
2.4.2,7
pcf,7
concapp,7
apportioned,7
-1dm,7
4.9,7
constriction,7
shroud,7
peplum,7
wont,7
anemia,7
waley-cohen,7
zeugopod,7
client-side,7
optimistically,7
5oh,7
tw,7
sacks,7
censure,7
lrti,7
laminated,7
re-imagining,7
erwin,7
modernize,7
etymological,7
unbroken,7
misdeeds,7
amalgamating,7
custard,7
pudding,7
faintly,7
vlasova,7
antiphon.1,7
credence,7
soho,7
basins,7
avant,7
petrick,7
corpra,7
issr,7
3g,7
fasting,7
seafood,7
"2,2",7
jam,7
horrified,7
anginano,7
parallelise,7
capsids,7
juxtapose,7
romania,7
specialises,7
phenomenologically,7
meronym,7
£25,7
laundered,7
ted,7
henges,7
npc1l1,7
facades,7
putonghua,7
e-communication,7
intra-and,7
fels,7
receded,7
kale,7
downloads,7
mart,7
korczynski,7
ilt,7
aylesbury,7
exemplars,7
legion,7
ⅱ,7
borrows,7
smelling,7
gutmann,7
lads,7
prouty,7
readjustment,7
baby´s,7
complementors,7
blackberry,7
enzyme-substrate,7
pronominal,7
lactulose,7
friedan,7
ppi,7
polysaccharide,7
2.3.3,7
thwart,7
"2,4",7
cytology,7
eriksen,7
collides,7
afor,7
kingship,7
ls,7
multilayer,7
differenced,7
popliteal,7
eas,7
anti-parallel,7
9ml,7
bail,7
ushered,7
condron,7
melos,7
rockwell,7
inquiries,7
mg/100g,7
foreshadows,7
ibidem,7
hurdles,7
calliper,7
homogenizing,7
miscalculation,7
checklists,7
antiserum,7
triumphed,7
point-to-point,7
panelists,7
3/4,7
stephan,7
retrieving,7
split-brain,7
inflorescence,7
poker,7
enrolled,7
beaches,7
trident,7
re-think,7
ecn,7
naxos,7
demagogues,7
franco,7
dy-dy,7
a-z,7
alcohol-related,7
yucatan,7
maureen,7
hodge,7
anti-slavery,7
gaming,7
attire,7
andorka,7
morrell,7
whitehall,7
bmc,7
57fe,7
autocad,7
mailed,7
cloudiness,7
extinguish,7
inducement,7
relinquish,7
micale,7
partnering,7
wellness,7
mg/l,7
arthroscopic,7
xix,7
frictions,7
recaptured,7
tattersall/1995,7
chlorate,7
bordering,7
tata,7
salivary,7
katzenstein,7
tarsier,7
intellectualism,7
classically,7
forgo,7
hop,7
ruva,7
lingering,7
genie,7
298k,7
radford,7
droits,7
scavengers,7
sarcastic,7
retaliate,7
upbeat,7
sentient,7
depositional,7
paperbacks,7
classificatory,7
re-election,7
imputed,7
p.123,7
disorganised,7
antichrist,7
symphony,7
contravened,7
bronchodilator,7
submersion,7
self-harm,7
calvinists,7
psychosis,7
averting,7
bon,7
tate,7
exhilaration,7
bremmer,7
fingertip,7
exemptions,7
counterparties,7
hyper,7
erupted,7
sausage,7
integrations,7
self-fulfilling,7
upkeep,7
creams,7
layoff,7
furthers,7
arden,7
p.288,7
romberg,7
cbd,7
crystallized,7
558-703,7
no-slip,7
jalal,7
casper,7
groceries,7
1k,7
voles,7
puffs,7
minnesota,7
filth,7
comits,7
artful,7
pseudocleavage,7
capucinus,7
topped,7
adenocarcinoma,7
parentheses,7
bonnie,7
gellerman,7
jules,7
sala-i-martin,7
casson,7
sketchpad,7
ov1,7
gnu,7
vanquished,7
destabilizing,7
enriching,7
xc,7
saks,7
5c,7
30ml,7
lsl,7
senegal,7
mortimore,7
hague,7
murderers,7
bn,7
negotiator,7
kearns,7
nsaid,7
gelman,7
asp61,7
parallelisms,7
sobriety,7
bmlr,7
planter,7
aberrant,7
eloquence,7
wssd,7
technicalities,7
m05,7
hinduism,7
grandey,7
postpone,7
charlemagne,7
depots,7
voidable,7
dungeon,7
isi,7
meromorphic,7
allelopathy,7
subcontracted,7
recounts,7
contextualise,7
quinone,7
weblog,7
stolonifera,7
melt-spun,7
37ºc,7
metabolise,7
disbelief,7
moholi,7
pre-packed,7
fructose,7
self-aware,7
bites,7
disadvantageous,7
pre-social,7
sidelining,7
brookings,7
simonds,7
bookcrossing,7
physio,7
bowers,7
microcontrollers,7
spatialized,7
ineptitude,7
elephas,7
ods,7
gravitation,7
upsets,7
rubs,7
diazetidine,7
e4,7
countervailing,7
m0,7
firmness,7
fridlund,7
2005d,7
appendages,7
spectacles,7
inter-institutional,7
alerting,7
deconstructed,7
systemically,7
reigns,7
maier,7
boon,7
mckenna,7
synonymy,7
cécile,7
parasitism,7
3c,7
romulus,7
10kg,7
immeasurable,7
kolonna,7
regressed,7
cady,7
fishman,7
hagar,7
merriam,7
unconfident,7
deepens,7
70:87-98,7
alluvial,7
soffe,7
plastoquinones,7
woke,7
amun,7
2002:5,7
scaramella,7
lamina,7
cogens,7
plateaus,7
never-ending,7
tea-ch,7
uncrc,7
ecb,7
grafting,7
culminate,7
alienates,7
trimethylacetate,7
elucidation,7
repositioning,7
materialize,7
ccc,7
smets,7
p170,7
signifiers,7
keeton,7
otms,7
2006①,7
edel,7
mmol,7
anchored,7
flashed,7
personalising,7
bilayer,7
carelessly,7
shortcut,7
peripherals,7
smithsonian,7
p.198,7
hyper-terminal,7
intrigued,7
coiling,7
high-profile,7
snickers,7
south-eastern,7
expositions,7
pathname,7
parr,7
jeffers,7
warring,7
tio,7
stdio,7
epiphany,7
hyams,7
graphing,7
reaping,7
hugo,7
argos,7
post-westphalian,7
présidente,7
nikola,7
efficiency/speed,7
post-harvest,7
micro-environment,7
announces,7
mexicans,7
off-line,7
multipurpose,7
fillets,7
thriller,7
valour,7
clutching,7
forthright,7
sourdille,7
mmhg,7
plint,7
accretion,7
pearlitic,7
theogony,7
awakened,7
thermostat,7
vanadyl,7
sombart,7
4.3.2,7
herculean,7
emphatic,7
conceptualising,7
1760s,7
mg/d,7
esf,7
incapability,7
quad,7
taliban,7
chatzifotiou,7
filmer,7
childless,7
c-spy,7
fbi,7
navigational,7
stockings,7
clothe,7
trainings,7
alternates,7
ima,7
clutch,7
borderless,7
divinities,7
princes,7
p82,7
antiseptic,7
acquit,7
indemnity,7
non-majoritarian,7
polariscope,7
unconvinced,7
hindle,7
breeze,7
foreshadowing,7
qda,7
reprocessing,7
23.03.2006,7
p22,7
inborn,7
perpetuation,7
p44,7
gels,7
"11,000",7
epics,7
chromatograph,7
thorny,7
ox,7
speak(,7
streptococcus,7
beckford,7
accumulative,7
naffine,7
redington,7
jealously,7
interfacing,7
centile,7
phosphine,7
covertly,7
breadmaker,7
aberrations,7
self-serving,7
post-conquest,7
reactances,7
boric,7
islets,7
lsc,7
peroxyl,7
male/female,7
echelons,7
mitterrand,7
"hendry,1993",7
norming,7
imitates,7
ref.3,7
biley,7
transgenic,7
legalization,7
purging,7
misstatement,7
massage,7
p.133,7
l.10,7
psalm,7
jamie,7
inguinal,7
sen2,7
microcebus,7
sg,7
wendy,7
hoxb-8,7
hefty,7
damian,7
honeywell,7
screenshots,7
cruise,7
digitisation,7
satyrs,7
bead,7
flannery,7
peck,7
paroxysmal,7
morgenstern,7
aetiological,7
142.7ºc,7
occam,7
p50,7
regulars,7
kindersley,7
pops,7
helson,7
sponsoring,7
lacedaemonians,7
ethnomethodology,7
magill-,7
5/6,7
bulbar,7
subvocal,7
pdp,7
surgeries,7
gdss,7
linde,7
furrow,7
nephthys,7
seedbed,7
goff,7
fide,7
rosset,7
co-efficients,7
keefe,7
4.2.2,7
foreword,7
menelaus,7
bombarded,7
malta,7
leftow,7
kν,7
answerable,7
conscientious,7
meiji,7
palms,7
interdepartmental,7
g/,7
chihiro,7
gorse,7
depressions,7
meintjes,7
wrangling,7
sores,7
cass,7
fig.3,7
rajasingham-senanayake,7
rode,7
lysosomal,7
triphenylphosphine,7
charybdis,7
headey,7
179-181.5cm,7
ewan,7
cushions,7
puppets,7
low-acid,7
planks,7
krieken,7
mcmichael,7
inventors,7
superstructure,7
arrighi,7
bryson,7
vicinus,7
guano,7
eva,7
chopped,7
katamba,7
person-hours,7
single-minded,7
fabius,7
simul8,7
human-like,7
parson,7
sfp,7
infix,7
0x00,7
emf,7
bureaucratization,7
examiners,7
coldness,7
unobtrusive,7
mayer,7
pld,7
ou,7
eppie,7
wayne,7
livre,7
eccles,7
thermophilus,7
tweddle,7
nameless,7
bastion,7
memorialised,7
model4,7
reappearing,7
dz,7
clement,7
nightingale,7
watchdog,7
nolan,7
expound,7
gt40,7
incompletely,7
hamstring,7
catered,7
lacz,7
ganellin,7
sack,7
forbids,7
transpeptidase,7
demoted,7
gerrard,7
regatta,7
legislators,7
mimics,7
vile,7
affectivity,7
risk-taking,7
p.178,7
dodds,7
-2k,7
ugarte,7
woes,7
polluter,7
penman,7
xxviii,7
apatite,7
left-most,7
opin,7
germinated,7
shannon,7
annexation,7
thanked,7
herding,7
hal,7
gazelle,7
reaped,7
1999:891-897,7
jurgens,7
forms-of-sociation,7
om,7
ernaux,7
picturesque,7
bitterli,7
peitz,7
glaser,7
proem,7
mahathir,7
p55,7
vol.21,7
dickey-fuller,7
phenomenalism,7
fledgling,7
antemortem,7
magnifications,7
puzzle-solving,7
budge,7
distended,7
carte,7
general-to-specific,7
adrenaline,7
beazley,7
undercurrent,7
glaring,7
moe,7
pillows,7
philanthropy,7
non-lethal,7
meridian,7
ctd,7
bananas,7
cosslett,7
ares,7
powhatans,7
exemplifying,7
noon,7
twigs,7
15-16,7
enlist,7
vargas,7
immortalised,7
polyxena,7
oesophagus,7
labial,7
hoskyns,7
crease,7
linings,7
nyc,7
curable,7
lockyer,7
strap,7
stefan,7
unidentifiable,7
synechococcus,7
mp4,7
urry,7
p.228,7
croix,7
optimists,7
sizable,7
spreader,7
naughty,7
ofheo,7
garber,7
6.25,7
interspersed,7
7.9,7
antigen-binding,7
obstructions,7
laudon,7
25-34,7
entrapped,7
petitioning,7
two-sample,7
cost-cutting,7
brody,7
anaphase,7
engravings,7
bioinformatics,7
pythagoras,7
soprano,7
reeds,7
brainstorm,7
polygraph,7
loveless,7
ludicrous,7
leans,7
scientia,7
blacklash,7
100µl,7
indole,7
dual-system,7
nisbet,7
glioblastoma,7
prager,7
mcneal,7
cleal,7
unsprung,7
pumilis,7
p(s,7
venturing,7
"1,3",7
unavoidably,7
paler,7
hockey,7
astutely,7
cbr1000rr,7
hover,7
sejm,7
australopithecine,7
flints,7
retouched,7
goitre,7
200mm,7
impenetrable,7
noort,7
fwhm,7
imageries,7
p.144,7
bremer,7
dyspepsia,7
osteophytes,7
precept,7
omniscience,7
tympanic,7
slipher,7
vh,7
uip,7
sucking,7
epistemically,7
orientalists,7
racemic,7
pandey,7
potable,7
rights-based,7
amu,7
two-year,7
florentines,7
owens,7
dexter,7
exploded,7
graviton,7
titus,7
introverted,7
bevel,7
hidden-variable,7
taft,7
dunlop,7
unfaithful,7
contractile,7
permissive,7
trpv1,7
skies,7
enslaving,7
johann,7
ameliorate,7
hymns,7
one-hundred,7
misdiagnosis,7
emancipated,7
integrationist,7
conveniences,7
gatherers,7
paganism,7
no.5,7
ness,7
culminates,7
errc,7
cursing,7
indefinable,7
polyp,7
heavy-handed,7
bl-730,7
$10,7
witty,7
1870-1914,7
prophets,7
dispel,7
fuss,7
co-occur,7
scanners,7
vitreous,7
humor,7
consents,7
bungs,7
asymmetrically,7
u+es,7
dusk,7
∆t,7
threefold,7
prejudicial,7
verney,7
depravation,7
crss,7
nvq,7
world-system,7
tuition,7
policymaking,7
medicalised,7
coffers,7
cfc,7
caucasian,7
moselle,7
unleashed,7
ro,7
5-16,7
rica,7
sapard,7
malabsorption,7
wl,7
st-segment,7
mspa,7
pleurodesis,7
3-kinase,7
pederson,7
topsoil,7
ste,7
halstead,7
omens,7
beg,7
subsistent,7
obsolescence,7
superheated,7
intranet,7
bruner,7
marketability,7
hellenica,7
weblogs,7
lucien,7
fleagle,7
honouring,7
foreseeability,7
favelas,7
peculiarity,7
liberalise,7
springer,7
complacency,7
aurora,7
chauvinistic,7
gannon,7
human-computer,7
snapped,7
spousal,7
enlarges,7
welty,7
stove,7
/f/,7
lamellar,7
exclamations,7
neville,7
inseparably,7
salsbury,7
stepmother,7
ayesha,7
dales,7
,7
31-36,7
departs,7
self-assured,7
wynne,7
onslaught,7
vol.5,7
meta,7
collectivistic,7
condenses,7
symposia,7
glamour,7
demonic,7
kanazawa,7
inadmissible,7
outputting,7
demoralised,7
hornblower,7
ia,7
misinterpret,7
homeomorphism,7
rorabaugh,7
p.145,7
sorcery,7
andre,7
capsid,7
yuan,7
gasping,7
renounce,7
triticum,7
bacchic,7
comforted,7
chiang,7
leninism,7
fatalities,7
orientate,7
re-crystallised,7
expiration,7
proportionately,7
extinguished,7
1991b,7
apraxia,7
bahmani-oskooee,7
vanish,7
togetherness,7
gs,7
poisons,7
glucagon,7
moderating,7
wasp,7
gunpowder,7
barnhouse,7
multifarious,7
disentangle,7
ethno-centric,7
extensionists,7
splendour,7
erroneously,7
spokesperson,7
pans,7
lieberthal,7
hermione,7
trout,7
schultz,7
5e,7
guanidine,7
50m,7
ostracism,7
shareholding,7
blowey,7
rhizopus,7
gums,7
antonyms,7
cog,7
parry-jones,7
zolo,7
surges,7
flexi,7
rosen,7
de-motivating,7
wheelchair,7
uti,7
±0.5mm,7
cottrell,7
professes,7
frontline,7
klaiber,7
hasluck,7
floodplains,7
mccauley,7
indios,7
undersotry,7
hampson,7
participle,7
shadowed,7
law-making,7
bobby,7
couplings,7
vol.13,7
4+,7
dppe,7
hilar,7
championship,7
jeffreys,7
insurefor,7
italia,7
oxides,7
handsome,7
copland,7
4.2.3,7
1.11,7
resolves,7
wavevector,7
p.167,7
helmholtz,7
biomechanical,7
desertion,7
ferromagnetic,7
secures,7
euromonitor,7
mes,7
micron,7
cardiogenic,7
implicate,7
hypoglycaemia,7
stipulation,7
fsc,7
truthfulness,7
pre-marital,7
bulgaricus,7
marchingtonal,7
barham,7
hydrogenosomes,7
hedged,7
sponsors,7
volt,7
highbury,7
slower-growing,7
dillon,7
ifpi,7
tethering,7
btn0,7
ruthlessness,7
doxycycline,7
£80,7
bust,7
approachable,7
dunning,7
ephemeral,7
vents,7
cs2003,7
tropics,7
disincentives,7
cfx-post,7
accolade,7
agglomeration,7
point-of-sale,7
p65,7
thurow,7
corporatist,7
reformulated,7
steamship,7
unimaginable,7
forefathers,7
haldane,7
babington,7
varey,7
p35,7
charolais,7
sorbonne,7
er+,7
criminology,7
endocytic,7
hermes,7
carrington,7
wordlist,7
torry,7
eq.1,7
9.03,7
primatologica,7
photolysis,7
abc1,7
radar,7
count++,7
encrypting,7
lichen,7
p25,7
worst-case,7
distantly,7
gcdandlcm,7
3-night,7
nonsuturing,7
kazakhstan,7
parsing,7
zipper,7
persisting,7
monic,7
ff,7
nyoro,7
1520s,7
6b,7
chimney,7
glare,7
apparel,7
outcast,7
ghosh,7
grid-based,7
dermatitis,7
pigeon,7
24-25,7
adjudication,7
polemical,7
over-,7
trabeculae,7
discontinued,7
omits,7
capacitance,7
squarely,7
caesura,7
two-factor,7
cousins,7
pleds,7
calibre,7
maine,7
whitehurst,7
pairwise,7
hydrogel,7
2-form,7
rieslings,7
authentically,7
4d,7
ambrose,7
generational,7
believer,7
p60,7
q3,7
proviso,7
12v,7
d903,7
whiteside,7
bismarck,7
thing-in-itself,7
preachers,7
refrained,7
soma,7
lac,7
cloned,7
i]t,7
octavio,7
luxemburg,7
cini,7
grooved,7
autopod,7
philology,7
wifi,7
105mm,7
-catenin,7
lordship,7
oceania,7
prioritization,7
mbengue,7
phytosanitary,7
astonishingly,7
cytochromes,7
working-classes,7
greasy,7
higgott,7
designator,7
clade,7
qed,7
law-,7
overthrowing,7
sheila,7
incontinent,7
mfn,7
non-normal,7
rejoinder,7
elegantly,7
interracial,7
hyde,7
pgc,7
scalds,7
tableware,7
0.95,7
prostheses,7
donna,7
aass,7
midway,7
semi-skilled,7
inflections,7
gearboxes,7
abstracted,7
motorcycles,7
dd-peptidases,7
oligodendroglia,7
predictors,7
mysore,7
reabsorbed,7
patriots,7
hypothalamic,7
shoreline,7
cheltenham,7
perpendicularly,7
p.426,7
0.17,7
markus,7
sw,7
excitatory,7
mildly,7
infanticide,7
methodically,7
rectitude,7
whish,7
craftsman,7
infliction,7
softens,7
category-based,7
tetramer,7
unionisation,7
asymptotic,7
tx,7
redpath,7
p175,7
nekaris,7
apprenticeship,7
glottal,7
london/new,7
virion,7
aspinwall,7
braithwaite,7
audits,7
hallmarks,7
reser,7
polystyrene,7
pinot,7
retiring,7
market-,7
incursions,7
swore,7
peopling,7
shields,7
cheeks,7
professionalisation,7
hamby,7
deregulators,7
millington,7
enlisted,7
poststructuralist,7
contraceptives,7
chakrabarty,7
dickson,7
market-clearing,7
dichloromethane,7
modernists,7
coco,7
carrie,7
orion,7
grooves,7
ccrf,7
cobuild,7
val,7
buffering,7
broomhead,7
eutrophication,7
mikalson,7
grazers,7
glaciation,7
ritualistic,7
sind,7
electrophilic,7
erstwhile,7
inter-,7
guba,7
discerned,7
oaksford,7
azabicyclic,7
3:1,7
clears,7
heckter,7
bona,7
long-wave,7
dfes,7
kahneman,7
emigrate,7
npvs,7
judicious,7
itinerary,7
run-up,7
p.162,7
vantage,7
mono-crystalline,7
uss,7
enforcer,7
9.8,7
thematization,7
trent,7
hepatocytes,7
unconnected,7
nermo,7
kymlicka,7
wring,7
amerindian,7
zaire,7
cal,7
α-satellite,7
asl,7
shattering,7
andreas,7
validly,7
productively,7
pastoralism,7
accruing,7
co-,7
p215,7
moistened,7
peersman,7
p90,7
perdix,7
slept,7
forespore,7
oratorical,7
exited,7
abram,7
photoshop,7
theory-based,7
nutriments,7
danceny,7
repelled,7
uncharged,7
sabo,7
multifactorial,7
overtones,7
brethren,7
soliloquy,7
food-related,7
ron,7
soften,7
mn(d,7
serratia,7
forgiven,7
harford,7
willpower,7
reilly,7
gasket,7
brock,7
atrocity,7
westlaw,7
glanville,7
p.217,7
neo-colonial,7
eysenk,7
dramatist,7
soyabeans,7
rrna,7
ide,7
spam,7
carmen,7
abducted,7
tlaxcaltecs,7
volcker,7
whereabouts,7
vouchers,7
amending,7
dreadword,7
über,7
14.4,7
franchisor,7
diseconomies,7
product-based,7
rnis,7
poised,7
po2,7
resents,7
xanthelasma,7
rentier,7
federalist,7
melluish,7
pollack,7
interrelationships,7
0.00,7
denscombe,7
freudian,7
calamity,7
83gw,7
stair,7
fast-food,7
wage-labour,7
chalky,7
plutonium,7
pankhurst,7
hereby,7
haemorrhages,7
contravenes,7
externalism,7
barbarity,7
hats,7
manoeuvrability,7
hynes,7
perdita,7
puzzled,7
polymorphonuclear,7
occupant,7
innermost,7
reiteration,7
scathing,7
musician,7
kerney,7
spillover,7
vernon,7
p111,7
stratus,7
pre-operational,7
deploying,7
downsides,7
lingua,7
g-protein,7
multitudinous,7
hollerith,7
m/v,7
1.13,7
pedler,7
indoctrinated,7
haber,7
cirrus,7
one-fifth,7
img,7
p.182,7
de-orbit,7
repeatability,7
println,7
bundling,7
detaches,7
subtraction,7
rebutted,7
serotonergic,7
machined,7
mulatta,7
shipyard,7
boars,7
beet,7
resistivities,7
pollinators,7
stroop,7
vulpes,7
surfacing,7
equilibria,7
tarsius,7
seif,7
£30,7
sandwiched,7
turnips,7
liaising,7
glen,7
μmol,7
chodorow,7
eutectoid,7
lodgings,7
bolus,7
2x,7
units/week,7
pompeii,7
6.6,7
simmonds,7
verisimilitude,7
antibacterial,7
montagu,7
15mm,7
siliceous,7
patriot,7
hypothesises,7
uncultivated,7
sighted,7
trimmed,7
devolved,7
alternator,7
humphreys,7
articulates,7
macro-,7
carmichael,7
psycholinguistic,7
p85,7
huntington,7
disproves,7
bucke,7
deification,7
antidepressant,7
p.292,7
méndez,7
colonising,7
cerebellar,7
scialabba,7
miscellaneous,7
world-class,7
acromion,7
glenohumeral,7
thief,7
country-specific,7
hydroxyapatite,7
meshes,7
microsporum,7
snn,7
iraqi,7
tributes,7
ercp,7
nihilism,7
knightly,7
lyndon,7
commonsensical,7
vice-president,7
decarboxylation,7
plucking,7
father-in-law,7
wagerer,7
λak,7
liberates,7
stricken,7
loreau,7
specialize,7
straightforwardly,7
briois,7
muller,7
pistons,7
hoo,7
persia,7
circus,7
re-examined,7
kastor,7
dieleman,7
tabloids,7
dyncorp,7
bards,7
formlessness,7
λ2,7
gender-neutral,7
manifestoes,7
pennines,7
filipino,7
libya,7
pithoi,7
tiryns,7
tore,7
lurking,7
p.135,7
macedonian,7
medias,7
ostracised,7
tableau,7
annihilate,7
shampoo,7
propel,7
headington,7
sangre,7
sugata,7
greer,7
vogel,7
catches,7
acemoglu,7
pairings,7
lxi,7
depravity,7
crept,7
ping,7
unproven,7
prandtl,7
cowardice,7
inflexibility,7
wickersham,7
heterosexuals,7
hartree-fock,7
rnapii-h5,7
rowe/1996,7
frenzied,7
toiletries,7
grafts,7
haan,7
idiosyncratic,7
kranz,7
p.202,7
racings,7
hulsken,7
heave,7
abhorrent,7
evertsson,7
bookshop,7
relapses,7
roving,7
memorialisation,7
mingling,7
bernd,7
input-output,7
stratosphere,7
buff,7
ap1,7
nación,7
euro-american,7
best-selling,7
lgg,7
/ɪ/,7
buckled,7
confessing,7
unwillingly,7
humanly,7
jenner,7
raping,7
apnoea,7
lovelock,7
impalpable,7
en6a,7
sera,7
0jvp,7
instils,7
all-out,7
tranquillity,7
p162,7
self-knowledge,7
repudiate,7
ethnomethodologists,7
bridget,7
brimming,7
quetzalcoatl,7
gulliver,7
phobias,7
legendary,7
300mg,7
legends,7
internalize,7
hdu,7
genomics,7
pines,7
resuscitation,7
punctured,7
transcalar,7
ochre,7
sleeps,7
titans,7
logarithms,7
schumpeter,7
variac,7
copper/alumina,7
warehousing,7
sousa,7
burdened,7
genitalia,7
reaffirms,7
transgress,7
earthmen,7
resumes,7
defamilisation,7
alternation,7
idealists,7
streaks,7
b6,7
hungers,7
amygdala,7
cleave,7
out-of-hours,7
militants,7
m3,7
cloths,7
avarice,7
dowden,7
ahluwalia,7
envelopes,7
-ing,7
nicola,7
mule,7
bewley,7
fillet,7
bergsten,7
pseudoscientific,7
lymphatic,7
longed,7
perversity,7
darkest,7
originals,7
1f,7
fagley,7
xak,7
regulative,7
transcribe,7
demodulated,7
thesmophoria,7
naughton,7
li+,7
jong,7
chimp,7
nostrils,7
psychosexual,7
modus,7
dntps,7
rectification,7
mire,7
fumarase-catalyzed,7
intergenerational,7
ambulatory,7
probert,7
correa,7
roszak,7
unidentified,7
0.06,7
lobbied,7
72˚,7
hewitt,7
niro,7
uninterested,7
clown,7
caf,7
dismantled,7
realign,7
thermocouple,7
stiefel-whitney,7
alder,7
confederacy,7
p48,7
dilation,7
zurich,7
well-balanced,7
upto,7
high-pressure,7
educative,7
bifunctional,7
nicolas,7
gazing,7
crab,7
p72,7
isaiah,7
philanthropic,7
usurped,7
fortescue,7
groin,7
pronunciations,7
unfolded,7
laziness,7
potestas,7
nzlr,7
epistemologies,7
real-world,7
teubner,7
oracy,7
non-existence,7
inquired,7
followings,7
δy/δg,7
ise,7
pro-tanto,7
1-100-1,7
clausius-clapeyron,7
monotonous,7
iczn,7
extras,7
knife-edges,7
rebelled,7
bartley,7
buffered,7
musina,7
breathed,7
consciousnesses,7
non-constant,7
neurotic,7
laval/sidel,7
blueberries,7
hochdorf,7
common-sense,7
first-order,7
signification,7
shrew,7
disciplining,7
claydon,7
/g,7
moynihan,7
lizard,7
painstaking,7
phthalocyanines,7
hotly,7
loosened,7
insecurities,7
pp.13,7
arbor,7
animating,7
horton,7
stella,7
2.29,7
descendant,7
visage,7
tyson,7
dissimilarity,7
whr,7
cauliflower,7
vulgaris,7
acrocarpous,7
arcadio,7
υ(co,7
sync,7
17(3,7
issr-pcr,7
bf,7
refracted,7
excitory,7
paraphyletic,7
corneal,7
pantheon,7
fallacious,7
subcategories,7
post-medieval,7
secretive,7
concerts,7
350ms,7
larsen-freeman,7
tee,7
molyneux,7
enquire,7
passmore,7
summoning,7
dollarization,7
shackles,7
adriaens,7
lacanian,7
dividers,7
18-24,7
diaspora,7
nawab,7
sporulation,7
surmise,7
residency,7
chambered,7
frescoes,7
zvesper,7
waldman,7
typist,7
ionization,7
derbyshire,7
rickettsia,7
gp16,7
widowed,7
non-owning,7
steinhoff,7
stadt,7
fen,7
visitbritain,7
despise,7
veteran,6
lippit,6
neutrally,6
swamps,6
foams,6
tenacity,6
spherically,6
landscaping,6
laue,6
dichroism,6
s-,6
noe,6
lain,6
blad,6
breadmakers,6
defied,6
indigenismo,6
amulets,6
shutting,6
hastened,6
p254,6
conspiring,6
bebel,6
colliding,6
psychoanalyst,6
counter-productive,6
idealized,6
health-care,6
collaborators,6
insistent,6
k2,6
1/2003/ec,6
overclass,6
mennel,6
",1",6
mehr,6
montoneros,6
git,6
trinca,6
sacrilege,6
auschwitz,6
hard-core,6
wicks,6
keystone,6
enviro,6
junta,6
optimally,6
tektronix,6
sialic,6
vehement,6
rotting,6
appropriating,6
safeguarded,6
p190,6
nano,6
merwe,6
p94,6
absorbances,6
claustrophobia,6
caparo,6
"£20,000",6
pitot-static,6
sticker,6
canvas,6
homophobia,6
wand,6
whiteley,6
compacted,6
resnick,6
6mm,6
guitar,6
fissures,6
orbiter,6
mdpe,6
peau,6
brilliance,6
esa,6
doubleday,6
leachate,6
weidenfeld,6
rhea,6
easterling,6
forrest,6
land-use,6
27.1,6
announcements,6
dissipates,6
calmer,6
p208,6
paucity,6
undernourished,6
emac,6
marginality,6
species-specific,6
bloodthirsty,6
routledgecurzon,6
saddam,6
pleading,6
jacqueline,6
rushing,6
antigua,6
unrealistically,6
forebrain,6
remedying,6
shipment,6
esoteric,6
numbering,6
cliffs,6
culler,6
hamer,6
unearthed,6
consoles,6
wigforss,6
strictness,6
bony,6
arranges,6
aggravate,6
anti-hypertensive,6
placate,6
charmond,6
state-,6
urbanised,6
single-strategy,6
procter,6
garnham,6
"150,000",6
perscomm,6
w/v,6
swards,6
supplant,6
kensuke,6
bronchopneumonia,6
walford,6
utero,6
courtiers,6
caecum,6
explorative,6
rashes,6
hump,6
herbal,6
demeanour,6
1-10,6
#1,6
furs,6
pop-1,6
osmolarity,6
3.21,6
felix,6
cohabitant,6
sufetes,6
stdp,6
disguising,6
stoezter,6
collegial,6
milliseconds,6
saudi,6
shepard,6
ifi,6
tullia,6
m(r,6
rivera,6
instabilities,6
testimonies,6
multi-skilled,6
photoinduced,6
b2002,6
nourish,6
syllabic,6
arbuckle,6
second-,6
sameness,6
eluded,6
19(3,6
sewing,6
warranting,6
mouldy,6
0◦,6
occlusal,6
spreadsheets,6
evelyn,6
99.9,6
rages,6
westernisation,6
"3,4",6
self-report,6
rephrased,6
destructions,6
langlois,6
exigencies,6
transgressed,6
listunion,6
mind-dependent,6
midgley,6
sumner,6
ceos,6
tinged,6
work-related,6
gdr,6
veenhoven,6
franca,6
phosphoric,6
hayman,6
"80,000",6
bloy,6
poon,6
1.65,6
sudd,6
recirculation,6
scots,6
s-pm2,6
crystallinity,6
postholes,6
zebra,6
ionising,6
crossroads,6
jewels,6
bmr,6
gend,6
renunciation,6
clumped,6
twinned,6
acronym,6
statisticians,6
minutus,6
templin,6
dest,6
wintering,6
seller/bidder,6
hardworking,6
bovid,6
garage,6
1764-1840,6
bubonic,6
magagna,6
nunn,6
refashioning,6
homogeniser,6
brodgar,6
porte,6
1-r,6
nile,6
fronto-occipital,6
jamestown,6
p.313,6
bestial,6
profess,6
uncles,6
smo,6
thuringiensis,6
bendall,6
dq,6
preferentially,6
rcc,6
cross-over,6
betraying,6
owls,6
cronbach,6
vestiges,6
regimented,6
hyphae,6
wilkins,6
revue,6
t-,6
quadriceps,6
broadsheets,6
whig,6
hensley,6
pre-revolutionary,6
tremble,6
sabre,6
deutschendorf,6
diglossic,6
pre-election,6
knopf,6
mizen,6
aalberts,6
diastereoselective,6
alconbury,6
low-context,6
bandits,6
recreated,6
wedded,6
discharging,6
ensemble,6
melodramas,6
pd8.2,6
coconut,6
technocracy,6
gershlick,6
levitzky,6
btw,6
industry-specific,6
modifiable,6
exudes,6
vol.7,6
seedy,6
hideous,6
nad+,6
armax1,6
showcases,6
lumbar,6
p89,6
kipling,6
armageddon,6
struts,6
blinkered,6
inexorable,6
run/stop,6
telnet,6
hel,6
melancholic,6
telecom,6
hogson,6
phalens,6
rubbed,6
cuvettes,6
tireless,6
messy,6
orderliness,6
tire,6
unwieldy,6
dentist,6
siddle,6
bermann,6
sanchez,6
millett,6
prc,6
infused,6
ironies,6
eugene,6
mulheron,6
dm1,6
non-verbally,6
qq,6
roaming,6
incarceration,6
sawyer,6
gow,6
maund,6
irrotational,6
inversions,6
catarina,6
asbjørn,6
takeuchi,6
lipoproteins,6
1976:15-45,6
logics,6
emmons,6
h2b,6
gastro-intestinal,6
facultative,6
non-decision,6
righteous,6
hgb,6
summoned,6
winton,6
coagulase,6
oxymoron,6
metiamide,6
baz,6
cerius,6
ascendant,6
ribbon,6
federico,6
stambaugh,6
hlb,6
sec-1,6
incubating,6
p.223,6
a7,6
aliphatic,6
supercharger,6
yang-mills,6
four-stroke,6
aenied,6
stemmer,6
dihedral,6
neurologists,6
progressions,6
quieter,6
hales,6
mash,6
p.120,6
tulliver,6
e.2000,6
interconnections,6
lfts,6
nb=3,6
repercussion,6
testifying,6
lyman,6
sears,6
beitz,6
internalization,6
hcas,6
nba,6
speedily,6
timeframes,6
designates,6
refund,6
rg,6
slinn,6
p156,6
troposphere,6
disaffected,6
bloated,6
sterilizing,6
impinging,6
stream-function,6
inwardly,6
calmly,6
bergt,6
nudity,6
thrasea,6
non-dominant,6
blameless,6
rallying,6
year-round,6
sativa,6
wielded,6
cancellations,6
abreast,6
pertinently,6
asthmano,6
galloway,6
taunting,6
re-design,6
malindi,6
fables,6
mediocre,6
un-testable,6
chierchia,6
icteus,6
narrated,6
notches,6
booty,6
conservativeness,6
vivisections,6
breadboard,6
dvds,6
scatters,6
bleeds,6
micro-organism,6
affordances,6
light-hearted,6
dehumanised,6
inquisitive,6
pacing,6
mold,6
fairest,6
wage-price,6
hawaii,6
vig,6
tully,6
pimps,6
applebey,6
christen,6
standardising,6
meng,6
heterozygosity,6
grammaticality,6
"700,000",6
troop,6
dough,6
fanciful,6
thracian,6
kilogram,6
pupilla,6
bracking,6
proactively,6
ft-ir,6
disagreeing,6
stasis,6
sodomy,6
graining,6
anti-communist,6
chemotaxis,6
avait,6
siebel,6
britannia,6
wok,6
pfau-effinger,6
full-service,6
delusional,6
emigrated,6
0.37,6
accountancy,6
mangers,6
protists,6
£x,6
makczewski,6
germs,6
unleash,6
entreprise,6
naeem,6
reifying,6
stylopod,6
deforming,6
germaine,6
anonymously,6
septum,6
mid-wharfedale,6
floworks,6
signage,6
preuss,6
microarray,6
pitiful,6
hosted,6
brookmyre,6
cost-efficient,6
sub-units,6
oh7,6
pre-established,6
diffidence,6
one-,6
kα,6
suppliants,6
hypodermal,6
confiscated,6
7.24,6
ngaire,6
ofsted,6
p176,6
necrotic,6
ecrea,6
period-t,6
avid,6
evolutionist,6
cully,6
"19,000",6
ftse,6
diagrammatic,6
portmanteau,6
dspace,6
marjie,6
b-ing,6
ivi,6
gustavo,6
senilità,6
odourant,6
20g,6
zavari,6
nutritive,6
garfinkel,6
prophecies,6
shirts,6
inductors,6
bickerman,6
canton,6
polyphenolic,6
√∆p,6
microstereolithography,6
philippine,6
peeled,6
acetonitrile,6
stirrer,6
d-orbitals,6
inward-looking,6
1985-2000,6
time-based,6
durations,6
thimble,6
monoglyceride,6
succumbs,6
1999:2,6
joyous,6
orbit-form,6
unoccupied,6
iterating,6
sphinx,6
tkr,6
atopic,6
cyanide,6
monthlies,6
foretold,6
dryden,6
caterer,6
repute,6
bathrooms,6
sharks,6
mamillary,6
recited,6
harvester,6
trunks,6
looms,6
anapaestic,6
pacis,6
inundated,6
p.335,6
chestnut,6
liberman,6
irishness,6
colloquialisms,6
eloquently,6
arene,6
wallace-hadrill,6
fluently,6
pipelines,6
bosom,6
mesalazine,6
cannae,6
oscillated,6
huff,6
pericarditis,6
subservience,6
stumps,6
haul,6
codeine,6
gluten,6
90◦,6
rosalind,6
regal,6
leopard,6
rad/sec,6
end-users,6
exothermic,6
motormode,6
16-17,6
distillate,6
ldh,6
fadh,6
infomediaries,6
buzzword,6
df=6,6
palisade,6
layder,6
landowner,6
counsellor,6
privatized,6
anti-realist,6
banquet,6
courtney,6
dignam,6
giglio,6
non-traditional,6
westernized,6
christendom,6
eurasian,6
cell-based,6
engulfing,6
lizards,6
blackburne,6
neo-functionalism,6
foucauldian,6
non-accidental,6
rumpler,6
cpp,6
cdcl,6
stp,6
hatched,6
atchison,6
4-coordinated,6
eucrates,6
payout,6
morrisons,6
debatably,6
#3,6
head-binding,6
encroached,6
cradle-boarding,6
mckinnon,6
garnsworthy,6
sextet,6
teat,6
speedier,6
eyre,6
p.257,6
mccourt,6
jacobsen,6
∆p,6
healthily,6
halpin,6
small-sized,6
h2o,6
modulators,6
camouflage,6
sterne,6
stalinism,6
multi-cultural,6
£4000,6
fanatical,6
mai,6
entrench,6
macwhinney,6
indentation,6
20mm,6
innervation,6
pbx,6
fettered,6
catheterisation,6
avascular,6
dosims05,6
alabaster,6
clockwork,6
qf,6
unreasonably,6
hyde-price,6
p137,6
tortfeasor,6
clumsier,6
swarmware,6
crook,6
bijective,6
opp,6
pw,6
dine,6
delaware,6
veritable,6
morphism,6
baird-parker,6
kiberd,6
walloon,6
lix,6
sects,6
v-notch,6
reusable,6
jürgen-goertz,6
anglo-saxons,6
milked,6
subtler,6
al.2000,6
theologian,6
chn,6
finalise,6
siegel,6
bedtime,6
dampen,6
anglophone,6
marred,6
ndns,6
divulged,6
clearings,6
punching,6
polyandry,6
rbf,6
amarna,6
-58,6
cfcs,6
decomposing,6
maltose,6
ifs,6
dismissals,6
line-to-line,6
collimators,6
alptraum,6
0x04,6
31-32,6
epl,6
transients,6
bi-directional,6
mesoamerican,6
sub-tours,6
badius,6
cccs,6
p.158,6
deflecting,6
p.224,6
non-monotonic,6
populism,6
perez,6
b2c,6
hoeffler,6
noumenal,6
government-in-exile,6
incomprehension,6
sudu,6
phosphoepitope,6
vitry,6
member-states,6
5mg/kg,6
afshar,6
unplanned,6
guastello,6
one-cell,6
np-complete,6
kite,6
graces,6
hug,6
sub-consciously,6
adhesin,6
subcellular,6
boucher,6
self-realisation,6
conformers,6
guises,6
brunner,6
10/04/05,6
merleau-ponty,6
justiciability,6
ebp,6
lengthening,6
unforgiving,6
mehler,6
admin,6
matlin,6
50mhz,6
callous,6
russ,6
briscoe,6
daf,6
lengthened,6
stamped,6
potlatch,6
oo,6
input1,6
olsson,6
critiqued,6
pilus,6
sliders,6
50-70,6
paper-based,6
xenophobic,6
obstructs,6
abduct,6
filial,6
biofilms,6
explicate,6
compilers,6
dragons,6
fvc,6
maclachlan,6
watkin,6
cristae,6
rbst,6
scandinavians,6
instructing,6
1600s,6
consign,6
guyanese,6
-0,6
mural,6
bryce,6
yali,6
bohmian,6
cunliffe,6
angst,6
ligeia,6
galvanised,6
burca,6
requisites,6
akhenaten,6
colostomy,6
imagistic,6
extra-legal,6
ondaatje,6
seriation,6
cassius,6
56-70,6
centralising,6
mentoring,6
agricola,6
disequilibrium,6
helmut,6
idyll,6
grandchildren,6
s.1,6
ova,6
explicable,6
stearate,6
nonexistent,6
p136,6
volta,6
plautus,6
antennae,6
film-makers,6
discoloured,6
repudiated,6
sutphin,6
1620s,6
neurovascular,6
incubators,6
anghie,6
haley,6
angiosperm,6
utilitarians,6
dispatched,6
ilona,6
partridge,6
booklets,6
comprehensiveness,6
5g,6
preschool,6
stoichiometric,6
geras,6
ramus,6
vols,6
prioritize,6
hordes,6
destabilised,6
stn,6
moans,6
unpunished,6
poignantly,6
chalklands,6
wearer,6
bribery,6
for(k,6
loadings,6
bolt,6
eviews,6
meteorology,6
mcginn,6
destitute,6
time-step,6
giton,6
p.247,6
shale,6
price-effectiveness,6
nike,6
hounsfield,6
hearsay,6
developement,6
"45,000",6
incumbents,6
full-load,6
banquets,6
doha,6
justin,6
twitchett,6
chop,6
1.2.2,6
hollingdale,6
imbalanced,6
sociale,6
debugger,6
dispatching,6
cadmium,6
surpassing,6
catalysing,6
inter-related,6
non-current,6
lophocebus,6
cis-,6
0.28,6
welded,6
gerard,6
1.53,6
forfeit,6
accommodates,6
malawi,6
nation-wide,6
25:1,6
indianapolis,6
greaves,6
enterobacteria,6
predisposing,6
1998:3,6
long-lived,6
lankan,6
baillargeon,6
overturn,6
aarun,6
nadp+,6
intermingled,6
willows,6
precepts,6
spokesman,6
pradesh,6
imr,6
ith,6
heightening,6
sentimentality,6
weddings,6
reinhart,6
halbertsma,6
jeopardize,6
cultivar,6
taxis,6
extensification,6
ricardian,6
enforceability,6
malfi,6
telescopic,6
wipes,6
especial,6
・the,6
non-greeks,6
vagabonds,6
i]n,6
ru,6
carmaker,6
brander,6
hypertensive,6
manliness,6
fend,6
2002:1,6
confounds,6
oberwart,6
forbade,6
gulati,6
cannibal,6
indebtedness,6
nonverbal,6
sea-level,6
spies,6
unspeakable,6
rowland,6
weydenthal,6
forty-eight,6
frugality,6
glazed,6
hazy,6
hiscock,6
kuper,6
all-consuming,6
fossilised,6
vociferous,6
buggytimertest,6
adleman,6
spilling,6
routed,6
immersing,6
hardwick,6
université,6
deviants,6
hereon,6
imprinting,6
revel,6
myrdal,6
on-farm,6
brook,6
phosphoenolpyruvate,6
punjab,6
thromboembolic,6
oakes,6
long-established,6
rozwenc,6
envisages,6
follicles,6
rye,6
aboard,6
slain,6
canny,6
holiness,6
11.3,6
7b,6
tailor-made,6
stimulus-response,6
stringing,6
cefuroxime,6
guofeng,6
bandage,6
krystallis,6
phosphorylates,6
mckeever,6
uwonet,6
c-terminal,6
mocked,6
formulates,6
rougher,6
complexification,6
detour,6
electrified,6
1.2.3,6
inferiors,6
proteolytic,6
well-formed,6
lysate,6
kilograms,6
ocular,6
depreciates,6
serbs,6
dancers,6
croce,6
pollards,6
p67,6
ferritin,6
spire,6
0.67,6
point-of-care,6
marshland,6
bows,6
pestis,6
magura,6
254nm,6
cytokines,6
long-house,6
seawater,6
trebled,6
maltz,6
spirochete,6
wielding,6
transporters,6
gist,6
bushbabies,6
divinely,6
northerly,6
lightest,6
quelled,6
money-market,6
p.184,6
ching,6
spasms,6
stockholders,6
secs,6
looser,6
amylase,6
bronchodilators,6
iga,6
mosedale,6
diatomic,6
hutchinson,6
equitably,6
ataxia,6
apis,6
torus,6
high-context,6
transatlantic,6
disinterest,6
fades,6
$500,6
dobbs,6
chatting,6
modernizing,6
wagons,6
red2,6
assi1,6
bali,6
rallis,6
rationed,6
zadie,6
subcontract,6
p.380,6
silvestro,6
chasm,6
disputable,6
t=20,6
fft,6
feder,6
homelessness,6
mpc,6
degassed,6
mutate,6
amsler,6
leucocytes,6
legitimized,6
ridiculously,6
p.255,6
neurobiological,6
chabris,6
denunciation,6
swim,6
macgregor,6
tlr,6
plaguing,6
aridity,6
terrier,6
demolition,6
maf,6
sofa,6
biosecurity,6
foreboding,6
regiocentrism,6
firefox,6
davison,6
recrystallised,6
whistler,6
cords,6
kpa,6
rapidity,6
chorionic,6
aptt,6
hsia,6
squaring,6
lft,6
mane,6
belligerent,6
bellow,6
±1.0mm,6
bobo,6
35-45,6
botanical,6
memo,6
equidistant,6
peronism,6
marcuse,6
solidly,6
uvi,6
ges,6
aerobes,6
hund,6
break-down,6
nakedness,6
alarmed,6
.5,6
unearth,6
furrows,6
gamarra,6
sola,6
nsf,6
cubans,6
morphostasis,6
cross-,6
ielts,6
holley,6
fanatics,6
non-parametric,6
3ml,6
piquetero,6
24.1,6
l.20,6
estado,6
29/10/06,6
refractometer,6
silchester,6
drifter,6
serb,6
homotopy,6
complementor,6
subdivisions,6
defection,6
saracci,6
adoptions,6
cross-culturally,6
vineyards,6
-4m,6
hickman,6
non-calcareous,6
τi,6
disharmony,6
p261,6
titrate,6
categorisations,6
slaying,6
antarctic,6
high-resolution,6
indictment,6
overdrafts,6
serially,6
p101,6
suggestible,6
theaetetus,6
searcharray,6
post-apartheid,6
counter-hegemonic,6
tautomers,6
obliges,6
hf/6-31g(d)//b3lyp/6-31g,6
awe-inspiring,6
stares,6
nautilus,6
feinhals,6
voyagers,6
predominating,6
micro-hydro,6
neutrino,6
1580s,6
p.414,6
coasters,6
phrasing,6
pre-prepared,6
2-hydroxypyridine,6
qc,6
woodsmall,6
aspartate,6
drown,6
upfront,6
playwriting,6
johnny,6
nedrick,6
grundy,6
underestimating,6
drifted,6
pica,6
cementing,6
oldham,6
invalidating,6
keying,6
levick,6
broadway,6
gardener,6
judex,6
proffers,6
marries,6
mcelwee,6
weatherill,6
microcytic,6
cladistic,6
hurried,6
nightmares,6
hankins,6
lethargic,6
rheumatology,6
tit-for-tat,6
cheaters,6
acromegaly,6
emulsifying,6
presentational,6
igy,6
recordable,6
bayes,6
delmar,6
cressey,6
sehr,6
mengham,6
kotas,6
bierbauer,6
aileen,6
5-10mg,6
blends,6
randomized,6
post-independence,6
rohrbough,6
sellick,6
pnpp,6
paces,6
3j,6
as-ad,6
p.286,6
greenstein,6
monoprotic,6
n6,6
okiya,6
ostentation,6
croston,6
pro-choice,6
nad,6
unviable,6
fiduciaries,6
diminution,6
37.5,6
carts,6
mangabey,6
rebound,6
reheated,6
desegregation,6
inter-limb,6
deputies,6
isosteric,6
churned,6
1800-1870,6
baking,6
applause,6
guedes,6
supply-side,6
minimalist,6
downtime,6
amoxicillin,6
lcis,6
lithography,6
c-o,6
self-imposed,6
blundell,6
bolted,6
carnal,6
wollstonecraft,6
lobbyists,6
constitutionality,6
overproduction,6
collaborator,6
trompenaars,6
chauvinism,6
lacrimal,6
levey,6
unsystematic,6
differentially,6
conferencing,6
iom16c62,6
undoing,6
undetected,6
lysander,6
idolatry,6
kesey,6
tak,6
judgemental,6
-100.0,6
3mol,6
clausal,6
einer,6
likens,6
dona,6
commercialised,6
whitehouse,6
1640s,6
resent,6
martell,6
knee-jerk,6
promulgated,6
mentors,6
deco,6
neanderthalensis,6
fleets,6
etal,6
24h,6
quarantine,6
135mm,6
academe,6
encomium,6
cimon,6
flagrant,6
saratoga,6
gronniosaw,6
fischler,6
impaction,6
été,6
portsmouth,6
1993:1,6
a6,6
p.317,6
craves,6
lymphocytic,6
stata,6
denomination,6
santrock,6
widths,6
malik,6
narrowest,6
morphisms,6
export-oriented,6
desolate,6
uv-vis,6
broodbank,6
tubercle,6
p.281,6
r-module,6
imbra,6
sightings,6
obstructed,6
rehabilitate,6
aglycon,6
watery,6
pollicis,6
self-reported,6
moyer,6
crisps,6
syngellakis,6
homestay,6
mid-century,6
cairns,6
intellectualist,6
unitarist,6
baldauf,6
adulation,6
radmore,6
hybridisation,6
periodate,6
3cooh,6
césar,6
moan,6
regrets,6
neo-functionalists,6
activity-based,6
danesi,6
1-50-50-1,6
emptying,6
ltcm,6
avoidable,6
scrapers,6
antipodal,6
disorientated,6
lax2,6
quantization,6
conflictual,6
mummy,6
cutler,6
affordance,6
abortive,6
jove,6
caudillo,6
cognitively,6
paraphrased,6
10n,6
genbank,6
bends,6
co-ordinating,6
p.163,6
wooton,6
disintegrate,6
rand,6
european-level,6
malleability,6
physicality,6
re-appropriation,6
vrontis,6
allelochemicals,6
ulex,6
oss,6
gmp,6
stony,6
erred,6
1890s,6
matrixtype,6
certify,6
succumbed,6
watercourse,6
foresees,6
mellaart,6
grafted,6
pre-eminence,6
doctor-patient,6
binocular,6
fastened,6
1500-1700,6
input2,6
ubo,6
buttocks,6
trimester,6
expressionist,6
d02,6
mop,6
repellent,6
nectar,6
k/,6
phraseology,6
cytoskeletal,6
eclipse,6
ignacio,6
sewn,6
malignancies,6
kites,6
algal,6
sikorski,6
guerin,6
interrelate,6
home-,6
rust,6
hasten,6
gamblers,6
factored,6
flippant,6
bondage,6
chord,6
dicta,6
denatures,6
bologna,6
crankshaft,6
brightly,6
yer,6
dolly,6
crap,6
dispensing,6
domitian,6
leant,6
microenvironment,6
soccerbooker,6
17(1,6
tailed,6
δv,6
break-up,6
socializing,6
jours,6
wrights,6
sweets,6
gracchi,6
centralize,6
anteroposterior,6
look-up,6
minimization,6
anisminic,6
legalized,6
midden,6
feminity,6
kilometers,6
goldman,6
riotous,6
mismatches,6
nast,6
haag,6
polyposis,6
third-person,6
colluding,6
gentamicin,6
perches,6
anti-platelet,6
lockean,6
deep-seated,6
ped,6
supercooled,6
gauss,6
mimi,6
hall/crc,6
autogenous,6
magaisa,6
queer,6
equalization,6
dufour,6
unforgivable,6
norfolk,6
mirror-image,6
deportation,6
futurism,6
armament,6
diligent,6
intersections,6
augments,6
laing,6
process-utopias,6
meantnn,6
faggen,6
atheism,6
espouse,6
unimodal,6
problematical,6
mowing,6
strawberry,6
firth,6
vulture,6
erupts,6
addendum,6
0.1mpa,6
vogenauer,6
p.218,6
amassing,6
constipated,6
waldron,6
extraterritorial,6
condense,6
estimators,6
non-fat,6
explosives,6
cdk9,6
disaggregated,6
plomer,6
non-contact,6
leaned,6
nardus,6
uluburun,6
canapés,6
inoculating,6
sub-adults,6
polysaccharides,6
nasogastric,6
socio-legal,6
missense,6
lexus,6
croom,6
reversers,6
plummeted,6
desserts,6
entrepôt,6
torchbooks,6
hemiparesis,6
pimlico,6
contestability,6
appleton,6
marched,6
clonal,6
kwp,6
collate,6
southey,6
radman,6
reconstituted,6
variabile,6
instantial,6
lutheranism,6
albany,6
self-assembling,6
terrell,6
dinosaurs,6
thoughtful,6
non-fiction,6
revisability,6
guarantor,6
machiavelli,6
usb,6
bullough,6
unbeatable,6
ashforth,6
moralistic,6
pivoted,6
h2-receptor,6
mayes,6
varinia,6
absences,6
armaments,6
anita,6
zimmermann,6
micro-tube,6
jeopardising,6
1400utc,6
yamamoto,6
head-on,6
blunder,6
reduced-inhibition,6
e=0,6
panorama,6
stubborn,6
weaning,6
carve,6
mcgivney,6
timid,6
x=30,6
carburetor,6
seton-watson,6
p.239,6
procession,6
sulis,6
stringently,6
bosons,6
dillery,6
y187-sv40,6
sates,6
gallows,6
impervious,6
devine,6
librarian,6
liberalize,6
g11,6
-15.0,6
haben,6
16-bit,6
traum,6
glioma,6
west-east,6
fd,6
iar,6
antinodal,6
granada,6
misconceived,6
wickedness,6
trumps,6
sub-sectors,6
high-ranking,6
conjugal,6
extroversion/,6
sampson,6
dashboard,6
envisiontec,6
hard-working,6
/d/,6
over-regularisation,6
naturalness,6
demetrius,6
receivables,6
martian,6
replicable,6
deathbed,6
surrendering,6
screwed,6
1t,6
instructs,6
opinionated,6
plasmodium,6
2.5.1,6
p.153,6
laud,6
leonards,6
mainstreaming,6
revitalised,6
neal,6
value-judgments,6
flexi-connector,6
boca/river,6
entre,6
lhiiia-b,6
buy-in,6
well-structured,6
self-governance,6
lightbown,6
habsburg,6
off-loading,6
bruit,6
gonna,6
bilingual,6
ruse,6
deutschland,6
dependents,6
scrapped,6
doves,6
vu,6
straining,6
17-18,6
renfew,6
self-refuting,6
bushy,6
p.246,6
reneging,6
stamen,6
allard,6
cardioversion,6
swab,6
henri,6
pratap,6
uwb104,6
mainstay,6
sweaty,6
confess,6
durkheimian,6
submits,6
microchip,6
truest,6
brebner,6
earthscan,6
4/3,6
regrettably,6
much-needed,6
kda,6
anti-trust,6
6-10,6
barristers,6
ifpri,6
cheated,6
socio-psychological,6
five-star,6
touted,6
autoxidation,6
11.4,6
magnetically,6
collembola,6
self-regulatory,6
emanates,6
affordability,6
moderates,6
friendlier,6
dis,6
survivor,6
comedic,6
delgado,6
deprotonation,6
beintema,6
refreshed,6
downsizing,6
encroach,6
hoogovens,6
ghastly,6
dv,6
emigrants,6
hadley,6
ugliness,6
embargo,6
publicized,6
enkomi,6
post-operatively,6
precess,6
ennui,6
eventing,6
edp,6
industrialism,6
actuating,6
state-centred,6
descola,6
0.41,6
insolvent,6
interferon,6
beep,6
h12,6
stab,6
27/10/06,6
undisputable,6
alkaloids,6
groupthink,6
franchises,6
multi-channel,6
epiphenomenal,6
frication,6
seldon,6
tappings,6
heterocyclic,6
hares,6
israeli,6
patton,6
p-nitroaniline,6
clifford,6
merrell,6
obstruct,6
impairing,6
erf,6
0.87,6
yellow-brown,6
conscription,6
incheon,6
gutters,6
vierhaus,6
tam,6
cusfta,6
jure,6
rx,6
engell,6
pike,6
pitt,6
arabia,6
tamed,6
subsoil,6
pax,6
gloucester,6
93/104,6
less-advanced,6
synchronization,6
brad,6
etat,6
adobe,6
crowns,6
obtrusive,6
definiteness,6
humphrys,6
downplay,6
p.78,6
disloyal,6
tendering,6
copy-editor,6
interia,6
garino,6
6pole,6
2003:3,6
petrie,6
softly,6
15n,6
snail,6
5-night,6
micromachining,6
esters,6
divalent,6
inexistent,6
somatization,6
haake,6
stott,6
kate,6
foodbase,6
3x,6
retire,6
agric,6
mutagens,6
dryness,6
sufrin,6
bucolic,6
shariah,6
detracts,6
quicken,6
preying,6
suspiciously,6
agrammatism,6
cheering,6
260v,6
affixes,6
trivialises,6
colonials,6
contravention,6
30°,6
p161,6
fg,6
eventualities,6
liberalised,6
lgd,6
conicus,6
margot,6
holme,6
reworked,6
hopelessly,6
apportion,6
parametric,6
nicknames,6
klinger,6
18.5,6
burr,6
n2,6
satires,6
rspca,6
perishability,6
reels,6
1-acetylferrocene,6
alen,6
refrigerator,6
joys,6
disconnection,6
aborted,6
tschudin,6
emulsification,6
discriminations,6
world-view,6
azda,6
hinch,6
hane,6
lifeless,6
heifers,6
modern-day,6
leyland,6
newgrange,6
cladonia,6
sao,6
spearman,6
abs,6
axioms,6
2r,6
motherboard,6
ucctr,6
isbn,6
lemons,6
sneezing,6
jacobian,6
turbid,6
westport,6
travail,6
renounced,6
for(j,6
verne,6
a/b,6
solidified,6
cjb,6
lamotta,6
1/1,6
half-lives,6
priceless,6
lawlessness,6
adventures,6
merikare,6
fishery,6
sulcus,6
p138,6
kovac,6
bifurcated,6
"1,1",6
malvern,6
overy,6
chairmen,6
misperceptions,6
marcescens,6
kringelbach,6
luo,6
foes,6
plebs,6
a-,6
sadism,6
decasper,6
shleifer,6
lueg,6
neoclassicism,6
narcissistic,6
leu,6
boulder,6
underclass,6
inspects,6
otto,6
kevlar,6
softwares,6
mournful,6
andgate,6
oligosaccharide,6
feminisation,6
deresky,6
majestic,6
ousted,6
meps,6
otho,6
recuperation,6
suchting,6
orme,6
popes,6
centralism,6
ref.5,6
wenn,6
conjure,6
oxidise,6
fabricating,6
zeng,6
acquiescence,6
23-24,6
waned,6
morrisson,6
obstinate,6
deltoid,6
macculloch,6
spatio-temporal,6
giandomenico,6
draconian,6
contextualization,6
stoichiometry,6
p.245,6
fittingly,6
traceable,6
undergrowth,6
settles,6
rictor,6
catch-up,6
erupting,6
value-free,6
intercellular,6
inescapably,6
porphyro,6
convective,6
solder,6
trustgauge,6
constricted,6
ojls,6
interregional,6
predictprotein,6
scp,6
lula,6
eponymous,6
sha-1,6
consequentialism,6
collude,6
kiln,6
smothering,6
firmer,6
sawston,6
sarpedon,6
fcf,6
reworking,6
value-adding,6
ceecs,6
microsatellite,6
tutorials,6
melian,6
gonzález,6
joyful,6
resemblances,6
flats,6
pipetting,6
2.14,6
crucifixion,6
narmada,6
-9,6
fermentable,6
non-steroidal,6
subsidising,6
eukaroytic,6
disobedience,6
rico,6
g1,6
exacting,6
post-cranial,6
instructor,6
low-skilled,6
admirably,6
alt,6
phenytoin,6
non-price,6
alphabetically,6
sutured,6
oncologist,6
knives,6
altars,6
oxytocic,6
fireworks,6
tillyard,6
pruning,6
duet,6
modals,6
simplical,6
slotted,6
e-collaboration,6
beckett,6
weighs,6
deionised,6
waif,6
chancellors,6
groundbreaking,6
unilateralism,6
warhol,6
kitten,6
cleon,6
so(4,6
inquisition,6
nisbit,6
instinctual,6
rallied,6
bridgford,6
opined,6
hydrocephalus,6
text-based,6
13.1,6
administrating,6
anopheles,6
moieties,6
pun,6
y-direction,6
liesbet,6
ostensible,6
honduras,6
reiner,6
kink,6
duel,6
rationalisations,6
sorrowful,6
wrongness,6
ahft,6
uncritical,6
hoof,6
clinton-davis,6
verifies,6
historicist,6
non-shirking,6
indiscriminately,6
cescr,6
offends,6
relapsing,6
-lactamase,6
makdisi,6
glazing,6
pentapeptide,6
electrospray,6
covenants,6
leotychides,6
pres,6
rouge,6
adorn,6
diastereomeric,6
swets,6
7h,6
uncomfortably,6
supersede,6
carcinogens,6
encased,6
antioch,6
matrix(0,6
10.3,6
·prediction,6
mean(d2,6
siberia,6
zoomed,6
sicherman,6
orr,6
tipped,6
intertwining,6
arbitral,6
école,6
legitimises,6
dropwise,6
oestrus,6
p.429,6
mayr,6
oxen,6
archaeologically,6
hescs,6
arrhythmia,6
scheffler,6
association-based,6
blasphemous,6
québécois,6
mango,6
g0,6
photodissociation,6
stai,6
feeders,6
panicillium,6
backchannel,6
bouncing,6
2-value,6
funnels,6
shivering,6
pre-political,6
1mg,6
millivolts,6
shanks,6
age-old,6
randolph,6
ntb,6
flexural,6
anti-foreign,6
inter-molecular,6
self-deception,6
audacious,6
safari,6
flemish,6
4θ,6
lexicalization,6
gupta,6
662kev,6
loris,6
mainframes,6
owl,6
e-shell,6
e-enabled,6
malpractice,6
z=,6
pirie,6
idiopathic,6
trypanosomes,6
vandalism,6
purge,6
colonize,6
homolog,6
retinoic,6
bruises,6
ultrafast,6
aaker,6
neocentromere,6
nodded,6
hoxb8,6
memorize,6
epaulette,6
self-incrimination,6
lycaon,6
oligopolistic,6
vaca,6
glacier,6
four-item,6
circadian,6
tricking,6
dhanapala,6
criticality,6
broccoli,6
determinative,6
steadfast,6
reify,6
cline,6
translocated,6
thynne,6
planner,6
vicariously,6
nigerian,6
myrmidons,6
trembling,6
awaits,6
misrepresented,6
ethnographies,6
#define,6
metabolised,6
probed,6
legitimization,6
17mm,6
scapegoats,6
imparting,6
dissented,6
martínez,6
sidel,6
aide,6
pdb,6
cashier,6
bracken,6
madden,6
qrs,6
ovulation,6
ridley,6
urquhart,6
unending,6
doomsday,6
medusae,6
hastily,6
tunes,6
wolosin,6
disconcerting,6
barter,6
caller,6
wholemeal,6
peek(p,6
twenty-three,6
torre,6
spearmint,6
luciak,6
kts,6
unaccustomed,6
chambermaids,6
darkly,6
jans,6
benyon,6
guerrero,6
breastfed,6
splendid,6
hospitalitynet,6
uplifting,6
souhami,6
borates,6
brewing,6
plosion,6
overture,6
bowler,6
theopompus,6
world-state,6
pipex,6
1784-89,6
jean-marie,6
impiety,6
11-cis-retinal,6
structure-,6
madmen,6
x-y,6
balloting,6
crotty,6
bless,6
coulomb,6
valentine,6
con/tradition,6
corrode,6
abstained,6
dow,6
lamented,6
menarche,6
runway,6
p260,6
tversky,6
20s,6
3h,6
discolouration,6
familiarisation,6
borker,6
dumb,6
0.005,6
greenhill,6
0.000,6
filipa,6
traditionalism,6
bhcg,6
kohler-koch,6
acknowledgements,6
binford,6
subsist,6
emasculative,6
ethnographical,6
preys,6
capuchin,6
westernization,6
heerbrand,6
gazette,6
unaltered,6
wheatley,6
export-led,6
heme,6
mörder,6
lavoro,6
loverseed,6
retrospectively,6
locabail,6
reputability,6
indelible,6
wetting,6
headway,6
babylonian,6
kaminsky,6
multiprocessor,6
testes,6
herluin,6
expelling,6
extravagance,6
hedonism,6
transformative,6
chromatographic,6
ripple,6
soas,6
e-coli,6
phare,6
eyesight,6
hydrogenase,6
autonomic,6
pinpoints,6
mouthpiece,6
fitter,6
cfx-mesh,6
sultan,6
cynically,6
johanna,6
plummeting,6
totalising,6
winlap,6
baudin,6
soul-making,6
oxytocics,6
biface,6
polydamas,6
bluntly,6
diet-related,6
p.199,6
east-west,6
rapists,6
multiethnic,6
haller,6
corrupts,6
sworn,6
cumulatively,6
tucker,6
monastery,6
enhancements,6
rodrigues,6
timē,6
overbearing,6
musculature,6
dramatists,6
in-flight,6
twas,6
malevolent,6
quandary,6
etiquette,6
srinivasan,6
npis,6
engraved,6
nadel,6
aches,6
determinatives,6
logicians,6
inverters,6
90˚,6
amgs,6
tillotson,6
ribner,6
rang,6
glenoid,6
serenity,6
dawla,6
illich,6
unvoiced,6
globalising,6
valency,6
harrap,6
weiser,6
cross-site,6
deep-sea,6
loader,6
connoted,6
fdm,6
bacteriological,6
adc/dac,6
unelected,6
emphatically,6
ballroom,6
stumbled,6
fateful,6
arhinger,6
1800-1850,6
suffocating,6
fig.6,6
self-referential,6
coincidentally,6
flyers,6
stephens,6
hissing,6
emilio,6
mago,6
heralding,6
synchronising,6
reshaped,6
kesanakurti,6
barnsley,6
buck,6
johan,6
fsim05,6
two-tailed,6
dyspnoeic,6
carbinol,6
non-functional,6
herring,6
lapses,6
cafes,6
ecopsychologists,6
scavenger,6
easthope,6
alkoxide,6
acylated,6
padded,6
calvo,6
deformations,6
cec,6
accreditation,6
etc.,6
holman,6
limbic,6
manga,6
laurie,6
f(β,6
soared,6
alteram,6
modulo,6
quiz,6
t-shirts,6
discriminant,6
retested,6
realisable,6
ergonomics,6
1590s,6
oneness,6
lawn,6
airtight,6
arc-123196,6
alternated,6
tailors,6
recalcitrant,6
delirious,6
layton-henry,6
ihr,6
gavin,6
ampère,6
ns,6
autre,6
422-436,6
sí,6
inductively,6
bandoleros,6
undone,6
flores,6
non-coding,6
resolute,6
glenna,6
anus,6
penzias,6
persil,6
euphoria,6
comet,6
dominic,6
ectopics,6
averted,6
rothschild,6
washbrook,6
reverts,6
dyads,6
reporters,6
shout,6
actress,6
mbuti,6
frothy,6
bib,6
kremer,6
pre-modified,6
seams,6
unveiled,6
spectrometers,6
chasmogamous,6
bts,6
durée,6
non-homologous,6
stationery,6
mutational,6
cyanidin,6
brockway,6
rigors,6
ciprofloxacin,6
chaudhury,6
pons,6
celtis,6
mishkin,6
halide,6
pre-fortis,6
cornered,6
addressable,6
premolar,6
quartic,6
finitely,6
antiquities,6
undamaged,6
kumra,6
officialdom,6
disinclination,6
blanche,6
argentinidad,6
heck,6
neuro-fuzzy,6
subverts,6
grande,6
formless,6
klaatu,6
kerensky,6
pre-historic,6
margetts,6
tautology,6
landlocked,6
0.36,6
porta,6
larsp,6
gypsum,6
spacio-temporal,6
inseparability,6
leaded,6
underside,6
off-site,6
spurling,6
fagus,6
storming,6
sedge,6
labyrinthine,6
lto,6
platitude,6
leibniz,6
deduces,6
fotopoulos,6
amniocentesis,6
túpac,6
rapd,6
reduplication,6
monopolised,6
wini,6
meyerowitz,6
cleistogamous,6
shop-bought,6
harshness,6
reproducible,6
flatus,6
alimentary,6
recoup,6
pandering,6
hesitancy,6
shestack,6
180-203,6
discrediting,6
angerbjorn,6
p.227,6
photolytic,6
phelps,6
d-ala-d-ala,6
rebuilt,6
thought-experiments,6
gwendolen,6
euphemisms,6
regenerative,6
ifn,6
retreats,6
obsessions,6
eumolpo,6
figuratively,6
scorn,6
affront,6
catudal,6
etzioni,6
chalcone,6
presynaptic,6
vacuoles,6
－,6
waxing,6
pre-initial,6
creolese,6
diphthongs,6
valiant,6
ghana,6
breads,6
silke,6
raiders,6
datasheet,6
decomposes,6
pbr,6
schematics,6
solidify,6
rectus,6
citations,6
sissa,6
irresistible,6
heroically,6
transporter,6
raft,6
disdainful,6
nanny,6
replicas,6
1999:3,6
regiments,6
disincentive,6
semi-divine,6
letter-sound,6
kingstone,6
lichas,6
autopsy,6
customer-focused,6
restate,6
nmy-2,6
leaflet,6
analogical,6
tandy,6
knitting,6
bromine,6
chauduri,6
pettigrew,6
gilchrist,6
microtubule,6
t2t,6
rossabi,6
succumbing,6
2002/c,6
best-fit,6
p.203,6
markman,6
birthplace,6
self-motivated,6
gellius,6
niesr,6
shareholdings,6
deepened,6
pneumate,6
all-pervasive,6
middle-,6
pretended,6
rent-seeking,6
wholesaling,6
stamper,6
1999-2000,6
bastard,6
praying,6
alerted,6
gender-sensitive,6
rumelhart,6
ss-ff,6
demographically,6
denn,6
pancreatitis,6
absorptive,6
ihrer,6
whims,6
headquarter,6
1mg/ml,6
parkswatch,6
dozens,6
meteorite,6
reigning,6
lettering,6
ams,6
unobserved,6
pontius,6
metalworkers,6
carrefour,6
25-30,6
etihad,6
hamartia,6
whistles,6
nu,6
zheng,6
hand-in-hand,6
0.40,6
0.49,6
allegati,6
ledford,6
garrisons,6
ecommerce,6
weight-bearing,6
"1,200",6
chests,6
poehlman,6
clj,6
retards,6
mccolgan,6
raspberry,6
p.168,6
leyal,6
3.11,6
alopecia,6
perfactory,6
smarter,6
num,6
urticarial,6
bifurcation,6
necks,6
vp,6
militias,6
non-uniform,6
buddha,6
vancouver,6
drinker,6
werner,6
tramp,6
eye-catching,6
shaffer,6
ignites,6
make/buy,6
toit,6
wrc,6
oversees,6
visualisations,6
ninety-five,6
thorn,6
non-baryonic,6
stole,6
c=c,6
radicalisation,6
surfer,6
rheingold,6
elute,6
grail,6
pertained,6
jackets,6
lingered,6
decoupled,6
counterbalancing,6
reef,6
post-final,6
cheered,6
tone-units,6
vc,6
shewhart,6
unbreakable,6
roasted,6
aniline,6
laceration,6
jp,6
phthalocyanine,6
exeter,6
£150,6
disintegrating,6
r-linear,6
cathartic,6
ol,6
hecataeus,6
graddol,6
unsettled,6
div26,6
impressionable,6
dusinberrre,6
carbamazepine,6
paasche,6
crisp,6
fooled,6
exclaiming,6
chisnall,6
winchester,6
rationalized,6
protrude,6
45/03,6
mummified,6
apr,6
postmenopausal,6
diversions,6
emh,6
paraffin,6
boundless,6
nomad,6
transparently,6
isobutanol,6
saprin,6
anchors,6
repaid,6
deoxygenated,6
refrains,6
femaleness,6
self-limiting,6
perfecting,6
ever-expanding,6
breines,6
constables,6
biographic,6
pre-fabricated,6
1.5mm,6
syn,6
renovated,6
hedgehogs,6
north-eastern,6
p69,6
lockhart,6
13.6,6
priestesses,6
aquilinum,6
~20,6
ensues,6
advertiser,6
actuator,6
p.279,6
fortnightly,6
sires,6
polytechnic,6
dipoles,6
margintm,6
municipality,6
deliverance,6
binsey,6
interception,6
troubling,6
maxillar,6
impassable,6
p78,6
hating,6
ihnen,6
duffy,6
incited,6
unusable,6
60mm,6
straightaway,6
deuterium,6
pretends,6
inden,6
intrusions,6
2.17,6
ablation,6
sub-group,6
muhly,6
werthner,6
unevenly,6
hurwitz,6
ogle,6
shabby,6
erf1,6
maire,6
belongingness,6
corrects,6
lexisnexis,6
phillipson,6
queried,6
prerogatives,6
gaddis,6
société,6
raged,6
fsln,6
reorganized,6
epiphyseal,6
31st,6
encyclopedie,6
multiculturalism,6
titrating,6
p61,6
accipiter,6
p.159,6
approving,6
masson,6
chem3d,6
water-borne,6
holton,6
indulgent,6
2cm,6
0.0005m,6
mitrovica,6
obscures,6
in-store,6
vena,6
royle,6
microcal,6
three-year,6
greenlaw,6
pressurising,6
pro-cyclical,6
soot,6
lewin-epstein,6
pegs,6
3(1,6
lyrics,6
singleton,6
smothered,6
peritoneal,6
wrathmell,6
8a,6
s.34,6
deterred,6
toast,6
eelam,6
paralysed,6
herzegovina,6
p122,6
susman,6
unforeseeable,6
dissected,6
hasher,6
dispensers,6
peräkylä,6
judicially,6
olympus,6
bridged,6
assembler,6
rehearing,6
hangs,6
maximalists,6
3-way,6
yrs,6
demographical,6
delectable,5
sod,5
snatched,5
hanafi,5
14.1,5
murfin,5
whittard,5
boycotts,5
skipped,5
clout,5
anomic,5
p.311,5
tills,5
elia,5
fronted,5
germplasm,5
smp,5
roundworms,5
trichostrongylus,5
flares,5
monovalent,5
joanna,5
lubrication,5
67-73,5
encapsulation,5
non-essential,5
comeback,5
mallow,5
gallay,5
ghz,5
pavement,5
feedbacks,5
marquee,5
suspensions,5
maack,5
upfield,5
packetised,5
sunni,5
townsmen,5
trigonometric,5
issuers,5
krause,5
multilingual,5
ibuprofen,5
misjudgement,5
sexualised,5
herbivorous,5
misogyny,5
3-wire,5
goggles,5
nl,5
opinion/editorial,5
flavobacterium,5
lore,5
vortices,5
clarke-stewart,5
non-surgical,5
calorimetry,5
trellis,5
energized,5
thicknesses,5
falco,5
mckinlay,5
i,5
timebase,5
encircling,5
ill-prepared,5
stereo,5
fetch-execute,5
revolutionise,5
tampering,5
isothermal,5
amenity,5
destroyer,5
helmet,5
unpredictably,5
prince2,5
unaspirated,5
unthinking,5
syntagmatic,5
kpss,5
amadori,5
boykin,5
vosm,5
morocco,5
naively,5
toktogul,5
farmstead,5
thickest,5
kupperman,5
mombassa,5
liquidate,5
murky,5
hypoxemia,5
garland,5
hiemenz,5
divers,5
iberian,5
embellish,5
gastritis,5
hacha,5
outfit,5
dittmer,5
rump,5
lush,5
30cm,5
subject-oriented,5
neo-darwinists,5
testicular,5
hilltop,5
rb,5
monotypic,5
undetectable,5
trachis,5
unionized,5
arnauld,5
rko,5
gubar,5
suter,5
bisection,5
contemplates,5
handrail,5
beers,5
mingers,5
procolobus,5
4ps,5
athletic,5
consistencydescription,5
1989:587,5
mcgraw,5
rebuttal,5
cascio,5
mores,5
resp,5
chipping,5
scuba,5
homeobox,5
homeodomain,5
high-density,5
off-peak,5
judgmental,5
£15,5
water-logged,5
libitum,5
pp.4,5
demagogic,5
oversaw,5
localises,5
externalist,5
mehta,5
fr,5
friedmann,5
redmayne,5
syndicates,5
barclays,5
ambassadors,5
uncompensated,5
child-rearing,5
guilaine,5
26.3,5
pre-bias,5
tft,5
1.79,5
state-led,5
occasioning,5
skanska,5
conjectural,5
knappers,5
brangaene,5
finder,5
grodzinsky,5
yorktown,5
discharges,5
hatfield,5
accuracies,5
dodder,5
aneuploidy,5
mooney,5
cottlesloe,5
clissold,5
demand-side,5
chechnya,5
yugoslavian,5
assimilates,5
meta7,5
nodding,5
sociolect,5
bi-dimensional,5
milburn,5
0.53,5
sabbath,5
reactionaries,5
evaporating,5
4.2.4,5
halal,5
jayan,5
carai,5
megawati,5
emanate,5
calcutta,5
maccurdy,5
tiffany,5
knockout,5
freire,5
5.2.3,5
well-managed,5
18(3,5
triangulated,5
giovanni,5
cro,5
odent,5
assimilatory,5
re-education,5
bael,5
naveh,5
8m,5
superficiality,5
restatement,5
overhauling,5
senf,5
argonaut,5
ninja,5
stamps,5
angering,5
indolizidine,5
baldly,5
co-ownership,5
clenched,5
ultraman,5
voyeuristic,5
hoes,5
instigates,5
katyn,5
guicciardini,5
75-76,5
subsidization,5
idiosyncrasies,5
resonants,5
nigh,5
tt,5
afterthought,5
s.355mpa,5
cross-flow,5
legendre,5
revitalising,5
ry,5
squire,5
stiddard,5
disgusting,5
birefringent,5
course-book,5
2-receptor,5
affectively,5
villus,5
99.5,5
kulik,5
manoeuvring,5
gonad,5
adrenal,5
cheka,5
horrendous,5
saviours,5
thoughtlessness,5
draper,5
multiphoton,5
phylogenetics,5
a/,5
legitimates,5
polluters,5
wav,5
strived,5
dreze,5
observatory,5
unionization,5
libertas,5
p200,5
airbag,5
1.3.2,5
stamina,5
amply,5
barking,5
benzoic,5
usnier,5
gurr,5
immeasurably,5
pp132-164,5
patients/,5
boughton,5
g/m,5
state-controlled,5
statistician,5
bettered,5
hinged,5
zn,5
-d,5
elision,5
excrement,5
y0,5
far-fetched,5
introvert,5
beau,5
-16,5
intertwine,5
immunities,5
timor,5
mid-1990s,5
ltte,5
japan-led,5
palestine,5
flout,5
anishinabe,5
jlas,5
pnpa,5
depresses,5
substitutive,5
exon,5
yambabo,5
biodiversity-ecosystem,5
kitahara,5
agronomic,5
post-holes,5
mackerras,5
crit,5
dimeric,5
formatting,5
fielding,5
subjectivist,5
paolo,5
crib,5
gorgio,5
cloves,5
multi-seasonal,5
spike-timing,5
o(log,5
interstadials,5
write-back,5
deux,5
1964-,5
wedges,5
radium-226,5
eratoshenes,5
reconnaissance,5
mckitterick,5
jerome,5
endarterectomy,5
foragers,5
trevor-roper,5
falk,5
mined,5
pockels,5
remake,5
disrespected,5
gibbons,5
plagues,5
5/2,5
"2,800",5
riskless,5
0.25m,5
oleate,5
dev,5
depositions,5
tel,5
d03,5
nightime,5
diverts,5
frustrate,5
kaemper,5
glycosylated,5
defoliation,5
pemberton,5
p.293,5
cas,5
art-historical,5
penicillium,5
filipina,5
assurances,5
slippage,5
cott,5
irregularity,5
decadent,5
pistol,5
factiva,5
pro-life,5
equivocation,5
janofský,5
tepenec,5
registrator,5
t-box,5
martí,5
self/social,5
informa,5
compressing,5
rec,5
maybelline,5
5%-level,5
4ml,5
bromley,5
grilled,5
m-theory,5
d3,5
centralise,5
3/12,5
punctuality,5
pili,5
daley,5
nocturia,5
diverticular,5
emery,5
sorties,5
opiate,5
scrape,5
nieswiadomy,5
marginalize,5
glutamic,5
niddm,5
scholarios,5
roasting,5
tapestry,5
post-modifying,5
recast,5
onomatopoeic,5
canterville,5
pp.203,5
adenoma,5
rjp3,5
ischemic,5
nanya,5
side-by-side,5
thickens,5
rarer,5
disgusted,5
acyl,5
glut,5
pruritus,5
repressing,5
unrecorded,5
semicircular,5
retinas,5
rhinarium,5
straws,5
woo,5
developmentally,5
substantiating,5
samama,5
hamm,5
flanked,5
proteases,5
litlun,5
p51,5
p38,5
clive,5
reasserted,5
glimmer,5
taci,5
cooperated,5
corroborated,5
revulsion,5
apposed,5
duopoly,5
ilv,5
bamforth,5
idealisation,5
wendt,5
nissan,5
explodes,5
disjunctive,5
shieffelin,5
resolvable,5
p.296,5
soothe,5
hyenas,5
cycled,5
abstracts,5
half-way,5
comparator,5
conquers,5
microcosmic,5
laissez,5
tilly,5
h2003,5
p/r,5
españa,5
520°c,5
biometric,5
withdraws,5
magically,5
pasted,5
implementers,5
lru,5
demidovii,5
pxo1,5
staphyloccocus,5
bei,5
porticos,5
maladaptive,5
yue,5
step-parent,5
depress,5
ure,5
corpuscles,5
complexed,5
3-10,5
si-o,5
gown,5
caterpillar,5
time-space,5
litres/sec,5
p.304,5
speculator,5
arabica,5
oxidises,5
reabsorption,5
lc-ms,5
restitution,5
hevia,5
trigonometry,5
20db,5
mlps,5
tweaking,5
dual-task,5
scarabs,5
-289,5
tumulus,5
non-believers,5
stringency,5
dehumanized,5
hispania,5
whores,5
0.05ml,5
bremner-rhind,5
implicating,5
conurbation,5
uncritically,5
kmno,5
correlative,5
lui,5
mid-seventeenth,5
viscum,5
cyanosed,5
sketchy,5
entertains,5
source-monitoring,5
ailsa,5
anti-money,5
1920-,5
gva,5
schmid,5
ey,5
aminophylline,5
chiron,5
hot-rolled,5
kozbelt,5
hayfever,5
forty-five,5
hackman,5
visualises,5
carbonated,5
world-states,5
boas,5
ito,5
multiregional,5
underdetermination,5
fierlinger,5
¼,5
82-90,5
entertainers,5
enforcers,5
multi-disk,5
duthie,5
co-workers,5
telemachus,5
nai,5
-34,5
glucagons,5
solemn,5
rrp,5
arg,5
nguyen,5
infiltrated,5
propounds,5
flair,5
casebook,5
coprophagy,5
beardwell,5
condensing,5
intermembrane,5
theorises,5
shade-loving,5
analyzer,5
purportedly,5
inter-arrival,5
farrington,5
inpatients,5
bentley,5
sigsgaard,5
deters,5
gunatilleke,5
dispelled,5
wields,5
hanged,5
nanomachines,5
bockstedt,5
admissibility,5
darini,5
osama,5
eyeball,5
virago,5
aurally,5
mules,5
"0,0",5
arr,5
hussey,5
10.9,5
overpopulation,5
insidious,5
inferential,5
independency,5
terminase,5
perineum,5
spasticity,5
webexpenses,5
multi-tasking,5
valerius,5
vagaries,5
tindal,5
60/,5
ibt,5
hmqc,5
schmitz,5
anions,5
animalist,5
-1mol,5
2002-3,5
weeklies,5
disrespectful,5
erickson,5
arbitrariness,5
proportional-only,5
ccm,5
megara,5
2002-2004,5
idiot,5
products/services,5
contextualist,5
state-dependent,5
13.4,5
encapsulating,5
https,5
hyndman,5
coheres,5
tench,5
compulsorily,5
nanos,5
bauer,5
harp,5
coring,5
remus,5
2003/04,5
matetzky,5
stative,5
taphonomic,5
gatwick,5
spelt,5
dandruff,5
cann,5
dive,5
atherosclerotic,5
child-care,5
instinctively,5
cost-sharing,5
rejoined,5
jesney,5
under-reporting,5
cholinergic,5
maximillian,5
cyclops,5
drowned,5
42ºc,5
anchaises,5
p.572,5
appropriates,5
1.3.1,5
lowlands,5
unflattering,5
first-time,5
unmotivated,5
morphologies,5
φ(x,5
robert-asselin,5
coffield,5
hepatosplenomegaly,5
cueing,5
bombay,5
gcses,5
honorary,5
2000s,5
treece,5
inactivates,5
misled,5
tetracarbonyl,5
atusparia,5
infliximab,5
fink,5
triose,5
1946-1958,5
hobden,5
pre/no,5
flexing,5
predisposes,5
shim,5
wands,5
aggregating,5
bien,5
seidmann,5
skoda,5
theale,5
crater,5
leary,5
profinite,5
inter-linked,5
zek,5
swirls,5
ansett,5
retinopathy,5
dispensation,5
cognitive-behavioural,5
oligodendrocyte,5
reichelderfer,5
befall,5
19/4/06,5
holidaymakers,5
him/herself,5
presenter,5
prp,5
unitan,5
stiffening,5
jervis,5
5-hydroxymethyl,5
somsen,5
adomako,5
nebulous,5
megaliths,5
grandson,5
guesswork,5
ptt,5
gutenberg,5
understatement,5
granite,5
approbation,5
-3m,5
slovakia,5
cautions,5
incriminate,5
compactum,5
sidebands,5
one-to-many,5
anti-bumping,5
oj,5
atorvastatin,5
router,5
handing,5
-strands,5
ccr,5
profited,5
voucher,5
methodist,5
2001-2002,5
re-use,5
u-shaped,5
piscane,5
p.294,5
receding,5
chore,5
inexplicable,5
reichheld,5
trpa2,5
seedling,5
antigen-antibody,5
self-defeating,5
three-way,5
apoptotic,5
stupidity,5
juicy,5
portugese,5
re-launched,5
permanency,5
pwa,5
dna-binding,5
deliberative,5
reviewer,5
p152,5
stoics,5
inoperable,5
60mg,5
post-capitalist,5
bp-,5
beilstein,5
wavered,5
reestablish,5
millet,5
audio-visual,5
fifoot,5
skipping,5
shea,5
awesome,5
unbounded,5
intimidate,5
adrienne,5
1994:8,5
pierson,5
cern,5
1999:58,5
discoursal,5
______________________________________________________________________________definitely,5
post-determiner,5
christabel,5
wald,5
5.11,5
swans,5
proscribed,5
johannes,5
sheaths,5
colligative,5
taxonomist,5
klaus,5
prefect,5
precession,5
intervenes,5
medford,5
concordancing,5
war-time,5
p-bromoacetanilide,5
iita,5
badge,5
choking,5
free-market,5
untutored,5
phya,5
antiquarians,5
4-bit,5
lexicons,5
less-developed,5
backpropagation,5
motherland,5
five-day,5
martín,5
puff,5
wanax,5
ksaos,5
humpback,5
flavonoid,5
rallies,5
celebratory,5
2º,5
recherche,5
fluidised,5
scirrhous,5
coloniser,5
10hz,5
gaucho,5
norse,5
breathtaking,5
ripeness,5
manx,5
pesification,5
walklate,5
golfing,5
child-like,5
"£50,000",5
boomed,5
orthonormal,5
triviality,5
stump,5
homoerotic,5
mobilized,5
acorn,5
icg,5
immunosuppression,5
20mins,5
varices,5
globularity,5
maleficium,5
burton-jones,5
re-evaluate,5
zoning,5
leaky,5
concessionary,5
£12,5
aveni,5
deplorable,5
confusingly,5
10c,5
1×10,5
loams,5
nature-culture,5
despondent,5
bosses,5
pucci,5
endearing,5
blasting,5
perturbed,5
chileans,5
doj,5
fran,5
p131,5
knife-edge,5
phylogenetically,5
aldington,5
s.31,5
inhumanity,5
akama,5
108-133,5
socks,5
lymphatics,5
ipc,5
loyalist,5
aorta,5
appendage,5
els,5
2-forms,5
1.05,5
microsocial,5
shortfalls,5
waterworth,5
helmets,5
centrifuge,5
chymotrypsin,5
antagonisms,5
dij,5
albright,5
cryptosystem,5
woodman,5
azumaya,5
pp.738,5
pxo2,5
furore,5
overflowing,5
mechanised,5
encrypts,5
germov,5
v(s,5
drag-,5
lancôme,5
functor,5
chorafas,5
europeanization,5
inversed,5
grin,5
elaborations,5
nullclines,5
scribes,5
trash,5
dormancy,5
low-density,5
server-side,5
cfl,5
parducci,5
frequented,5
stone-holes,5
electromagnets,5
vapourisation,5
napoleonic,5
thrace,5
winterbourne,5
fasciculation,5
denis,5
rennes,5
bleached,5
polyacrylamide,5
4.1.2,5
yacth,5
co-activator,5
shouted,5
purine,5
floud,5
q*,5
imprinted,5
tyrer,5
nakamoto,5
ampula,5
phase-only,5
kilo,5
loathsome,5
decimals,5
dictation,5
market-based,5
cleanse,5
rodriguez-esteban,5
shatter,5
dewar,5
hamiltonian,5
workbook,5
m/p,5
chapelle-aux-saints,5
vol.14,5
discontented,5
mancur,5
artist-led,5
50p,5
abyss,5
grassby,5
wildman,5
haywoodal,5
jellicles,5
bromination,5
fruiting,5
patronizing,5
darwinist,5
δph,5
aiken,5
taliaferro,5
capitol,5
pastime,5
sj,5
restlessness,5
mcdermott,5
cocktail,5
nested,5
hepple,5
imber,5
wyke,5
governement,5
taper,5
payers,5
p218,5
feigned,5
$20,5
sucht,5
0.6667,5
karuhanga-beraho,5
tricked,5
videotaping,5
embroiled,5
fb,5
deeming,5
ecstatic,5
alouatta,5
extra-marital,5
helicopter,5
glittering,5
delelement,5
aunts,5
scatterer,5
warms,5
dollimore,5
debye-scherrer,5
χ,5
mastercard,5
absorbers,5
caretaker,5
vegas,5
thickly,5
reshaping,5
pervasiveness,5
diagrammatically,5
barometer,5
organizes,5
incommensurable,5
xviii,5
pre-neolithic,5
macrostoma,5
1997:2,5
schopenhauers,5
squads,5
octave,5
aesop,5
goniometer,5
utensils,5
self-discipline,5
ornate,5
redeemer,5
p96,5
dissect,5
jonsson,5
glickal,5
sub-contractors,5
clapham,5
dens,5
cnc,5
paraphrasing,5
df,5
"£1,500",5
adenomas,5
square-root,5
pre-defined,5
standstill,5
avenger,5
/hour,5
bryan,5
legalise,5
lohr,5
sv40,5
venables,5
zeeman,5
non-opioid,5
100x,5
usurp,5
unspoken,5
spoon,5
corneum,5
photopolymer,5
unwind,5
embryonal,5
mileage,5
kràl,5
chip_3062x,5
casebooks,5
enrico,5
dylan,5
alphabets,5
wining,5
topologies,5
defranco,5
phallocentric,5
slimy,5
lowly,5
mba,5
socialize,5
occidental,5
anatase,5
lohndal,5
iphofen,5
ordinal,5
berkoal,5
fermenting,5
nephropathy,5
symphysis,5
anecdotes,5
territoriality,5
centrepiece,5
resurrected,5
undistributed,5
idealise,5
cunninghamal,5
antinomianism,5
",2002",5
volt-amp,5
coppe,5
mechanized,5
0.56,5
oddity,5
hamilcar,5
fgfr2,5
foramen,5
stylization,5
keefer,5
staatsanwalt,5
lapsing,5
islington,5
undercutting,5
baskets,5
ertebølle,5
leakages,5
nuance,5
ccpr,5
locales,5
restructured,5
allure,5
halving,5
cercopithecus,5
rubric,5
wept,5
640m,5
p.282,5
codex,5
unfavorable,5
asthmatics,5
main(,5
steepest,5
aurelius,5
trygaeus,5
1.6mm,5
ombudsman,5
tutsis,5
redirection,5
ferritic,5
phloem,5
nigga,5
9.10,5
chester,5
prognostic,5
concatenate,5
imprison,5
escalators,5
pageant-master,5
ronkainen,5
ld,5
assassinated,5
glbegin(gl_polygon,5
farfetched,5
upturned,5
weberal,5
"£29,000",5
polysiloxane,5
neutralinos,5
minitab,5
refutations,5
-10m,5
ouranos,5
nt,5
duplex,5
shatters,5
vert,5
1840-1928,5
i++,5
segregate,5
rudeness,5
csd,5
8mm,5
coyotes,5
p93,5
10.4,5
insectivores,5
glycol,5
500mm,5
girlfriend,5
echocardiography,5
self-expression,5
count%100,5
nyberg,5
backlight,5
newsinger,5
amicable,5
non-economic,5
cytosolic,5
sensationalism,5
protestors,5
stagnating,5
acid-fast,5
isbell,5
log10,5
150ml,5
ii/,5
digitally,5
printouts,5
kornilov,5
preservatives,5
rccj,5
atop,5
customarily,5
v10,5
fairbrother,5
dualists,5
heterochromatic,5
legalising,5
keyser,5
spas,5
likeable,5
10-year,5
£6.8m,5
repent,5
tuazon,5
rip,5
p210,5
l-dopa,5
de-motivate,5
gregg,5
makens,5
publicise,5
nietzschean,5
mex-5/6,5
grabbing,5
stoke,5
respirator,5
compartmentalisation,5
ferries,5
reinharz,5
5-,5
afro,5
multi-male,5
fellowship,5
habituated,5
infestation,5
abab,5
ignatius,5
think],5
segregates,5
innateness,5
end-of-life,5
klotz,5
pendant,5
avais,5
enid,5
lagomorphs,5
immoralist,5
1.73,5
permissiveness,5
sub-types,5
laureate,5
2005/2006,5
self-development,5
ad1,5
paedophile,5
mel-1,5
uwb106,5
off-shore,5
arouses,5
free-radical,5
aka,5
prodi,5
ad-lib,5
emancipate,5
overseers,5
interpretational,5
waiver,5
polyclonal,5
kawamara-mishambi,5
burnard,5
ask_number_of_products_to_be_ordered,5
right_sweep,5
tyrannous,5
wirth,5
flurry,5
subsample,5
schachter,5
kauffman,5
volar,5
tulsa,5
modifier,5
social-,5
p.427,5
tabacco,5
soudanense,5
bergeral,5
ploys,5
wraps,5
nears,5
coenzyme,5
foster-cohen,5
ramipril,5
gravest,5
mintz,5
amortization,5
wisconsin,5
northamptonshire,5
gauls,5
0.99,5
comma,5
aphorisms,5
pla,5
broomfield,5
joskow,5
boiler,5
maximized,5
demmke,5
neustadt,5
plebeian,5
exaggerates,5
diabetes-specific,5
aerodynamically,5
acyl-enzyme,5
post-washington,5
monopolise,5
reverend,5
marchers,5
legitimizing,5
extern,5
delightful,5
ruining,5
plywood,5
armando,5
fehring,5
langhammer,5
polysyllabic,5
cohere,5
viroli,5
murals,5
dreux,5
y-error,5
hoddinott,5
andrés,5
subject-matter,5
1455-1482,5
p.149,5
1996:424,5
wait(,5
emanated,5
faz,5
orthography,5
p177,5
gerry,5
borderlines,5
"chenery,1989",5
ormerod,5
53-65,5
80mg,5
mckay,5
ioup,5
cleary,5
hobb,5
emailing,5
uk-based,5
clandestine,5
condon,5
wavetrain,5
adorned,5
non-normalities,5
depreciating,5
"170,000",5
visuals,5
beale,5
eosinophils,5
textured,5
hairy,5
p.490,5
homophones,5
fi,5
filthy,5
licked,5
circumcision,5
boasting,5
battering,5
irigaray,5
elzhorn,5
spoilt,5
denary,5
inflection,5
__to,5
silanediol,5
versed,5
f(0,5
endows,5
rostow,5
cliché,5
3.75,5
invitations,5
hymenaeus,5
binomial,5
actor-audience,5
p.289,5
ecclesiastes,5
cooperatively,5
ad2,5
l.21,5
attributions,5
addictive,5
0.05cm,5
incitement,5
allcorn,5
unexploited,5
exceedance,5
people-wildlife,5
1850s,5
sancho,5
todorov,5
0.24,5
cove,5
9mm,5
bbcnews,5
franchised,5
clutches,5
searchable,5
clutter,5
host-guest,5
delaney,5
oxidoreductase,5
6-12,5
riverside,5
maliciously,5
floated,5
noncontractual,5
k-automorphisms,5
£22,5
dustbin,5
barlow,5
asters,5
intricately,5
normalising,5
expending,5
hx1,5
frantic,5
leasing,5
circling,5
sting,5
real-valued,5
enema,5
middle-classes,5
automaticity,5
dep=1,5
mccrum,5
p.299,5
conflation,5
subclavian,5
trans-,5
europa,5
martinus,5
triple-quantum,5
tangled,5
low-wage,5
demolished,5
contempts,5
toolbar,5
smithian,5
erupt,5
pillage,5
rms,5
memoranda,5
tortious,5
vol.3,5
webber,5
$600,5
pyrimidine,5
rennet,5
33.3,5
non-place,5
nouvel,5
crowther,5
full-scale,5
1781)2004,5
barreling,5
ideologues,5
steadiness,5
aonb,5
lifo,5
bi-polar,5
jstor,5
ecocycle,5
counterbalance,5
schuck,5
boundary-layer,5
mansions,5
embodiments,5
separatist,5
applauded,5
wooded,5
hypermasculine,5
hoe,5
rectanglitis,5
post-infarct,5
open-minded,5
bodipo-memba,5
sharwood,5
eckert,5
camping,5
actualization,5
himmler,5
gregarious,5
burnet,5
raking,5
resampled,5
albrecht,5
saintly,5
borohydride,5
ym,5
first-born,5
localize,5
brevis,5
attenders,5
macclancy,5
instable,5
wind-throw,5
autocorrelations,5
nino,5
grappling,5
p-bromoaniline,5
kentucky,5
enda4,5
epistolary,5
resentful,5
mx,5
stonehouse,5
uncorrelated,5
journeymen,5
dietrich,5
epitomising,5
folders,5
formin,5
"22,000",5
serapis,5
censuses,5
g2,5
arpanet,5
abbeduto,5
photosystems,5
mab,5
luoal,5
c-algebra,5
thine,5
mcvea,5
hyperopia,5
astronauts,5
protease,5
socio-technical,5
ave,5
gloriously,5
sabb,5
hydrolytic,5
p.298,5
forks,5
regurge,5
subsampled,5
leanness,5
hygroscopic,5
walby,5
utilisant,5
attorney-general,5
9ms,5
rubicon,5
aliquots,5
decoders,5
hyperplane,5
smithal,5
perching,5
addicted,5
salinas,5
121.1,5
rhodamine,5
mujica,5
unsocial,5
potentia,5
savastano,5
stacks,5
soda,5
elegists,5
rosy,5
set-ups,5
mayors,5
2.22,5
reusing,5
feeny,5
terroir,5
intents,5
dessicator,5
indicted,5
luciferin,5
nihilistic,5
buoyancy,5
soak,5
trotman-dickinson,5
tots,5
concordancer,5
axiomatic,5
entourage,5
tangles,5
redressive,5
modernised,5
208-209,5
warmest,5
apologetic,5
swaledale,5
superstitio,5
imminence,5
kat,5
loggers,5
ziegler-nichols,5
makatouni,5
bda,5
prospectors,5
greener,5
keles,5
veneer,5
nyse,5
fe(no,5
dobbins,5
childlessness,5
gutter,5
genoa,5
0.035,5
tributo,5
augusta,5
quail,5
gating,5
unquestioningly,5
scantily,5
aimless,5
theropithecus,5
pp.31,5
halides,5
supervises,5
cdc-42,5
3.25,5
humphries,5
strapline,5
resuscitate,5
2-bromothiophenol,5
bayesian,5
bergmann,5
park-and-ride,5
siberian,5
tawny,5
wholesome,5
straits,5
gleason,5
calibrations,5
3.84,5
enticed,5
haug,5
println(,5
capitalising,5
deciphered,5
orators,5
pre-planned,5
non-cognitive,5
peirce,5
vane,5
ruinous,5
absolved,5
factorial,5
lombrosian,5
hypoeutectoid,5
post-translational,5
under-attainment,5
re-enforcing,5
anti-sweatshop,5
non-negative,5
tally,5
vented,5
inchoate,5
surprises,5
pothole,5
resins,5
flagellin,5
non-linearity,5
ndeg,5
mip,5
laby,5
bilous,5
dentine,5
dwarfs,5
waving,5
2004:5,5
hamlets,5
dismay,5
p70,5
fast2,5
repetitively,5
sub-categories,5
ternary,5
antinomy,5
2002:409,5
boasted,5
physiognomy,5
take-away,5
armoured,5
20m,5
haemochromatosis,5
cachexic,5
inferentially,5
off-season,5
partial-thickness,5
thought-experiment,5
offsetting,5
hra,5
binions,5
pushchair,5
kuznet,5
lymphoma,5
bubbling,5
lounges,5
ballard,5
mouriaux,5
aes,5
bruised,5
unwrapped,5
jericho,5
5-15,5
extruded,5
end-point,5
spaghetti,5
scanlon,5
job-focused,5
tetanus,5
subtopics,5
exogeneity,5
homoskedastic,5
defenceless,5
ennius,5
rosenfield,5
vegetational,5
soyabean,5
frying,5
ascetic,5
aerated,5
fryer,5
taker,5
australopithecines,5
fatalistic,5
trolox,5
clearness,5
350nm,5
coo,5
fiume,5
redefinitions,5
tg,5
htst,5
souvatzi,5
arming,5
alphabetic,5
sherd,5
chamoux,5
expatriation,5
wrecked,5
mindanao,5
beatty,5
middlemen,5
kgm,5
alnus,5
interpretable,5
trainees,5
hygienic,5
meiklejohn,5
programmatic,5
florus,5
ghalioungui,5
yt,5
euler-fermat,5
fig1,5
lott,5
p239,5
secessionist,5
arab-israeli,5
rushes,5
baudelaire,5
non-material,5
whereof,5
bicycles,5
prentice-hall,5
lenteren,5
p387,5
depolarisation,5
all-trans-retinal,5
helium-neon,5
executecommandline,5
piscinalis,5
authenticate,5
expropriated,5
finiteness,5
yn,5
diabetes-,5
estrich,5
duplicated,5
nematodirus,5
toledo,5
ephebophilia,5
assion,5
flatten,5
niobate,5
hypothetically,5
co-ordinators,5
all-important,5
metis,5
cfsp,5
provisionally,5
cyclically,5
methodical,5
co-determination,5
‰,5
cutoff,5
beaton,5
distributivity,5
j05,5
-2.0,5
bestsellers,5
medal,5
latterly,5
covariant,5
elects,5
scream,5
velvet,5
optimises,5
graphologically,5
inextensible,5
honigmann,5
7segment,5
visual-spatial,5
kappa-casein,5
128-bit,5
fetched,5
hypertrophy,5
diphtheria,5
gratton,5
coomassie,5
ancon,5
immunization,5
chats,5
arbour,5
oxtoby,5
dunkling,5
16.3,5
winded,5
fla,5
revolting,5
instrumentally,5
infarctions,5
transpire,5
absentee,5
depot,5
generically,5
hammered,5
bidders,5
vanishes,5
bakewell,5
horacio,5
emasculate,5
counterfeiting,5
foner,5
p.164,5
screams,5
illiberal,5
derided,5
anti-japan,5
manu,5
handkerchief,5
p140,5
storehouses,5
forges,5
tiled,5
uncharacteristic,5
vol.4,5
confusions,5
reappear,5
acclaim,5
45+,5
spearhead,5
solvated,5
doubtable,5
solemnity,5
prockal,5
pessimistically,5
aquinas,5
legitimisation,5
vexy,5
tooby,5
re-arranging,5
sed,5
frauds,5
californian,5
gustav,5
pleads,5
shariff,5
augé,5
copeland,5
enchantment,5
baecque,5
deleting,5
peacetime,5
characterizing,5
paulmann,5
quell,5
teng,5
tri-partite,5
atlanta,5
ghent,5
smash,5
genderless,5
prothrombin,5
omote,5
jakob,5
milward,5
reappraising,5
interplanetary,5
saturn,5
actuated,5
"13,000",5
leah,5
yew,5
permeating,5
islet,5
inducements,5
aoki,5
reframing,5
bx,5
voip,5
ever-growing,5
impoverishment,5
subatomic,5
well-organised,5
damper,5
heinous,5
dwells,5
superassertible,5
vice-ministry,5
102-103,5
cambium,5
toggle,5
jernvall,5
dielectric,5
1.2.4,5
lfy,5
keat,5
unconcerned,5
endoscopy,5
mckee,5
perimeter,5
arcgis,5
madwoman,5
battleground,5
αc,5
southgate,5
nanosecond,5
sciurocheirus,5
intercepting,5
vitellian,5
one-minute,5
forager,5
wallis,5
1991:04,5
ramp,5
bourbons,5
sensorimotor,5
faba,5
-invariant,5
hydride,5
butynski,5
warii,5
"3,500",5
n-1,5
murthy,5
power-,5
tisab,5
reckon,5
objectivit(ies,5
purposed,5
dvt/pe,5
wakes,5
negroe,5
well-educated,5
shit,5
zhou,5
dressings,5
masseter,5
alfalfa,5
bronchodilation,5
bogof,5
oman,5
pronouncements,5
kordian,5
instititutions,5
rasa,5
monogamy,5
croat,5
non-oecd,5
dieldrin,5
defaults,5
carpenters,5
pave,5
baroreceptor,5
hon,5
mauran,5
lubricating,5
erecting,5
riaa,5
incrementally,5
unethically,5
wilful,5
turgor,5
25g,5
e5,5
ifm,5
underscored,5
uninfected,5
orator,5
meredeth,5
depolarization,5
jc,5
5.11.1,5
prostate,5
marooned,5
ascription,5
retributivism,5
240/83,5
educates,5
"3,1",5
dix,5
p74,5
p.238,5
haanstra,5
ponder,5
infill,5
"£200,000",5
bullen,5
wan,5
persson,5
kuhrt,5
tactful,5
connotes,5
agonism,5
cheeses,5
h2a,5
appendix2,5
metastasis,5
logon,5
ncis,5
shamefully,5
guys,5
scaly,5
kfc,5
landholdings,5
unmediated,5
first-class,5
cytotoxic,5
collaborated,5
srpc,5
chimni,5
eagles,5
p174,5
entwining,5
hydra,5
carotenoids,5
intra-emu,5
bunche,5
disrespect,5
prospered,5
cataphoric,5
brittany,5
maccormick,5
pert,5
inga,5
jacobiseq,5
raided,5
2.24,5
neumann,5
highways,5
interlocutor,5
colchis,5
baffled,5
emulates,5
p155,5
cluett,5
p151,5
staatsanwaltschaft,5
dystrophin,5
tectonic,5
xprev,5
regains,5
preoperational,5
grimes,5
itcz,5
negotiates,5
dissenters,5
mama,5
maynard,5
pierced,5
prosaic,5
dmard,5
popkin,5
binge/purge,5
p75,5
2002:116,5
5.9.1,5
120mm,5
navigator,5
hypovolaemia,5
clammy,5
thermogenesis,5
dictatorial,5
tmga,5
orientating,5
forte,5
ayllus,5
β3,5
sattis,5
conjunctive,5
audiology,5
renaming,5
lancet,5
formalise,5
turdus,5
nineties,5
wessels,5
shortens,5
p.207,5
wisest,5
optics,5
p73,5
either/or,5
reconfiguration,5
mugging,5
montesquieu,5
senatorial,5
amniotic,5
slumped,5
a=b,5
forelimbs,5
inter-regional,5
monumentality,5
soliciting,5
16th,5
countermeasures,5
moritz,5
straitjacket,5
emanation,5
aii,5
f(k,5
semi-log,5
cationic,5
self-fulfilment,5
2(4,5
corroboration,5
din,5
penis,5
restrains,5
organoleptic,5
subcanopy,5
inaugurated,5
saleable,5
maladies,5
anaesthetics,5
auratus,5
seaside,5
patchiness,5
allelopathic,5
cpe,5
coroner,5
horngren,5
mukama,5
papio,5
passers-by,5
sociétés,5
wardrobe,5
nisus,5
robur,5
6g,5
inks,5
vindication,5
merryn,5
displeased,5
erudite,5
patai,5
photoresist,5
purview,5
spherulites,5
souvenirs,5
wonnacott,5
vellacott,5
automate,5
oxoid,5
nap,5
salutati,5
p.250,5
chromatids,5
discloses,5
monograph,5
welbourn,5
tarnished,5
hulin,5
overlay,5
short-wave,5
melancholy,5
lifetimes,5
tanja,5
politicisation,5
amphibians,5
lanbaum,5
natl,5
jonestown,5
frança,5
herbivore,5
matting,5
waterproof,5
dicken,5
eastwards,5
basilica,5
usurping,5
verberckmoes,5
elliptically,5
elongate,5
snps,5
transgressive,5
jocelyn,5
epilepsyno,5
tbx,5
59-60,5
thomason,5
draw-plate,5
purse,5
cfx-solver,5
glorifies,5
majorities,5
conceptualises,5
self-reflection,5
abort,5
tangney,5
contesting,5
sau,5
non-consent,5
pecking,5
self-actualisation,5
unmet,5
unsutured,5
liner,5
excised,5
lamers,5
cheats,5
fabrics,5
extremism,5
year-olds,5
monocytes,5
luca,5
yates,5
zedong,5
intangibles,5
filamentous,5
entangled,5
p(0,5
6.79,5
720x90x32.53,5
picnic,5
comorbidity,5
sailor,5
~1500-1600cm,5
trp-,5
p83,5
plunder,5
tönnies,5
indecipherable,5
affiliative,5
lookout,5
planed,5
debenture,5
40s,5
commoner,5
tricuspid,5
isocost,5
startup,5
persuades,5
cinderella,5
construes,5
hearers,5
consumable,5
reinvest,5
munn-giddings,5
domicile,5
metropolises,5
harbors,5
communication-related,5
homophobic,5
papousek,5
ast,5
archetypical,5
annoyance,5
billows,5
lena,5
40-60,5
romanticised,5
faster-growing,5
role-play,5
furse,5
non-volatile,5
structure(s,5
haircut,5
partitive,5
aldol,5
tesser,5
salthouse,5
soups,5
saddest,5
syndesmosis,5
prf(,5
driscoll,5
tnm,5
auctions,5
herceptin,5
chagrin,5
ruptures,5
loudness,5
iglesias,5
hitt,5
turshen,5
enchanting,5
offal,5
oedematous,5
endosymbiont,5
0.01μm,5
p216,5
veridical,5
lauding,5
firor,5
abuza,5
p221,5
1n,5
mastodon,5
begged,5
aron,5
anti-depressant,5
2.27,5
gonsalves,5
mink,5
instill,5
stabilization,5
sulphydryl,5
2004-2005,5
pessimist,5
$100,5
reluctantly,5
palatability,5
yatch,5
fashioning,5
cantor,5
tetrachromats,5
unlucky,5
boarded,5
hatcheries,5
visualization,5
capitalization,5
athletics,5
roff,5
25(9,5
oppressors,5
shillings,5
quarrels,5
federations,5
ill-suited,5
afresh,5
blauer,5
nocte,5
robblialac,5
extrusion,5
baingstoke,5
ischemia,5
maquet,5
estrangement,5
organizers,5
twinning,5
lead-time,5
shockingly,5
mother-in-law,5
unmatched,5
overdue,5
child-directed,5
supplanting,5
non-religious,5
liza,5
keypads,5
solace,5
consolation,5
augen,5
egotistical,5
trochee,5
crassulacean,5
aart,5
outstripped,5
tuberosity,5
computer-based,5
graaff,5
p.303,5
subacromial,5
skeptic,5
appraising,5
atheromatous,5
naxi,5
curtailment,5
dass,5
characterisations,5
milton/1999,5
multiregionalist,5
anti-japanese,5
milky,5
tatters,5
knower,5
p700,5
fearsome,5
wrightson,5
2.1.4,5
nord,5
formalized,5
fundraising,5
bertocci,5
c-fibres,5
rad,5
p.308,5
phytoliths,5
non-perishable,5
peritonitis,5
p.362,5
roberson,5
vy,5
reinforcer,5
detested,5
probation,5
tenable,5
martensitic,5
dislocations,5
botany,5
yellowing,5
neo-lockean,5
relieves,5
-helix,5
grisly,5
btn3,5
im6,5
scold,5
marginalising,5
contentions,5
verson,5
ilium,5
interleaving,5
catechism,5
caesium-137,5
verges,5
2001-03,5
diazonium,5
warm-up,5
schefter,5
game-theoretic,5
outperforms,5
catalogued,5
tighten,5
surly,5
1.02,5
ogden,5
bookcases,5
yearnings,5
national/international,5
gartner,5
tatics,5
calendars,5
indentations,5
personify,5
path-goal,5
blooming,5
indimeter,5
gregor,5
appends,5
25°c,5
1-1,5
fnac,5
cartridge,5
opposable,5
focus-on-form,5
/b,5
favouritism,5
dmaic,5
rolfe,5
vulgarity,5
y=0,5
mitani,5
£36,5
topographical,5
dep=0,5
repatriation,5
glycosidic,5
stallman,5
birthing,5
xxx,5
pills,5
concatenated,5
hiearners,5
prohibitive,5
bzt,5
redferns,5
mise-en-scene,5
mucoid,5
gliomas,5
galatay,5
devoiced,5
neighboring,5
ethers,5
vanilla,5
hines,5
1789-92,5
9.11,5
2v,5
gillian,5
corrido,5
scent,5
pubis,5
trump,5
perfections,5
predicaments,5
eq.4,5
contractionary,5
talofibular,5
y-1,5
instigators,5
muhm,5
bsl,5
10°c,5
glover,5
currie,5
single-handedly,5
atomized,5
abingdon,5
krook,5
staccato,5
4i,5
castaway,5
delphar,5
anagnorisis,5
mattress,5
instantiation,5
occult,5
actualised,5
interconnecting,5
a`s,5
8.314,5
thermodynamically,5
tooley,5
lloyds,5
10.0,5
txt,5
centaur,5
calomel,5
pasiphaë,5
gaia,5
1996a,5
best-known,5
1700-1860,5
cooney,5
drills,5
bernanke,5
beheaded,5
dismal,5
sulphite,5
bennet,5
homogenise,5
revolted,5
ellipsoid,5
kjmol,5
justicia,5
setters,5
rspb,5
doughty,5
bradycardia,5
2004/05,5
self-incompatibility,5
combinable,5
p.358,5
occupier,5
prophesy,5
pitches,5
smithson,5
timar,5
simplistically,5
scarred,5
p.275,5
geringeral,5
masonry,5
rhs,5
noxious,5
p.240,5
osteomalacia,5
assorted,5
cordial,5
ponting,5
acc,5
reconfigured,5
demand-driven,5
postponing,5
south-south,5
irrationally,5
rambling,5
distributes,5
adjudicate,5
ovonji-odida,5
mississippi,5
interlinking,5
legislating,5
thrombocytopenia,5
peninsular,5
pleura,5
drifts,5
skaja,5
mirtazapine,5
lubricant,5
1.0mm,5
cross-sex,5
pease,5
non-whites,5
herr,5
psychopathology,5
discreet,5
incontestable,5
bicester,5
poulantzas,5
sundial,5
peron,5
ozier,5
deploys,5
disappoint,5
rodent,5
kinsey,5
mccandlish,5
slovene,5
reinstate,5
impatiently,5
nickell,5
pneumonias,5
selbst,5
contenders,5
latitudes,5
lacis,5
mail1,5
duma,5
treachery,5
wilting,5
infiltrates,5
steadfastly,5
guibert,5
strawberries,5
numeracy,5
kossek,5
plateaux,5
debased,5
lurks,5
alix,5
angola,5
ohalo,5
moller,5
armani,5
propinquity,5
fronting,5
subsidizing,5
unifem,5
anther,5
starwood,5
city-dwellers,5
engle,5
underwear,5
1-cell,5
tyler,5
beasley,5
pp.202,5
relic,5
discoloration,5
epidemiological,5
coronoid,5
forty-two,5
sauternes,5
islamophobia,5
tugendhat,5
one-month,5
earthen,5
devlin,5
omaha,5
caesuras,5
disempowerment,5
disenfranchisement,5
pessen,5
inoculation,5
iniquity,5
solution-,5
brazilians,5
immerse,5
±5,5
t-ratios,5
iron-carbon,5
wi-fi,5
canson,5
catastrophes,5
reprinted,5
tenochitlan,5
δx,5
kwasi,5
lópez,5
3.4.2,5
sandoff,5
hassig,5
intertribal,5
self-doubt,5
nomos,5
mischievous,5
lower-class,5
intractable,5
unresponsiveness,5
muzzle,5
messalla,5
leben,5
curtice,5
7-segment,5
freel,5
niger,5
seductive,5
home-ownership,5
excites,5
hemiplegia,5
/p,5
interactionism,5
24hours,5
combivent,5
out-patient,5
goodwin-gill,5
kothari,5
short-sightedness,5
shortfall,5
washout,5
leveling,5
mance,5
ωmk,5
pickpockets,5
gynaecomastia,5
delegations,5
commemorate,5
non-audit,5
auld,5
prussia,5
bipyridyl,5
beset,5
actuation,5
posner,5
glorifying,5
sludge,5
szulc,5
e-tools,5
enthused,5
27(2,5
roadless,5
zacks,5
gestural,5
supperstone,5
quadrupedal,5
dominions,5
ghaye,5
physicalists,5
aisle,5
interosseous,5
translation=,5
plastically,5
1560s,5
rudolf,5
solution-state,5
ground-breaking,5
9/10,5
organochlorine,5
sub-,5
nuns,5
coffees,5
unripe,5
tephigrams,5
p.220,5
metalworking,5
reflector,5
pacu,5
u=0,5
theist,5
4.1.3,5
coscienza,5
criterions,5
palatal,5
fgr,5
coppice,5
autoignition,5
f11,5
dmpass,5
keasey,5
sumptuary,5
neo-realists,5
centigrade,5
untypical,5
vagrants,5
witwatersrand,5
deloitte,5
s710a,5
cayley,5
spinsters,5
discredits,5
pinpointing,5
disconnect,5
after-tax,5
god-given,5
2/k,5
parametrizations,5
kirchner,5
oxyrhynchus,5
angella,5
foolishly,5
iodate,5
undetermined,5
motionless,5
infinitesimal,5
honderich,5
a*,5
inexorably,5
p103,5
froze,5
combinatorial,5
2)f(0,5
elbw,5
settlors,5
nep,5
penicillins,5
measur,5
divorces,5
frenchmen,5
dodd,5
quadrates,5
mosm/kg,5
reicher,5
kolind,5
apodemus,5
in-plane,5
breaker,5
biosynthetic,5
microeconomic,5
septicaemia,5
imperfection,5
decpro,5
hacked,5
dsp,5
bleaching,5
1000×,5
hampers,5
reoccurring,5
conformance,5
overcast,5
hx[,5
forbid,5
self-fashioning,5
insinuation,5
exclamatory,5
35s,5
fastbake,5
contraindicated,5
l.16,5
cpg,5
stillness,5
p285,5
albuquerque,5
petros,5
delphinidin,5
microbe,5
nebula,5
post-process,5
7.5mg,5
reciting,5
vials,5
glottalization,5
polyunsaturated,5
erasing,5
makin,5
okuno-fujiwara,5
soybeans,5
2μm,5
mossé,5
gino,5
rheological,5
bloods-,5
theodor,5
transitivity,5
haematuria,5
kann,5
performer,5
laced,5
modestly,5
dreamy,5
regions/localities,5
knocks,5
aquifer,5
itinerant,5
propitious,5
paradigm-shift,5
inexpressible,5
2.5.2,5
jepson,5
srs,5
consular,5
8b,5
powerpoint,5
downright,5
scour,5
agitators,5
translocations,5
infallibility,5
nullify,5
escort,5
gomez,5
deakins,5
microalgae,5
authorization,5
croatian,5
catharsis,5
p118,5
garlic,5
hoffmannal,5
springboard,5
minneapolis,5
immemorial,5
suitor,5
impracticality,5
heidegger,5
o/w,5
ladefoged,5
dsm-iv,5
2001:246,5
porphyrins,5
singers,5
airborne,5
uncoupling,5
waterways,5
hannibalic,5
endocasts,5
sharpen,5
warmly,5
post-menopausal,5
v/m,5
indecisiveness,5
bms,5
tamarin,5
panelist,5
coining,5
fionda,5
cigar,5
visceral,5
galapagos,5
ode,5
fasciculations,5
sternal,5
pectoralis,5
synchrotrons,5
arlene,5
pectoral,5
interconversion,5
chrysis,5
nat,5
lysogenic,5
latrine,5
forceps,5
feverish,5
knack,5
open-plan,5
£21,5
p.393,5
invades,5
non-naturalist,5
excelled,5
carlton,5
friedlander,5
centaurs,5
pimp,5
wanderer,5
tint,5
recklessly,5
bodin,5
discards,5
françois,5
shameful,5
acad,5
meronymic,5
cobalt-60,5
f-value,5
gli3r,5
inalienable,5
prismatic,5
kaes,5
msl,5
immunofluorescence,5
0.001m,5
venereal,5
soames,5
yangtze,5
rosenfeld,5
arrowhead,5
toppling,5
gem,5
decision=,5
resetting,5
pre-reformation,5
wholesalers,5
chroniclers,5
"amabile,1998",5
stockholding,5
basalt,5
2003:153,5
cdr,5
thorns,5
withering,5
debentures,5
t-stats,5
odors,5
£2000,5
arrears,5
bifocals,5
2.16,5
sidelines,5
asexually,5
straighter,5
porton,5
composites,5
bracelets,5
fiasco,5
116-131,5
/k/,5
americana,5
twenty-two,5
protonation,5
macconkey,5
kan,5
bo3,5
11.7,5
artillery,5
mind/body,5
18mm,5
re-interpretation,5
pak,5
fray,5
amc,5
s-gene,5
spectre,5
ileostomy,5
saga,5
obfuscation,5
conlan,5
retinol,5
leda,5
vertigo,5
trance,5
barfield,5
dysuria,5
anglican,5
ploughs,5
channeling,5
monism,5
high-fibre,5
bayfield,5
4.10,5
needle-like,5
4x,5
x3,5
ainsi,5
wigs,5
8c,5
evan,5
chien-nung,5
cost-effectiveness,5
homoskedasticity,5
gatrell,5
delaytime,5
caloric,5
nogent,5
pints,5
mansfeld,5
cleanthes,5
flapping,5
westmorland,5
stratford,5
tid,5
2.30,5
inter-war,5
shuffled,5
t]here,5
reprimand,5
0.13,5
khirokitia,5
motley,5
subtlety,5
c-curve,5
p.204,5
twain,5
oaks,5
up/down,5
catling,5
weerahewa,5
pfizer,5
eunuch,5
sbo,5
kinzig,5
streeter,5
youngs,5
neorealism,5
humbly,5
billboard,5
watling,5
empiric,5
humancapital,5
strayed,5
likeliness,5
anti-whaling,5
utopians,5
disengage,5
ordahl,5
endoderm,5
draught,5
oder,5
gpcrs,5
0.2500,5
trimethylamine,5
tumors,5
p231,5
sorell,5
coloration,5
givers,5
blonigen,5
cordus,5
lobbies,5
c5,5
learner-centred,5
costed,5
lysias.1,5
palaeoecological,5
2003:13,5
intra-articular,5
augmentation,5
post-fordism,5
qmv,5
imaginatively,5
provisos,5
genet,5
rioters,5
matt,5
materialising,5
radios,5
kluwer,5
conjoint,5
crc-n,5
kenyans,5
1.15,5
aquilano,5
aquatile,5
erdrich,5
interpenetration,5
testometric,5
sreenivasan,5
implementer,5
fast-track,5
geo-political,5
gerrish,5
re-ordered,5
gherrissi-labben,5
cutlery,5
robins,5
pledges,5
fanaticism,5
alderson,5
harboured,5
dvb,5
subtitle,5
coon,5
fwi,5
buikstra,5
internalist,5
customer-centric,5
robbing,5
notionally,5
d(x,5
meiotic,5
hawkes,5
jm,5
2004/38/ec,5
keenan,5
schan,5
0.002263,5
pakeha,5
trimmings,5
transcribing,5
ruiz,5
hamlet,5
non-ordinary,5
familiarised,5
interpolating,5
moose,5
posterity,5
dinucleotide,5
subscribing,5
radicle,5
oakhill,5
h/k,5
carex,5
anti-bodies,5
stam,5
pf0607find,5
mechanization,5
warism,5
toffee,5
fjord,5
polecat,5
filming,5
providence,5
skirts,5
scouts,5
indictors,5
δe,5
act/omissions,5
keown,5
mesopotamia,5
helman,5
campaigners,5
crossings,5
debriefing,5
self-assessment,5
mothew,5
palling,5
30m,5
conformist,5
nucleated,5
immunotherapy,5
servicemen,5
tang,5
muck,5
tubal,5
interpellation,5
lesbianism,5
homogenising,5
malfunctioning,5
cultivatable,5
mayhew,5
brahman,5
littlewoods,5
waterside,5
onlooker,5
defenses,5
thz,5
wada,5
pacemakers,5
castrating,5
interferometers,5
prognoses,5
inquire,5
prendiville,5
directness,5
perioperative,5
objectify,5
oxhide,5
roberta,5
apacs,5
doris,5
npower,5
mots,5
wreckage,5
smearing,5
sub-thalamus,5
priam,5
ipsilateral,5
toland,5
polyhedron,5
k-states,5
n5,5
demotivating,5
casings,5
epileptic,5
1-9,5
keynote,5
clergyman,5
chris/sinclair,5
sophists,5
behavioural/cultural,5
loos,5
blew,5
1.000,5
eldon,5
grzelczyk,5
x=35,5
t45,5
anneal,5
self-belief,5
ohlin,5
unrepresented,5
oversimplify,5
selkirk,5
haute,5
bruck,5
piagetian,5
crc/c/125/add.5,5
hinterland,5
omnivore,5
back-up,5
supination,5
exactitude,5
hi-tech,5
talaq,5
p.150,5
marianne,5
butyrometer,5
caesars,5
nics,5
paraesthesiae,5
0.52,5
suet,5
statelessness,5
joint-ventures,5
acquirer,5
oreal,5
ambrosio,5
aaron,5
over-representation,5
wellesley,5
tempt,5
clexane,5
czinkota,5
smoke-free,5
dazzling,5
matchmaking,5
vpn,5
cretney,5
moderator,5
2-cell,5
efta,5
thornhill,5
argent,5
role-plays,5
re-cellulose,5
cupola,5
garforth,5
feather,5
320m,5
batteries,5
abode,5
maladaptation,5
diversities,5
fries,5
moreira,5
dearly,5
swastika,5
eyelids,5
miscarried,5
homogenate,5
vcs,5
p105,5
lock-in,5
levett-jones,5
unmitigated,5
xk,5
preparedness,5
josef,5
annihilations,5
efl,5
unearthly,5
tonge,5
year-old,5
luminal,5
philoctetes,5
friesian,5
afar,5
kennan,5
ascribing,5
comprehensibility,5
out-group,5
checkpoint,5
wiebe,5
policeman,5
oxidizing,5
triality,5
gli,5
metaphase,5
perloff,5
wilkes,5
sugary,5
p76,5
lescano,5
depersonalisation,5
derogations,5
self-renewal,5
oysters,5
homonymous,5
hamsters,5
lovejoy,5
macdowell,5
locked-in,5
re-interpreted,5
"16,000",5
£300,5
in-servant,5
lander,5
zarathustra,5
podgers,5
eurodollar,5
flaps,5
downhill,5
sundays,5
numerals,5
ringed,5
bogged,5
accomplishes,5
baton,5
intimation,5
unit-value,5
outlive,5
autarkic,5
rake,5
30-35,5
tse-tung,5
dedicates,5
captivating,5
avidly,5
warship,5
grind,5
robespierre,5
spawning,5
mf,5
karmiloff,5
n27,5
haimonian,5
t=,5
nemesis,5
elshtain,5
substituents,5
post-modernist,5
photochemical,5
lucifer,5
1559-1625,5
seidlhofer,5
paddocks,5
prized,5
maiko,5
hysteresis,5
flattery,5
stipendiary,5
unfortified,5
polyprotein,5
persona´s,5
2003-2004,5
sped,5
unspecialised,5
regrettable,5
quieres,5
pounder,5
fanelli,5
monistic,5
saree,5
arousing,5
mikhail,5
inverts,5
mchugh,5
chasuble,5
ruthenium,5
whatley,5
≈,5
kilman,5
agios,5
cat/k,5
hydrolyse,5
pakulski,5
mohammed,5
vit,5
pre-empting,5
hibernation,5
dmowski,5
risk-free,5
non-destructive,5
telegraphic,5
butterfat,5
capitulation,5
combated,5
fast-growing,5
paraphernalia,5
mycorrhizae,5
woodward,5
codeing,5
approvals,5
improvised,5
suffixes,5
vows,5
z-direction,5
gambiense,5
oldroyd,5
diabolical,5
hike,5
doctorate,5
ihei,5
boorstin,5
5°c,5
6.12,5
2i,5
14-19,5
noland,5
staw,5
divines,5
acronyms,5
stereographic,5
mustill,5
britishness,5
observateur,5
made-up,5
entitling,5
designating,5
lisbon,5
pliocene,5
medium-term,5
sleeves,5
nijhoff,5
state-of-the-art,5
14.2,5
samarasinghe,5
2/mgchl,5
byers,5
pse,5
wrongdoers,5
tva,5
carton,5
ess,5
jiang,5
inconspicuous,5
authorize,5
antifungal,5
closed-loop,5
oppressions,5
burnyeat,5
rabitz,5
sayre-mccord,5
swung,5
sorcerer,5
fatigued,5
bulgaria,5
retrieves,5
ascher,5
yaw,5
conduit,5
unattached,5
40®,5
micro-,5
windings,5
deindustrialization,5
guillaume,5
mazeras,5
aglycons,5
annealed,5
£60,5
sardinia,5
lundquist,5
cannibals,5
smear,5
svo,5
mozilla,5
ssu-yu,5
cate,5
cloistered,5
2001-2,5
"£60,000",5
hypothermia,5
ccs,5
oaths,5
chlorinated,5
like-minded,5
co-integration,5
conceptualize,5
s34,5
boisei,5
lied,5
computerization,5
platyrrhines,5
white-collar,5
hatching,5
actionable,5
pyjamas,5
slt,5
cct,5
irenaean,5
snack,5
ptolemies,5
ko,5
scm,5
finlayson,5
camshafts,5
endogeneity,5
2001-2005,5
diuretics,5
spinor,5
un-primed,5
easterly,5
megarry,5
sonning,5
causeway,5
dibble,5
parturition,5
steel(y,5
delocalised,5
ayuso,5
infringes,5
olaudah,5
illegitimacy,5
euchromatic,5
crucified,5
glial,5
alcover,5
ruthenia,5
surmises,5
tseng,5
survivals,5
resettlement,5
bi-modal,5
non-ionic,5
2k,5
micrograms,5
affiliations,5
ida,5
zwicky,5
11:45,5
hulton,5
27-28,5
otzi,5
nj,5
orbis,5
n-terminus,5
sssis,5
p.314,5
intra-,5
mccormick,5
swarbrooke,5
start-ups,5
treasured,5
débitage,5
employable,5
journeying,5
demolish,5
koffman,5
monastic,5
blaze,5
mosquito,5
gatherings,5
10s,5
akaike,5
webmaster,5
impartially,5
75mm,5
non-organic,5
reversibly,5
quercetin,5
mail2,5
u2,5
p379,5
foretell,5
1/fvc,5
haz,5
hard-line,5
supremacists,5
consolidates,5
wendebourg,5
n-h,5
diethylether,5
ddp,5
francesco,5
icn,5
micro-level,5
divested,5
bioaccumulation,5
contre,5
rif,5
8-11,5
2001:10,5
overvaluation,5
opbc,5
msn,5
sein,5
~30,5
boltho,5
antiretroviral,5
bangura,5
pre-treatment,5
redfield,5
mclaughlin,5
polymerise,5
sodium-22,5
sub-regional,5
broadcasted,5
attackers,5
mccaffery,5
ariel,5
haunt,5
audley,5
conroy,5
laxatives,5
w/o,5
pp.32,5
horrifying,5
kobori,5
macheath,5
interlude,5
counterfeit,5
scanout,5
quarrel,5
rapprochement,5
someway,5
mystifying,5
uncharted,5
utopias,5
internet-based,5
horribly,5
genovese,5
sensitively,5
expediting,5
assize,5
nephrogenic,5
thinned,5
versatility,5
iolis,5
collided,4
contingents,4
tenures,4
leamington,4
touring,4
postmaster,4
tonelli,4
bar-on,4
broadbent,4
bacchante,4
nourishing,4
redder,4
non-chemical,4
reconceptualised,4
trepidation,4
unmanaged,4
parallèle,4
0.5k,4
elicits,4
night-club,4
wooffitt,4
footfall,4
dawning,4
broadmoor,4
conjugative,4
invalidated,4
sebcs,4
g7,4
rearrangements,4
self-appointed,4
seekings,4
mid-march,4
sperling,4
55.6,4
fig.8,4
quran,4
iccpr,4
tids,4
foaming,4
mariners,4
accs,4
naiveté,4
wyatt-walter,4
absorbtion,4
loopholes,4
asw,4
-tocopherol,4
take-up,4
samuelson,4
rda,4
garbage,4
p123,4
off-flavours,4
bioarchaeological,4
contaminant,4
diphthong,4
parliamentarians,4
betsy,4
silberman,4
p.600,4
over-stimulation,4
louda,4
keyed,4
0.5nm,4
cholangitis,4
pinna,4
teleology,4
bisphosphate,4
neurodevelopmental,4
hypochromic,4
villaral,4
shavings,4
calve,4
favero,4
gurnham,4
tidd,4
non-member,4
p.254,4
eluent,4
hydroxy,4
carbocation,4
lna,4
nonanthropocentric,4
radiometric,4
founds,4
e-book,4
instituto,4
servén,4
bachman,4
α1,4
sklair,4
huyton,4
overpower,4
p.391,4
hearted,4
1:10,4
cd-roms,4
atticus,4
pro-poor,4
ceremonialism,4
ors,4
granaries,4
community-based,4
uncompetitive,4
three-fold,4
floppy,4
headland,4
three-day,4
400mg,4
isotopy,4
stigmatization,4
hawaiian,4
hellenized,4
ref.13,4
terraced,4
clothed,4
pdm,4
organizer,4
isiac,4
nuclease,4
archaea,4
nanometer,4
pantheism,4
bfi,4
nam,4
wampum,4
trachemys,4
annan,4
pitted,4
zuñiga,4
improvability,4
r24,4
cinematography,4
palette,4
extra-hepatic,4
nullification,4
bolivar,4
olveiraal,4
ck-mb,4
calculable,4
dehumanisation,4
foltz,4
codify,4
novus,4
khokha,4
selfhood,4
fueled,4
undertone,4
endearments,4
shames,4
protester,4
0.068,4
autotransformer,4
burckhardt,4
kipunji,4
whitford,4
belies,4
freezes,4
ossification,4
cherishing,4
b-o,4
stiffener,4
nasir,4
pepys,4
forcefulness,4
nuptiality,4
hang-up,4
£265,4
ttt,4
dsb/sc,4
acceptation,4
rosario,4
gotland,4
4-night,4
post-materialist,4
saucer,4
externalize,4
cafe,4
pre-emption,4
habroton,4
elley,4
prototypic,4
endeavors,4
kaczvinsky,4
motorbike,4
dockyard,4
pertinence,4
perspectival,4
hur,4
keyness,4
centralist,4
holla,4
1998:19,4
endothelial,4
fast1,4
augmentin,4
alfa,4
viner,4
wide-spread,4
pistil,4
ttlp,4
cartagena,4
non-uk,4
predeterminers,4
v3,4
profusely,4
readtop,4
unaccounted,4
kumiega,4
isobel,4
"£1,000",4
gluteal,4
isc,4
palatine,4
tasteful,4
brainwashing,4
grammars,4
schain,4
molex,4
manabe,4
signaled,4
sweeper,4
bullock,4
classicism,4
stringed,4
lepak,4
conqueror,4
belasco,4
counter-reformation,4
pubescent,4
re-emphasizes,4
croda,4
20c,4
lca,4
loadass,4
hallway,4
untouchable,4
commonelement2,4
write-through,4
equilibrated,4
yugoslav,4
choubey,4
pp.157,4
gravitate,4
kyle,4
subjugate,4
songachi,4
uninspiring,4
deregulate,4
ihgplc,4
p242,4
top-level,4
strictest,4
mycoplasma,4
moustache,4
untested,4
emi,4
scrupulously,4
trivially,4
grieved,4
heathcote,4
gmbh,4
hisa,4
euergetism,4
corkscrew,4
mailings,4
harps,4
life-,4
sobolev,4
9.13,4
anthropometer,4
advantages/applications,4
oaksford*,4
gazes,4
mobiles,4
paused,4
212.5,4
18(1,4
disbanded,4
sesklo,4
hofritcher,4
p.419,4
blockers,4
foolproof,4
unsanitary,4
mauthner,4
unanswerable,4
polyvalent,4
24.5,4
guatemalan,4
industrializing,4
invocation,4
of-,4
chunk,4
roylan,4
hurrying,4
a-c,4
blossom,4
kitto,4
controlled-release,4
inescapability,4
aldose,4
2004:30,4
sushil,4
amortised,4
°,4
non-protein,4
1993-2002,4
two-headed,4
borrero,4
repugnant,4
fraiman,4
gottwald,4
sub-carpathian,4
thoroughness,4
branford,4
hexacarbonyl,4
impressionist,4
continence,4
blaiklock,4
hast,4
preposterous,4
roast,4
playhouses,4
multifocal,4
tripped,4
immiscible,4
hydraulically,4
gilson,4
cyclists,4
7.1.1,4
12/04/05,4
parasuraman,4
skin-friction,4
countable,4
n.19,4
wallström,4
dogmatically,4
2004:191-195,4
brougham,4
harner,4
dorothea,4
besieged,4
endometrial,4
560kg,4
cosmides,4
indistinct,4
knowledge-power,4
workgroup,4
amyloidosis,4
windfall,4
offs,4
300mm,4
agential,4
cell-mediated,4
scriptures,4
sub-test,4
cmo,4
slave-produced,4
hypersensitivity,4
proust,4
uneasily,4
appellation,4
predestined,4
unspecific,4
longue,4
tents,4
focus-on-forms,4
profundity,4
spearheaded,4
chlorosis,4
mcmurty,4
bio-stimulants,4
insurgency,4
impotency,4
rackocy,4
playground,4
70c,4
refluxed,4
legible,4
waterman,4
parodies,4
hutchby,4
opacity,4
phaseⅱ,4
grieving,4
tetralix,4
wetness,4
automakers,4
kidlington,4
10-40,4
condé,4
credit/debit,4
rotemberg,4
pamas,4
scoones,4
perth,4
iche,4
luton,4
attributive,4
muddy,4
dislodge,4
privateers,4
musings,4
dabee,4
normalno,4
mycobacterium,4
enacts,4
$800,4
afebrile,4
waver,4
forward-looking,4
lognormal,4
1-x,4
higgs,4
idiolect,4
artistry,4
destabilization,4
conflict-ridden,4
snf,4
tannin,4
decker,4
pseudonym,4
squeeze,4
genuineness,4
knuckle,4
pough,4
apprehended,4
snaresbrook,4
bimodal,4
320nm,4
turing,4
longino,4
sighs,4
systematization,4
cactus,4
brain-transplant,4
40-50,4
firewire,4
two-week,4
dukes,4
mckenzie,4
avahi,4
gl4java,4
condensate,4
puck,4
newfoundland,4
tgs,4
annunzio-green,4
maliki,4
perfectionist,4
microbiologist,4
carholme,4
cairn,4
demarcate,4
unarmed,4
i(2,4
emlyn-jones,4
bit-rate,4
sub-carrier,4
fpgas,4
pseudobulbar,4
crests,4
weighty,4
multiplexed,4
frugivores,4
0-4,4
abta,4
old-style,4
ritually,4
talbot,4
αi,4
coexisting,4
bolivia,4
chloramphenicol,4
rephrase,4
childers,4
goetschy,4
partington,4
fudge,4
oxon,4
skyrocketing,4
16.1,4
tiesler,4
δtemp,4
non-repudiation,4
swampy,4
perchloric,4
2(2,4
p.423,4
5-20,4
hazda,4
mite,4
acetylation,4
tactically,4
prodnotinarray,4
one-half,4
captions,4
manned,4
stumble,4
£17.16,4
massingham,4
load-elongation,4
indubitably,4
mandates,4
elr,4
grint,4
complainant,4
paris-based,4
fernandez,4
leipzig,4
macedon,4
output*/,4
donal,4
∆m,4
portraiture,4
badinter,4
30/11/04,4
warliegh,4
knud,4
polytropic,4
thoroughbred,4
oc-curves,4
feminization,4
p-orbitals,4
enumerate,4
subtilis,4
jig,4
roost,4
fairies,4
mg/kg,4
bookstore,4
adjusts,4
gangsta,4
outings,4
2e,4
kostecki,4
prusa,4
spitze,4
rosenzweig-macarthur,4
stillborn,4
bing,4
dealership,4
exploding,4
mops,4
modicum,4
geheime,4
beato,4
triples,4
subscriber,4
atmel,4
arizona,4
sighting,4
55-56,4
predetermine,4
consecutively,4
phagosomes,4
engulfment,4
pertains,4
kessel,4
inclinometer,4
lookingfor,4
kinnunen,4
non-empty,4
wildcard,4
p.290,4
gleying,4
antimuscarinic,4
ocs,4
reassign,4
offeror,4
bowing,4
minuscule,4
envelop,4
5-year,4
glides,4
n-b,4
impermanent,4
ethylene,4
flanagan,4
pronouncement,4
horsley,4
separateness,4
dedications,4
slavs,4
constantinople,4
asocial,4
υ(cs,4
1y,4
pang,4
η3-allyl,4
11.428,4
zingales,4
molality,4
makeempty,4
oligomers,4
ranger,4
cm/s,4
and,4
buto,4
round-bottomed,4
pre-morbid,4
flavoproteins,4
dodecyl,4
~5,4
roused,4
boaz,4
demeaning,4
reconverted,4
self-financing,4
fcr,4
mcleod,4
welles,4
racks,4
1.1.1,4
counterexample,4
madison,4
schiemann,4
locative,4
outpaced,4
insurgent,4
narcissism,4
figure3,4
rhododendron,4
courtier,4
soe,4
distrustful,4
"1,300",4
bressen,4
charleston,4
transboundary,4
larval,4
5.1.2,4
dower,4
larmor,4
protestations,4
litwak,4
auberge,4
rigidities,4
1.35,4
epimenides,4
120°,4
single-seater,4
damming,4
symbolizing,4
innumerability,4
thrills,4
ghetto,4
fairground,4
he-ne,4
rahill,4
20:1,4
heibeck,4
clock_sync_time_set,4
romana,4
gnawing,4
ballin,4
snowy,4
westwards,4
domingo,4
alderfer,4
sestet,4
desensitization,4
delay(delay,4
151-173cm,4
contextualisation,4
adoptees,4
keswani,4
borer,4
grenville,4
pvdc,4
radiotracer,4
colonist,4
recur,4
testers,4
brassington,4
pistols,4
henggeler,4
chigi,4
yukl,4
russel,4
heiss,4
tabulating,4
shaman,4
price-form,4
censors,4
lye,4
quién,4
texel,4
potently,4
chaia,4
mastoid,4
buccal,4
futbol,4
outperforming,4
gapon,4
l-1,4
homecraft,4
complement-mediated,4
diffusivity,4
phytochrome,4
convulsive,4
pizer,4
e-enabling,4
patting,4
involuntaristic,4
kannar,4
headrest,4
felipe,4
20-21,4
deported,4
apl,4
actualisation,4
npr,4
foremen,4
tsh,4
lafeber,4
sexton,4
15°c,4
miele,4
super-sensible,4
ett,4
10-fold,4
zachos,4
collinsal,4
vriji,4
morgantown,4
intron,4
rinse,4
65˚,4
ding,4
metacommunication,4
p.244,4
condoning,4
lintott,4
bianchi,4
inikori,4
beer-lambert,4
2050cm,4
fractionation,4
constructivists,4
r-bilinear,4
brooding,4
boggy,4
430-426,4
dystopian,4
liam,4
remarry,4
coagulant,4
inspiratory,4
sloped,4
wen,4
maccallum,4
stockmanship,4
oktas,4
l.15,4
remediate,4
1000rpm,4
goody,4
spokesmen,4
psychological-,4
opportunistically,4
philomel,4
gentles,4
mingle,4
malabar,4
§28,4
indigestion,4
tonne,4
creatine,4
non-standards,4
fluvial,4
digressions,4
off-the-job,4
nodule,4
perforated,4
g/cm,4
gillette,4
farber,4
blankets,4
canis,4
chem-tec,4
co-linear,4
helsing,4
polled,4
zonation,4
fsk,4
diptera,4
mystification,4
s.5,4
7.5cm,4
4.02,4
mistrusted,4
luddington,4
vaporise,4
howlers,4
move(void,4
pleasantness,4
pacify,4
methine,4
hydrochloride,4
dicey,4
haematology,4
pius,4
interpolated,4
terrors,4
usages,4
toner,4
esterification,4
aureliano,4
counter-argument,4
hoeberichts,4
1999:4,4
parrot,4
internalized,4
non-randomised,4
boxed,4
cerielloal,4
caudillismo,4
bandaged,4
marshalling,4
hughes-warrington,4
crèche,4
syntrophic,4
a/p,4
daughter-in-law,4
untamed,4
zwaka,4
kpmg,4
pnyx,4
carbonates,4
low-paid,4
orphaned,4
abacus,4
ascertainable,4
demeas,4
raiyats,4
iron-sulphur,4
p183,4
-a,4
tug,4
8.25,4
altricial,4
76(2)(b,4
scolds,4
burrow,4
macmillian,4
121nm,4
annexes,4
stop-motion,4
wheelock,4
1-8,4
advertises,4
dorling,4
advisee,4
imperfectly,4
cheung,4
reinhard,4
04/04/05,4
humoral,4
nom,4
p.243,4
sobering,4
non-binding,4
sought-after,4
equalities,4
claws,4
3-phosphoglycerate,4
stirs,4
stanyon,4
webxact,4
±0.05cm,4
defusing,4
jtag,4
cda7,4
jurowski,4
pestel,4
secondaries,4
piven,4
macrofossils,4
image4,4
dmatha,4
cookbook,4
vignette,4
veba,4
l.28,4
severest,4
trendline,4
work-based,4
dehumanise,4
ncbp,4
laudan,4
jean-paul,4
privatisations,4
steelmaking,4
tarsiers,4
prided,4
fdg,4
castell,4
wankel,4
thoroughgoing,4
motorf,4
theap,4
paradism,4
duane,4
essentialism,4
triumphantly,4
fv,4
obregon,4
lodges,4
sandelowski,4
typifies,4
stochasticity,4
charpy,4
deactivate,4
gadget,4
master/slave,4
±0.0005,4
transubstantiation,4
ohne,4
ihm,4
antinomies,4
reprogramming,4
interphase,4
over-reliance,4
microwave-assisted,4
leveled,4
80ºc,4
etre,4
leiden,4
simply-support,4
7.11,4
indolizidines,4
wind-tunnel,4
heasman,4
singlets,4
discontentment,4
macromonomer,4
lawns,4
ribbonlike,4
break-in,4
whizzing,4
non-scientific,4
papanek,4
meltese,4
3.5.1,4
mes-1,4
selden,4
primeval,4
stodgy,4
godement,4
littlefield,4
anticoagulant,4
tracer,4
p500,4
jared,4
ang,4
whimsical,4
numordered,4
bled,4
descendent,4
kj/mol,4
esse,4
high-cost,4
bolter,4
edgeworth,4
cronus,4
newlyn,4
flipped,4
p95,4
00:00,4
fuel/air,4
einem,4
diamonds,4
pulsating,4
disquiet,4
pre-surgical,4
short-sighted,4
pre-programmed,4
sw7,4
enrolments,4
perpetuates,4
jovanovich,4
co-localise,4
ribulose,4
dispersibility,4
humanization,4
digoxin,4
in-fact,4
varley,4
self-complementary,4
udombana,4
imprints,4
12-15,4
mulcahy,4
garvin,4
labour-saving,4
state-directed,4
héritier,4
captivated,4
meticulously,4
liberal-democratic,4
vicar,4
spectacularly,4
free-flow,4
academies,4
freemen,4
kin-based,4
p.415,4
comer,4
accelerations,4
smoothness,4
0.59,4
lewd,4
marke,4
grady,4
mistaking,4
thrombin,4
theatricality,4
skilton,4
19-20,4
glauce,4
axiom,4
ref.7,4
aft,4
windle,4
hoop,4
recedes,4
muslim/islamic,4
unassertive,4
jumbled,4
consummation,4
zan,4
synchronize,4
greyish,4
ammeter,4
melbury,4
wmaga,4
thermoplastic,4
e-mailing,4
"90,000",4
all-inclusive,4
stanislavski,4
alleges,4
wakem,4
zinc-finger,4
time-series,4
silicon-based,4
diverges,4
dumpty,4
8-12,4
fonction,4
cookery,4
zero-dimensional,4
submodule,4
p182,4
1.1.2,4
navier-strokes,4
frisancho,4
dl,4
whybark,4
5°,4
0.39,4
sugarcane,4
inviscid,4
well-to-do,4
captives,4
δl,4
gli3a,4
dhand,4
€,4
1992:20,4
undigested,4
authored,4
malformed,4
leukocytes,4
weg,4
tansey,4
pp.7-8,4
mcmillan,4
cch,4
auch,4
weltanschauung,4
overproduce,4
bombery,4
lop,4
daβ,4
allgemeine,4
procureurs,4
rabbi,4
hopping,4
binap,4
arran,4
2/s,4
civilizing,4
surrogacy,4
cirsium,4
rao,4
drache,4
polarise,4
65.3,4
indictor,4
brickman,4
mid-point,4
simplex,4
diff,4
nfu,4
notifications,4
fig1.1,4
cheery,4
c(w,4
7.20,4
donates,4
tautological,4
diuresis,4
yang,4
herrnstein,4
pillay,4
individualization,4
corridos,4
bestows,4
non-observable,4
misconceptualisations,4
appeased,4
dwight,4
prognathism,4
tachycardic,4
0.0871,4
payouts,4
alarmingly,4
conservatively,4
fasb,4
canyon,4
texan,4
patrolling,4
ladusaw,4
yeunglamko,4
garrison,4
varus,4
edict,4
dipstick,4
cor,4
palpate,4
antiepileptic,4
marnie,4
cystoscopic,4
seborrhoeic,4
scrapings,4
£8.7m,4
p102,4
childrens,4
otherworldly,4
globalisation(s,4
anheier,4
airs,4
uncompleted,4
aggravation,4
battens,4
frayed,4
aimlessly,4
time-saving,4
impelled,4
confederal,4
footloose,4
jaworski,4
amiable,4
quangos,4
motorways,4
guangzhou,4
homeowners,4
exchequer,4
2.2.4,4
mooij,4
flowery,4
mortification,4
goodness-of-fit,4
pvs,4
150mm,4
"33,000",4
edvardsson,4
rationalising,4
7.29,4
anthropometry,4
phryne,4
unprofessional,4
swissprot,4
spirometry,4
bloomington,4
conceivability,4
dimond,4
1996-1997,4
tailing,4
dasgupta,4
lcds,4
botulism,4
tarnas,4
hutchison,4
vbscript,4
gloria,4
plagioclimatic,4
-jar,4
variationist,4
left-handedness,4
tangents,4
c.1981,4
bipedal,4
ichigiku,4
unopposed,4
untidy,4
thoth,4
wonderfully,4
passim,4
non-associative,4
endogenously,4
0.037,4
scintillation,4
p.237,4
p.242,4
2002-2003,4
isolationist,4
heteronuclear,4
confounders,4
plumb,4
thin-section,4
0.20,4
10-11,4
vallonia,4
stirling,4
kaufmann,4
ky,4
juselius,4
non-rem,4
irreducibly,4
audiogram,4
liebe,4
demodulation,4
hiatus,4
cf1,4
widom,4
satirizing,4
machinists,4
gabrielatos,4
retorts,4
wronged,4
astonish,4
baggott,4
photochemistry,4
terahertz,4
unmasked,4
siegman,4
peak-to-peak,4
pyrophosphate,4
team-members,4
electromechanical,4
avr,4
hlw,4
unreservedly,4
21.285x2theta,4
lrts,4
atypically,4
durch,4
tautomer,4
path-length,4
dramatize,4
photostationary,4
km/h,4
civilize,4
afghan,4
rocha,4
wakelin,4
navarro,4
dunnet,4
allocator,4
licensable,4
s13(5,4
regs.5(2,4
suppositions,4
inputprodstklevel,4
10.02.06,4
entity-relationship,4
oz2,4
impositions,4
thaker,4
06:00,4
underage,4
impossibly,4
setlow,4
siddeley,4
ubelaker,4
gracefully,4
ecofin,4
dexamethasone,4
roic,4
sleeve,4
kultur,4
olesen,4
decentred,4
mindsets,4
decolonization,4
p104,4
mil,4
38(3,4
reassessing,4
halts,4
univariate,4
downgraded,4
kuala,4
differentiations,4
sprout,4
6m,4
15-30,4
treatable,4
w/,4
goss-turner,4
somalia,4
2-fold,4
petschal,4
alasdair,4
etourism,4
gravitationally,4
1-7,4
uphill,4
abdo,4
entrained,4
orchestrated,4
torments,4
byproducts,4
madras,4
nautical,4
intricacy,4
bounding,4
"130,000",4
exudative,4
obcs,4
bacteraemia,4
macabre,4
istanbul,4
fainted,4
beauvoir,4
hyperglycaemic,4
eemian,4
probabilistic,4
k-wire,4
physical-,4
fh,4
sagen,4
l.4,4
oakeshott,4
"18,000",4
flirtation,4
neo-marxist,4
dehumanising,4
hathaway,4
p112,4
.01,4
microsomal,4
frankly,4
voss,4
snobbery,4
immovable,4
tusks,4
s.12(1)(a,4
homesickness,4
edged,4
protruding,4
antarctica,4
succulent,4
post-trip,4
non-alcoholic,4
q(α,4
double-sided,4
shay,4
m16c/62,4
self-dual,4
k-dimensional,4
appros,4
heathens,4
stuffing,4
extra-curricular,4
lumpectomy,4
venne,4
$50,4
thatcherite,4
1834-1976,4
diversionary,4
athleticism,4
tonal,4
landline,4
brca1,4
laporte,4
p.339,4
halve,4
0°k,4
humanise,4
hymeneal,4
φ(n,4
p.262,4
scourge,4
comically,4
determinacy,4
flare-ups,4
multi-collinearity,4
neitz,4
gateways,4
colenso,4
bywater,4
quintavalle,4
d-spacings,4
obstructing,4
uncoupler,4
manson,4
irate,4
2100cm,4
nernst,4
rediscovered,4
enterococcus,4
swathes,4
carolingians,4
snatches,4
n(x,4
correspondences,4
eta,4
21.423x2theta,4
podzol,4
selfridge,4
bi-lingual,4
reassembled,4
sinha,4
coriander,4
adducing,4
solicit,4
arcadian,4
neofunctionalism,4
delineating,4
relatable,4
dairying,4
migraines,4
cosmopolitics,4
commutation,4
moisture-proof,4
well-planned,4
ss1,4
e-payment,4
barbie,4
proviral,4
stateful,4
humanised,4
ritualized,4
nova,4
wanyamaal,4
az,4
wrenching,4
subcultural,4
gamekeepers,4
one-night,4
tremour,4
acquiesce,4
germania,4
ramping,4
thessalian,4
tinned,4
lenhardt,4
kno3,4
anti-dumping,4
coercing,4
non-palatial,4
chaperone,4
hysterics,4
garside,4
cutaneous,4
kt,4
rad51,4
mandarin,4
halogen,4
oncogene,4
spade,4
aegeus,4
xing,4
parti,4
gotra,4
misallocation,4
wichterich,4
elkind,4
bueren,4
accursed,4
prosimian,4
atmospheres,4
highest-level,4
editori,4
north/south,4
exempted,4
za,4
heartbeat,4
pan-european,4
unsatisfying,4
ardently,4
ecuador,4
abolishes,4
b3lyp,4
synthesizing,4
1:55:26,4
vietnamese,4
150ms,4
rearmament,4
ptsg,4
mcconnell-ginet,4
albania,4
torturous,4
non-jews,4
gorbachev,4
micturition,4
humanized,4
temporalis,4
comets,4
preloading,4
overestimates,4
autos,4
giuseppe,4
florini,4
doctoral,4
wastewater,4
biocompatible,4
imep,4
hcns,4
steepness,4
banister,4
fullness,4
alier,4
koleman,4
pre-linguistic,4
schattschneider,4
koizumi,4
truth-like,4
billson,4
unfriendly,4
yams,4
fluorite,4
intra-european,4
wits,4
scullard,4
kirche,4
draco,4
pasteurizer,4
0-,4
formaldehyde,4
xa,4
laxative,4
telegram,4
bisexual,4
depoliticised,4
under-developed,4
odorant,4
wig,4
cyclase,4
pavalko,4
bribes,4
borrell,4
eslea,4
one-year,4
reinvention,4
s6,4
meredith,4
0x30,4
0.095,4
750nm,4
insinuated,4
juggling,4
ply,4
rbi,4
plastiquinone,4
backstage,4
zenger,4
na=4,4
irritate,4
correspondent,4
tolerating,4
blocks-world,4
re-assess,4
hrs,4
nec,4
combo,4
tiered,4
fiancée,4
virility,4
lnc,4
brenner,4
hkl,4
huesmann,4
wavefunctions,4
sub-states,4
weekday,4
newcomer,4
bpr,4
concretes,4
jayasuriya,4
lau,4
fork(,4
dirsync(,4
minster,4
helstone,4
affiliators,4
skaters,4
bucknell,4
cranks,4
nanoseconds,4
reopen,4
roamed,4
alkane,4
quod,4
nesters,4
$250,4
stroll,4
skhul,4
philosophic,4
espresso,4
ppfs,4
mckinsey,4
peregrinus,4
bipedalism,4
uniformed,4
hostels,4
gladly,4
fpa,4
haloperidol,4
p.334,4
trim,4
geyer,4
resistible,4
poneman,4
ǿ,4
mercurian,4
reallocated,4
counter-cyclical,4
molds,4
inclusion/exclusion,4
strickland,4
j-curve,4
benefit/detriment,4
currency-denominated,4
favorite,4
arg$,4
70-80,4
memeplexes,4
kanabus,4
leaderships,4
gr,4
burgomaster,4
over-ride,4
low-dose,4
noden,4
quasi-autonomous,4
mechanosensory,4
hieroglyph,4
strangeways,4
brabantio,4
trichloroacetic,4
ripens,4
glassonal,4
comrie,4
fleshed,4
osbourne,4
infuses,4
commissar,4
libido,4
churning,4
materiality,4
plaintiffs,4
harems,4
prophesised,4
import-substituting,4
intriguingly,4
awaited,4
nimble,4
renewables,4
businessweek,4
mellows,4
6.11,4
eu-15,4
phil,4
sprouting,4
a-grade,4
business-it,4
-0.5,4
0-20,4
mich,4
najder,4
squeezing,4
bard,4
nematoda,4
mote,4
adventurer,4
phagocyte,4
politicizing,4
politely,4
italicized,4
2.88,4
self-protection,4
sprack,4
geohistory,4
1999:66,4
parastatals,4
downloadable,4
anvil,4
amelio,4
thrillers,4
dispossession,4
irrigate,4
self-proclaimed,4
argand,4
2.74,4
ineffectively,4
p179,4
leonidas,4
metatarsals,4
scheier,4
ostraka,4
dpa,4
undivided,4
on-time,4
utrecht,4
itoh,4
x-coordinate,4
infestations,4
electro-conductivity,4
follicle,4
self-actualizing,4
radiant,4
nutrient-rich,4
prognosisthe,4
14.8,4
processorderfordisplayedprod,4
priesthoods,4
dermatophyte,4
leeks,4
ectothrix,4
emfs,4
werden,4
unsolicited,4
bipeds,4
p.466,4
consuls,4
handlin,4
representativism,4
a15,4
re-tested,4
p.403,4
25ºc,4
janson,4
geoff,4
±1/2,4
breeders,4
uncaring,4
sensori-motor,4
physiochemical,4
1999:583,4
subfamilies,4
neaera,4
1000l,4
11.07.05,4
vntrs,4
mansion,4
decoy,4
disinflation,4
gratify,4
sapphire,4
onsite,4
eastwood,4
clutched,4
composted,4
clea,4
joel,4
exploitable,4
single-sex,4
tredell,4
coe,4
bateson,4
disciple,4
0.2ml,4
17β-estradiol,4
handaxe,4
pinched,4
tcf,4
£32,4
evita,4
city-state,4
firenze,4
cartwright,4
interneurons,4
notochord,4
hoskins,4
antman,4
2/10/2007,4
greengrass,4
petrarch,4
danks,4
diplomatically,4
trouvé,4
8-16,4
moorhead,4
memorization,4
nlj,4
popularized,4
lawmaking,4
lemos,4
after-sales,4
mug,4
ventilation/,4
dsm,4
shyness,4
grater,4
thrives,4
-100,4
accomplices,4
dismutase,4
"800,000",4
re-emerged,4
janssen,4
clt,4
josephson,4
bbs,4
histocompatible,4
transfer-of-technology,4
teratocarcinomas,4
reformulate,4
kolchin,4
progressivism,4
antero-posterior,4
expatica,4
hfs,4
cinque,4
allemandes,4
menten,4
gunnarsson,4
snout,4
p250,4
grigorescu,4
non-income,4
procyclical,4
y=,4
r-(1+r)b,4
mesocortical,4
innervate,4
amoralist,4
dicarbonyl,4
forbidding,4
brambles,4
peril,4
frills,4
concentrator,4
countrywide,4
earnestly,4
incisions,4
lajoie,4
heinle,4
"2,2-bipyridyl",4
subsides,4
high-status,4
electroplating,4
assayed,4
fad,4
phenotypical,4
hrsall,4
elen,4
gurus,4
dented,4
peng,4
fabulous,4
nrs,4
0-2,4
nhsbsp,4
trendsetters,4
bennet-,4
transfused,4
evictions,4
prosopagnosia,4
gynaecologists,4
stormy,4
midsection,4
protonated,4
watcher,4
machlup,4
recardo,4
31.602x2theta,4
rimmington,4
stratchman,4
geddes,4
lingers,4
shakertown,4
angrily,4
egm,4
wai,4
crammed,4
frew,4
stockman,4
raisch,4
mcdaniel,4
kristin,4
indulging,4
reconstitute,4
bleaney,4
datahand,4
shlr,4
baffling,4
fluticasone,4
nus,4
piloted,4
premolars,4
15-minute,4
mainscreen,4
irwine,4
oels,4
kegan,4
ouverture,4
hbm,4
aave,4
citroen,4
wretchedness,4
bekar,4
kilos,4
manumission,4
shipmates,4
northants,4
brind,4
overdamped,4
gotz,4
habituation,4
homemakers,4
hareven,4
satisfactions,4
glasius,4
rockefeller,4
shellfish,4
nipples,4
ephorate,4
background-independent,4
tpt,4
smolin,4
luc,4
olber,4
malformation,4
universes,4
100ms,4
plunger,4
unload,4
impersonation,4
asymptote,4
garch,4
shuffling,4
digitised,4
metallurgical,4
raced,4
compacts,4
n-sphere,4
kiewitz,4
hongkong,4
:2,4
sibi,4
perinpanayagam,4
judy,4
shackled,4
80lbs,4
triethylamine,4
tradeoffs,4
abetting,4
tauris,4
mno4-,4
abettors,4
thinness,4
lactating,4
beethoven,4
souvenir,4
justificatory,4
instructional,4
marvel,4
subtrees,4
horologion,4
shun,4
swamped,4
p.331,4
ruben,4
schechner,4
inkjet,4
replete,4
reification,4
xanthomata,4
thereon,4
bainbridge,4
unreality,4
near-neutral,4
état,4
wolke,4
blacksmith,4
shamans,4
q-automorphism,4
0.93,4
current/speed,4
phenetic,4
christophe,4
pp.20-1,4
corundum,4
acquirers,4
shultz,4
pampered,4
hodgman,4
moscucci,4
undeterminable,4
disreputable,4
0.18,4
overpowered,4
lettuces,4
rees-mogg,4
refraining,4
task(s,4
dystopia,4
ransom,4
myth-making,4
45ml,4
pointlessness,4
55.0°,4
primula,4
400g,4
podzolised,4
job-related,4
suprasegmental,4
bilinguals,4
polansky,4
mellifera,4
boeck,4
disrepair,4
towels,4
prolongation,4
neutrophiles,4
al.2005,4
gossiping,4
phenomenologists,4
p.479,4
leaved,4
t(r,4
130°c,4
fig1.2,4
heteroglossia,4
mater,4
spongiform,4
in-situ,4
aspectual,4
gesellschaft,4
rancid,4
spong,4
paschen,4
hagger,4
mid-1970s,4
lineweaver,4
impinges,4
tentaculata,4
easterlin,4
blackboard,4
katsuichi,4
re-weighed,4
spate,4
halliwell,4
perks,4
refrigerants,4
mulvey,4
undisclosed,4
synthesises,4
rodriguez,4
guanosine,4
amphetamines,4
20v,4
viceroyalty,4
redevelop,4
semi-aquatic,4
fainting,4
problem-solution,4
commercialize,4
16-18,4
groundmass,4
overtake,4
use-values,4
nano-scale,4
camouflaged,4
rotberg,4
perrett,4
dirsource,4
rsg,4
realignment,4
you/,4
sociolinguists,4
laos,4
piped,4
ecolodge,4
flaming,4
deflated,4
sternum,4
ŋ,4
modulations,4
kx,4
payload,4
halakhah,4
zb,4
co-occurent,4
cornhill,4
forbearance,4
watashi,4
day-old,4
tris,4
lateralisation,4
individualisation,4
approves,4
wakefield,4
ice-cream,4
harbouring,4
bacilli,4
haunts,4
chill,4
25/10/06,4
salpingoophrectomy,4
u16503,4
antibody-antigen,4
orbitofrontal,4
toned,4
bladders,4
bailed,4
non-managerial,4
roediger,4
5-point,4
worshipper,4
fig.7,4
kohl,4
ocellatum,4
repayable,4
celibacy,4
amen,4
self-governing,4
embarks,4
aborting,4
p167,4
huddlestone,4
clad,4
ameliorated,4
ground-level,4
flusberg,4
-bipyridyl,4
84mm,4
sekine,4
hindlimbs,4
0.65872m,4
p168,4
take-off,4
reuptake,4
t-distributed,4
1994:198,4
aborigine,4
butlin,4
tager-,4
y/l,4
pro-social,4
2003:25,4
rawnsley,4
antidepressants,4
criminally,4
donatello,4
maher,4
well-intentioned,4
d2-ft,4
estuarine,4
radiations,4
weib,4
zinkhan,4
kopytoff,4
esquire,4
activators,4
sprenger,4
triborate,4
yue-sai,4
platten,4
männer,4
narrog,4
traxler,4
theologies,4
deontically,4
timberlake,4
0.2mpa,4
inattention,4
sling,4
a18,4
isaacs,4
postoperatively,4
fungistatic,4
price-fixing,4
ushers,4
nach,4
0.14,4
w=[,4
reinterpreted,4
gettext(,4
plantain,4
enterproddetails,4
interconnects,4
jesse,4
6),4
sixième,4
abts,4
enrollment,4
resorption,4
cotterill,4
pings,4
nun,4
1882)2001,4
antonia,4
na=3,4
dispraise,4
p97,4
universalising,4
vega,4
northeastern,4
strangulated,4
shortcuts,4
redshift,4
f−,4
netmechanic,4
surat,4
gage,4
calicoes,4
mcdonaldization,4
dispossessed,4
allege,4
predating,4
insemination,4
willie,4
syllogism,4
newdick,4
uncompromisingly,4
structuralists,4
subpopulation,4
remittances,4
underdeterminism,4
exudates,4
usus,4
dame,4
64(1a,4
generalizing,4
an2a,4
neofunctionalist,4
transposing,4
mistletoes,4
obc,4
codon,4
£1000,4
wurtman,4
β-α,4
proxies,4
body-centred,4
camel,4
counterpoint,4
transposes,4
hypercompetitive,4
emo,4
laboured,4
legislated,4
patrilineal,4
legalizing,4
gargery,4
φ(f,4
pp150,4
cebus,4
complimenting,4
dispassionate,4
downshire,4
factorize,4
moderna,4
sensuality,4
fain,4
roosting,4
levi-strauss,4
raveloe,4
|ε(y)|,4
subheadings,4
tacorante,4
spreaded,4
transgressing,4
mistry,4
pre-test,4
pederasty,4
compensations,4
whitty,4
re-arranged,4
secreting,4
tritton,4
formate,4
pepsi,4
tylor,4
legalistic,4
montague,4
videotape,4
conciliation,4
deductively,4
p209,4
whallon,4
cheer,4
non-market,4
atenolol,4
$35,4
jen,4
murra,4
boaventura,4
enlisting,4
concocted,4
unconscionable,4
piłsudksi,4
iceman,4
lorayne,4
goto,4
hwang,4
folklore,4
ctdna,4
ultrasonography,4
unifies,4
yager,4
leftover,4
ukrainian,4
rank-and-file,4
plummet,4
re-created,4
manco,4
misnomer,4
sob,4
pejorative,4
bureaucratisation,4
brann,4
drukier,4
outhwaite,4
evades,4
modularity,4
leinbach,4
lladós,4
redeems,4
8mg,4
mestizos,4
devoicing,4
first-hand,4
0.62,4
recollected,4
hargreaves,4
deadlock,4
sb,4
nana,4
n.3,4
kidnapped,4
lumpiness,4
bolivarian,4
gandhi,4
indictable,4
excusive,4
peralta,4
0.71,4
rattus,4
yin,4
mauritian,4
justinian,4
howarth,4
paraesthesia,4
quirkal,4
virions,4
unresectable,4
aflaj,4
ccd,4
kowzan,4
scarman,4
decorating,4
s.2,4
prongs,4
grainger,4
rashbrook,4
contender,4
vermiculite,4
juvenility,4
chills,4
extractions,4
polarimeter,4
tupping,4
conformationally,4
1989:7,4
co-transduction,4
mutiny,4
thermophiles,4
fowlie,4
nutrtion,4
sequelae,4
vanderlinden,4
remarriage,4
consequentionalist,4
merciful,4
non-consensual,4
equalize,4
confide,4
diwani,4
0.018,4
clap,4
roche,4
corcoran,4
/z/,4
arne,4
ahs,4
pleut,4
munro,4
stylistically,4
heasley,4
characterisable,4
presumptuous,4
dekovic,4
continuous-flow,4
enclosing,4
22.1,4
stef,4
drakeal,4
celce-murcia,4
anti-depressants,4
microflora,4
nostromo,4
rowman,4
nairn,4
thirty-six,4
nanometres,4
buzzards,4
vole,4
two-shot,4
endodermal,4
landslides,4
p245,4
reorganize,4
stimulant,4
rainbow,4
accent-free,4
pneumoniae,4
indigo,4
i-q,4
gelatin,4
refocusing,4
maladjustment,4
secondline,4
opencores,4
axelrod,4
depose,4
icd,4
16.9,4
causewayed,4
franciscella,4
stopclock,4
multi-ethnic,4
kentwell,4
pyridine-2-carboxaldehyde,4
trevathan,4
maes-jelinek,4
tracey,4
noonan,4
bystanders,4
long-time,4
iucn/ssc,4
tamura,4
dotcom,4
0.98,4
asplenium,4
5clo,4
robusta,4
pisum,4
seemly,4
toured,4
a14,4
anticipatory,4
artistically,4
kengaku,4
colonizer,4
internationale,4
plasm,4
chitin,4
9m,4
diversely,4
beneficent,4
edsu,4
hofrath,4
cassandra,4
vollmann,4
lumpur,4
wiedmer,4
ask_prodname,4
35°c,4
grabbed,4
hancock,4
judeao-christian,4
benefs,4
parens,4
rothwell,4
vacumised,4
lifeblood,4
chaining,4
disconfirmed,4
2kg,4
prezzolini,4
waarden,4
rubery,4
2.4(251,4
awoke,4
pivoting,4
myc,4
supersensible,4
denouement,4
phenylalanine,4
in-built,4
overrode,4
exasperated,4
£400,4
bruckner,4
mugger,4
piles,4
unsuitability,4
tricker,4
ledge,4
goldsmithal,4
straight-line,4
softscoreboard,4
n=4,4
limbo,4
300m,4
octal,4
harking,4
postulation,4
authenticating,4
11(1,4
leponese,4
wildavsky,4
sagas,4
checkduplicates,4
sais,4
aristides,4
atahualpa,4
threes,4
kendrick-pritchett,4
iranian,4
steaming,4
pakistanis,4
guerrillas,4
tarnish,4
handrahan,4
bennet-kastor,4
-dimensional,4
kicks,4
1=,4
interregnum,4
ecs,4
farmhouses,4
gilland,4
miniscule,4
filkskeit,4
p220,4
i2,4
non-fraudulent,4
mille,4
barbereba,4
tourvel,4
suing,4
bombed,4
exp,4
physis,4
v6,4
basicity,4
12c,4
self-publishing,4
hayao,4
poly,4
socratic,4
cancellous,4
dmr,4
frs17,4
vandyl,4
willed,4
wheatsheaf,4
diamantis,4
174(2,4
re-introduced,4
expertly,4
miyako,4
31.468x2theta,4
chipko,4
stitched,4
n/100g,4
evaporative,4
hypocotyls,4
practitioner-patient,4
revolutionism,4
basel,4
power-law,4
jin,4
1780s,4
roundhouse,4
ppnb,4
choked,4
0.80,4
28-cell,4
bennoune,4
feeble-minded,4
gelidonya,4
gas-fired,4
eigler,4
f-chart,4
air-dried,4
overestimate,4
sinensis,4
wanderings,4
euro-americans,4
amuse,4
quartet,4
jncc,4
stalls,4
heidelberg,4
58-9,4
thereto,4
stop-gap,4
schwefel,4
*3,4
p219,4
ancillary,4
7c,4
brightest,4
aic,4
00z,4
mcilroy,4
melaena,4
weiβen,4
cah,4
docking,4
11.0,4
spastic,4
thermo/pressure,4
schwarzen,4
yarur,4
1/,4
crespillo,4
rapist,4
if((*via_orb,4
biber,4
lows,4
temperature-time,4
cohre,4
disseminator,4
tmr,4
eroticism,4
inextricable,4
habeshawal,4
talbert,4
spinosa,4
bance,4
accompaniment,4
hush,4
dimethyl,4
glide,4
sextants,4
biochem,4
transpeptidation,4
atheists,4
pupa,4
mueller,4
rescuing,4
1981:102,4
polysemous,4
abusharaf,4
mih,4
jaspers,4
malaysian,4
striatal,4
uncertainly,4
analogously,4
1800-1860,4
8kpa,4
orifices,4
schooled,4
unfeminine,4
gangster,4
h6,4
reasserts,4
over-regulated,4
percy-smith,4
alter-ego,4
enfranchised,4
gurney,4
unavailability,4
pp.17-18,4
stifled,4
envoys,4
syntocinon,4
soccer,4
matrixproductmono,4
class-consciousness,4
constructionist,4
haack,4
lingual,4
code-switch,4
scopes,4
3e,4
scratches,4
genealogies,4
bismuth,4
by-pass,4
racy,4
embolic,4
locker,4
benches,4
displease,4
repealing,4
pre-arranged,4
mudstone,4
",2",4
ahringer,4
5.25x10,4
nicaraguan,4
kofi,4
mcquitty,4
centrifuged,4
acquirement,4
hermetically,4
globalizations,4
pp.10-11,4
ungrazed,4
rebukes,4
apportioning,4
~70,4
euchromatin,4
reminiscences,4
tetramers,4
cornwell,4
parotid,4
multi-path,4
whitelaw,4
2004:14,4
ponders,4
lace,4
seventy-five,4
algeria,4
pz,4
hox,4
ly,4
indoctrination,4
motoring,4
zachman,4
helladic,4
astynomoi,4
capsules,4
sorensen,4
commoditisation,4
brainard,4
xcl,4
meekness,4
qualifier,4
delicacies,4
tustin,4
transducin,4
boreal,4
long-acting,4
melon,4
exchangeable,4
mapper,4
non-rp,4
adls,4
"£15,000",4
mouvement,4
recombined,4
mucking,4
ecf,4
sprains,4
plugging,4
honed,4
welldon,4
forgetfulness,4
soros,4
appeasement,4
citadel,4
bristle,4
time-scale,4
narveson,4
contraindications,4
fixations,4
1.5.2,4
ptosis,4
tabula,4
osteotomy,4
blackout,4
perpetrating,4
public-private,4
achiral,4
slurries,4
nearing,4
waive,4
abundances,4
snelling,4
£3000,4
sickening,4
century-,4
carole,4
polyculture,4
p224,4
α-chiral,4
health-damaging,4
christie,4
shininess,4
fig.9,4
projectile,4
bertelsmann,4
flavylium,4
blanksten,4
michelangelo,4
ebley,4
undercuts,4
perceivable,4
joking,4
ii-,4
buchner,4
devetak,4
cours,4
multi-modal,4
quadrupeds,4
yan,4
unionised,4
srms,4
dimmer,4
uninvolved,4
heterotrophic,4
curtisal,4
point-of-view,4
ow,4
hartfield,4
data(,4
a0,4
mellow,4
obliquely,4
2.50,4
aides,4
chymosin,4
synonymously,4
basso,4
reprisals,4
antalgic,4
speculates,4
pick-up,4
takai,4
plunge,4
metallurgy,4
parthasarathi,4
emmett,4
swnw,4
destructively,4
kebab,4
en1a,4
lei,4
0-100,4
monosyllable,4
r$,4
bárberi,4
quartering,4
caramel,4
washes,4
parpworth,4
unrecognisable,4
pender,4
1.46,4
encarta®,4
niranjan,4
zanzibaricus,4
regs.5(1,4
pithos,4
z-axis,4
post-stain,4
roadrunners,4
sub-species,4
superassertibility,4
perrin,4
bristow,4
blackthorn,4
baumert,4
foray,4
underprivileged,4
olney,4
subliminal,4
0.8hz,4
nosek,4
unfreedom,4
mall-intercept,4
perchorowicz,4
cornelius,4
0.0005,4
blobs,4
prufrock,4
proverbs,4
ashamalla,4
post-revolution,4
mend,4
crossing-over,4
being-in-itself,4
gliatis,4
maestra,4
non-modelled,4
feng,4
correspondents,4
sociologically,4
hub-and-spoke,4
boj,4
paperless,4
homoscedasticity,4
audiovisual,4
arbitrator,4
cirilo,4
210gpa,4
pre-colonial,4
factional,4
metal-metalloid,4
truman,4
circled,4
lamella,4
cogitans,4
paa,4
suspending,4
loch,4
handwriting,4
dgs,4
mortalities,4
vous,4
spiegel,4
misinformation,4
towel,4
non-conforming,4
phua,4
alô,4
interest-rate,4
self-completion,4
mbe,4
witherspoon,4
cushioning,4
so2,4
d=,4
evolvement,4
0.77,4
xli,4
harbor,4
48h,4
4n,4
1m/s,4
thefts,4
minowa,4
amphiphilic,4
,4
inhospitable,4
mealtimes,4
inter-racial,4
rads,4
64-bit,4
muscularity,4
low-risk,4
neo-fascist,4
kuomintang,4
dx,4
3-7,4
courtly,4
vol.47,4
miscegenation,4
acfta,4
cándido,4
robs,4
dantes,4
oed,4
unsophisticated,4
reddy,4
rössberga,4
capaldi,4
r11,4
helene,4
blessings,4
carleton,4
mean-adjusted,4
2004:39-45,4
e-company,4
mouthcoating,4
non-interference,4
ln(k,4
exalt,4
hernias,4
malory,4
ruíz,4
plunging,4
inordinate,4
suffocated,4
spaniard,4
ordnance,4
tibiofibular,4
incarnated,4
spanish-american,4
lough,4
fenn,4
m·,4
1450-1700,4
ionise,4
self-centred,4
desorption,4
pentyl,4
christianization,4
post-crisis,4
salicylihalamide,4
yawns,4
private-sector,4
time-consistent,4
resister,4
flammability,4
upturns,4
unenviable,4
jurisprudential,4
lorna,4
schleitheim,4
unshakable,4
unholy,4
bergonzi,4
p.140,4
haccp,4
delegative,4
merseytram,4
13.75,4
commuters,4
-4kgm,4
user_wants_to_add_more_products_to_order,4
impressionistic,4
inputprodcost,4
recyclable,4
nf-kb,4
disagreedisagreeneitheragreestrongly,4
disputing,4
pseudonyms,4
mange,4
2*/,4
dismemberment,4
δt,4
collation,4
groomed,4
hamill,4
ligated,4
0.90,4
deducts,4
przyborski,4
uk/fac/sci/eng/euo/modules/year1/es175/es175-exercise1/peugeot/,4
aggleton,4
batchelor,4
cost-reduction,4
prides,4
dnase,4
l.24,4
billing,4
potterfield,4
tampons,4
l.25,4
hostage,4
common-market,4
166-193,4
curly,4
3.1.4,4
emailed,4
p125,4
thrusting,4
geheimschreiber,4
leys,4
dunmore,4
imbuing,4
emissivity,4
healthiest,4
bibl,4
declaratives,4
mouth-coating,4
ciliated,4
ramiro,4
chiu,4
stunts,4
encloses,4
2003:85,4
peaty,4
siebert,4
",i.3",4
misreading,4
412nm,4
patrie,4
fixity,4
chelate,4
aflp,4
biosystems,4
donaghy,4
glutamine,4
headers,4
thiourea,4
fallacies,4
jw,4
shg,4
prepayments,4
lamentation,4
arthurs,4
portland,4
counterrevolution,4
diamagnetic,4
intoxicated,4
heterocycle,4
26.5,4
hempsall,4
publicising,4
p.301,4
stakeholders/businesses,4
p.263,4
surin,4
2.25,4
fermenters,4
confound,4
fnumstostr,4
nyby,4
stripes,4
oelhaf,4
vir,4
pp.1,4
hena,4
pawnee,4
ill-fated,4
performative,4
terroristic,4
tgi,4
lindberg,4
benbasat,4
value-laden,4
cotswolds,4
concubinage,4
sans,4
nouvelle,4
bis-triphenylphosphine,4
overwritten,4
ashmolean,4
multi-polarity,4
25-20,4
commemorating,4
aid-10,4
over-simplification,4
wurm,4
non-stationarity,4
wrestling,4
lais,4
trachomatis,4
1v,4
demultiplexers,4
civilis,4
2090.6cm,4
11.6,4
understating,4
utah,4
preparation-,4
excavate,4
appl,4
individuated,4
feral,4
1999:63,4
montiel,4
macmullen,4
238u,4
intermingling,4
product-,4
faesel,4
menes,4
pseudogout,4
kitchens,4
on/off,4
teflon,4
nb=2,4
cummings,4
plump,4
striga,4
tzl,4
positivistic,4
willen,4
pygmies,4
germanian,4
weeden,4
desertification,4
yr,4
conciliatory,4
mccance,4
status-quo,4
harukor,4
data1,4
lexicographer,4
lumpy,4
powerhouse,4
sealer,4
pre-conceived,4
supercomputers,4
adversary,4
lp,4
3mg,4
mycological,4
bullae,4
tannenbaum,4
beneficially,4
penalises,4
humason,4
tortora,4
b-,4
extremists,4
scrupulous,4
pasts,4
yoke,4
kms,4
jarman,4
chieftains,4
concomitantly,4
hornby,4
z(t,4
loc,4
footprints,4
germer,4
andocentric,4
magnifying,4
misread,4
terrel,4
p289,4
renege,4
unexamined,4
%-points,4
retroviridae,4
astin,4
haemorrhoids,4
boardman,4
fridays,4
sweetenham,4
errands,4
fingernails,4
hive,4
equalizing,4
hotelkeeper,4
2=,4
caraway,4
avec,4
psychomotor,4
wandsworth,4
12.7,4
cross-links,4
double-movement,4
24-cell,4
linac,4
ricoeur,4
non-molluscan,4
kinzey/1997,4
bungalow,4
self-restraint,4
authorising,4
stringer/1993,4
mousse,4
free-stream,4
7-11,4
hack,4
greenery,4
flecks,4
coxall,4
pruetz,4
1km,4
unhindered,4
facile,4
epsy,4
crooked,4
paliwoda,4
icarus,4
klein-nishina,4
swelled,4
rnp-type,4
sne,4
e-retailer,4
couched,4
hodkinson,4
boxall,4
olf,4
whips,4
α-helix,4
vegetius,4
schlosser,4
5-9,4
"metcalf,2005",4
statistic=,4
three-stage,4
low-energy,4
23.11.03,4
conundrums,4
imperatores,4
backwater,4
wap,4
non-commutative,4
magnetization,4
orientational,4
divisibility,4
xt,4
upton,4
newcomb,4
943.1n,4
λ/2,4
radcliffe-browns,4
musicality,4
£3,4
hennell,4
bettering,4
oxymoronic,4
insinuations,4
fat-soluble,4
barbiturate,4
n-phosphinoylimine,4
oughts,4
ramesses,4
propeller,4
pogge,4
49-51,4
σ2,4
marsland,4
propanone,4
p.116,4
casa,4
asparagus,4
3.277,4
sebastian,4
darts,4
jacoby,4
phosphodiesterase,4
abrasion,4
0.145,4
fifer,4
"garch(2,2",4
unawareness,4
oesophageal,4
ɛ,4
40cm,4
lykourgos,4
chemotherapeutic,4
hhi,4
musgrave,4
gange,4
co-actors,4
secularism,4
revitalization,4
allah,4
immobilized,4
year2,4
biocompatibility,4
insignificantly,4
inasmuch,4
beneficials,4
life-long,4
brassicas,4
defibrillator,4
cuscuta,4
kerswill,4
serological,4
commemorated,4
sex-exclusive,4
hau/ml,4
brandon,4
flavanoid,4
aníbal,4
lanceolata,4
callejeros,4
presences,4
pg.19,4
wheatcroft,4
humanness,4
transposons,4
alkalosis,4
generalists,4
confidentially,4
vexed,4
p.569,4
varayoc,4
agustín,4
peroxidation,4
testaments,4
scrivener,4
shepardal,4
sauvignon,4
rapturous,4
afflict,4
pandemonium,4
malhechores,4
cornish,4
marathus,4
wishart,4
pfo,4
kore,4
avril,4
polytechnique,4
doch,4
£2million,4
carabids,4
chronometric,4
bearded,4
millport,4
hires,4
woken,4
madigan,4
gorgons,4
d-ala,4
internalises,4
mcveigh,4
200g,4
"1,0",4
fertilise,4
mclennan,4
forties,4
gallop,4
dθ/dt)2,4
arbuthnot,4
barramundi,4
intensity2,4
off-farm,4
£2.50,4
disallowing,4
p270,4
dysplasia,4
endicott,4
promethean,4
price/quality,4
bertens,4
europe-wide,4
fireside,4
augmenting,4
peremptory,4
laval/,4
agentive,4
6.32,4
schuller,4
collocated,4
jubilant,4
bb,4
2080s,4
burswood,4
defensiveness,4
asiatic,4
peradotto,4
somer,4
cruciform,4
sarmiento,4
konagaya,4
socio-demographic,4
rolex,4
starters,4
de-motivated,4
galvão,4
clinched,4
predilection,4
readmission,4
avsd,4
pollini,4
de-emulsified,4
recbcd,4
andreou,4
blackmail,4
p169,4
winkler,4
sherwood,4
teichman,4
endartectomy,4
15minutes,4
non-parasitic,4
aravantinos,4
meandering,4
westerly,4
defensively,4
30nm,4
cda,4
scaffold/matrix,4
proteolysis,4
lpa,4
detr,4
virlogeux,4
p.530,4
mein,4
neo-materialist,4
5/5,4
51.8,4
arroyo,4
category-specific,4
filipinas,4
karam,4
inducer,4
1999:10,4
trade-offs,4
shetlands,4
no.7,4
macaque,4
xiaokang,4
prophase,4
2.18,4
rocking,4
kenyanthropus,4
spangler,4
meditative,4
walstra,4
smartcard,4
backfired,4
altercation,4
absolutes,4
axilla,4
0.79,4
verbrugghe,4
initializing,4
acrylic,4
seperable,4
vervets,4
standings,4
σy,4
wikimedia,4
ⅲ,4
p117,4
beatles,4
redcoats,4
£2.80,4
non-psychopathic,4
forensics,4
zollinger-ellison,4
g-invariant,4
moonlight,4
weave,4
markstrat,4
orgasm,4
astill,4
battled,4
miraculously,4
investopedia,4
sre,4
solicitor-client,4
r+c,4
24.3,4
rejoice,4
exxonmobil,4
faroqhi,4
1981:90,4
papules,4
stirland,4
garish,4
iniquitous,4
forshaw,4
δhvap,4
hendin,4
non-selective,4
non-threatening,4
nationalised,4
unisim,4
submanifold,4
normalize,4
spiegelberg,4
physique,4
rcomp,4
inexhaustible,4
extolling,4
proliferative,4
ullman,4
disobeying,4
venetians,4
p.312,4
angstroms,4
besant,4
α-helices,4
göttingen,4
exterminate,4
p191,4
factoring,4
questionably,4
dishevelled,4
paruni,4
p.277,4
governess,4
brittleness,4
esol,4
£250,4
lawes,4
avocado,4
fortresses,4
singling,4
dieser,4
unicellular,4
hq,4
diese,4
hannover,4
spoons,4
maladministration,4
1970-2002,4
vitellians,4
under-estimated,4
bernal,4
glucosamine,4
2006:836,4
abductor,4
ala,4
inconveniences,4
sub-topic,4
fervently,4
immunosuppressant,4
presse,4
harmonized,4
non-active,4
signficant,4
endangering,4
janna,4
glances,4
inuit,4
splus,4
hyperextension,4
oligopolists,4
skilling,4
craven,4
fabian,4
fermented,4
psychotherapy,4
exons,4
demolishing,4
protectors,4
attridge,4
tweeter,4
ingalls,4
indifferently,4
overprotected,4
bunker,4
dermatological,4
env,4
dal,4
croft,4
postlude,4
devaluing,4
endothrix,4
2002:25,4
anxiously,4
denitrificans,4
sulfide,4
ointment,4
sulfite,4
44°c,4
euan,4
imbroglio,4
strongholds,4
reticent,4
cranfield,4
dobzhansky,4
stier,4
beefeater,4
igg1,4
bartholomew,4
radially,4
add-on,4
spongy,4
heartfelt,4
vehicular,4
0x0f,4
visas,4
intra-group,4
gravely,4
disgraced,4
rediscover,4
worshippers,4
two-cylinder,4
burger,4
plasmodesmata,4
wir,4
pneumocyte,4
visitations,4
mccole,4
overheard,4
burrows,4
scraps,4
mechanicals,4
bechu,4
hypnotised,4
e-customer,4
200v,4
gemmill,4
1870-1913,4
0s,4
pleass,4
busby,4
polynesian,4
eccentricity,4
shahbano,4
half-rate,4
sub-components,4
thrilling,4
chords,4
hr-,4
pathologised,4
maciejewski,4
boot,4
non-scientists,4
hydrocortisone,4
vividness,4
excursion,4
barbarossa,4
cjd,4
coolie,4
16(4,4
jeong,4
model1,4
1eq,4
nao,4
buildup,4
cargoes,4
blinds,4
subroutines,4
pandeyal,4
eyed,4
bambra,4
300k,4
huerta,4
parabola,4
fable,4
nolen-hoeksema,4
counter-intuitive,4
prosocial,4
kidnapping,4
nelsonal,4
d-branes,4
flavell,4
pdps,4
presides,4
cpus,4
factually,4
euclid,4
vuren,4
countni,4
pongo,4
interfaced,4
thmen,4
p.267,4
universalist,4
l.56,4
pie-chart,4
270°c,4
dimensionality,4
uneventful,4
glawp,4
hirsch,4
spills,4
ameliorative,4
558-565,4
richly,4
inter-correlation,4
germanians,4
slavish,4
patched,4
10g,4
consultees,4
holyrood,4
writ,4
faithfulness,4
qt,4
ti-o,4
multi-phase,4
huizinga,4
jacobin,4
aurangzeb,4
fluorescein,4
varicose,4
fright,4
shunted,4
append,4
universalistic,4
cheers,4
1.2a,4
5.3.1,4
ortner,4
curwen,4
songish,4
subgenres,4
purchase-consumption,4
robinson/1987,4
pre-dominantly,4
ensnared,4
dobinson,4
apologies,4
clockware,4
adjoined,4
iii.3,4
relays,4
erotica,4
fibrinous,4
ak-model,4
100-399,4
frieze,4
chatter,4
deductible,4
0nm,4
voigt,4
entitle,4
ambiance,4
pierrot,4
belongings,4
faceless,4
occasioned,4
cryotherapy,4
étaient,4
skirmishes,4
h02,4
excrete,4
hurford,4
heterotopia,4
telomere,4
midgut,4
7-12,4
lobban,4
ks89,4
snacks,4
carrillo,4
wallin,4
redemptive,4
isempty,4
chivo,4
odlactulose,4
plugs,4
lawal,4
manderley,4
lipase,4
yeoman,4
dirk,4
flaccid,4
cherwell,4
2005-2010,4
pre-budget,4
cpr,4
sociality,4
personalisation,4
sys,4
charnley,4
duval,4
chaplain,4
1.0m,4
lynching,4
-1000total,4
messianic,4
arrythmias,4
gen,4
stemi,4
notoriety,4
acylation,4
uncoordinated,4
clasp,4
kindred,4
unsteadiness,4
furnaces,4
obscenity,4
instructors,4
parlance,4
malaena,4
pcl,4
docks,4
dimly,4
insertional,4
kaur,4
hine,4
scrolls,4
kahn,4
reallocation,4
bundoo,4
lukács,4
tortoise,4
dewbre,4
fifths,4
a19,4
dvla,4
immunosorbent,4
ely,4
testimonials,4
ehrenberg,4
naigles,4
armen,4
gabriela,4
sabel,4
vindicate,4
melville,4
hdpe,4
fildes,4
engagements,4
foregoing,4
equalising,4
perseveration,4
c-,4
alberto,4
kindleberger,4
tuscan,4
phagocytes,4
por,4
papillosum,4
nebulisers,4
kheyvis,4
feedta,4
profit-maximising,4
proximally,4
unravelled,4
snowdon,4
chenopodiaceae,4
dissecting,4
grau,4
precariousness,4
cassady,4
bart,4
rehabilitative,4
idps,4
superstitions,4
land-grab,4
conspirators,4
vigne,4
portraits,4
prohibitions,4
midwinter,4
childe,4
marlies,4
silently,4
battus,4
virilis,4
p150,4
kowal,4
cumberland,4
furnishing,4
5.1.1,4
encouragingly,4
wordlists,4
397.9n,4
electrodynamics,4
4.4.2,4
vol.41,4
3.22,4
immanence,4
incomparably,4
unbridled,4
hewlett-packard,4
multi-year,4
cheng,4
conjuring,4
etchant,4
harryhausen,4
karima,4
no-frills,4
pensées,4
plenary,4
consulates,4
nanometre,4
e∙d,4
ralf,4
bombardment,4
xlv,4
unsightly,4
ogd,4
subclass,4
ingham,4
turcan,4
peripeteia,4
glp-1/notch,4
zf2,4
ysptsps,4
interrogatives,4
plenum,4
uncompressed,4
ref.14,4
100ºc,4
cockcroft,4
jb,4
1-12,4
staiger,4
knill,4
oberwarters,4
l/pot,4
gerbera,4
foregone,4
shia,4
wimbledon,4
litigating,4
slopping,4
unsympathetic,4
ref.11,4
0.5kg,4
lou,4
gujarati,4
tilth,4
hodgkin,4
gomme,4
oxyorganyl,4
sub-section,4
mcneill,4
hao,4
slings,4
449-481,4
underperformance,4
revitalise,4
breast-milk,4
creeks,4
unprivileged,4
thiamin,4
tracker,4
undercapitalized,4
s-embu,4
graziadio,4
robe,4
wrestles,4
fy_m,4
p-element,4
sma,4
buf_size,4
abramoff,4
multi-levelled,4
nikolaidou,4
19mm,4
postcards,4
glantz,4
1/n,4
gradation,4
exhaustively,4
qwerty,4
ayioryitika,4
fundamentalists,4
padavatton,4
scanenable,4
lecithins,4
lictors,4
marinetti,4
intermembral,4
winery,4
outlaws,4
kurds,4
pre-crisis,4
airways-,4
me-duphos,4
banyard,4
anti-christ,4
fas,4
paraphasiaproduction,4
negations,4
givens,4
2+2,4
soi,4
codifications,4
0.314,4
125mg,4
naps,4
relinquishing,4
1919-20,4
seniculus,4
cfo,4
interveniens,4
canoe,4
light-dark,4
secretes,4
mauricio,4
e-security,4
gegen,4
pluralized,4
discriminates,4
std_logic,4
eject,4
13mm,4
sa(10,4
logger,4
srrs,4
agglutinated,4
colloids,4
zanardi,4
5.2g,4
1983a,4
sumatra,4
clique,4
pgi,4
genstat,4
hermaphrodite,4
par-4,4
mag,4
ppl,4
avolio,4
majoritarian,4
shaved,4
aj,4
wrestle,4
t]o,4
stoughton,4
conviviality,4
denham,4
10x,4
quasi-market,4
multi-skilling,4
1998:83,4
precipitants,4
samia,4
archived,4
pp.101,4
pp.145,4
omeprazole,4
kelsen,4
pulley,4
ingold/1996,4
aulētride,4
moynihan/1978,4
presidencies,4
sedition,4
sensational,4
unsavoury,4
unaccountable,4
marketeers,4
0.96,4
λ0,4
mse,4
free-flowing,4
infirm,4
re-usable,4
stunt,4
easy-to-use,4
cfu,4
reproach,4
externalists,4
-classpath,4
transudate,4
2.4.3,4
retransmit,4
4.13,4
lifeline,4
4.11,4
thirsty,4
intrahepatic,4
p.248,4
nhcs,4
ayers,4
self-realization,4
resonates,4
martins,4
donkey,4
homologies,4
leas,4
mown,4
p.291,4
recognitional,4
cao,4
picketing,4
artic,4
knowingly,4
foxhunting,4
v-model,4
holotype,4
tuite,4
distally,4
angioplasty,4
reflationary,4
emil,4
rflp,4
backman,4
0.005m,4
reed-solomon,4
ch.1,4
amzd46,4
grabowski,4
1976:42,4
8/7/02,4
boyish,4
dormouse,4
resh,4
haemodynamically,4
reciprocities,4
2-6,4
tack,4
rotavirus,4
hilum,4
transplanting,4
macy,4
glycinate,4
nit,4
rationales,4
self-made,4
intrauterine,4
myeloma,4
byrnes,4
stridor,4
palustris,4
elixir,4
nullified,4
tramadol,4
turbocharged,4
lavender,4
mal,4
pleurocarpous,4
addresser,4
uprooting,4
ni(ncs)2(pph,4
time-,4
burma,4
0.55,4
lana,4
construal,4
netted,4
ethidium,4
refreshments,4
re-establishing,4
unconsciousness,4
sanctified,4
recounted,4
pimlott,4
1570s,4
democratising,4
leuchtenburg,4
jonah,4
0.88,4
unprincipled,4
lil,4
scorns,4
psychoanalysts,4
cunnington,4
re-arrangement,4
schuyler,4
carlill,4
defatted,4
photosensitivity,4
astrophil,4
p197,4
wiv,4
skyline,4
ceilings,4
satanic,4
tamir,4
effortless,4
acquis,4
deakin,4
lg,4
conjunctivitis,4
chamberlin,4
godless,4
grullon,4
mcarthur,4
perianal,4
proffer,4
construing,4
rashly,4
post-fordist,4
clans,4
reevaluated,4
populating,4
sculptural,4
400nm,4
flipping,4
figure1,4
melson,4
beamline,4
singly,4
endpoint,4
grudgingly,4
convening,4
θ2,4
impregnate,4
veer,4
provident,4
dartmoor,4
microsoft®,4
voracious,4
post-bellum,4
favourability,4
frustrates,4
bump,4
vol.32,4
aretalogy,4
gemeinschaft,4
market-related,4
unlearned,4
hemicellulose,4
cambell,4
shrivelled,4
gonzales,4
reflectivity,4
casino,4
weeps,4
particulary,4
kean,4
titanic,4
rifampicin,4
proverbial,4
pricey,4
84.9,4
greenwashed,4
tombstone,4
2001:13,4
em-b,4
rs23,4
grown-up,4
1985),4
gastroenterol,4
825cm,4
ed16,4
1800rpm,4
glycaemic,4
grained,4
limey,4
4(3)(d,4
sikh,4
737-400,4
"£70,000",4
mercurians,4
sank,4
re-assessed,4
lebanon,4
dissipating,4
pal,4
revolutionising,4
skyways,4
power-hungry,4
creolized,4
callisto,4
huron,4
0.1s,4
femoris,4
pricked,4
operationalized,4
ld50,4
renegotiation,4
anu,4
sharlach,4
generalis,4
mel,4
verba,4
sub-headlines,4
prausnitz,4
carpel,4
emulated,4
p.155,4
co-pilot,4
abstruse,4
multisim,4
unscathed,4
roofed,4
corer,4
mesothelioma,4
parasthesiae,4
0.056,4
social-class,4
arendt:1973:459,4
reformulation,4
membrane-associated,4
judson,4
gnaw,4
pacifying,4
diploma,4
swinford,4
macronutrients,4
met-,4
med-1,4
replicator,4
mosse,4
delude,4
iowa,4
aching,4
convertini,4
spurring,4
miempo,4
de-trended,4
p.347,4
fremitus,4
lauryl,4
horak,4
newsweek,4
hassan,4
enthusiast,4
teamed,4
commutes,4
venkatraman,4
hypokalaemia,4
dot-com,4
xyl,4
shuns,4
p.641,4
cáceres,4
appendectomy,4
kittens,4
1999:336,4
collectivists,4
repellents,4
redefines,4
simplexes,4
dendrites,4
walk-in,4
mozart,4
navel,4
mccartney,4
intoxicating,4
complicit,4
duchamp,4
shady,4
c(z,4
hypoventilation,4
lieux,4
kingsbury,4
screenshot,4
wasmeier,4
hydrazine,4
1000-9999,4
nagging,4
lowther,4
regions-,4
oversupply,4
ehrlich,4
piore,4
group-specific,4
ktb,4
non-marketable,4
unfulfilling,4
ferris,4
reintroducing,4
feats,4
a=,4
yearns,4
dislodged,4
insurrections,4
aseptically,4
nighttime,4
leroy,4
vasey,4
2.1.5,4
monbazillac,4
short-termism,4
interactionist,4
charted,4
operationally,4
cecchini,4
1980`s,4
buonomo,4
whigham,4
quadrupled,4
sedley,4
squeal,4
hone,4
tymoczko,4
admiring,4
contemplativa,4
thorpe,4
unthreatening,4
compulsively,4
3000cm-1,4
pretreatments,4
freitas,4
numb,4
bonobos,4
,4
vibrancy,4
rai,4
lunatics,4
aldermen,4
maxtla,4
anglo,4
deoxyribonucleic,4
uv/vis,4
£6,4
lactiferous,4
conformists,4
parent-child,4
chardonnay,4
incurable,4
xerox,4
amiloride,4
rosf,4
moralising,4
thining,4
revoke,4
p.251,4
peats,4
kahkonen,4
hypoxic,4
0.3ml,4
seep,4
coupons,4
macroalgae,4
crumlin-pedersen,4
buttress,4
raaflaub,4
oseberg,4
novices,4
decipherable,4
i/,4
campaigned,4
raff,4
chevalier,4
giri,4
performance-related,4
1+r)b,4
exclusiveness,4
1992:108,4
morcombe,4
prayed,4
kupfer,4
maharashtra,4
demean,4
en-suite,4
market-segment,4
multifunctional,4
leer,4
laurent,4
conspicuously,4
unsuited,4
southwark,4
towill,4
suffocation,4
detours,4
-we,4
solstice,4
contemporaneity,4
kaolin,4
cagr,4
inculcating,4
quasi,4
tuber,4
malfunctions,4
chiarella,4
abided,4
impute,4
accesses,4
2001:142,4
bronchiole,4
slayer,4
15(4,4
user-defined,4
arrowheads,4
mclaren,4
javascript,4
pippeting,4
1/1000,4
tenuously,4
samsara,4
paltridge,4
parry,4
hindus,4
suess,4
unalienable,4
dθ/dt)1,4
dynes,4
seeker,4
dancer,4
miseries,4
kogan,4
fussing,4
insectivore,4
z=2.0m,4
giorgio,4
acuity,4
whiskers,4
scriptural,4
fordism,4
ds/m,4
mentalités,4
isothiocyanate,4
cognizant,4
mh2o,4
syn-,4
xxiv,4
burk,4
instants,4
p229,4
novum,4
m.1993:5-8,4
531-544,4
weighbridge,4
*via_orb,4
thirty-four,4
insincere,4
transferase,4
1530s,4
oatley,4
kinases,4
crashes,4
disfigured,4
oscillators,4
emmerson,4
celite,4
dionysian,4
wrinkled,4
ah109-lamin,4
oxygenation,4
pneumonic,4
enfranchisement,4
re-reading,4
planimeter,4
maligned,4
nonconformities,4
e7,4
slacker,4
signal(c,4
lasing,4
prints,4
post-industrial,4
gfrf,4
processorder,4
de-motivation,4
yset,4
darkening,4
symbolizes,4
cgi,4
24-bit,4
six-party,4
elastically,4
2000b,4
prefabricated,4
countryman,4
flemming,4
9.9,4
hypersurface,4
lagrangian,4
simply-connected,4
periodontal,4
benvenisti,4
premodify,4
wipers,4
headdresses,4
evasive,4
theorized,4
21.5,4
repertoires,4
trans-historical,4
lycan,4
aten,4
0.3mm,4
escobar,4
pete,4
subterfuge,4
p227,4
homonyms,4
gimson,4
lev,4
breebaart,4
respiring,4
lorenz,4
wilfully,4
zambia,4
guido,4
muac,4
pleurisy,4
artis,4
19-21,4
skinned,4
c-spine,4
1990:350,4
douglass,4
p.284,4
cockpit,4
bemoans,4
favoring,4
shopkeepers,4
debuse,4
pristine,4
8am,4
alderman,4
frey,4
n=3,4
propane,4
£8,4
vallee,4
breusch-godfrey,4
backtracking,4
jewell,4
cushings,4
sacs,4
inconsistently,4
post-angiogram,4
s99,4
sunburn,4
eduardo,4
re-worked,4
nadp,4
80.2ºc,4
disinfection,4
tuboovarian,4
fredriksson,4
rebuttable,4
1.44,4
bw,4
coherency,4
auditorium,4
untruth,4
descamisados,4
bowmont,4
bonnet,4
arminianism,4
polk,4
chi-squared,4
elsevier,4
subplot,4
prospering,4
successfulness,4
pelican,4
sidonia,4
deliberating,4
intermarriage,4
wolpert,4
basadre,4
canners,4
tito,4
muscadet,4
dabney,4
slapped,4
unchlorinated,4
sociation,4
mutable,4
formalistic,4
rephrasing,4
eumenes,4
destructiveness,4
remodeling,4
frighten,4
fall-off,4
tomic,4
indigestible,4
1998:69-88,4
vocalizations,4
59(1,4
antihistamine,4
recompense,4
pipettes,4
goeldi,4
regimens,4
biosphere,4
dreaded,4
piske,4
henryton,4
narrates,4
octyl,4
synovium,4
refillable,4
unmanageable,4
ηi,4
expeditiously,4
addressee(s,4
albans,4
rebate,4
mists,4
interestedparticipating,4
quietness,4
buckets,4
lpg,4
operas,4
canteen,4
supra-segmental,4
p46,4
50:1,4
2005:1,4
shelf-life,4
cooker,4
medicaments,4
annandale,4
colonialist,4
tangency,4
callois,4
p121,4
circulations,4
nullipotent,4
thrusts,4
uwb107,4
rahnema,4
uwb103,4
poetically,4
dinners,4
hemiscyllium,4
totipotent,4
murcott,4
potted,4
edison,4
fascinate,4
10.39,4
tobain,4
matha7,4
1981:4,4
fairtrade,4
aye-aye,4
focusses,4
vicinal,4
rieu,4
f0,4
cloward,4
pouches,4
apostle,4
mmc,4
sprouted,4
jug,4
tonsillectomy,4
bhojpuri,4
65mm,4
sahlins,4
nay,4
ubiquitin,4
mononuclear,4
elp,4
carayannopoulos,4
fosu,4
1960-2000,4
ak,4
alchemy,4
inspite,4
stratify,4
simons,4
holm,4
percival,4
casey,4
tent,4
griffth,4
peacefulness,4
kassam,4
attia,4
gyration,4
extrinsically,4
rpa,4
payables,4
cleaner-fish,4
post-september,4
perdue,4
comas,4
silicate,4
epinephrine,4
interpenetrating,4
cochlear,4
spatialization,4
fetus,4
duck-rabbit,4
growls,4
edvard,4
newsagents,4
hauke,4
hasdrubal,4
waging,4
unsold,4
13-14,4
p.270,4
commends,4
apron,4
unmodified,4
client-server,4
1kω,4
slithy,4
modeller,4
graubenhauser,4
gatt-rutter,4
1.18,4
tabulate,4
therewith,4
torino,4
ascanius,4
machinations,4
danube,4
actissima,4
henwood,4
romanisation,4
ghg,4
pessimists,4
hyperthyroidism,4
peristalsis,4
bl-521,4
feasts,4
well-publicised,4
elster,4
hyperventilation,4
lorraine,4
fore-gut,4
0db,4
delegitimation,4
hartog,4
cronies,4
subirrigation,4
thurston,4
mitigates,4
worthiness,4
barraclough,4
valproate,4
tonsurans,4
replicators,4
checkduplicates2,4
pten,4
literalistic,4
controllability,4
pawns,4
1-100,4
weintraub,4
clickthrough,4
serrata,4
refitted,4
popescu,4
amer,4
bem,4
equalling,4
consumables,4
civilise,4
sectarian,4
whitening,4
highchairs,4
reciprocating,4
revaluation,4
$3,4
45.9,4
oxytocin,4
gurness,4
turbo,4
nutritionists,4
hearty,4
footpath,4
alchian,4
1.23,4
politicization,4
"27,000",4
feminized,4
destabilise,4
slippers,4
cautionary,4
~3030-3080cm,4
liberalising,4
p198,4
laule,4
dionyssis,4
p.260,4
southeastern,4
β-globin,4
kellner,4
kenichi,4
saguntum,4
estrada,4
gullible,4
z=0.2m,4
ineffable,4
su(2,4
backfire,4
ecolodges,4
re-conceptualizing,4
gong,4
t-prob,4
apostasy,4
underscores,4
sq-m,4
electron-electron,4
cold-war,4
tedium,4
kf,4
gallucci,4
politique,4
demaris,4
pao,4
rodríguez-garavito,4
carefree,4
matter-of-fact,4
mandating,4
nameplate,4
hempel,4
pitching,4
nirex,4
right-angled,4
ips,4
hydrological,4
so-and-so,4
overstate,4
cruz,4
bhatia,4
openmp,4
sterically,4
epitomise,4
turnkey,4
=1,4
beaked,4
cross-training,4
embracement,4
rutland,4
hostfile,4
2004)-,4
self-organised,4
boer,4
ωm,4
ticketing,4
0.1mm,4
blimey,4
stanworth,4
studs,4
petronas,4
awakens,4
ferraro,4
"86,000",4
baguette,4
hereditarily,4
blurb,4
subtype,4
kevles,4
non-entitled,4
0.079,4
authorises,4
changeless,4
machineinformation,4
weiler,4
unadjusted,4
datagrams,4
claeson,4
colossus,4
bathhouse,4
people-,4
digitized,4
bobos,4
0.57,4
vodka,4
inputprodid,4
theater,4
allot,4
admires,4
pp.12,4
feidelson,4
financiers,4
2π,4
laminations,4
lanna,4
2.35,4
sperm-derived,4
unrelenting,4
pop-ups,4
coote,4
guerard,4
lairson,4
laboring,4
carla,4
counteracts,4
hiv-2,4
bast,4
carriages,4
a),4
$2.4,4
hasty,4
denman,4
dikinase,4
proclamations,4
simberloff,4
stubbornly,4
petunidin,4
nonlinearity,4
jesuit,4
recharge,4
mantaro,4
rodent-borne,4
copper(ii,4
red-brown,4
p.333,4
coxe,4
12:00,4
inter-binding,4
re-hydrate,4
heifer,4
choir,4
articulators,4
tautomerism,4
multi-million,4
tamarins,4
feuds,4
4.75,4
tweezers,4
vetches,4
p/2e-,4
testimonios,4
surdo,4
cassio,4
eskimos,4
monotheistic,4
internationalized,4
squalid,4
rook,4
1h-nmr,4
umn,4
en1,4
rhode,4
savile,4
1700-1850,4
behn,4
neatness,4
kotsakis,4
herrn,4
cushner,4
bro,4
underestimations,4
leong,4
neurodegenerative,4
extended-stay,4
concatenation,4
retraining,4
blastocyst,4
scratched,4
cams,4
yadav,4
mensch,4
instigator,4
aus,4
emmer,4
cargate,4
co-operatives,4
transience,4
putschar,4
whisper,4
discordant,4
rationalistic,4
bio-con,4
virology,4
pounding,4
whence,4
ihn,4
ventrally,4
demerits,4
sheltering,4
dispels,4
highimpact,4
deipnosophists,4
unsociable,4
tarts,4
1975:89,4
137cs,4
subterranean,4
counter-arguments,4
byre,4
"£75,000",4
bramble,4
above-ground,4
philo,4
workflow,4
radicalised,4
self-administered,4
venanzi,4
epistle,4
diborate,4
hatton,4
main(void,4
dissimilarly,4
innovating,4
uncooperative,4
medtech,4
motorized,4
embi,4
pennies,4
goedgedacht,4
catchy,4
counter-ontology,4
likelier,4
oestrogenic,4
25µl,4
50ms,4
double-membrane,4
cinnamon,4
cecil,4
insanely,4
infuriated,4
ifn-γ,4
conceit,4
wavenumbers,4
modigliani,4
outstrip,4
revitalize,4
pre-intermediate,4
y-component,4
2002/03,4
telerobot,4
raj,4
haspels,4
non-linearly,4
ascension,4
poblano,4
mania,4
crispy,4
sprague,4
ives,4
musicals,4
stallworth,4
omnivores,4
personifying,4
1.2b,4
martinique,4
kinsman,4
fouts,4
conceptualizations,4
vacuuming,4
platyops,4
brained,4
loser,4
peep,4
maneuver,4
summon,4
formalists,4
pulsing,4
sub-state,4
waitress,4
pollutes,4
p243,4
willetts,4
necklace,4
14.0,4
tuna,4
lougheed,4
uhlr,4
tentoxin,4
year-end,4
unilever,4
jeff,4
£14,4
peership,4
"£19,000",4
cardwell,4
pp.99-100,4
scourfield,4
7.19,4
0.11,4
"£250,000",4
feebleminded,4
insures,4
sucks,4
worsley,4
better-off,4
gmo,4
spiers,4
left-to-right,4
accrues,4
thence,4
2oh,4
loaves,4
p/o,4
grantal,4
saich,4
firestone,4
maltby,4
nvh,4
hersh,4
selfplex,4
poking,4
hypocalcaemia,4
stickers,4
helper-functions,4
infraspinatus,4
kcals,4
rehearse,4
nicole,4
miyazaki,4
4.1.4,4
kinematics,4
disposes,4
millenarianism,4
unreachable,4
touristic,4
searchers,4
westerberg,4
non-relativistic,4
tú,4
disintegrates,4
myelinated,4
pastries,4
mvr,4
nonlocal,4
sub-atomic,4
nisp,4
heymann,4
blazer,4
rtgs,4
ramis,4
k-automorphism,4
napco,4
repulsions,4
garling,4
nonviolence,4
inflating,4
recollections,4
slow-moving,4
6*,4
neutralino,4
expectations-,4
siding,4
n-terminal,4
meath,4
amber,4
1-s,4
maffesoli,4
felons,4
-where,4
chopping,4
kuan,4
lehmkuhl,4
militarization,4
ur,4
hun901,4
interred,4
77(2,4
295k,4
1630s,4
sitcom,4
burgundy,4
scarborough,4
frees,4
crunch,4
scaring,4
striatum,4
este,4
1999:43,4
unmoved,4
2000:288,4
cryogen,4
doping,4
analytes,4
backchanneling,4
homecoming,4
downgrading,4
0.92,4
torrence,4
eu15,4
envied,4
armenia,4
delimited,4
1997:30,4
bolstering,4
goeldner,4
bergman,4
diglossia,4
biomaterials,4
surmount,4
gratifying,4
"5,6",4
punctual,4
kleos,4
2000:301,4
idolised,4
memorise,4
cataract,4
sino-soviet,4
repletion,4
60-70,4
clarithromycin,4
9-10,4
armand,4
collaterals,4
dilutes,4
dues,4
magee,4
contendings,4
fap,4
desirous,4
normochromic,4
bottled,4
schmidgall,4
p/,4
1995:59,4
vasopressin,4
nude,4
vlbw,4
bolder,4
desiccator,4
inquiring,4
sheraton,3
cov,3
verlag,3
leckie,3
obstetrician,3
a(s,3
phrenological,3
incase,3
dextral,3
penguins,3
izard,3
valueless,3
phagosome-lysosome,3
un/unmik,3
inexplicably,3
s98,3
laughable,3
combinational,3
hemicolectomy,3
mesophilic,3
10million,3
left-,3
robber,3
"1,1.7",3
·psi-blast,3
mcclellan,3
wanton,3
catecholamines,3
earthed,3
concisen,3
conover,3
gaylord,3
guiana,3
stomaching,3
0.5μm,3
2.1(a,3
a16,3
1.0eq,3
oestrogens,3
",pp",3
dio4,3
divus,3
prna,3
aerotolerant,3
n-(n-propyl)-2-pyridylmethanimine,3
sugar-barbiturate,3
sculptured,3
dibbal,3
cash-flow,3
headlong,3
blue(ish,3
a+b,3
cyclopolysiloxanes,3
anti-positivist,3
focus-group,3
right-most,3
aftertaste,3
well-worn,3
acetylacetone,3
pre-plague,3
meiggs,3
metabolite,3
diagonals,3
argyris,3
off*/,3
jamais,3
wat,3
sheepdorve,3
predates,3
hiv-positive,3
dqpsk,3
immunology,3
unconquerable,3
2001:156,3
print-outs,3
econometrics,3
∗,3
unpredicted,3
phytotoxic,3
bets,3
weinheim,3
1984b,3
messana,3
pelias,3
hijacked,3
dandy,3
desubliminiation,3
other-,3
sept/oct,3
enmesh,3
2003:28,3
teutonic,3
polymer/ceramic,3
acrylonitrile,3
affiliating,3
carpeting,3
sadeh,3
pulpit,3
hamadryas,3
fission-fusion,3
marwick,3
einbinder,3
macromonomers,3
waxy,3
azo,3
cause-and-effect,3
matrilineal,3
regimen,3
parted,3
40-60º,3
2924cm,3
hourmouziadis,3
fail-safe,3
vesto,3
agrammatic,3
replicability,3
o-f,3
reckoning,3
15(1,3
vow,3
wittenberg,3
twenty-eight,3
magnetised,3
essais,3
■,3
context-free,3
quash,3
self-representation,3
cleanly,3
gurgaon,3
scarcer,3
ying,3
sino-british,3
costal,3
abramovitz,3
handicraft,3
trample,3
re-designing,3
"4,5",3
p120,3
*via_ifr,3
choice-,3
rifts,3
busier,3
taskbars,3
p0.1,3
highly-qualified,3
1998:380,3
employer/employee,3
hf/6-31g,3
parent-country,3
flung,3
mise-en-place,3
medicalized,3
init,3
constrictions,3
stinging,3
incriminating,3
zeroth,3
communication-,3
adaption,3
inauthentic,3
130ºc,3
monooleate,3
incised,3
stringer/1997,3
riney,3
kranzler,3
jochen,3
undisputed,3
clementia,3
extrude,3
felperin,3
jewelry,3
janson/1986,3
pastry/bakery,3
unsworth,3
hvs,3
extensional,3
comitology,3
gaisford,3
loach,3
superpolite,3
pony,3
sabean,3
eurostar,3
ilex,3
counterweight,3
indispensability,3
whitelock,3
prescriptivists,3
doubtlessly,3
medicalization,3
francaise,3
0.47,3
heinonen,3
queued,3
out-of-town,3
expropriate,3
antiproliferative,3
stg,3
contributive,3
ratione,3
ounce,3
matriarchal,3
a.5,3
barings,3
2007:21,3
smtp,3
ramachandran,3
symbolize,3
log-scaling,3
resmo,3
mcminn,3
semi-definite,3
silhouette,3
3.08,3
apocalypsis,3
washable,3
g-proteins,3
oronsay,3
ʊ,3
mesial,3
transcranial,3
dysphemism,3
compilations,3
"23,000",3
$4,3
10/10,3
nationalise,3
non-standardised,3
foretells,3
playboy,3
mauled,3
philemon,3
airport/hotel,3
kyrios,3
macedonia,3
krogman,3
treves,3
moonshee,3
p.483,3
enjambement,3
clarence,3
acoustically,3
geodemographic,3
styling,3
berkeleyan,3
family/caregiver,3
slimming,3
air-flow,3
azides,3
thermosciencs,3
non-criminal,3
liese,3
schlichting,3
justness,3
alles,3
epithymetic,3
academicians,3
cornmarket,3
squandered,3
gowns,3
relaxes,3
lexical-semantic,3
kosson,3
close-ended,3
camhs,3
renegotiate,3
pigeons,3
raiser,3
tisch,3
fanatic,3
eijffinger,3
pondering,3
weaves,3
workloads,3
8/03/05,3
chmod,3
apolipoprotein,3
dbmagnitude,3
franchisees,3
"65,000",3
2000:27,3
receivership,3
freestanding,3
organometallic,3
hind-gut,3
extended-release,3
gallon,3
1900s,3
ace2,3
mono,3
eli,3
transmural,3
alight,3
juror,3
un-associated,3
reductants,3
introduction/background,3
imitators,3
porin,3
spreaders,3
v-configuration,3
shot-reverse-shot,3
comolli,3
mid-1960s,3
mannequin,3
noel,3
cdna,3
ulcerations,3
folkloric,3
multi-class,3
emmanuel,3
broad-spectrum,3
antipsychotics,3
sniffing,3
0-1,3
isss,3
44.6,3
sensorineural,3
auditorily,3
1.5g,3
polo,3
electrostatically,3
dartmouth,3
canons,3
bagshaw,3
4db,3
ungulates,3
dermatol,3
subcarriers,3
pad-bits,3
rod-like,3
y8,3
rescuers,3
brelade,3
kinesthetic,3
clouding,3
50/50,3
celled,3
vindicated,3
undefinability,3
fully-fledged,3
8(a,3
mesophases,3
koilonychia,3
apprehend,3
prophylactically,3
copes,3
huber,3
polarizers,3
3.5.2,3
1.0v,3
hesitations,3
conger,3
1998:5,3
amec,3
multitasking,3
fetters,3
andragogy,3
co-polymers,3
hygienists,3
~0.1,3
way-,3
2-napthol,3
listeriosis,3
testamentary,3
immigrate,3
huguenots,3
n=pq,3
whithen,3
intra-communal,3
yam,3
husson,3
pollex,3
indoctrinate,3
perversely,3
2000:10,3
marginalizing,3
unemployable,3
uraa,3
judeo-christian,3
tasty,3
toxicology,3
scaleable,3
quilt,3
quarantining,3
recesses,3
spin-out,3
39-40,3
meta-ethical,3
stereoselectivity,3
cross-link,3
enterobacter,3
fluorometric,3
β-lactams,3
hails,3
bray,3
p52,3
p586,3
4(1)(b,3
scurvy,3
wainwright,3
sagittal,3
pups,3
ipi,3
flotation,3
slumping,3
phalanges,3
dekeyser,3
species-typical,3
nakisa,3
synchronized,3
sex-biased,3
fishes,3
fathered,3
lower-level,3
22-23,3
paimpont,3
severing,3
mathur,3
crabs,3
modmeca,3
feedstuff,3
close-ups,3
blyth,3
coups,3
midhowe,3
noyau,3
putrid,3
"28,000",3
pulsed,3
remnant,3
capsaicin,3
amwai,3
v-,3
anti-authority,3
cretaceous,3
overhanging,3
deskwork,3
supply-chain,3
property-owning,3
irreparable,3
instillation,3
bock,3
encrusted,3
indignant,3
ftaa,3
electorally,3
bunyavirus,3
sheeting,3
saddled,3
hitwise,3
1932-1940,3
bispyrophosphate,3
short-range,3
interpreter,3
expiring,3
toils,3
slocum,3
thoreau,3
trnas,3
"9,10",3
melchior,3
propensities,3
dowson,3
revolutionist,3
stonewall,3
curtin,3
fowles,3
blue-collar,3
pinus,3
polygamous,3
fives,3
underlay,3
moerke,3
jugular,3
unfeasibility,3
yarns,3
duchenne,3
manoeuvres,3
curls,3
500nm,3
self-interests,3
brumaire,3
mendelbaum,3
profiting,3
state-sierra,3
recouped,3
bartleby,3
oliverio,3
humbleness,3
srpc2,3
dillenberger,3
37˚,3
unnerving,3
alister,3
briefest,3
post-infarction,3
μ/ρ,3
keeble,3
censor,3
footer,3
bylaws,3
lbj,3
marsolek,3
kl14,3
consults,3
thetis,3
fopdt,3
serine-195,3
horowitz,3
kansas,3
thapar-bjorkert,3
acas,3
fscs,3
cukierman,3
speakership,3
mentalities,3
internal/external,3
mcguffin,3
19.4,3
bunds,3
chaika,3
dichotic,3
vindija,3
maracek,3
dissociative,3
feature-extraction,3
walkie-talkie,3
lazuli,3
perishing,3
commensalism,3
gorgeous,3
winnersh,3
2000-2001,3
sillar,3
mousterian,3
turgo,3
dendrite,3
p.422,3
agnostics,3
lb-ft,3
monetisation,3
mutex_enter,3
dancexchange,3
subaru,3
year2003,3
ollie,3
drums,3
fda,3
wug,3
gleaming,3
slander,3
despairs,3
post-vocalic,3
inculcate,3
3.12,3
gales,3
p153,3
p159,3
a-b,3
over-emphasise,3
5.66,3
$54m,3
6.217,3
perfectibility,3
tarry,3
gráinne,3
colombian,3
witch-hunt,3
self-refutation,3
krapina,3
occident,3
lucullus,3
strategoi,3
8-cell,3
itineraries,3
sarà,3
paola,3
pandered,3
recognitions,3
ebrary,3
unbearably,3
unarguably,3
1993-1994,3
iole,3
bouissac,3
militarist,3
theodorus,3
thermistors,3
progressives,3
macwinney,3
syncytial,3
norsk,3
2002:24,3
usurper,3
windt,3
commodity-type,3
nehmen,3
irishmen,3
fob,3
non-believer,3
ema,3
britains,3
childishness,3
xxix,3
zigmond,3
h≈-ρ(cp/ra)(t2-t1,3
a=area,3
mpk,3
neighbor,3
cross-check,3
avers,3
littler,3
xenon,3
allinger,3
rind,3
coulls,3
arvd,3
cardioverter,3
cheeky,3
mies,3
philosophizing,3
merited,3
unreasoned,3
famotidine,3
upside-down,3
wwr.66,3
1mmoldm,3
test´,3
gemma,3
doer,3
imidato,3
farrar,3
forward-thinking,3
imputation,3
vitrification,3
blue-green,3
galvanic,3
deadtime,3
pledging,3
concordant,3
suicides,3
ksth,3
alladice,3
circumcised,3
air-tight,3
hoxne,3
kon,3
strobel,3
fig3,3
pernick,3
each-other,3
hyksos,3
cierran,3
p.302,3
disutility,3
and(,3
gethsemane,3
sextus,3
micellization,3
smuts,3
testability,3
medica,3
undulations,3
thermocouples,3
non-victim,3
disembodied,3
perlocutionary,3
adverbials,3
competitiors,3
assassin,3
em+b,3
pseudo-random,3
ηxy,3
calvinistic,3
edith,3
891-897,3
abhorrence,3
dialogical,3
20km,3
helper-function,3
solidarities,3
over-exaggerated,3
lynn-jones,3
unstuck,3
einheit,3
bobbio,3
dada,3
garment,3
sauer,3
louvers,3
panopticon,3
1946-,3
fliers,3
1959-,3
uncompassionate,3
4-manifold,3
episcope,3
databank,3
1-forms,3
pantel,3
zaidman,3
pergamene,3
sedimentology,3
nea,3
mono-,3
somites,3
book-buyers,3
galerna,3
intrasexual,3
brainboxes,3
2.03,3
vying,3
pillaging,3
jobless,3
tcs-regulated,3
÷,3
-0.50,3
intemperance,3
gymnasium,3
wetware,3
eyewitnesses,3
superfamily,3
ingman,3
war.2.48.3,3
2004]1,3
pg.8,3
favors,3
incumbency,3
brosnan,3
sec/div,3
iss80,3
"£8,580",3
£14.70,3
walrus,3
praiseworthy,3
smartcards,3
q5,3
dmapss,3
3-year,3
synods,3
agro-export,3
baraka,3
sherif,3
1995:48,3
percieve,3
wittig,3
nah,3
reposition,3
ribbons,3
pdo,3
detain,3
1989:71,3
multiplexer,3
lire,3
hospices,3
quizzes,3
sub-site,3
3db,3
antiquarian,3
storytellers,3
harpies,3
sdlp,3
damatria,3
refurbishment,3
0.02ml,3
6-,3
sub-lists,3
vans,3
466.36,3
scissors,3
5.9.2,3
hatchability,3
staph,3
tanned,3
20.0,3
photospectrometer,3
p450,3
oerton,3
hanh,3
cyrino,3
re-enforces,3
ewins,3
areopagus,3
benham,3
prandlt,3
sq[,3
apprehends,3
repositories,3
1995b,3
slovak,3
dormer,3
pfeffer,3
thales,3
janis,3
eighteenth-,3
centering,3
deutschen,3
racialised,3
lat,3
neve,3
talkative,3
operatives,3
elation,3
pre-occupation,3
elkins,3
loathed,3
contextualism,3
iwam,3
movables,3
curtailing,3
chilli,3
allshire,3
out-of-date,3
un-graded,3
hp1,3
dminformatics,3
nucleosomal,3
floodgates,3
igniting,3
shadowy,3
blood-thirsty,3
gastronomies,3
harries,3
oliva,3
1780-1825,3
railing,3
lhs,3
2-dimensional,3
ctcs,3
dorrit,3
back-to-front,3
feistel,3
perceptually,3
re-development,3
bensaïd,3
precarity,3
codata,3
değirmentepe,3
monatomic,3
6.19,3
5.35,3
unwinding,3
parietals,3
eburnation,3
p.413,3
antinode,3
anatomic,3
cortices,3
blunkett,3
p180,3
temozolomide,3
2-year,3
isomorphisms,3
nbm,3
thane,3
half-integer,3
rectifies,3
sophist,3
hēdu,3
bane,3
£1.50,3
mlc-4,3
crabtree,3
·,3
simvastatin,3
a(x,3
paco,3
palliation,3
tetraborate,3
inter-symbol,3
pay-offs,3
getheight(this,3
complacently,3
glahn,3
lilies,3
salamon,3
e-line,3
seipp,3
foreclose,3
1990:27,3
tulkinghorn,3
viridans,3
watercress,3
lofland,3
hmbc,3
leucocytosis,3
odparacetamol,3
gustave,3
mallett,3
v.2,3
a-scan,3
pre-eclampsia,3
fermi-dirac,3
opacities,3
pueblo,3
stretchs,3
ipso,3
stotting,3
hyperlink,3
p259,3
re-uptake,3
postulating,3
decisionist,3
pollyvocality,3
135-136,3
oligonucleotide,3
dntp,3
verificationists,3
stainton,3
universität,3
condone,3
pp808-816,3
automisation,3
:1008,3
suspecting,3
no-smoking,3
uysal,3
3-9,3
"35,000",3
inquisitorial,3
thermometry,3
immensity,3
dandruff-like,3
amity,3
formicidae,3
reinfarction,3
effluents,3
minuets,3
plantings,3
conjoined,3
senescence,3
tirelessly,3
laudable,3
life-critical,3
wealeal,3
0.83,3
antiplatelet,3
s5,3
steals,3
2001:31,3
penalising,3
territorially,3
flogging,3
perfumes,3
bustle,3
maladjusted,3
etxeberria,3
lighted,3
inter-agency,3
kosovan,3
bicelle,3
amazin,3
non-realistic,3
metal-ion,3
polymyalgia,3
kinsmen,3
semino,3
lundberg,3
cse,3
cabot,3
kicking,3
reins,3
northwestern,3
zamindars,3
shiver,3
auger,3
16(1,3
nullifying,3
bendix,3
reinvigorated,3
originother,3
~(because,3
120-121,3
non-past,3
cobwebs,3
stud,3
"£9,000",3
re-enactment,3
osmunda,3
psyches,3
adi,3
underrated,3
kemper,3
unburied,3
overgrown,3
torch,3
hartmann,3
high-tariff,3
p124,3
re-tooling,3
seaborne,3
ncs,3
bromate,3
trickery,3
parasitoids,3
acclimatized,3
taunts,3
crowley,3
uncommitted,3
alcibiades,3
nft,3
backyard,3
8g,3
in1984,3
guttering,3
imperceptible,3
caciques,3
davidsen-nielsen,3
grant-downton,3
opulent,3
macehead,3
merlin,3
homophonic,3
ever-increasingly,3
noblemen,3
untold,3
herè,3
crazed,3
flourishes,3
deceptively,3
fuji,3
slashing,3
foreign-owned,3
.3,3
lustig,3
iai,3
professing,3
cpc,3
centre-right,3
jamming,3
uninformed,3
stoning,3
hutten,3
fitzpatrick,3
pre-history,3
phagolysosome,3
fallout,3
223-224,3
cellophane,3
breakaway,3
pastiche,3
goodhart,3
snapping,3
tartaric,3
7.12,3
tves,3
spartan-3,3
treitel,3
2005:38,3
peuple,3
coerces,3
proverb,3
enraged,3
sojourn,3
biantennary,3
prieur,3
arrestin,3
jean-louis,3
adjournment,3
antique,3
beckmann,3
hocking,3
krist,3
sexing,3
argyll,3
moise-titus,3
discouragement,3
750v,3
nägele,3
gastrulation,3
solenoids,3
extralegal,3
ystwyth,3
tricarboxylic,3
dihydroxyacetone,3
-q,3
carnivals,3
pantomime,3
pressurized,3
barris,3
gender-an,3
anti-smoking,3
monotopy,3
basely,3
radiographic,3
gesamtkunstwerk,3
medullary,3
coburg,3
bandages,3
sayce,3
exactness,3
self-destructive,3
siculus,3
ratifications,3
embolectomy,3
1.84,3
uncorrupted,3
neuroscientists,3
acclimatisation,3
trevarthen,3
decentring,3
3-star,3
squatters,3
"24,000",3
osland,3
fissure,3
0.01mm,3
freak,3
3co,3
myxoma,3
villous,3
renwick,3
mired,3
dsize,3
frankish,3
firearms,3
macartney,3
unintelligent,3
35.2,3
0x0b0,3
suchey,3
19.2,3
repelling,3
hnpcc,3
microbeam,3
greenbaum,3
r5,3
linchpin,3
paragon,3
repose,3
h-block,3
unsubstantial,3
sub-standard,3
bureaucracies,3
formol,3
inoculate,3
1997-99,3
productionism,3
rodwell,3
upendra,3
0000utc,3
over-hunting,3
"38,000",3
unphysical,3
6.17,3
0.045,3
tamime,3
markt,3
pre-publication,3
teapot,3
640cc,3
animatetransform,3
spruce,3
cadwalader,3
tetroxide,3
3n,3
gastropoda,3
forrester,3
1:3,3
coplanar,3
beowulf6,3
multiprocessors,3
rieley,3
mpi_gather,3
taurus,3
rowntree,3
neoliberalism-dominated,3
styloid,3
collates,3
devendra,3
québec,3
boerzel,3
pp.195-6,3
espousal,3
£2.4m,3
walster,3
over-emphasised,3
multiparty,3
sooz,3
biogeographical,3
ill-defined,3
aegina,3
connexion,3
interoperable,3
payer,3
job-,3
post-collapse,3
moderne,3
poliorketes,3
"16,569",3
snowflakes,3
danes,3
being-for-another,3
eics,3
127-128,3
silesia,3
yiouni,3
slavishly,3
theocharis,3
quantum-mechanical,3
nought,3
khanam,3
rodden,3
picturing,3
clocking,3
potentiation,3
completas,3
pólvora,3
divisor,3
layman,3
countni2,3
whateverists,3
2o·(100-x)b,3
lsb,3
1995:129,3
mediaeval,3
pent,3
cop,3
m88,3
transversal,3
pin-point,3
alashiya,3
sonars,3
nepotism,3
handley,3
preferentum,3
whispering,3
masculinising,3
eulemur,3
glutinosa,3
cycloaddition,3
lawe,3
generously,3
oligopolies,3
hangovers,3
charonda,3
beals,3
gangrene,3
saturate,3
rocker,3
psychologies,3
d-type,3
gummer,3
uploaded,3
=sum,3
camshaft,3
price-rent,3
infanta,3
psc,3
£1.2,3
4)/,3
10p,3
checkouts,3
feigenbaum,3
5.154,3
louisiana,3
bratton,3
felv,3
disapproving,3
alumina,3
wenona,3
hundredth,3
avatars,3
rita,3
over-layering,3
handshake,3
luxuiry-car,3
postnatally,3
complementariry,3
unprepared,3
voltage/current,3
r-square,3
25.0,3
chaucer,3
36.1,3
grander,3
persuasions,3
non-overlapping,3
clockselect,3
re-run,3
380v,3
eurymedon,3
codes-,3
pisa,3
prozent,3
stereoscopic,3
1894-1901,3
worral,3
frescos,3
unmeasured,3
butt,3
bilayers,3
barca,3
neutered,3
ebi,3
reasserting,3
22.6,3
polariser,3
leeway,3
anti-inflationary,3
exceptionalism,3
jominy,3
kockelmans,3
embrittlement,3
haematocrit,3
mitscherling,3
bangladeshi,3
adsc,3
inebriation,3
emulating,3
nehamas,3
osmosis,3
cadotte,3
carryout,3
anti-german,3
p0.2,3
hooliganism,3
role-playing,3
consummate,3
:62,3
k$,3
idiographic,3
discontinue,3
queensland,3
kaimowitz,3
aforethought,3
rod/beam,3
2003:11,3
ectoparasites,3
kempe,3
timmins,3
farrand,3
vms,3
caputs,3
pp494-509,3
bernhardt,3
husbandly,3
émigrés,3
vmax,3
oogenesis,3
w]e,3
belie,3
adapter,3
1541-1871,3
garber/1996,3
tapestries,3
gig,3
despises,3
encephalization,3
vierstraete,3
grogan,3
fiancé,3
deafening,3
cng,3
mechanotransduction,3
1998:38/9,3
winn,3
coolness,3
"10,62",3
constitutively,3
standi,3
glidewell,3
mansell,3
dma,3
nucleur,3
well-paid,3
proscribes,3
gadgets,3
textually,3
oxygens,3
cauldwell,3
neo-tribes,3
bactericidal,3
prophesies,3
chaudhuri/m,3
first-tier,3
2002:89-95,3
3-6,3
subassemblies,3
herbage,3
imhoff,3
universalised,3
re-interpret,3
bethell,3
tavistock,3
uncriticised,3
agonising,3
resonating,3
p341,3
kalecki,3
rupert,3
eo]-b,3
p248,3
desecration,3
i.1982:201-203,3
monaco,3
clr,3
pomegranate,3
birkenhead,3
humanises,3
model2,3
inefficiently,3
despicable,3
30.7,3
therefor,3
cusp,3
ranch,3
christchurch,3
unbridgeable,3
enda-,3
lubert,3
2j,3
enolate,3
catao,3
post-surgery,3
anti-capitalist,3
microphone,3
provisioning,3
hydroboration,3
amalgamate,3
signposting,3
silting,3
lateralization,3
metcalfeal,3
p.372,3
re-operation,3
idling,3
paralinguistic,3
coagulopathy,3
p211,3
piccadilly,3
cutting-edge,3
originator,3
transponder,3
"garch(2,1",3
avidin,3
\n,3
collectivisation,3
17.4,3
1999:24,3
fevers,3
senescent,3
destabilisation,3
whipsnade,3
hardie,3
1998:145,3
sigelman,3
§25,3
stearothermophilus,3
cotte,3
quarrelsome,3
life-span,3
rup,3
blooms,3
dijk,3
adela,3
catatonic,3
shamanism,3
twenty-one,3
corpus-based,3
gencor,3
dieneral,3
unrealised,3
sharpening,3
h1n1,3
iu,3
molded,3
p.310,3
massages,3
outmoded,3
plate-type,3
emilia,3
pp-xi,3
ethane,3
curricula,3
frown,3
metalanguage,3
incinerated,3
alas,3
n±b,3
pp-204,3
1997:5,3
tash,3
illusive,3
"para-(4s-2,2-dimethyl-1,3-dioxolan-4-ylmethoxy)benzonitrile",3
l.368-70,3
unremitting,3
hammett,3
hardiness,3
tec,3
windbreak,3
dashes,3
veen,3
yolks,3
fdp,3
sequalae,3
lnp,3
windbreaks,3
tautomerisation,3
aols,3
contravariant,3
number-,3
hmg,3
kümin,3
chromate(vi,3
luminous,3
betrothed,3
amulet,3
syrian,3
rocked,3
paraklausithyron,3
1),3
preservations,3
ketosis,3
tetrahedra,3
extirpate,3
friesland,3
br-,3
cm3,3
pre-modifiers,3
moths,3
numercy,3
lactuca,3
internecine,3
bostroem,3
finite-dimensional,3
2004:105,3
2001:48,3
filmmaker,3
chauvinist,3
titres,3
outdo,3
emboldened,3
hellish,3
muffins,3
staunchly,3
polychromatic,3
1992b,3
ebmeyer,3
vil,3
hammersly,3
vermeulen,3
iii/,3
woolworth,3
udhr,3
c+c,3
1910-1939,3
p.274,3
cogitatio,3
hierocracy,3
pps,3
employments,3
non-legal,3
mg+,3
proquest,3
1971b,3
jennings,3
rousseauean,3
anteriorly,3
doi,3
1990-,3
i-narrator,3
haji-ioannou,3
wage-labourers,3
.10,3
inexpensively,3
p.619,3
swells,3
austerlitz,3
salubrious,3
low-,3
32x2theta,3
huaraz,3
cyclamen,3
barefoot,3
uninteresting,3
attests,3
1763-89,3
wall-hanger,3
superseding,3
schrader,3
self-assurance,3
detractors,3
collectives,3
oll,3
xxxiii,3
madman,3
stanford/1999,3
devito,3
imploring,3
wreaths,3
fossilized,3
insinuates,3
rained,3
swipe,3
ginzburg,3
mccleary,3
one-stop,3
etroite,3
indio,3
whetten,3
like-for-like,3
atomist,3
1/tabs,3
hucc49dch2,3
retells,3
racial/ethnic,3
cowboy,3
over-permissiveness,3
horkheimer,3
yawn,3
cj)2,3
whitby,3
saliently,3
chapmanal,3
multigene,3
knotted-1,3
factionalism,3
soundtrack,3
grazer,3
spank,3
manganate(vii,3
chops,3
oxidisation,3
siloxane,3
back-end,3
174(4,3
phdsec,3
brading,3
rabble,3
smelt,3
couture,3
saturating,3
perceivers,3
pollination,3
reviewers,3
originary,3
wayside,3
0.94,3
revaluations,3
serfdom,3
netzahualcoyotl,3
blowfield,3
perspectiveless,3
teramorium,3
brood,3
bimodality,3
tcc,3
trouton,3
fetuin,3
ribéreau-gayon,3
rosal,3
kilobases,3
soaps,3
composts,3
neuraminidase,3
pater,3
eluding,3
merrett,3
caterpillars,3
25(4,3
mistrustful,3
vp1,3
uwb105,3
β-lactam,3
72ºc,3
birthrate,3
silverstone,3
"£16,000",3
-3ms,3
regmy,3
monostearate,3
100nf,3
profiteering,3
malvidin,3
futher,3
h2o2,3
lbd,3
malls,3
shockey,3
cistercian,3
global-,3
c-fos,3
c-jun,3
egf,3
peppermint,3
harlem,3
ben-dov,3
unsorted,3
wheeled,3
76/7,3
visuo-motor,3
wetherby,3
nitrate(0.2m,3
0.005209moles,3
retrenchment,3
sesostris,3
c=1,3
drummers,3
non-feminist,3
belcher,3
16:1,3
phi,3
mmp-7,3
marschieren,3
reinvent,3
prosimii,3
procumbent,3
helicase,3
sheep-sized,3
number2,3
optimist,3
sanguinary,3
hsq,3
anabolic,3
leute,3
vasculature,3
outcasts,3
cowan,3
wymer,3
gli3-/-,3
extenuating,3
tunisia,3
click-through,3
1ms,3
p.265,3
regressand,3
modernized,3
undesirables,3
kashmir,3
codice,3
einkorn,3
crystallises,3
rodrigues-esteban,3
colour-index,3
dorsally,3
womens,3
constructional,3
confliction,3
diffract,3
vitruvius,3
hrsqt2,3
marable,3
customise,3
sedatives,3
inglehart,3
recommendable,3
2005:15,3
vvg,3
advected,3
x(t,3
microcrystalline,3
incisive,3
double-skinned,3
firm-specific,3
2-night,3
nitidus,3
self-choosing,3
amphitheatre,3
trace-ability,3
fountains,3
monist,3
insurance-based,3
langerhans,3
gender-blind,3
isoquant,3
gpm,3
δy/δt,3
5.4.1,3
exxon,3
asteriou,3
reconfigure,3
lusts,3
northrop,3
minutely,3
proscribe,3
unclassified,3
erving,3
ocf,3
bong,3
inspectorate,3
brillig,3
trpv4,3
inter-city,3
cleansed,3
leon-sanz,3
líder,3
ababa,3
hydroxyproline,3
ettore,3
non-default,3
2(7,3
0.73,3
dissidents,3
astuteness,3
4*sweep,3
peleus,3
64.97,3
haktanir,3
1996:75,3
teshik,3
1993:158,3
smelled,3
gender-specific,3
tucson,3
spore-forming,3
fiery,3
heory,3
savagely,3
albums,3
disables,3
arendt:1973,3
diffractions,3
tunable,3
2-way,3
ffm,3
dekker,3
agesilaus,3
promisees,3
regretted,3
trophies,3
exacts,3
azimuthal,3
thom,3
pic16f87,3
absolving,3
sowed,3
pilgrimages,3
stag,3
10.8,3
fer,3
wycliffe,3
heat-treated,3
pontryagin,3
no.20,3
pornographic,3
ccl,3
tsubakimoto,3
year-on-year,3
bread-making,3
trucking,3
bv,3
bloodlines,3
eales,3
juristic,3
2×10,3
εm,3
t=maximum,3
1993:41-2,3
pressurise,3
schaffer,3
anatomist,3
snowdonia,3
lerner,3
dpt,3
prime1,3
4g63,3
non-implementation,3
ah109,3
cfu/µg,3
brahms,3
self-fertilization,3
awash,3
funnily,3
dotb,3
wieringa,3
deutero,3
o(1,3
whitely,3
quadruped,3
higham,3
immanently,3
dogmatism,3
neuhouser,3
paired-t,3
cubicles,3
relocates,3
darkened,3
cfx,3
wrestled,3
temkin,3
hoggart,3
peak-level,3
10-item,3
0xf8,3
neale,3
similair,3
p.337,3
tungsten,3
c=1851177,3
management-led,3
lu,3
cell-fate,3
sandars,3
nvqs,3
tow,3
unprovoked,3
medics,3
uncluttered,3
weightless,3
outwit,3
p0.0,3
digilent,3
rozema,3
subway,3
cosmogirl,3
rediff,3
sexual-textual,3
regio-centric,3
jorgensen,3
abidance,3
0600utc,3
picador,3
re-structure,3
g/d,3
lactis,3
irradiating,3
hexadecimal,3
wait(c,3
enunciated,3
tot´s,3
rubble,3
exemplification,3
liquidating,3
hypoglossal,3
zygomatic,3
osiander,3
hyden,3
pp.190-1,3
antagonise,3
crutch,3
post-9/11,3
funabashi,3
forgone,3
hose,3
diffracting,3
mqmas,3
astarte,3
spin-lattice,3
pp.19-20,3
egregious,3
konstantinidis,3
asghari,3
transpiring,3
sergie,3
inexact,3
unaccountability,3
garnettii,3
meccsa,3
4.41,3
khul,3
fettering,3
prizesummary,3
energised,3
unmistakable,3
ghgs,3
macro-structural,3
personalise,3
miscue,3
emgs,3
pulque,3
rwa,3
fact-stating,3
tattoos,3
humanitas,3
pavements,3
coaster,3
clegg,3
ceaseless,3
polygamy,3
stalker,3
two-hundred,3
marginalization,3
metabolize,3
toxicities,3
rap,3
juggle,3
imaging-,3
overstep,3
expletives,3
genteel,3
straightened,3
claudia,3
bathed,3
woodwind,3
boule,3
mawson,3
smoky,3
petal,3
400n,3
cholmondeley,3
unmentioned,3
complementation,3
~25,3
pythia,3
alethic,3
vol.19,3
heckscher,3
ushering,3
non-chinese,3
passageways,3
pickwick,3
8.48,3
splashing,3
rockwool,3
rewrote,3
sieppe,3
chakava,3
stefano,3
entreprises,3
princomp(,3
babylonians,3
dismayed,3
ghali,3
irretrievably,3
multilayered,3
neglectful,3
pampering,3
pp.26-27,3
bacteriophages,3
keogh,3
jeopardizing,3
dai,3
grasset,3
femmes,3
jest,3
agitate,3
generalises,3
carper,3
drowsiness,3
mic,3
romanticize,3
auto-immune,3
candida,3
humanitatis,3
spiess,3
typifications,3
recognizably,3
kiernan,3
p.346,3
counter-attack,3
sino-centric,3
inflation-unemployment,3
1x,3
rastafarian,3
bambas,3
magnifies,3
pegging,3
emmeline,3
nihilo,3
moaning,3
mallory,3
noradrenaline,3
ergot,3
30-year,3
skeggs,3
resuscitated,3
elisionary,3
cardiopulmonary,3
stockpiling,3
profilers,3
52.8,3
naturalization,3
multi-lingual,3
clumping,3
symbioses,3
self-assembly,3
16kb,3
clapping,3
bandlimited,3
oromorph,3
alicia,3
renouncing,3
hypercapnia,3
nebs,3
anaesthetist,3
stardom,3
perverts,3
frenchman,3
franco-mauritians,3
teases,3
timers,3
99-100,3
interweaving,3
gsk,3
bisphosphonate,3
l.88-9,3
10/02/2006,3
industryweek,3
unattended,3
cobbler,3
34-68,3
irreversibility,3
disproven,3
forty-four,3
westons,3
4.22,3
sarsens,3
hofraethin,3
a=a,3
ultimatly,3
rené,3
100mcg,3
cobban,3
lester,3
democritus,3
teo,3
ukrainians,3
us-mexico,3
circumventing,3
schisms,3
trichome,3
industrially,3
auzel,3
unboundedness,3
sustainably,3
tryptose,3
mieux,3
mantra,3
grammarians,3
6/10,3
gangrenous,3
terra,3
eschatological,3
non-discriminating,3
rejoices,3
economise,3
fermentative,3
high-class,3
automaton,3
pcv,3
wrecking,3
aswell,3
chanchada,3
freaks,3
pre-world,3
pre-modifies,3
trappings,3
gilded,3
concurred,3
recalculating,3
upstanding,3
womenfolk,3
pissarides,3
obliterate,3
08/04/2006,3
1988:74,3
high-,3
colonialisation,3
seedbeds,3
trimeter,3
tubule,3
galba,3
belgrade,3
disastrously,3
marathas,3
1961a,3
synovitis,3
35.0,3
exudation,3
dd,3
aminosalicylate,3
g/n,3
aminoglycosides,3
one-party,3
becotide,3
33-34,3
well-prepared,3
homomorphisms,3
alstott,3
p.316,3
overtaking,3
wallech,3
argued-,3
syzygy,3
noradrenergic,3
heathers,3
alabama,3
mainline,3
betula,3
120m,3
culture-specific,3
diclofenac,3
enmity,3
majory,3
1mup,3
0.670,3
orloff,3
blackberries,3
nauseating,3
gujarat,3
homeomorphic,3
repulsed,3
bohemian,3
kachru,3
eurep,3
exercisers,3
stared,3
pettit,3
ganong,3
wheezes,3
hathcock,3
scanty,3
pullets,3
homogenizer,3
javalgi,3
microsatellites,3
choropleth,3
dep,3
aquifers,3
huot,3
25.5,3
"£40,000",3
baudry,3
abcd,3
verbalised,3
mardon,3
weller,3
savadori,3
hamburger,3
efe,3
salz,3
lindert,3
dingwall,3
courant,3
q+,3
imt,3
low-lying,3
waldmann,3
11-14,3
wilkin,3
5.8a,3
barsky,3
lamentations,3
singpurwalla,3
fleagle/1999,3
fernback,3
opt-in,3
shepherds,3
23.4,3
recapitulate,3
al/2000,3
animalism,3
viburnum,3
parsley,3
resource-based,3
clubhouse,3
barsoux,3
inter-american,3
dumont,3
unexpressed,3
pocketbook,3
3=,3
convicting,3
grandeyal,3
lillian,3
deoxyribose,3
rebuilds,3
abercrombie,3
lorsch,3
pankejeff,3
pansy,3
over-ripe,3
hyperides,3
paced,3
handsfree,3
a75,3
bullets,3
aporia,3
adorno:1991:89,3
η0,3
mulattos,3
90°c,3
assailant,3
heston,3
0.33ml,3
2000:11,3
unep,3
atleast,3
dunlap,3
02/12/05,3
strategist,3
debugged,3
triadic,3
dave,3
languid,3
indels,3
lubricator,3
partie,3
keuls,3
subtractive,3
excepted,3
carlin,3
0.81,3
16:8,3
operable,3
hons,3
7-14,3
sinusoidally,3
gov,3
aldehydes,3
doggedly,3
duodenal,3
+4,3
athletes/sportsmen,3
unfavourably,3
pretender,3
overruling,3
bfgf,3
conv,3
citadels,3
adolf,3
nextline,3
brown-wilkinson,3
microfilaments,3
soundest,3
sewa,3
brigade,3
devotedly,3
overlords,3
3.6.3,3
coagulated,3
4.5.1,3
getwidth(this,3
cottagers,3
litters,3
wordsworthian,3
"21,000",3
gumpertz,3
misinterpretations,3
centromere-specific,3
cracker,3
augarde,3
propan-1-ol,3
",v.2",3
p127,3
up-regulated,3
devolving,3
urizen,3
telescreens,3
0.091,3
devadoss,3
blooded,3
sub-clause,3
psychophysics,3
impels,3
p.365,3
sails,3
"£300,000",3
intra-state,3
neurobiol,3
money-laundering,3
nul,3
vasta,3
6db,3
grimy,3
chatty,3
netscape,3
reaps,3
lardy,3
entrust,3
quintessentially,3
motel,3
constrict,3
1.5cm,3
quaint,3
herskowitz,3
5ps,3
sea-going,3
yz,3
recumbent,3
mean(d1,3
diffuser,3
wei,3
us-based,3
dirs,3
cryptanalysis,3
a-1,3
nbproc,3
airplane,3
haigh,3
holonomy,3
callithrix,3
sulawesi,3
microartefacts,3
unobservables,3
orangy,3
sipping,3
runways,3
luring,3
undignified,3
intra-mural,3
ref.8,3
unpacked,3
jabberwock,3
38kda,3
poached,3
shakespearian,3
ramparts,3
montale,3
mplab,3
bithynia,3
rqs,3
tolls,3
ugarit,3
overlaying,3
faggots,3
premaratne,3
greased,3
restarted,3
p.328,3
cpre,3
w/r,3
incarnate,3
dornbusch,3
frenkel,3
boxplot,3
corralito,3
sulphonamide,3
koenigsberger,3
bystander,3
cum,3
syntheses,3
pg.1,3
oeuvre,3
schleier,3
ueber,3
pharmalogical,3
romanticise,3
21.7,3
collinear,3
flc,3
thresholding,3
1992:31,3
left_sweep(void,3
railcars,3
prabhu,3
stoats,3
enjambments,3
recasts,3
x/d,3
ii.3,3
npl,3
v(t,3
parable,3
undersea,3
refineries,3
re-iterate,3
4.2.5,3
logie,3
implantable,3
jensvoldal,3
spasmodic,3
tessellation,3
aaib,3
fsf,3
20db/dec,3
chut,3
sprinkler,3
2)φ(x,3
protozoan,3
*1*,3
-18°c,3
feynman,3
blob,3
cricklade,3
time-dependency,3
rumen,3
sublist,3
communicators,3
24(1,3
gourevitch,3
gas-handling,3
redrawing,3
s-bot,3
2-propan,3
500-1000,3
hor-aha,3
dramatized,3
kafer,3
flops,3
churchwardens,3
petticoats,3
volitional,3
swam,3
jurist,3
chaebols,3
alexandrian,3
cuc,3
ref.10,3
almaty,3
npv´s,3
lexico-grammatical,3
pollott,3
p(2,3
vocalise,3
impregnable,3
airplanes,3
atheistic,3
humanising,3
indo,3
dalmations,3
13.07,3
pp.333-4,3
condescending,3
l.30,3
plebian,3
inter-textual,3
sco,3
byham,3
scytale,3
unstoppable,3
translate(,3
totient,3
e/c.12/q/egy/1,3
cassen,3
crab-like,3
efficaciously,3
l.17,3
fractious,3
downto,3
milman,3
4(3)(c,3
anorectics,3
levens,3
rosszell,3
figure.6,3
girl-friend,3
yousef,3
tabulator,3
familiaritydescription,3
1.4.2,3
mails,3
pre-empted,3
daewoo,3
hangings,3
panelcentral,3
retorted,3
identifiers,3
webopedia,3
castilla,3
monticchio,3
mid-face,3
constraintdescription,3
grauwe,3
quickened,3
craniotomy,3
test-retest,3
ranchers,3
charier,3
twayne,3
mcneely,3
long-range,3
calman,3
dipentaborate,3
veering,3
posturing,3
eyal,3
hasbro,3
ritson,3
exampled,3
non-animate,3
radiance,3
vol.39,3
evened,3
smoothy,3
copper-zinc,3
discontinuation,3
2003d,3
finklestein,3
b/,3
p.430,3
dixson,3
on-screen,3
transgenerational,3
computer-controlled,3
loranthaceae,3
burroughs,3
goal-setting,3
pollinated,3
1977:138,3
hindgut,3
no-go,3
chyme,3
iambus,3
02/03/2005,3
gaz,3
bacharach,3
rescuer,3
kolocotronial,3
p.672,3
sex-linked,3
outlived,3
carousel,3
myelination,3
falters,3
crumble,3
koskenniemi,3
189-190,3
rochette,3
airhostess,3
siamese,3
cariocas,3
redresses,3
-14,3
liberal-socialist,3
il-1,3
spring/summer,3
naturalistically,3
macaroons,3
headlands,3
flaked,3
shards,3
self-confident,3
woodhenge,3
30/500,3
uneconomical,3
tonsils,3
"5,500",3
sunflower,3
dewey,3
briseis,3
debilitative,3
hateful,3
dishonourable,3
intrapersonal,3
adrift,3
ellipses,3
breadwinners,3
anti-fascist,3
hulst,3
ha/yr,3
0.78,3
venturers,3
undestory,3
point-like,3
domesticating,3
p.604,3
geffen,3
pp.87-8,3
vol.6,3
fuchsin,3
reproductively,3
globule,3
c7,3
swirl,3
thighs,3
penitentiary,3
left-leaning,3
6.18,3
ntds,3
gosselin,3
dart,3
r1r3=r2r4,3
propellants,3
x*,3
fayol,3
halloran,3
procrastination,3
over-regulation,3
extra-ordinary,3
taylor:1911,3
rateb,3
rus,3
epicondylitis,3
gs13,3
radiosondes,3
haddleton,3
multiplex,3
war-torn,3
decisiveness,3
nonconstant,3
32.5°c,3
liq,3
mω,3
strout,3
manoeuvred,3
seperatly,3
endplate,3
bleakness,3
p.397,3
dalmatia,3
community-in-anarchy,3
chimneys,3
anti-climax,3
predator-prey,3
nanoscale,3
pulsar,3
reapply,3
gat,3
smooth(1,3
yuval-davis,3
7kg,3
downplays,3
epigastric,3
sequel,3
100-1000,3
shu,3
lyricism,3
mowatt,3
1999:49,3
dialling,3
heaves,3
privatize,3
incensed,3
self-destruct,3
£504.8,3
prosite,3
perplexed,3
lump-sum,3
enteroccoci,3
inflicting,3
m6,3
behold,3
sonde,3
unfrozen,3
paraventricular,3
parallelized,3
1l,3
sprezzatura,3
luna,3
p-orbital,3
anti-bonding,3
puffer,3
coagulum,3
transplantations,3
untranslatable,3
vlsi,3
digesting,3
orthopnea,3
hydropneumothorax,3
state-sovereignty,3
500hpa,3
formclick,3
commonelement,3
shunting,3
£3.5,3
27(3,3
monika,3
oven-drying,3
scorching,3
relais,3
pugliesi,3
liebmanal,3
mayer-vietoris,3
joas,3
fraxinus,3
lxiv,3
pg26,3
dashing,3
counseling,3
hebrews,3
-bilinear,3
cardio-vascular,3
self-policing,3
dvt/pulmonary,3
laplacian,3
uart,3
multiplications,3
blues,3
atmega16,3
homeware,3
z-plane,3
alleging,3
uploading,3
1995:60,3
ɪ,3
sblink,3
rostworowski,3
narvaez,3
torkildsen,3
1i,3
over-simplistic,3
freidrich,3
flipside,3
extradition,3
unquantifiable,3
"160,000",3
pp21,3
traumatising,3
control/ownership,3
pp20,3
hereinafter,3
pp12,3
hour-glass,3
spd-2,3
100μm,3
sativum,3
brainstormed,3
enhancer,3
addison-wesley,3
basketball,3
e-marketplace,3
0.51,3
15years,3
manufactories,3
antonymy,3
tolley,3
moustier,3
vodafone,3
unlicensed,3
lazarova,3
2002c,3
subcontinent,3
cappelli,3
liberalized,3
fustian,3
banton,3
el-ojeili,3
epistemologically,3
immunoblotting,3
n/a,3
hartsock,3
"36,000",3
"£57,000",3
ssf,3
wiping,3
rears,3
national-level,3
easy-going,3
vee,3
mann-whitney,3
vas,3
nsa,3
hurts,3
3.2.3,3
0x0c0,3
sundry,3
thornquist,3
average(number1,3
wiesel,3
paton,3
scotsman,3
1.00pm,3
debulking,3
11.30am,3
seifert,3
pre-trip,3
vesuvius,3
xc3s1000,3
intergovernmentalist,3
particulates,3
amalgam,3
roundness,3
1nm,3
microstrain,3
υ(vo,3
rak,3
2.466mm,3
angers,3
ciocchetti,3
chewong,3
zero-tolerance,3
bunn/2001,3
epa,3
germane,3
wordsoft,3
auerbach,3
demarcating,3
orchid,3
transmitters,3
tits,3
+20,3
430°k,3
incontrovertibly,3
americanisation,3
b-21,3
64mm,3
disliking,3
4.92,3
longitudinally,3
pp.204,3
p235,3
axinn,3
204-208,3
eyelashes,3
huddled,3
neighborhood,3
coetzee,3
corpuses,3
pleated,3
gotten,3
intercom,3
fx_m,3
eclair,3
2.5μmol,3
marco,3
campañas,3
anhedonia,3
slugs,3
selfishly,3
revenue-maximising,3
figuring,3
vitis,3
booster,3
foxhound,3
semi-empirical,3
mcdavid,3
millikan,3
tulving,3
maja,3
54.9,3
re-elected,3
/i/,3
distracts,3
semesters,3
hexameric,3
lodish,3
stalingrad,3
burgeoned,3
allegories,3
deserters,3
skateboard,3
sprayer,3
pes,3
comers,3
conifers,3
spectrochemical,3
werde,3
romm,3
logic-driven,3
photopigment,3
β-strands,3
regen,3
seminary,3
yousri,3
charge-transfer,3
nordbruch,3
elasticities,3
ccsu,3
free-fatty,3
chattels,3
lindgren,3
rhetorically,3
soit,3
multi-,3
p114,3
brockman,3
ge/honeywell,3
professionalized,3
π-system,3
previsions,3
3.65,3
y-,3
inter-personal,3
trpv2,3
p.442,3
247-8,3
maniacs,3
wishy-washy,3
angelic,3
tenacious,3
sensitised,3
pamphleteers,3
rj,3
normos,3
quotidian,3
unequalled,3
over-weight,3
pallindromic,3
value-spheres,3
mullis,3
30-31,3
risorsa,3
corrupción,3
pentaglycine,3
cloacae,3
functionalisation,3
kissed,3
fluid-filled,3
0.61,3
non-hodgkin,3
terrariums,3
sanctioning,3
"120,000",3
wundt,3
umana,3
trellising,3
thanksgiving,3
hyperpolarisation,3
facit,3
56-57,3
ssa,3
y187,3
18.3,3
viscivorus,3
euston,3
1793-1899,3
valor,3
satre,3
14-3-3,3
unforced,3
churchmen,3
léonard,3
3.5m,3
sub-problem,3
stutzer,3
metacarpophalangeal,3
balanced-budget,3
schwarze,3
tempts,3
2003:121,3
mesembryanthemum,3
ejects,3
confucius,3
fewest,3
mid-1940s,3
puer,3
non-critical,3
constricts,3
apostolic,3
subtended,3
bootstrap,3
unaffordable,3
timarchus,3
0.06ǻ,3
take-over,3
millionaires,3
surveyors,3
5.1.4,3
bacteriologist,3
2005:267,3
vronti,3
trademarks,3
rainey,3
hrsqt3,3
navier-stokes,3
todas,3
exe,3
renne,3
dead-time,3
hikes,3
overman,3
reeled,3
transmissible,3
lunar,3
whittles,3
petra,3
12.1,3
thorne+henley,3
edelsky,3
banging,3
hippodamia,3
tactician,3
blads,3
teres,3
perdition,3
galloping,3
2x2m,3
near-synonyms,3
±0.18,3
genealogical,3
9r)-indolizidines,3
bib[b,3
profoundest,3
metal-ligand,3
16-7,3
2003:143,3
sheathed,3
tamesis,3
feminising,3
self-other,3
sloth,3
bce,3
displayproddetails,3
sub/adult,3
detest,3
ammon,3
balakrishnan,3
threading,3
precipitant,3
koilonychias,3
indemnities,3
sewerage,3
chalcolithic,3
i0,3
problematising,3
rotor-gene,3
cauvin,3
windham,3
ileal,3
p266,3
reoccurs,3
gittins,3
incapacitated,3
papadopoulos,3
unscrupulous,3
needn,3
emersion,3
vidler,3
1995:23,3
commercialism,3
facundo,3
sicken,3
leapt,3
grahamal,3
dissuaded,3
forgoes,3
kerry,3
gop,3
co-opt,3
1991-93,3
:129,3
1998:75,3
chune,3
constantin,3
10µl,3
mulholland,3
damill,3
1514-1662,3
csaki,3
satish,3
single-honours,3
bloke,3
endosomal,3
untie,3
nove,3
hurriedly,3
inorder,3
outer-directed,3
particularities,3
timetabling,3
meta-narratives,3
figure4,3
aakster,3
data2,3
p8.3,3
meristem,3
reaper,3
give-and-take,3
91/79,3
kojima,3
euro-centric,3
hyphenated,3
0x80,3
supplemental,3
eaps,3
wiles,3
disenfranchised,3
accredits,3
men-,3
humanely,3
dwelt,3
jha,3
sunscreen,3
60/40,3
0.020m,3
macro-textual,3
hofstee,3
elisionism,3
dimes,3
sudanese,3
salkeld,3
3:16,3
downsize,3
clog,3
stimulatory,3
theatrically,3
chlorofluorocarbons,3
sgt,3
cigarettes/day,3
supraclavicular,3
biguanide,3
classrooms,3
ileocaecal,3
neurochemical,3
aspergillus,3
jester,3
maley,3
tendered,3
surged,3
improvise,3
bamboo,3
p278,3
well-,3
non-trivial,3
gabriele,3
complexly,3
painlessly,3
workmen,3
amusements,3
rupees,3
p255,3
4.12,3
showy,3
4.15,3
pj,3
a=0,3
p(c,3
doe,3
clin,3
systems-,3
50mins,3
grittiness,3
whirlpool,3
p160,3
trinidad,3
barber/,3
flatness,3
membrane-,3
flocculation,3
clams,3
fructans,3
digestibility,3
otters,3
reductio,3
p=0.10,3
over-fitting,3
tutelage,3
carboxy-terminal,3
desforges,3
expressible,3
13(5,3
addis,3
cosφ,3
stress/strain,3
sin(x,3
argentatus,3
smrs,3
morphometric,3
chávez,3
cullyer,3
crombez,3
derogat,3
abate,3
gabcikovo-nagymaros,3
cmx,3
slicing,3
0.131,3
meyrowitz,3
rourke,3
neurosurgeon,3
dramatised,3
highs,3
e-retailing,3
specialness,3
unstylish,3
june/july,3
counter-revolutionary,3
convolutions,3
maison,3
ubicomp,3
rto,3
choric,3
everytime,3
decremented,3
p0.3,3
vp0,3
prizing,3
e-buisness,3
epoc,3
desda,3
polyesters,3
geiger-muller,3
norma,3
0x82,3
0x92,3
resoundingly,3
arbeit,3
cascais,3
scare-tactics,3
lystra,3
e1e,3
geiger,3
canyons,3
3cm,3
molotov,3
600ºc,3
quirky,3
halifax,3
stout,3
ex-slaves,3
unweighted,3
acessed,3
inculcated,3
540mpa,3
armie,3
cleruchies,3
seecharan,3
self-direction,3
:fit,3
etherington,3
flood-page,3
p-elements,3
ah109-p53,3
brandt,3
richie,3
samos,3
presidentialism,3
lorenzo,3
miso,3
micro-morphological,3
engl,3
graying,3
chromium(iii,3
fmri,3
role-model,3
captivate,3
"5,0",3
meritocratic,3
context-specific,3
listdifference,3
identicallist,3
recombining,3
trans-continental,3
low-power,3
bis-acetylacetonate,3
μg,3
embalming,3
dogged,3
crudely,3
0.74,3
sightedness,3
unibody,3
1995:24,3
two-word,3
1-18,3
bruv,3
hypercorrect,3
oncogenic,3
hom,3
unafraid,3
gilles,3
-15,3
pb4,3
lfs,3
résumé,3
sm,3
2)[φ(π,3
cascaded,3
bernstein:1996:153,3
tainting,3
internationals,3
1999:44,3
sherlock,3
storehouse,3
emigrating,3
speculatively,3
schweppes,3
centralizer,3
brignall,3
bundled,3
unthought-of,3
kapital,3
ascylto,3
pause-type,3
non-psychopaths,3
nanjing,3
reckons,3
£591,3
ballots,3
17-20,3
hawes,3
traditionalists,3
personalization/interactivity,3
glasshouses,3
vitronectin,3
trpv,3
mis-sense,3
oligarchies,3
x-error,3
ellmann,3
frenkelal,3
walrasian,3
befitting,3
pre-natal,3
regime-type,3
mausoleum,3
cm²,3
tsp,3
1998:119,3
idiomatic,3
nh/2π,3
ire,3
expire,3
compassionately,3
metabolisable,3
neutrals,3
shareholder-value-oriented,3
vulan,3
tsg,3
thermoregulation,3
humidities,3
2002:441,3
out-of-home,3
16.7,3
abstaining,3
bickering,3
6.57,3
budapest,3
photo-multiplier,3
vindictive,3
fellow2,3
c-h···o,3
disused,3
"140,000",3
year-by-year,3
unheroic,3
dismantle,3
agenor,3
quartiles,3
monsieur,3
oblige,3
revelry,3
rien,3
pronuclei,3
meine,3
caressing,3
rerun,3
oeuvres,3
flute,3
deconstructive,3
slapping,3
war.2.47.4,3
feaf,3
interoperate,3
self-stimulation,3
6.21,3
b89,3
hutton,3
tallal,3
non-professional,3
wylie,3
anti-semitic,3
unprocessed,3
p279,3
cols,3
400l,3
vaporization,3
dreamweaver,3
y-cable,3
troutons,3
mcphail,3
affidavit,3
quasi-memories,3
comatose,3
mobiliary,3
totipotency,3
scnt,3
seafaring,3
battersea,3
spirochetes,3
cystol,3
iscan,3
varnished,3
sulphates,3
brainless,3
lofts,3
trps,3
acoustics,3
regonise,3
hepg2,3
m30,3
rendzinas,3
2°,3
monogyna,3
exocrine,3
donning,3
us-,3
steadied,3
mutability,3
proffering,3
pensioners,3
informatics,3
mood-congruent,3
dosch,3
adjuster,3
gla,3
cosmosfloworks,3
achilleion,3
seyval,3
bandidos,3
atomically,3
postage,3
pane,3
fulbecke,3
rühl,3
pre-molars,3
3.13,3
machineable,3
ivanova,3
oncogenes,3
euros/tonne,3
familiarize,3
5/02,3
h7,3
shank,3
grahame,3
abattoir,3
1.3.3,3
c.1550-1640,3
camilla,3
monro,3
colonialists,3
irishal,3
0.85,3
one-time,3
2-methyl,3
31.09,3
400ml,3
150g,3
turgeon,3
leaner,3
annualised,3
seers,3
p.297,3
castrate,3
harwood,3
stock-outs,3
angie,3
jagger,3
vacuolar,3
supraorbital,3
amz,3
mae,3
273.15,3
1500m,3
bembidion,3
uae,3
bonobo,3
erik,3
cabbage,3
impassioned,3
stringer/2002,3
47(2,3
saffron,3
nationale,3
",p37",3
renovating,3
p-lineage,3
androgen,3
blastp,3
slaps,3
charting,3
workday,3
syllabuses,3
reverberation,3
lamping,3
self-explanatory,3
i.5,3
eq.5,3
pre-merger,3
membrane-bound,3
grating,3
truism,3
a-post,3
l/s,3
14/12/05,3
10.26,3
resectable,3
occuring,3
baggage,3
humanize,3
odourless,3
ceremonious,3
self-destruction,3
antigonus,3
mayonnaise,3
pamela,3
chihuahua,3
straight-forward,3
haulage,3
erich,3
delves,3
muddled,3
"1889,1895)1990",3
omni-benevolent,3
bulbing,3
adamson,3
combs,3
stepsister,3
varnish,3
ard,3
tohidi,3
transposable,3
expiry,3
burton-on-trent,3
grieve,3
self-criticism,3
cropland,3
hydrology,3
3ps,3
catalogs,3
800cm,3
1994:67,3
disassociate,3
onclusion,3
urticaria,3
p141,3
ventricles,3
epigraph,3
irrigating,3
well-researched,3
motor/sensory,3
benzodiazepines,3
madeleine,3
hippy,3
hepatocyte,3
rehired,3
co-evolving,3
one-on-one,3
renationalization,3
aponeurosis,3
glucocorticoid,3
tabulations,3
traumas,3
mander,3
osmoticum,3
reintegrated,3
onsets,3
antiviral,3
dashboards,3
due-diligence,3
disbanding,3
fey,3
dort,3
impermanence,3
hypocritically,3
grocer,3
toughest,3
lukewarm,3
mysteriously,3
conspire,3
prostrate,3
substantiation,3
delos,3
oligarchs,3
burgeon,3
congregate,3
1999:130,3
2*,3
studia,3
sacramentals,3
underscoring,3
80-90,3
maradona,3
girondo,3
bottling,3
monogynous,3
striae,3
predominated,3
carmakers,3
32-33,3
pullman,3
p.453,3
complican,3
£4m,3
pg.29,3
pg.10,3
blazing,3
biskind,3
fibroblasts,3
porteño,3
shibboleths,3
ambitiously,3
in)action,3
connors,3
reoxidation,3
forsaking,3
unveil,3
luminance,3
tasked,3
slomon,3
1955-88,3
11.8,3
moreau,3
crusading,3
fixate,3
clumsily,3
simian,3
-what,3
plude,3
rule-governed,3
look-alike,3
jd,3
pnp-,3
undesirably,3
displeasing,3
mikiso,3
j(2003,3
pondered,3
present4,3
commemorations,3
deluding,3
icrisat,3
±0.707mm,3
recriminations,3
illustrator,3
mishra,3
datable,3
gonzalo,3
dgp,3
instituting,3
cottani,3
dregs,3
gretel,3
well-made,3
defaulted,3
tactfully,3
"32,000",3
farrelly,3
carnage,3
horse-taming,3
retrovirus,3
arcade,3
clogged,3
hindquarters,3
anti-christian,3
two-sided,3
eyesore,3
unnaturalness,3
homologs,3
ravages,3
1368-1644,3
timê,3
auden,3
non-asbestos,3
microfauna,3
applauds,3
ingot,3
iliostomy,3
digitize,3
skodaauto,3
zonitoides,3
a20,3
south-western,3
post-parliamentary,3
palaeoenvironmental,3
peoplesoft,3
toughen,3
altrincham,3
σ0.2,3
intervisibility,3
arbs,3
full-blown,3
tachy,3
paediatrician,3
abounded,3
vol.16,3
palfreyman,3
preparative,3
17-year-old,3
1968q1,3
lennon,3
hindrances,3
nurse-patient,3
0.179,3
licentiousness,3
uic,3
caregiver-child,3
makeshift,3
bismarckian,3
unmentionable,3
leprosy,3
hrsqt4,3
k-space,3
maestro,3
l.26,3
wavering,3
metabolically,3
market-orientated,3
lindholm,3
abominable,3
minicomputer,3
monofunctional,3
comics,3
paralysing,3
theory-laden,3
c-n,3
four-square,3
sicker,3
eco-integrity,3
translatable,3
captains,3
timestep,3
recital,3
top-right,3
patentability,3
11-13,3
icl,3
2000-2003,3
spinors,3
dialetheistic,3
12.5v,3
okies,3
timelessness,3
leni,3
200-1200µm,3
garvey,3
cpd,3
tête,3
pustules,3
unimportance,3
cardholders,3
baited,3
hampton,3
lm-curve,3
allophone,3
waren,3
disperses,3
hornbeam,3
non-euclidean,3
xr,3
mooney-rivlin,3
v74,3
spirals,3
unselfish,3
fermion,3
spinners,3
brushwood,3
sedenions,3
korac,3
f-algebras,3
pseudo-science,3
6-3,3
out-of-plane,3
bracewell,3
criminalizing,3
phylip,3
2.5.3,3
shalom,3
scavenge,3
denim,3
stele,3
71.9,3
agronomists,3
raul,3
denunciations,3
spec,3
f-j,3
0.005843moles,3
transhumance,3
food-centred,3
excellently,3
viewable,3
cede,3
cofferdam,3
reductant,3
adjoint,3
neighbors,3
gereffi,3
helpfully,3
parading,3
tripling,3
-this,3
protel,3
n-simplex,3
peek,3
timethe,3
eratosthenes,3
buf,3
double[,3
publicize,3
merson,3
podzolic,3
n=2.5,3
fprintf(,3
kerameikos,3
drips,3
f2,3
lehmann,3
nfn,3
14.5,3
20x,3
cathay,3
endears,3
enghagen,3
albanians,3
csws,3
autocatalytic,3
weightings,3
newbould,3
p386,3
futardo,3
4-manifolds,3
trotskyite,3
monomorphism,3
costumers,3
kilian-dirlmeier,3
trances,3
indolent,3
2002/3045,3
statehood,3
mcbride,3
nepa,3
jabberwocky,3
digger,3
2004:53,3
zas,3
reunions,3
tattoo,3
fifth-century,3
nibbling,3
gatt/wto,3
greenness,3
metastable,3
0x98,3
meunier,3
begg,3
peelzym,3
400kg,3
uncontrollably,3
geranium,3
goers,3
interpretatio,3
pre-putney,3
s.1(a,3
2005:125,3
vol.19(2):173-191,3
cardinality,3
nevins,3
jfk,3
non-refundable,3
ixiptla,3
infantilised,3
08/11/04,3
0-100hz,3
helpers,3
hewings,3
problem-based,3
tronwick,3
mews,3
deindividuation,3
gottfredson,3
1950-1973,3
softsheen,3
ticketticket,3
flautist,3
self-calibration,3
preview,3
celt,3
schien,3
short-list,3
$700,3
down-regulated,3
click-wraps,3
scripted,3
sines,3
lectins,3
baaa,3
ej20,3
post-traumatic,3
rlu,3
eaton,3
v-angles,3
engrailed1,3
r3,3
peterborough,3
weld,3
ovoid,3
shenkar,3
sieving,3
pragmatists,3
signings,3
μl,3
backlist,3
ut,3
monopolists,3
duodenum,3
oldam,3
ruvb,3
phosphoryl,3
0.015mm,3
thracians,3
blomstermo,3
avenging,3
epithelia,3
self-efficacy,3
no.16,3
1.03,3
geopotential,3
no.17,3
hallux,3
1/12/1995,3
meningitis,3
kissing,3
medterms,3
dis-organization,3
kielhofner,3
c16,3
nicoll,3
pp.23,3
guarnieri,3
metabolized,3
wachowski,3
saler,3
ands,3
ari,3
2-nd,3
orthodoxies,3
pwc,3
#7,3
oz,3
universalise,3
hereford,3
flaneurs,3
spirograph,3
iha,3
neap,3
algarve,3
tofu,3
billings,3
pseudo-first,3
walker/2001,3
32.8,3
71.5,3
vitae,3
50.8,3
top-up,3
panthers,3
craniosynostosis,3
malmberg,3
iba,3
loriformes,3
kebaran,3
high-precision,3
revenson,3
lai,3
re-iterated,3
enzymology,3
1°c,3
di-lithium,3
heteroatoms,3
margin™,3
footballer,3
non-roman,3
eaters,3
simms,3
-40,3
hilpold,3
sami,3
glanz,3
vasco,3
branson,3
tonio,3
isopleth,3
lampros,3
snepenger,3
israelites,3
appetitive,3
modernism/postmodernism,3
smoothes,3
sanguine,3
37.4,3
manent,3
focalisation,3
lulu,3
nagasaki,3
nursed,3
pectic,3
hod,3
fibrinolytic,3
luckhurst,3
darken,3
"1,130",3
usda,3
crossbows,3
bulgarian,3
homemade,3
unravels,3
α-i,3
carboxyl-terminal,3
mom,3
shorts,3
sweeteners,3
p.258,3
leverton,3
scary,3
stylistics,3
23(1,3
1987:35,3
pressal,3
masticate,3
dyce,3
quests,3
ucl,3
dnr,3
rebuked,3
mid-eighteenth,3
69-70,3
tetracycline,3
2005:124,3
methanogenic,3
chamley,3
hesitated,3
ulcerated,3
£90,3
eynon,3
mares,3
deshpande,3
father-figure,3
butler-sloss,3
clashing,3
examiner,3
overshot,3
papal,3
millionth,3
colludes,3
sexologists,3
namepricecountry,3
lifestylebiopsychosocial,3
post-diagnosis,3
cointegrated,3
meier-ploeger,3
agriculturist,3
2002:592,3
caiger,3
benz,3
homeyer,3
semi-fixed,3
adulteress,3
jme,3
communality,3
primaries,3
iee,3
aenos,3
bicipital,3
endometrium,3
pow,3
legalisation,3
148-149,3
eaton-under-heywood,3
non-sense,3
1995:183,3
cross-sectoral,3
squander,3
facticity,3
coupland,3
outlawing,3
3.16,3
guanxi,3
uneaten,3
limeño,3
baumann,3
waring,3
ternura,3
ransford,3
melons,3
pre-disposition,3
epigenetics,3
hebrew,3
banditry,3
unforgettable,3
place-,3
gleadle,3
lisle,3
nobler,3
persecutory,3
distinctness,3
acini,3
group-,3
barbs,3
wean,3
fergusson,3
argentinian,3
equalised,3
0.089m,3
subpopulations,3
stubbornness,3
70mg,3
wootton,3
jean-jacques,3
oviposition,3
litany,3
p.309,3
toher,3
thereupon,3
schuman,3
conniving,3
toto,3
proffered,3
rr-,3
polities,3
nouveaux,3
devolve,3
anti-communism,3
sedation,3
3.5ml,3
reformations,3
acid-test,3
embryo-derived,3
39.5p,3
catheterised,3
parallèles,3
fondly,3
lombrosso,3
unemotional,3
reorganising,3
seattle,3
twenty-seven,3
myoepithelial,3
cad/cam,3
autoregression,3
cyborg,3
mény,3
non-specialist,3
curriculums,3
sooty,3
waller,3
250nm,3
21.2,3
sub-lethal,3
well-founded,3
re-organise,3
re-work,3
cingulate,3
manoeuvrings,3
interrogating,3
p.344,3
endorsing,3
mislabelled,3
c-1,3
sclerosing,3
flu-like,3
abhorred,3
daybreak,3
yogendra,3
conscientiously,3
robertsonian,3
chlamydia,3
400v,3
minicomputers,3
rejoin,3
industrialize,3
slapstick,3
chastised,3
loh,3
shacklefords,3
fe(co)5,3
1999:46,3
subject-specific,3
phonics,3
amphoteric,3
linker,3
taxa/taxon,3
knorr,3
clowns,3
0.25g,3
aromaticity,3
lactations,3
horna,3
alertness,3
krika,3
al-naqd,3
sayeeda,3
muhammadan,3
4.4.1,3
0.000707m,3
prefigures,3
atomistic,3
gin,3
marketization,3
exhortations,3
concubine,3
lavinia,3
schmidt-traub,3
angell,3
maeshowe,3
aimil,3
power/speed,3
cida,3
nef,3
plagiocephaly,3
hawking,3
lambdoid,3
mid-seventies,3
neandertal,3
1997:4,3
cavalli-sforza,3
1997:28,3
fwz-1,3
microscopically,3
visibilitydescription,3
woodworking,3
rapture,3
finesse,3
gharghra,3
p343,3
stockwell,3
bloodline,3
hairdresser,3
5ms,3
7segnment,3
std_logic_vector,3
colonizing,3
lasso,3
aldwych,3
ibid.,3
propels,3
misinterpreting,3
discolour,3
recency,3
lecher,3
incrementing,3
decanter,3
water-related,3
3.11.2,3
9ma,3
obiora,3
14.3,3
"600,000",3
psychedelic,3
frictionless,3
crescendo,3
lead-lag,3
40db/dec,3
advertent,3
rwe,3
33.00,3
folks,3
searchlight,3
s.11(1,3
155ec,3
underreported,3
deuteronomy,3
1.5.3,3
beate,3
30º,3
broilers,3
schoolmaster,3
fatuous,3
bum,3
4-d,3
cause-effect,3
thanking,3
easipower´s,3
theogeny,3
imbue,3
suraiya,3
crystallinum,3
eadie,3
p.473,3
assertively,3
countercyclical,3
shlomo,3
labour-scarce,3
kraft,3
beholder,3
thermophilic,3
xarr,3
excels,3
13:1,3
biodegradation,3
parthenoi,3
yellowish-green,3
e-,3
fig6,3
scornful,3
balcony,3
deniers,3
self-catering,3
livia,3
wohl,3
publicizing,3
studenten,3
second-hand,3
marvels,3
0.30,3
milligan,3
teetotal,3
gunshot,3
dripped,3
july-december,3
20-40,3
photoelasticity,3
zweifel,3
pcts,3
nms,3
-p,3
roject,3
chromaphore,3
specter,3
retributivists,3
houghtonal,3
0.025,3
shareholder-oriented,3
jutes,3
strident,3
whitelegg,3
legitimizes,3
fcs,3
humber,3
30mm,3
campion,3
accelerometer,3
cranston,3
transactive,3
kotlarsky,3
p-nitrophenoxide,3
32.4,3
logsdon,3
kisan,3
0x31,3
under-,3
kagan,3
sperry,3
jowett,3
xe,3
error-correction,3
vermeer,3
sorghum,3
6.2.2,3
sandinistas,3
risk/protective,3
vldl,3
agronomist,3
monge,3
hx[j,3
0.58,3
manne,3
urn,3
charisos,3
pp.205,3
connote,3
dupuytrens,3
second-wave,3
remunerative,3
softened,3
periphrasis,3
check-out,3
6pm,3
ahikarinayake,3
karpen,3
sex-determination,3
ando,3
isy,3
reintegration,3
dhimitrios,3
argives,3
estrange,3
5.72,3
yr2,3
ascended,3
338(2a,3
fmn,3
£70,3
subsumes,3
anthias,3
sub-meters,3
borneo,3
jutras,3
areyouavble,3
alias,3
endosymboisis,3
file/directory,3
befell,3
thumbnails,3
baba,3
a-b+,3
vac,3
fearn,3
α2,3
annular,3
40kv,3
handsomely,3
generazione,3
immunoreactive,3
coeliac,3
seghi,3
deceives,3
heineken,3
10-3,3
υr,3
curled,3
humbles,3
tranquilisers,3
2.54,3
zalta,3
pre-charge,3
vogler,3
appoints,3
non-national,3
bolsters,3
prynne,3
legalize,3
c8,3
chillingworth,3
in-servants,3
of.,3
glomeruli,3
therrien,3
admiral,3
enumerable,3
wrapt,3
forgetful,3
red-hot,3
compendium,3
ketogenic,3
mdp,3
gunder,3
gurantee,3
zohar,3
reorient,3
qtmarks,3
computable,3
calicut,3
meanest,3
lascivious,3
diagonally,3
bennett-,3
table1,3
hovering,3
recede,3
ornamentation,3
baniyas,3
pompous,3
mirecki,3
stronghold,3
airedale,3
carbon-oxygen,3
tutelary,3
neo-liberalist,3
perea,3
boa,3
-20,3
holborn,3
untransformed,3
dyadic,3
knarr,3
terroirs,3
hourglass,3
blameworthy,3
courtyard,3
unrealisable,3
peaches,3
learnable,3
30-50,3
phe,3
chalkland,3
spokes,3
euboia,3
poljak,3
kea,3
milf,3
$7,3
trustor,3
hypotensive,3
argolid,3
air-water,3
200ºc,3
β-lactoglobulin,3
migrates,3
safranin,3
_____________________________________________________________________________definitely,3
sunderland,3
wrested,3
mother-child,3
rojas,3
imprudent,3
overstimulation,3
feuding,3
laborans,3
35-40,3
inquietud,3
pscs,3
addison,3
bidentate,3
funnelled,3
synthetically,3
bromoisobutyryl,3
borcherds,3
polyphagous,3
noodle,3
m74,3
restates,3
triumphing,3
ed.2d,3
1(1)(d,3
magraw,3
worming,3
post-sea,3
p.241,3
multiplicities,3
response)brand,3
stoneham,3
wardship,3
crushes,3
sont,3
periodicity,3
monophylum,3
·globe,3
·motifs,3
slh,3
perturbations,3
corylus,3
spurns,3
convened,3
award-winning,3
scrambling,3
tuareg,3
30-300cfu,3
co-operated,3
sleeper,3
spurlock,3
chiltern,3
fluoridation,3
shinto,3
rescript,3
fabullus,3
maidens,3
awkwardness,3
lebeck,3
2003:158,3
styx,3
organization-focused,3
force-extension,3
2002:46,3
skid,3
10-30,3
eq.2,3
geographers,3
iwm,3
weeders,3
seeded,3
isogenic,3
gbagyi,3
seaweed,3
μm,3
sterck,3
beards,3
adair,3
3.63,3
flinn,3
1780-1840,3
disentangled,3
37.2,3
rinsing,3
untrusting,3
subscapular,3
self-controlled,3
hovde,3
rugs,3
homans,3
yore,3
roperal,3
in-,3
stereotypic,3
certiorari,3
goodall,3
intelligently,3
.9,3
barnet,3
heritability,3
9.14,3
benefits/detriments,3
zygotes,3
piłsudska,3
wwi,3
mcwhirter,3
diamorphine,3
technicality,3
nr,3
micro-nutrient,3
greyish-white,3
aries,3
mchale,3
non-medical,3
in-room,3
birks,3
eucharist,3
non-molestation,3
ostentatious,3
belittles,3
lyotard,3
avidan,3
sherer,3
hiroshima,3
reversions,3
travel-motive,3
archaeal,3
oyama,3
envisioning,3
gl2,3
phagosomal,3
pp.22-23,3
aloft,3
honorific,3
chlorambucil,3
chronologies,3
tamás,3
stork,3
iatrogenesis,3
faliure,3
godliness,3
time-specific,3
fireplace,3
hsieh,3
cpb,3
un-burnt,3
concubines,3
wh-,3
slammed,3
poissonades,3
low-quality,3
fifty-four,3
decontamination,3
canseco,3
exclaim,3
blowhole,3
wachtel,3
q=,3
swaying,3
blanks,3
150l,3
quickening,3
swank,3
wh-questions,3
kohlberg,3
pmma,3
hypodermic,3
"f(1,90",3
subdural,3
invigorating,3
redeveloped,3
stay-at-home,3
spironolactone,3
asunder,3
supercharging,3
chisholm,3
dominican,3
1/|ε(y)|,3
subchondral,3
apropisco,3
recantations,3
mc(y,3
sculptors,3
protrusion,3
salons,3
parfait,3
"garch(1,2",3
neoplasms,3
psychopathy,3
faludi,3
energetics,3
blunted,3
anxiolytic,3
behaviouristic,3
myles,3
schutz,3
blissful,3
self-select,3
irf,3
specie,3
determinedly,3
thieving,3
dipping,3
chides,3
guio,3
attentiveness,3
exploiters,3
micheal,3
-log,3
recreates,3
pre-set,3
remissions,3
demineralisation,3
temp-,3
epmr,3
whorls,3
rapporteur,3
titmuss,3
scrofa,3
auty,3
0.84,3
enquires,3
uncaused,3
raffleisa,3
o1,3
vectorial,3
ulman,3
word-association,3
ephesians,3
tersely,3
lapper,3
p.396,3
plate-fin,3
1.92,3
leviticus,3
chew,3
tweaked,3
folklores,3
buzul-ul-raheem,3
81(3,3
ratifying,3
scannell,3
bully,3
tchamba,3
teson,3
immoraliste,3
consoled,3
errant,3
co-prosperity,3
olav,3
yoichi,3
epicondyle,3
lynne,3
kempler,3
macrocharcoal,3
pp.278-9,3
gunter,3
pitts,3
hintock,3
westernmost,3
fanning,3
microcephaly,3
strays,3
bureaucratism,3
figure.3,3
overhear,3
menshevik,3
congresses,3
hamers,3
ltv,3
narratee,3
schanzer,3
anti-virus,3
arevalo,3
crossbow,3
jour,3
cumbria,3
campfire,3
beeps,3
aliasing,3
mu,3
italy140,3
chcl,3
ugandan,3
20mmoldm,3
reg.14(2,3
1377cm,3
paracoccus,3
telescopes,3
evenness,3
plums,3
-12s,3
fiance,3
bmg,3
table#s,3
bréchon,3
leftwitch,3
convencida,3
-6m,3
bever,3
perestroika,3
lois,3
1990-1997,3
haemophilia,3
spawn,3
two-step,3
stabling,3
niva,3
yersinia,3
oxy.1381,3
ecoli,3
chromophore,3
200th,3
70:30,3
cyclised,3
merrimac,3
prsp,3
grindal,3
coren,3
s-drc,3
shantytowns,3
ghettos,3
anti-terrorist,3
reformationstheorien,3
preneuron,3
implausibility,3
danny,3
"2,300",3
ddr,3
ohnuki-tierney,3
many-sided,3
paralyzed,3
perturb,3
11-49,3
fearon,3
2003:67-73,3
eo]+b,3
trinucleotide,3
nα,3
solidifies,3
drags,3
9.3.1,3
colonnades,3
vistas,3
water-use,3
vanquish,3
15ma,3
well-lubricated,3
£4.7,3
tinus,3
blacked,3
administrated,3
06.01.2004,3
4.07,3
ccu,3
hydrocarbon,3
onomatopoeia,3
fan-out,3
directx,3
jpegs,3
rejoining,3
nulling,3
dla,3
irt,3
log-profile,3
moribund,3
:15,3
helvidius,3
p149,3
paetus,3
digress,3
criminalised,3
basildon,3
self-correction,3
recounting,3
inconclusiveness,3
ellickson,3
rims,3
dietetic,3
rosenkoetter,3
openoffice,3
gairdner,3
taphu,3
flynnal,3
tulenko,3
plinth,3
exculpatory,3
optodetector,3
merridale,3
weeded,3
parrish,3
girlish,3
wilmington,3
trial-and-error,3
grigson,3
frumious,3
senna,3
miner,3
cranberry,3
±1.0v,3
pseudo-velocity,3
dampener,3
us$-denominated,3
cider,3
constant-returns-to-scale,3
proscribing,3
welfare-regime,3
immaculately,3
fattening,3
sasakia,3
b(t,3
moister,3
thought-,3
directly-elected,3
opulence,3
counteracting,3
ressources,3
dirdest,3
blueandgoldfleet,3
eco-lodges,3
rrg,3
datta,3
collider,3
changeability,3
chanted,3
cantantabawr,3
hoteliers,3
safaris,3
phishing,3
bredren,3
joint-venture,3
rejuvenate,3
clamshell,3
depolarised,3
fractionally,3
alluring,3
pedals,3
keine,3
self-assertion,3
tucked,3
prospectively,3
can/could,3
0°,3
3.2.4,3
recherches,3
vidal,3
c(a,3
elicitor,3
sarkar,3
harmonizing,3
p115,3
1000mbar,3
mono-bromo,3
headstones,3
straps,3
relived,3
persecutors,3
ralswiek,3
purpose-built,3
p256,3
sinfulness,3
spectrograms,3
defocus,3
carious,3
henikoff,3
l.397,3
bleaker,3
struct,3
glycosides,3
irresponsibly,3
rubus,3
p584,3
θ1,3
0.25mm,3
clair,3
perrons,3
educacion,3
contextually,3
pnac,3
intercostal,3
perfectible,3
yearn,3
268-295,3
penetrance,3
breast-fed,3
plymouth,3
bluntness,3
pressure-volume,3
61-62,3
poignancy,3
sparkling,3
whistling,3
melancholia,3
preténdeme,3
couplard,3
salvagings,3
suskin,3
sketching,3
5.2.5,3
inane,3
laf,3
amytrophic,3
mgso,3
eavesdropping,3
demo,3
semi-peripheral,3
abides,3
voluntariness,3
closures,3
variably,3
rolle,3
monopolization,3
7.10,3
defiled,3
v=0,3
recoded,3
over-all,3
φa,3
h2004,3
halil,3
cruden,3
breath-freshening,3
workhouse,3
pre-exponential,3
ln(a/c,3
acceptably,3
double-digit,3
director)-,3
comninos,3
frigenti,3
thirty-one,3
sergei,3
unassailable,3
employer-employee,3
car-park,3
globalism,3
flanks,3
panellist,3
entreaties,3
addison-weasley,3
carabajal,3
boronic,3
97.5,3
ppg,3
corbitt,3
pretense,3
freedmen,3
extractor,3
capac,3
non-inca,3
back-donation,3
extenders,3
mosque,3
p(α,3
flamed,3
zwitterionic,3
leafs,3
panoramic,3
plankton,3
sorex,3
lawmakers,3
reweighed,3
3-burette,3
internode,3
mcferran,3
lxviii,3
rosenmeyer,3
sympathisers,3
rescues,3
pre-agricultural,3
go-ahead,3
dolls,3
"£12,000",3
placeorder,3
carcinogenic,3
streptavidin-peroxidase,3
canceling,3
1999:119,3
unsettle,3
preheated,3
.102,3
142.0,3
máximo,3
male-biased,3
tightrope,3
ground-nesting,3
mildred,3
baits,3
photometer,3
0.031,3
gefen,3
waist-hip,3
descola/1996,3
bakers,3
porkies,3
euler-lagrange,3
cognitive-behaviourists,3
fast-paced,3
hypothesising,3
rung,3
entitles,3
fulvus,3
p.400,3
carpenteral,3
tbars,3
φ(-π,3
plasticisers,3
mondadori,3
2003-4,3
mandelbrot,3
organizationally,3
disqualifies,3
outbreeding,3
stipulating,3
teats,3
god-fearing,3
paraskeva,3
memos,3
yowana,3
rôle,3
encoders,3
evermore,3
skidded,3
ruts,3
prospectus,3
undeserved,3
3.17,3
temperance,3
lajer-burcharth,3
kohonen,3
hydroponically,3
flashbacks,3
uninhibited,3
stream-of-consciousness,3
adverb,3
caredata,3
alvensleben,3
seducing,3
closets,3
stallings,3
entrainment,3
likeminded,3
schippers,3
flexures,3
fungicidal,3
back1,3
overestimating,3
allergen,3
tinbergen,3
ß-blockers,3
16-20,3
kibbutzim,3
grunwell,3
antiochus,3
unrelieved,3
hno,3
botanist,3
smog,3
sherwin-white,3
inscribe,3
anticholinergic,3
relegating,3
klee,3
genocides,3
arvensis,3
cactoblastis,3
cesare,3
tortillas,3
shogun,3
audrey,3
haw,3
itinerario,3
bigsten,3
society-,3
thermocycler,3
kage,3
pre-determiners,3
sybr,3
tigresses,3
dati,3
indemnify,3
poggio,3
lefever,3
isabella,3
tennyson,3
turley,3
15.5,3
reichal,3
breech,3
spin-outs,3
heyday,3
rosenhan,3
maleuvre,3
socio-culture,3
v-angle,3
nephews,3
wfoes,3
courteous,3
convertibles,3
σb,3
over-riding,3
valentín,3
insurers,3
no.6,3
calgary,3
trna,3
holoclones,3
routinisation,3
de-stabilising,3
wedgwood,3
refreshingly,3
gallup,3
mandela,3
marrink,3
sub-systemic,3
trilateral,3
hamleys,3
underfeeding,3
ofcourse,3
crescent,3
reproductions,3
drooping,3
graduating,3
sakuraba,3
bians,3
parmalat,3
visuospatial,3
ramsay,3
hornbrook,3
hx2,3
well-functioning,3
1:2,3
playfulness,3
morel,3
oracles,3
animism,3
foreclosure,3
potts,3
brah,3
parmenter,3
enroll,3
misshapen,3
kg/m³,3
evinced,3
trespass,3
"75,000",3
46-47,3
high-point,3
crimson,3
receptionists,3
reassures,3
10.1002/14651858,3
sharpless,3
dearest,3
golfers,3
populate,3
willett,3
walkways,3
bodyweight,3
leveraged,3
different/same,3
/*turn,3
§2,3
destinies,3
tropopause,3
extinguishers,3
menhawl,3
re-open,3
damned,3
crenshaw,3
hydrodynamic,3
crafter,3
orgy,3
délégué,3
convene,3
bayneyal,3
80.7,3
apoe,3
co-relation,3
nncc,3
myofibrillar,3
vol.27,3
sex-specific,3
1995:1,3
45°c,3
hoston,3
x=25,3
hoogvelt,3
p.272,3
buzzing,3
rubidium,3
alvin,3
buergersfrau,3
recurs,3
constitutionalism,3
henning,3
blastic,3
sub-rectangular,3
p.350,3
smokescreen,3
penchant,3
delinquents,3
rehabilitations,3
placeresponse,3
supplanted,3
out-servant,3
navies,3
1.4.1,3
planimeters,3
tranquil,3
uproot,3
characterizations,3
mockingly,3
p0.5,3
8+4+2+1=15=f,3
outgrown,3
extensometers,3
liter,3
overshooting,3
travaux,3
sulci,3
spinothalamic,3
nber,3
0x0a4,3
-system,3
asia-,3
sumit,3
lensing,3
seltzer,3
conjunctures,3
m-psk,3
fueling,3
vhd,3
madeira,3
gasquet,3
grandin,3
p547,3
popery,3
cyanobacterial,3
inserts,3
germain,3
preschoolers,3
waterson,3
yd,3
gillick,3
zwinglianism,3
dreamtime,3
neurospora,3
topping,3
non-combatant,3
interglacials,3
amino-acids,3
brigitte,3
naz,3
fsh,3
υ(cn,3
w+,3
12d,3
romano-british,3
kavka,3
debug,3
dependants,3
product/,3
sandler,3
ddr2,3
murshed,3
catalyzes,3
setter,3
principal-agent,3
synthesize,3
pfaff,3
4cm,3
pre-processor,3
sian,3
phillipsal,3
airbus,3
carpentry,3
15-year-old,3
cachet,3
manometers,3
nephrotic,3
ccf,3
0.143,3
199-200,3
insuring,3
companionate,3
0.000254,3
dextrose,3
2.9kg,3
nanotech,3
arendt:1994:233,3
ln(z,3
gravamina,3
tumorigenesis,3
liedenbrock,3
fundoscopy,3
medians,3
verloren,3
mutuality,3
torres,3
p427,3
prototyped,3
interjections,3
recognisably,3
4.21,3
crockett,3
sbcontroller,3
capital÷sales,3
seduces,3
arnett,3
strcmp(rating,3
strcmp(amount,3
"f(1,38",3
xnoruhlr,3
jf,3
scalars,3
freudenthal,3
garcia-lunaal,3
basham,3
resets,3
reordered,3
ascilto,3
rowan,3
unfitting,3
impracticable,3
rebutting,3
directorates,3
£16.80,3
otoacoustic,3
lebanese,3
1995a,3
insecure-disorganised,3
inactions,3
kits,3
pfi,3
sickly,3
envisioner,3
flirting,3
globus,3
10.7,3
urriza,3
attlee,3
overyielding,3
baptised,3
premalal,3
ecia,3
jh,3
superiorly,3
pinnule,3
lacklustre,3
irreplaceable,3
1999:310,3
co-editions,3
cirrostratus,3
carrott,3
keenness,3
raindrops,3
pagel,3
baselines,3
unsupported,3
firth-cozens,3
extensible,3
bib[c,3
vitols,3
gregorian,3
jang,3
itta,3
ethanolic,3
columnist,3
quarles,3
theistic,3
disseminates,3
19.6,3
puttick,3
rightward,3
elated,3
bought-in,3
sponsorships,3
0.2mm,3
eliáš,3
polarisable,3
donor-acceptor,3
33-45,3
set-,3
:3,3
£145,3
vanilloid,3
odourants,3
ostracized,3
ginsburg,3
va,3
2004:177,3
eugell,3
glucose-6-phosphate,3
fusions,3
miami,3
1999:9,3
μ-values,3
1997a:17,3
symplectic,3
sedenion,3
aers,3
configuring,3
kalitsis,3
practicability,3
hdl,3
kamhi,3
1997:67,3
kh,3
lrni,3
2004:12,3
1984:271,3
wholegrain,3
defected,3
eighty-two,3
vacate,3
50°,3
hydrolyses,3
metabisulfate,3
1995:7,3
chameleon,3
spermatheca,3
volker,3
ladby,3
clinker-built,3
sondrol,3
accolades,3
-s,3
kwang,3
feign,3
engulf,3
conidia,3
methogen,3
emissary,3
100×,3
cytotoxin,3
m29,3
hemifield,3
fuming,3
lmx1b,3
ammerman,3
cardio,3
revalue,3
self-inflicted,3
lactoferrin,3
ph6,3
redirecting,3
300ml,3
13kg,3
4g,3
comb,3
elicitation,3
eerie,3
helios,3
monstrosity,3
dwarfed,3
messenia,3
swordfish,3
pre-frontal,3
1.2.5,3
w2,3
mourners,3
carrol,3
gallic,3
loyally,3
guattari,3
fatness,3
xx,3
roques-carmes,3
minter,3
randsborg,3
bilhah,3
swine,3
bitten,3
alsop,3
commander-in-chief,3
pp.1-2,3
locked-rotor,3
série,3
epigram,3
preaches,3
discretely,3
heartless,3
·maxhom,3
redolent,3
unshakeable,3
hecht,3
bearable,3
diphenyldichlorosilane,3
time-of-flight,3
1999:147,3
mitsunobu,3
p116,3
quinine,3
electrophile,3
orthographically,3
timelines,3
dantas,3
nepos,3
wadjet,3
dampened,3
rendition,3
postdeterminer,3
cost-efficiency,3
nes,3
pylons,3
millimeter,3
lick,3
iguana,3
copa,3
bate,3
particularise,3
"6,7",3
pedder,3
post-test,3
vinification,3
choruses,3
mercilessly,3
simple-minded,3
readier,3
rampage,3
gabon,3
calu-3,3
polydorus,3
snare,3
peterloo,3
morden,3
gönczy,3
p.549,3
adversative,3
categorizes,3
roemer,3
1994:5,3
6-day,3
australians,3
arbitrate,3
over-zealous,3
incites,3
80mm,3
microbiologically,3
teasing,3
boyfriends,3
zacatecas,3
runners,3
p.570,3
detriments,3
judicature,3
schnabel,3
baroreceptors,3
disbenefit,3
non-probability,3
eves,3
thorax,3
cossacks,3
2.489,3
vasodilatation,3
sparsely,3
biloxi,3
b+,3
underfoot,3
icr,3
alluviation,3
häseral,3
enfants,3
cheque,3
27mm,3
pre-surgery,3
restrictor,3
reintermediation,3
iron=620mpa,3
cigarrette,3
subsisting,3
mighall,3
geist,3
proportioned,3
duc,3
re-establishment,3
2mg,3
misconstrued,3
crouching,3
yoked,3
maddened,3
guenons,3
avulsion,3
v8,3
2f,3
pp.6,3
substrate-filled,3
diazepam,3
careco-morbidity,3
bendrofluazide,3
ultrasonics,3
eus,3
kukdong,3
wincott,3
a27,3
leukocyte,3
monosyllables,3
65-66,3
hernán,3
inscribes,3
gouty,3
masculinisation,3
actaeon,3
breeches,3
agri-environmental,3
carrion,3
ismene,3
subclasses,3
neo-liberals,3
out-dated,3
1921-1939,3
1918-1939,3
re-excavated,3
syntax-semantics,3
scriptura,3
sub-contracting,3
saddened,3
pitkin,3
realness,3
homeownership,3
fatality,3
traverses,3
jeongsukal,3
externalisation,3
narrow-minded,3
volts/div,3
non-extended,3
self-overcoming,3
congregations,3
fortis/lenis,3
co-founder,3
bybee,3
p.355,3
fossilisation,3
bacteria-like,3
meer,3
things-in-themselves,3
pp.2-3,3
graceful,3
pontiacs,3
horwitzal,3
transferrin,3
selwyn,3
repurchased,3
groping,3
heilig,3
small-bodied,3
curling,3
winterborne,3
inhales,3
afternoons,3
irrespectively,3
demonstrably,3
hdi,3
shilling,3
"£3,000",3
triumvirate,3
pilsudski,3
snaring,3
debriefed,3
catalyze,3
durbin-watson,3
negritude,3
carnivalesque,3
fabled,3
inter-community,3
waster,3
extra-articular,3
frosties,3
her/his,3
interactively,3
plantago,3
semi-detached,3
einaudi,3
pontifex,3
rum,3
wreaked,3
prasad,3
loved-one,3
risotto,3
08/05/2006,3
dyslexic,3
prescence,3
tinker,3
h*,3
zi,3
hustle,3
1)the,3
interjection,3
bowsher,3
ranson,3
alistair,3
p.330,3
veseth,3
pft,3
redrafted,3
otolemur,3
objectiveness,3
sramek,3
mahkamat,3
luteefut-oon-nissa,3
2002:19,3
chubby,3
mediary,3
paula,3
p.378,3
nepers,3
datapoints,3
gallia,3
p352,3
craik,3
multi-agency,3
decanoate,3
actioned,3
strangulation,3
non-targets,3
fellow1,3
tool-making,3
rosengren,3
e-shop,3
shaver,3
rc-4,3
paidavailability,3
nutritionist,3
friars,3
placesensor,3
thawed,3
centreline,3
wagnerian,3
semanticity,3
haughton,3
p0.4,3
lucio,3
omni,3
saturdays,3
bpo,3
p.421,3
smc,3
crost,3
alpert,3
man/woman,3
e/c.12/q/sud/1,3
executor,3
maternalism,3
ledgers,3
"10,000bp",3
lafree,3
secede,3
94/308,3
irc,3
10º,3
farrowing,3
q(c,3
headband,3
unnaturally,3
linton,3
pendle,3
weariness,3
bishkek,3
is-curve,3
p262,3
fascinatingly,3
pp.177-193,3
"f(2,90",3
mashed,3
male-oriented,3
cambodian,3
factortame,3
orchards,3
acceptant,3
eutectic,3
climactic,3
δ¹³c,3
35-74,3
cannons,3
shalt,3
iaea,3
pluronics,3
biasness,3
cyp450,3
1-1.5,3
isoflupredon,3
vol.17,3
glean,3
guiacol,3
traj,3
retroactive,3
sub-class,3
non-utilitarian,3
wanyama,3
9.3.2,3
abdication,3
panamanian,3
p.382,3
homozygosity,3
commodified,3
glimmered,3
gregorio,3
3p,3
21x2theta,3
steeples,3
tyndall,3
slimness,3
colonism,3
alms-taker,3
procreative,3
havelkova,3
1º,3
parliamentarian,3
bowmaker,3
leapfrog,3
pinatubo,3
dieing,3
stench,3
anti-imperialist,3
freezable,3
glysine,3
culprits,3
machado,3
politicized,3
pendants,3
tetragonal,3
7i,3
phosphorylate,3
384ei,3
pleonasm,3
mk1,3
3.46,3
2(14,3
§481,3
hadfield,3
comparability,3
3.10,3
publick,3
dissociating,3
rs25,3
trb,3
ligand-receptor,3
glucuronide,3
bonwetsch,3
grasps,3
2001:238,3
4c,3
self-advancement,3
radicalising,3
new-found,3
quark,3
armistice,3
earlobe,3
fenton-o,3
y=yield,3
illimitable,3
montes-negret,3
bots,3
nunziata,3
wage-setting,3
floorobeam,3
myspace,3
reordering,3
stansted,3
2*pi,3
faltered,3
eccp,3
waitroses,3
pejoratively,3
brinell,3
two-layer,3
barbary,3
5.9,3
technologists,3
herpes,3
raptorial,3
tsukuba,3
same-,3
14°,3
microartefactual,3
thundercloud,3
pararhyme,3
2004:128,3
£35,3
laïs,3
wilt,3
εf,3
bipod,3
1997:72,3
irradiate,3
open-field,3
curfew,3
recycles,3
0.43,3
projet,3
laymen,3
madam,3
sbchar,3
repubblica,3
rst,3
imprecision,3
bruker,3
tppm,3
edu/archives/spr2004/entries/legal-obligation,3
reopened,3
gouge,3
perfumed,3
place/distribution,3
run-out,3
photoreceptors,3
guanylate,3
stl,3
stumbles,3
extramarital,3
feldner,3
thody,3
myocardium,3
bordieu,3
rainer,3
colourlessness,3
können,3
kam,3
anderen,3
four-carbon,3
problematised,3
25µm,3
lans,3
ybeu,3
spoofing,3
lincolnshire,3
sergeant,3
resale,3
wandered,3
m-,3
24/7,3
10minutes,3
conversant,3
0.02m,3
calles,3
newsnight,3
haffenden,3
1(see,3
antennas,3
lumbering,3
foxe,3
urinate,3
völker,3
aman,3
scalability,3
walled,3
typological,3
kiefer,3
reel,3
tpr,3
laurel,3
sporangia,3
pew,3
ting,3
runner,3
peonidin,3
birger,3
peneios,3
wave-of-advance,3
indice,3
eoc,3
winnet,3
bulk-buying,3
coolant,3
newsworthy,3
1:4,3
rainfed,3
disempowering,3
jigsaw,3
schur,3
productivities,3
tni,3
spontaneous[ly],3
tue,3
trisb,3
¹,3
fresco,3
welds,3
tresca,3
interchanged,3
suburb,3
decodes,3
$4000,3
consecration,3
tholoi,3
unquestioning,3
hatherly,3
6.2.1,3
e=5,3
skillfully,3
storylines,3
tbt,3
rightist,3
oleds,3
striped,3
barbour,3
dipeptides,3
iridium,3
evatt,3
mna+,3
nitrogens,3
crain,3
63(2,3
mcclean,3
amends,3
montellano,3
centromere/kinetochore,3
seditious,3
andrewes,3
strummbach,3
breuilly,3
cots,3
latencies,3
kerckhoff,3
qtr,3
awaken,3
£11428.5,3
masquerading,3
x=4,3
0.34,3
τxz,3
a12,3
seinem,3
jetzt,3
angulated,3
unencumbered,3
p164,3
bis-ligand,3
sojourner,3
pygmaeus,3
t-amyl,3
undercoat,3
benzie,3
ampulla,3
pigra,3
benzaldehyde,3
knock-out,3
slanted,3
p.669,3
3/52,3
shriek,3
sideways,3
"3,700",3
actuate,3
rachels,3
fee-paying,3
414bc,3
squat,3
cataclysmic,3
mott,3
"2,5",3
1990´s,3
resuming,3
brokerage,3
control-,3
sinangil,3
livewire,3
baloglu,3
relph,3
1550-1750,3
garnish,3
wee,3
hahn,3
hollows,3
outlays,3
diffusionism,3
verbatim,3
credo,3
distraught,3
desiccated,3
schlegel,3
p233,3
urbanization,3
bertil,3
2x2x2,3
peer-reviewed,3
schabas,3
apologising,3
thiophenol,3
ar-c123196,3
cookers,3
stooping,3
expedite,3
hopwood,3
guinn,3
hiking,3
non-empirical,3
free-response,3
insulted,3
personas,3
pg.16,3
uni-lateral,3
draw-twisting,3
buckmaster,3
lateral-anterior,3
condensers,3
make-ups,3
promissory,3
goldberger,3
holtzapple,3
assaying,3
fugitive,3
harpoon,3
"110,000",3
over-emphasising,3
groan,3
80.2,3
re-tool,3
twinkle,3
grandes,3
regionalist,3
freyes,3
affectation,3
scansion,3
denationalisation,3
etruscan,3
intrigues,3
extrovert,3
stiffens,3
plurals,3
home-start,3
forbear,3
kaluli,3
soto,3
antilles,3
doalty,3
grinds,3
impious,3
hoarseness,3
lecherous,3
hippel,3
eurozone,3
hem,3
tolerates,3
submissiveness,3
adiemantus,3
self-organisation,3
raked,3
doreen,3
tns,3
ruinously,3
occurances,3
paraded,3
jarring,3
h5n1,3
verma,3
reallocate,3
trickle-down,3
cervix,3
honeycomb,3
rakocy,3
balkan,3
sperms,3
treggiari,3
sympathises,3
cruciate,3
spondylosis,3
clausewitz,3
x-linked,3
snug,3
pre-clinical,3
death.,3
lidless,3
essentialising,3
p.278,3
robyn,3
8.8,3
wadi,3
p.533,3
paws,3
life-giving,3
gluconeogenesis,3
injects,3
vegan,3
stalks,3
rostellum,3
derision,3
incompatibilist,3
adrastus,3
neurotransmission,3
spiro,3
undocumented,3
lacunar,3
self-definition,3
belch,3
dormice,3
adduction,3
charlie,3
gauged,3
8/500,3
changeover,3
archaebacterial,3
flightless,3
state-funded,3
feltmate,3
u937,3
2006:2,3
vortex-amplifier,3
parkinsonian,3
re-plated,3
armax2,3
baumrind,3
prozac,3
idc,3
"1,700",3
tnf,3
diani,3
marshal,3
sertraline,3
cracraft,3
labile,3
"3,750",3
iano,3
stickney,3
tees,3
twitching,3
10-bit,3
arion,3
enzyme-linked,3
warfield,3
toddler,3
companies-,3
corbet,3
short-distance,3
lenoir,3
doulton,3
160cm,3
soes,3
cardiothoracic,3
e/m,3
hordeum,3
salesmen,3
endothelium,3
defecate,3
schorer,3
acrocentric,3
double-think,3
galagonidae,3
verbalising,3
tourisme,3
pre-accession,3
backslab,3
lt,3
5.1.3,3
four-star,3
acid/base,3
ottakars,3
printsummary,3
3-cycle,3
obsessional,3
ssri,3
natasha,3
triphosphates,3
moshe,3
boroughs,3
geometers,3
inactivating,3
9.743,3
3.464,3
ocr,3
re-write,3
complexing,3
p280,3
bimolecular,3
lem,3
talus,3
exude,3
photographed,3
hilson,3
tapetum,3
lanterns,3
rauch,3
snapshots,3
findlay,3
polydispersity,3
1998:325,3
1987:191,3
1.04,3
cftc,3
balance-of-payment,3
2004a/b,3
playback,3
londoner,3
smallbone,3
2003:4,3
re-territorialization,3
stepmother.16,3
scholes,3
corticospinal,3
disheartening,3
campodonico,3
pseudo-profit,3
carphone,3
auletris,3
tabun,3
beerli,3
1925-1939,3
attb,3
endonuclease,3
heteroduplex,3
aymara,3
atmega8,3
einmal,3
front-,3
ihren,3
rbv,3
downtrodden,3
2003:37,3
chae,3
pki,3
minutesblanched,3
non-competitive,3
reg-cellulose,3
b-cell,3
ageostrophic,3
40μm,3
broadcasts,3
bogeyman,3
sho,3
winder,3
toril,3
narrow-mindedness,3
enviable,3
synkrisis,3
1991:40,3
hossain,3
daruwalla,3
postcode,3
lehman,3
quitting,3
hbsw,3
l-shaped,3
hsab,3
2005:2,3
skully,3
preservative,3
benzoate,3
tarnishing,3
gustatory,3
criminalize,3
reconnected,3
7-,3
pixie,3
clientes,3
stereoselective,3
antitheses,3
deliverer,3
immunologic,3
concentrators,3
semaw,3
co-activators,3
lanham,3
chia,3
anodes,3
microstructures,3
one-day,3
deprotonated,3
dich,3
non-randomly,3
unter,3
gpr,3
x=,3
isdn,3
05/12/04,3
radiused,3
/l,3
kline,3
alfredo,3
ns/m,3
asme,3
silvered,3
easterners,3
oregon,3
poore,3
obliging,3
fished,3
armoury,3
skinfolds,3
a-g,3
ramification,3
sub-county,3
e3e,3
p.364,3
diabolism,3
2003:10,3
devalues,3
intersystem,3
otitis,3
erg,3
layed,3
paraphasia,3
p(1,3
times)oct,3
lindsell,3
under-reported,3
bly,3
loba,3
r(p,3
dives,3
petters,3
forefather,3
datatrak,3
det,3
flavoured,3
kampf,3
dis)contents,3
cadres,3
maclay,3
jungen,3
08/04/05,3
wyndham,3
modula-2,3
representativeness,3
dushanbe,3
exsys,3
2β,3
hendriks,3
newness,3
x8,3
hippolyta,3
psu,3
chung-yan,3
a.2,3
foci,3
fahrenheit,3
virtuousness,3
baldock,3
amossen,3
usufruct,3
nos,3
mcdonaldisation,3
aram,3
0.38,3
lower-cost,3
p.327,3
overstates,3
isa,3
foraminifera,3
sublist2,3
similar-sounding,3
seale,3
apa,3
factsheets,3
ratify,3
swarms,3
floats,3
orthographical,3
senecio,3
gunther,3
treeless,3
categorizing,3
kapur,3
anti-union,3
nyman,3
blueshift,3
lecturing,3
penrose,3
g/kg,3
720-690cm,3
electro-magnetic,3
weigand,3
vestal,3
anti-matter,3
3.6.2,3
anaphorically,3
speak(8,3
pulsation,3
transesterification,3
ailing,3
brisbane,3
non-local,3
25-55,3
re-negotiation,3
castillo,3
finalized,3
persevere,3
atrophied,3
p.474,3
e-credit,3
börzel,3
milkuht,3
roll-up,3
bendana,3
followingly,3
15-17,3
balot,3
spits,3
19-22,3
astaire-rogers,3
130-131,3
indented,3
tachyarrhythmias,3
gravestones,3
cristie,3
fullagar,3
macrobius,3
scruttons,3
pris,3
daltons,3
a-module,3
night-time,3
shrunken,3
semi-automated,3
cross-linked,3
21.3,3
warranties,3
photocathode,3
surety,3
back2,3
-ea/r,3
wine-dashed,3
premeditated,3
rompre,3
3o+,3
seine,3
debacle,3
korten,3
‡,3
dont,3
poetica,3
pasteurizing,3
superfluousness,3
p.488,3
$60,3
debt-gdp,3
heidelbergensis,3
qafzeh,3
hundert,3
soanes,3
ultrashort,3
homonuclear,3
recant,3
pp.14-15,3
spinsight,3
part-whole,3
1860-1914,3
non-neutral,3
bares,3
wordy,3
overloading,3
sunbathing,3
well-mixed,3
dichromate,3
re-distribution,3
λ1,3
-30,3
time-independent,3
fenwick,3
extraterrestrial,3
caldart,3
p173,3
wallertheim,3
hofstede™,3
masterful,3
congestion/,3
parallelisable,3
wiszubski,3
k+1,3
tower-like,3
cautioned,3
rc211v,3
hurtling,3
youthfulness,3
handl,3
hippopotami,3
subsidence,3
jumble,3
combats,3
havens,3
non-agricultural,3
ayios,3
scoop,3
qh2,3
hangover,3
bras,3
repertory,3
impreza,3
depleting,3
forwards2,3
nissenbaum,3
sub-layer,3
halaas,3
thyroxine,3
cosimo,3
weavers,3
hellenic,3
polarize,3
emulsified,3
irreligious,3
taggart,3
alehouses,3
ahumada,3
creevy,3
demerit,3
gerris,3
7.1.3,3
luft,3
snatching,3
cmf,3
ratner,3
klime,3
registry,3
fobbed,3
hyperuricaemia,3
lignocaine,3
avce,3
mitch,3
coincidences,3
disassembled,3
re-organisation,3
submersed,3
papadopoulou,3
vampire,3
meansnn,3
smooth(2,3
withers,3
amzc,3
enterovirus,3
symonds,3
10k,3
rationalists,3
pain-free,3
crouched,3
steelwork,3
dorsi,3
whatman,3
infarctive,3
wpa,3
kurz,3
setups,3
ganglion,3
dignitas,3
pities,3
chattel,3
400mcg,3
industrialise,3
action-guiding,3
ayhan,3
fishmeal,3
macaulay,3
ripen,3
100c,3
undiagnosed,3
wird,3
hops,3
two-party,3
centre-left,3
semo,3
xo,3
1.45,3
occlude,3
timars,3
p558,3
reaya,3
neuen,3
rodcoil,3
laxity,3
consciousness-raising,3
eluting,3
anker,3
falta,3
non-response,3
meenakshisundaram,3
semi-modal,3
menem,3
-ng,3
pedogenesis,3
glossed,3
anti-whalers,3
phenice,3
rusty,3
clayey,3
michal,3
marquardt,3
short-listed,3
theoretic,3
amass,3
melissus,3
ingle,3
2bro,3
quotients,3
fixer,3
pyrethrins,3
soilless,3
2003:127,3
solarization,3
lectin,3
ppgpp,3
culturing,3
nayereh,3
20min,3
ruiz-garcia,3
balsamina,3
team-mates,3
retaliatory,3
fierro,3
every-day,3
serpents,3
pre-op,3
dispenser,3
$10000,3
vasculitis,3
recirculated,3
anti-suffragist,3
orientalizing,3
high-grade,3
apologise,3
zewail,3
spillovers,3
periplasmic,3
hmc,3
sleepy,3
over-generalized,3
km²,3
priscus,3
caligula,3
empirics,3
life-style,3
count%10,3
sahara,3
iterate,3
eco,3
keeley,3
1½,3
palestinian,3
cre,3
benoit,3
bridal,3
alemania,3
combativo,3
mems,3
andersonal,3
mb07811,3
poter,3
billowing,3
dyspnea,3
lagerstroemia,3
gradations,3
agro-ecosystems,3
mcloughlin,3
tanasijevic,3
hippler,3
15.50731,3
reiman,3
1990:108,3
complementing,3
bix,3
infeasible,3
gutierrez,3
aryan,3
lisbeth,3
demoralization,3
adders,3
granta,3
ashcroft,3
wirtzal,3
sublimated,3
sotherton,3
20/2/04,3
olympians,3
priestess,3
organochlorines,3
hermeneutics,3
free-roaming,3
problematically,3
tunguska,3
muse,3
lugens,3
26°,3
sylvatica,3
1770s,3
heretical,3
arithmetically,3
ryanair,3
u-turn,3
silicified,3
kelley,3
precinct,3
ojeu,3
outweighing,3
torque=,3
hurled,3
rots,3
bos,3
biggs,3
fund-raising,3
burimamide,3
instanced,3
directorytestsource,3
lancer,3
in-turn,3
§8.73,3
topographic,3
dampers,3
toglia,3
supphellen,3
1945-1990,3
graf,3
task-specific,3
300km,3
schmitter,3
0.033,3
hamster,3
lilly,3
non-gypsy,3
jafferyal,3
decompressed,3
executioner,3
end-to-end,3
social/domestic,3
hairpin,3
phano,3
1.5.1,3
non-europeans,3
ado,3
reps,3
mah,3
radiofrequency,3
perot,3
2000:70,3
cantanzaro,3
locomotives,3
biondi-morra,3
clamour,3
-carbon,3
4),3
anthem,3
tension-reduction,3
declination,3
biped,3
medvedev,3
/min,3
1933-1945,3
hand-made,3
eighty-three,3
guildford,3
dyeing,3
variate,3
p.352,3
1.94,3
arnold/hodder,3
radkey,3
8cm,3
gesehen,3
leukemia,3
piper,3
counterintuitive,3
piss,3
2002:42,3
provost,3
european-wide,3
eavesdropper,3
infighting,3
bimultiplications,3
gods-,3
2001:14,3
electronegativities,3
aci,3
sinθ,3
salpingectomy,3
loft,3
stenstrom,3
pryor,3
shiraishi,3
ordination,3
elusiveness,3
gokstadt,3
anti-treatyite,3
eardrum,3
blip,3
gung-wu,3
return-on-investment,3
petty-bourgeois,3
punk,3
p.319,3
luvic,3
overemphasizes,3
broad-leaved,3
seclude,3
market-enhancing,3
edmondson,3
copyists,3
curator,3
homeostatic,3
lipases,3
theoretician,3
adbhu160,3
non-migratory,3
mezzadra,3
cmbr,3
obstetric,3
women-,3
mucin,3
interconnect,3
unregistered,3
worthington,3
relevancy,3
6023e,3
referee,3
schacter,3
galou,3
internment,3
middle-managers,3
10.65,3
rottländer,3
p(3,3
strong-willed,3
8.7,3
wle,3
bojangles,3
driest,3
brechtian,3
9pin,3
toddlers,3
aqls,3
stretterhawn,3
bluer,3
abstracting,3
causations,3
nonrelativistic,3
sorely,3
profit-maximisation,3
freke,3
dwyer,3
corvino,3
changers,3
sharecroppers,3
chemimix,3
melanque,3
1.5km,3
0099-0700,3
dob,3
anthropomorphic,3
zahedieh,3
callback,3
m(b,3
kenyatta,3
immigrating,3
£48,3
paidinformation,3
p87,3
wason,3
briefed,3
mindedness,3
timidity,3
cinematographers,3
lynda,3
pvemi,3
gramophone,3
horseferry,3
i=2,3
under-representation,3
psa,3
kersley,3
deferring,3
subtext,3
barcelona,3
demigods,3
1919-1939,3
underdog,3
mid-wing,3
amiodarone,3
gymnastics,3
100bp,3
bytesread,3
25/11/2003,3
550-600,3
rigours,3
2003/2004,3
fortitude,3
fairbourne,3
non-directional,3
pre-constructed,3
3cn,3
yield-,3
sufficed,3
appleson,3
pimis,3
reeder,3
figuris,3
diaryl,3
compania,3
strewn,3
3.41,3
loyalists,3
gmb,3
influenzae,3
geo-centric,3
marquis,3
3l,3
thermae,3
annuity,3
0.048m,3
fuge,3
mountainside,3
kallenberg,3
conduits,3
nuwm,3
disconfirming,3
33.6,3
£756,3
constraintsdescription,3
dysentery,3
antigen-presenting,3
insensitivity,3
sub-carriers,3
clerq,3
recto-sigmoid,3
indulges,3
bloating,3
seamed,3
natrass,3
metalinguistic,3
thiazide,3
tran,3
ciliary,3
existentialism,3
cranially,3
clarifications,3
mcgoldrick,3
p128,3
p148,3
guethling,3
owner-occupation,3
portals,3
2000:83,3
navigable,3
segrestin,3
compatriots,3
insee,3
iv.3,3
soskice,3
solows,3
infatuation,3
team-working,3
procreate,3
interproximal,3
dgft,3
personae,3
forseeability,3
scorpion,3
cultivates,3
l.359,3
§23,3
heals,3
l.339,3
litingtung,3
formulisation,3
politi,3
chromatid,3
hypoacetylation,3
4.16,3
sceptically,3
rudely,3
7.13,3
ça,3
diabetesno,3
dionysia,3
pigou,3
neurosurgical,3
37°,3
whole-mount,3
adamantly,3
patient-physician,3
non-quantitative,3
ladylike,3
exasperation,3
bearn,3
elongates,3
quantiles,3
eminently,3
so(2,3
kaonde,3
coalitionary,3
collimating,3
coexisted,3
itwari,3
22(2,3
grosvenor,3
saba,3
trigeminal,3
2x2,3
inarticulate,3
untroubled,3
mythologizing,3
ministère,3
medawar,3
indeterminable,3
cassis,3
bangalore,3
blemishes,3
uncooked,3
pharmacologically,3
pre-family,3
styrofoam,3
gruesomely,3
context-,3
pre-cast,3
non-institutionalised,3
deg(m,3
nazroo,3
reinstatement,3
0.16,3
twenty-fourth,3
juenger,3
functionalisms,3
expectations-augmented,3
corbusier,3
newsgroup,3
methacrylates,3
curley,3
ρph,3
neighbourly,3
intra-hepatic,3
psychopathological,3
loven,3
strangled,3
disassociated,3
up-,3
distention,3
dextrous,3
pre-operative,3
gane,3
neo-,3
rπ,3
revascularisation,3
underived,3
munday,3
semantic-syntactic,3
hyperactive,3
armor,3
obstetricians,3
bourdieusian,3
papilloedema,3
mountford,3
vassiliki,3
stalking,3
magma,3
tectonics,3
tukey,3
heaney,3
riboflavin,3
cowles,3
shaming,3
parasympathetic,3
houston,3
leukotrienes,3
under-funded,3
sovereigns,3
tinnels,3
gargantuan,3
osteoarthritic,3
diatoms,3
tricompartmental,3
biotinylated,3
bodkin,3
grudge,3
phosphorylase,3
frameshift,3
pp.19-23,3
inexcusable,3
4(1,3
matings,3
18.8,3
parapatric,3
waterbird,3
disservice,3
decomposers,3
weevil,3
tenehaus,3
0.046,3
corona,3
backseat,3
2000:7,3
pronuclear,3
shorebird,3
impel,3
23.8,3
lifecycles,3
stallworthy,3
multi-layer,3
bunyan,3
attune,3
0.01s,3
bidirectional,3
r1(θ,3
compactness,3
ella,3
malhotra,3
archivarius,3
bracketed,3
feminise,3
chlamydial,3
absolves,3
250m,3
orientation-preserving,3
rebalancing,3
hiu/ml,3
vandermonde,3
multilateralists,3
3.14,3
penalise,3
chunking,3
bowles,3
waxes,3
bradfield,3
spilled,3
pewter,3
ans,3
eustachian,3
severance,3
venerable,3
ʃ,3
8/3/04,3
outburst,3
banishes,3
impregnation,3
kohlrabi,3
soong,3
namestore,3
fig.10,3
vor,3
katy,3
pineal,3
139-140,3
mrc,3
socio-historical,3
sallust,3
scrutinized,3
joh,3
wonderland,3
subsequence,3
femme,3
preoperative,3
£6000,3
memorised,3
valiska,3
primer3,3
2007a,3
demonstrators,3
p91,3
rafael,3
betts,3
burgers,3
organically-certified,3
hoeing,3
stultifying,3
trackers,3
turgidson,3
2.42,3
vicia,3
monococcum,3
3)2,3
2005:5,3
koebel,3
particles/ml,3
minitel,3
1989:204,3
precipitous,3
phospholipases,3
teresa,3
soldiering,3
attractively,3
twinkling,3
leek,3
frye,3
peristaltic,3
sandalled,3
loathe,3
bletchley,3
three-course,3
argentinean,3
immunised,3
emanicipatory,3
licata,3
chernatony,3
idolisation,3
totemism,3
kakabadse,3
tycoon,3
800n,3
macro-level,3
wolpoff/1997,3
tanning,3
own-initiative,3
immunisations,3
location-specific,3
indo-china,3
unchained,3
andres,3
anti-thesis,3
95wp,3
£8760,3
cahiers,3
gimme,3
anti-arrhythmic,3
perils,3
18-25,3
levesque,3
lydia,3
masochistic,3
dywan,3
leutenberg,3
eeag,3
pkc,3
schmerz,3
light-headed,3
enoxaparin,3
croydon,3
infernal,3
paracasein,3
swindon,3
thorndike,3
cage-diving,3
podolski,3
syndication,3
annette,3
siadh,3
heterosexism,3
reorganizing,3
ascents,3
mwaura,3
poppers,3
gravier,3
1-20,3
half-century,3
gridley,3
flagging,3
1.82,3
p.459,3
polly,3
lichtenberg,3
adored,3
sinclair/petit,3
28(3,3
moulder,3
creednz,3
epson,3
tranche,3
arcus,3
0-5v,3
0.5°c,3
motif-based,3
falciparum,3
60degc,3
dammed,3
buscapé,3
re-input,3
photovoltaic,3
p209-210,3
toc,3
dee,3
enrique,3
aqua,3
exaggerations,3
caricature,3
tangentially,3
line-to-neutral,3
readout,3
trpv3,3
hypereutectoid,3
250mg,3
saws,3
mystically,3
e-technology,3
122-123,3
"2,500,000",3
b3ylp,3
13(4,3
lieu,3
us$20bn,3
duo,3
askew,3
1(x-x,3
estonia,3
processional,3
monopolizing,3
maxwell-boltzmann,3
ossified,3
tournaments,3
dupont,3
0.022,3
kampala,3
dxf,3
volanges,3
stereo-,3
s-electron,3
beuc,3
chronique,3
sarcastically,3
mms,3
re-occlusion,3
iata,3
tremayne,3
kowloon,3
45º,3
epoxyazide,3
-)-(5r,3
guile,3
spiritualist,3
remington,3
perkins,3
dill,3
congruency,3
brooker,3
hanuman,3
acyclic,3
char*,3
10:30am,3
hand-sorting,3
amdahl,3
figurations,3
1462cm,3
noumenon,3
life-blood,3
acousto-optic,3
μοίρα,3
werk,3
irreducibility,3
schröder,3
victimization,3
hubel,3
peaking,3
cybele,3
four-cylinder,3
non-encounter,3
microstratigraphy,3
octopi,3
co-optation,3
trackways,3
compartmentalised,3
christoph,3
unerringly,3
wirszubski,3
0x99,3
pojman,3
26.6,3
shop-floor,3
uist,3
maltese,3
surcharges,3
liase,3
exploitations,3
empiricus,3
gusts,3
context-governed,3
measurands,3
anti-nuclear,3
unconditioned,3
ftir,3
kolff,3
sub-lexical,3
hydromechanics,3
well-corroborated,3
2003-2007,3
remodelled,3
tullgren,3
udder,3
autotrophic,3
invaginations,3
schistosomiasis,3
semisimple,3
stomas,3
splittings,3
lieutenant,3
parleys,3
tularense,3
y124,3
viscaceae,3
datschefski,3
metastasise,3
dba,3
i.10,3
lux,3
under-represented,3
stratospheric,3
hyena,3
four-manifolds,3
supersaturated,3
shimmering,3
seville,3
e-glass,3
same/different,3
blankness,3
deranged,3
urbana,3
frazier,3
metternich,3
carotenoid,3
chalaza,3
set-time,3
§8.64,3
earthworm,3
ventilation/perfusion,3
isis-aphrodite,3
fancied,3
non-real,3
smelly,3
forfeits,3
superwomen,3
petrochemicals,3
anderton,3
pb6,3
beclomethasone,3
law-abiding,3
k])/(abs(hx[i,3
abs(hx[j,3
8.9,3
59.2,3
photosensitive,3
permissibility,3
isolationism,3
extroversive,3
64.9,3
65.4,3
leges,3
gibb,3
burket,3
mitra,3
canberra,3
1.57,3
over-simplified,3
kpi,3
everlastingly,3
·cyspred,3
atd,3
agostino,3
licentious,3
plossl,3
partook,3
post-excavation,3
profusion,3
functionaries,3
duponcel,3
£2.3,3
revisits,3
bed-nights,3
seaming,3
passband,3
stopband,3
countdown,3
2006①②,3
lydekkerianus,3
unrecoverable,3
non-tradable,3
2),3
mockado,3
vending,3
routers,3
consummated,3
30km,3
angelina,3
frantically,3
£500m,3
ahold,3
cowpea,3
vb,3
re-quench,3
nicomachaean,3
1999:45,3
2000:73,3
trypanosoma,3
2.2427,3
libations,3
non-democratic,3
ascendance,3
malinovski,3
pours,3
tajfel,3
frustration-aggression,3
slaughters,3
consortia,3
flustered,3
3λ,3
palaeosol,3
callias,3
bsp,3
walvin,3
omnipresence,3
lyttelton,3
cabi,3
assassins,3
imminently,3
cold-blooded,3
editable,3
ait,3
bulfinch,3
bordiga,3
philae,3
iconoclastic,3
shuffle,3
disfavours,3
buddhists,3
58-59,3
suffused,3
stone-lee,3
hodgkinson,3
1997:23,3
bds,3
ii.1,3
vaccinate,3
1950-60,3
acyrthosiphon,3
thirty-two,3
beth-shan,3
blili,3
haemorrhaging,3
lwc,3
pilmer,3
context-dependent,3
confounder,3
heady,3
missegregation.4,3
overwhelms,3
dostoevsky,3
2006:832,3
popcorn,3
retrievals,3
"oxford,1998",3
shrill,3
1.30,3
whitman,3
yr1,3
malevolence,3
perchlorate,3
unfashionable,3
morphogen,3
hetroglossic,3
8.63,3
rhythmical,3
rnai,3
facebook,3
dismembering,3
conspired,3
cytochalasin,3
barasi,3
coagulate,3
prehensile,3
communally,3
colorless,3
1988:27,3
system-wide,3
polyproteins,3
hexanal,3
similitude,3
blokes,3
meindl,3
non-regular,3
sandel,3
respire,3
desolation,3
faecal-oral,3
pneumocytes,3
ruffling,3
clc,3
rationalities,3
market-driven,3
us-canada,3
hydroxyapetite,3
unveils,3
extra-judicial,3
zysman,3
concessive,3
135°c,3
±0.1a,3
ditransitive,3
weetman,3
42-43,3
recorders,3
judiciare,3
case-study,3
phyllis,3
cameo,3
maes,3
brittain,3
holyoake,3
1.7m,3
pharmacology,3
centimetre,3
tantrums,3
mourner,3
discriminative,3
1516-1982,3
deme,3
soliloquies,3
sterilize,3
profiled,3
embryoid,3
quiver,3
f-stats,3
tradesman,3
9cm,3
onoo-,3
luff,3
6h,3
galls,3
p188,3
mesophase,3
wistful,3
eubacterial,3
tape-recorded,3
pharsalia,3
suffragette,3
incandescent,3
sultans,3
wavers,3
expressiveness,3
enantiomerically,3
ethology,3
non-strategic,3
arching,3
catalyzed,3
polycrystalline,3
underplays,3
traversals,3
biographically,3
korstvedt,3
brasil,3
nephew,3
heskett,3
primakov,3
vilder,3
emerald,3
egan,3
ichiyanagi,3
exegesis,3
lordships,3
dogmas,3
verity,3
kapteyn,3
forages,3
1996:61,3
14.7,3
rayner,3
mid-wales,3
niemeier,3
1992:54,3
height/weight,3
sds-page,3
naturalizing,3
monopolized,3
muslim-majority,3
swellings,3
bickel,3
evolutionarily,3
typhoid,3
lauded,3
koolhaas,3
wrinkles,3
protodomestication,3
histologically,3
dpg,3
ar(1,3
cuticles,3
7tm,3
cacophony,3
tupac,3
aquariums,3
1920-1941,3
ufi,3
nicl,3
landforms,3
occultism,3
cocl(pph,3
bioethics,3
good-natured,3
distractive,3
keondjian,3
mnm,3
bridbury,3
63-,3
-r,3
why/why,3
reflectance,3
ericoids,3
concreteness,3
edification,3
specializes,3
mires,3
downlands,3
mor,3
built-up,3
qur,3
apelike,3
lamotrigine,3
brixton,3
task-oriented,3
studious,3
£45,3
consistencies,3
parotidectomy,3
1985:2,3
unrewarding,3
belgica,3
ethnographically,3
f-tests,3
41-55,3
hippopotamus,3
sats-,3
tulane,3
p201,3
1.2g,3
p228,3
dae,3
venules,3
surrenders,3
institutionalise,3
smears,3
geacps,3
borden,3
9-11,3
embargoes,3
filler,3
institutionalising,3
company-specific,3
groundlings,3
exploitive,3
exonerated,3
36w,3
36.2,3
deane,3
supra-national,3
enquiring,3
logarithmically,3
"£222,000",3
deducting,3
mni,3
650°c,3
forcef,3
algerian,3
veils,3
naomi,3
"f(2,57",3
barroso,3
five-,3
over-consumption,3
meta-language,3
mclelland,3
devries,3
hintz,3
chime,3
scorcese,3
holoparasites,3
2x10,3
defelice,3
avowed,3
formulise,3
bluestones,3
hochschule,3
grants-in-aid,3
könig,3
acquittals,3
oilite,3
disempowered,3
fathom,3
3=r,3
intermediation,3
stranglehold,3
demandsummary,3
turvey,3
wenders,3
betweeners,3
boron-10,3
split-t1,3
bingeing,3
embolismno,3
peribus,3
solvay,3
expectance,3
lumsdaine,3
lawless,3
aime,3
δlight,3
romantically,3
galilei,3
blushed,3
updatedpay,3
falsifying,3
paulal,3
inflicts,3
wrappers,3
eigenstates,3
clichéd,3
phase-to-phase,3
phillips-perron,3
256-pixel,3
greys,3
moneys,3
interphalangeal,3
meade,3
cost-saving,3
sameer,3
givant,3
listdifference2,3
diégesis,3
dynasties,3
humiliate,3
tokugawa,3
rosochowicz,3
patriicia,3
vatta,3
denaturing,3
rereading,3
code-,3
s11(3,3
s.2(2,3
tamer,3
pearlite/ferrite,3
lymbery,3
casualty,3
thinly,3
orlandella,3
icwc,3
abs(hx[i,3
line-scaling,3
incursion,3
apterous,3
registrations,3
clem,3
marques,3
hernan,3
2001:7,3
currants,3
noofvals,3
katb,3
lyses,3
half-year,3
bypasses,3
pms,3
sulloway,3
nitrile,3
imidazole-5,3
alleys,3
autocracies,3
18.9,3
pharmacol,3
initialises,3
π-back,3
transformers,3
selbin,3
kinsella,3
manganese(ii,3
gao,3
heptachlor,3
brain-transplants,3
demonstrator,3
togati,3
traumatized,3
transpositions,3
ltds,3
pp.18,3
market/industry,3
£8900,3
500kg,3
ethnic-national,3
sub-sample,3
a319,3
easygroup,3
fumarase,3
ddd,3
juvenal,3
socio-,3
day-,3
gastronomy,3
uirp,3
encircled,3
unpunishable,3
multidirectional,3
pinpointed,3
ubr,3
wincoot,3
raichlen,3
receptions,3
mid-scale,3
prefreezing,3
rumbling,3
5=,3
cieri,3
landslip,3
asparagine,3
3am,3
stats,3
crypto,3
ig,3
translocate,3
serine/threonine,3
kcmax,3
airmiles,3
bruckert,3
sterol,3
4f,3
mortis,3
isoforms,3
deferens,3
potosi,3
backspetter,3
prod,3
arnould,3
track3,3
profuse,3
luncheon,3
13/01/06,3
side-effect,3
manzanas,3
tcl,3
dissonant,3
popularization,3
audiometry,3
self-importance,3
epdm,3
triaged,3
floored,3
cuddle,3
unballoted,3
dramatise,3
breisinger,3
tmao,3
wage-earner,3
akerlof,3
baht,3
education-,3
20.0069,3
lentivirus,3
rendezvous,3
marbling,3
neaira.19,3
sponge,3
outpost,3
endogeneous,3
cross-shareholding,3
pre-condition,3
prasannan,3
reorganise,3
lapis,3
sparkly,3
farid,3
time-investment,3
dialysis,3
remonstrance,3
redo,3
over-population,3
directorytestdestination,3
dirent,3
composure,3
re-imaging,3
buzzell,3
0.105949,3
knowledge-,3
year2002,3
looped,3
nucleases,3
lorentzian,3
synchrocyclotron,3
muster,3
regresses,3
doers,3
photosynthesising,3
chrysemys,3
acetaldehyde,3
microdialysis,3
cascading,3
homepages,3
ukip,3
laissez-,3
c=0,3
phosphorylcholine,3
treble,3
0.021,3
decisis,3
leurs,3
quelque,3
tod,3
consignments,3
ruvc,3
galactose,3
cytological,3
pedunculopontine,3
oral-oral,3
squamous,3
morgue,3
neurobiology,3
"barr,2004",3
0.5g,3
750mg,3
saddlery,3
anastomosis,3
this-,3
reabuse,3
execrate,3
ipuwer,3
100cm3,3
catwoe,3
1.860,3
4.14,3
parades,3
well-thought,3
jobseeker,3
weinstein,3
alpharma,3
feud,3
1988:17,3
despatch,3
rabinovitch,3
propelling,3
puente,3
nitrogen-containing,3
subsidize,3
finer-textured,3
senge,3
5.84x10,3
acupuncture,3
"750,000",3
delong,3
expendable,3
modulates,3
in-phase,3
∆v,3
multistation,3
laddish,3
re-,3
$900,3
archaeobotanical,3
granary,3
stahl,3
1997:143,3
irretrievable,3
romano,3
fourth-century,3
lamentable,3
nakou,3
2004:1,3
12.3,3
proudlove,3
munk,3
gangsterism,3
bianca,3
obras,3
1989:143,3
pittsburgh,3
tad,3
azodicarboxylate,3
p192,3
difunctional,3
sprawling,3
tujan,3
as-,3
ploy,3
l.12,3
survivorship,3
67:1-14,3
reisman,3
fairline,3
photometry,3
75m,3
needlessly,3
22.5,3
impelling,3
encephalitis,3
phdacc,3
meritorious,3
innoculum,3
dairylab,3
isometric,3
225ml,3
victimized,3
coatings,3
15/12/05,3
swindlehurst,3
nazareth,3
mnpc,3
value-form,3
affine,3
d-d,3
intertemporal,3
oil/water,3
mid-20,3
reynold,3
1.0g,3
kali,3
ex-,3
µg/ml,3
misty,3
escapist,3
duplicity,3
fern,3
aught,3
beganal,3
dimbleby,3
ariadne,3
iphigeneia,3
kanter,3
doughnut,3
thinnest,3
grimm,3
anhui,3
"taylor,2001",3
sire,3
smr,3
2002:3,3
dissatisfying,3
grunting,3
saanen,3
hinterlands,3
skype,3
corroborative,3
windrows,3
12months,3
cleric,3
chariots,3
britvic,3
classifiers,3
2006e,3
bombonera,3
clink,3
roberto,3
third-country,3
p62,3
2.1.6,3
dobb,3
"30,783",3
monopodial,3
stigmatic,3
mulch,3
klein/1999,3
eyben,3
evacuation,3
frugivourous,3
500.000,3
dicoccum,3
1997:202,3
caresses,3
salinisation,3
dampening,3
kneel,3
dlgus,3
corinthian,3
hoggett,3
adherent,3
seventeenth-,3
tripping,3
cbca,3
epochal,3
europium,3
2(pph,3
andreopoulos,3
herniorrhaphy,3
hogs,3
grow-out,3
viceroy,3
denitrification,3
keele,3
ancestries,3
28(2,3
criollo,3
undercover,3
håkansson,3
overstepping,3
fasquelle,3
t-cells,3
discontinuing,3
electing,3
uwb108,3
alberti,3
uwb102,3
subepidermal,3
allopurinol,3
rickets,3
reinterpreting,3
whittington,3
ill-equipped,3
jahoda,3
1/400,3
croats,3
baden-powell,3
lily,3
swedes,3
vickerstaff,3
unhurried,3
n=safety,3
cotyledon,3
reality-,3
redford,3
1875-1914,3
demoralising,3
biographer,3
coanda,3
renovate,3
-5.2,3
revindication,3
avon,3
2.82x10,3
0.005mm,3
excoriations,3
pre-date,3
pre-existence,3
purges,3
pry,3
tinted,3
infusing,3
tinge,3
propionate,3
1000kg,3
0.21,3
tophi,3
patellofemoral,3
chernoff,3
sapped,3
cotyledons,3
kose,3
eton,3
popularise,3
distrusted,3
atreus,3
futurity,3
export/import,3
-ed,3
gauging,3
reciprocation,3
delocalisation,3
awg,3
yankee,3
misrepresent,3
sabherwal,3
purists,3
blockade,3
co-evolved,3
kotleral,3
supranationality,3
easg,3
ivoire,3
hertzberg,3
neared,3
add-ons,3
continua,3
conspecific,3
sacrum,3
neurophysiological,3
seidenberg,3
anti-doping,2
boutros-boutros,2
neuter,2
15.1,2
oppositionist,2
prewar,2
cucumis,2
krajowa,2
non-methylated,2
49˚,2
agamous,2
kristeller,2
mulches,2
nitrogen-rich,2
zapata,2
100kg,2
reseeding,2
pursuance,2
cold-water,2
outs,2
bioherbicides,2
reviled,2
a]0,2
vivarium,2
treacly,2
plotless,2
avena,2
monocytic,2
scolytus,2
zygomorphic,2
09/11/2003,2
zeithaml,2
p.456,2
£746m,2
dimara,2
ukcip,2
x86,2
bessant,2
stockmen,2
restocking,2
impeder,2
coronavirus,2
charlier,2
multi-track,2
lactase,2
lenovo,2
prius,2
p/b,2
expost,2
isard,2
wiley-interscience,2
deoxynucleoside,2
4.32,2
bottlenose,2
hantula,2
inedible,2
task-relevant,2
±0.1,2
conceptual-referent,2
paralyze,2
prasada,2
catford,2
völcker,2
neutralizing,2
b]t,2
un-beneficial,2
carnac,2
lenticular,2
ferryman,2
b-1,2
legged,2
routeing,2
striven,2
defecated,2
0.25-100/ha,2
shillaker,2
malebranche,2
yellow-necked,2
planula,2
mazzola,2
kannangai,2
promptness,2
coulombic,2
dipole-dipole,2
punta,2
0.024,2
0.5600,2
g-,2
10^(-10,2
ln[oh-,2
sprained,2
otter,2
form-meaning,2
tarr,2
unconstructive,2
workhouses,2
free-,2
valent,2
hypermarket,2
unassigned,2
energy.2,2
dolabella,2
arabian,2
mondaq,2
salus,2
cm6920,2
no2,2
impermissible,2
myopathy,2
50mph,2
macroeconomy,2
lmn,2
galston,2
intrinsically-motivating,2
anti-acid,2
socio-economical,2
4.35,2
lysogeny,2
deoxynucleotide,2
octamer,2
brechin,2
wernicke-korsakoff,2
arachnoid,2
end-product,2
carrassius,2
dsrna,2
hyaline,2
impingement,2
breslow,2
urology,2
fgf-17,2
sebum,2
recombinase,2
cephalopolysyndactyly,2
3dp,2
deutschemark,2
dj,2
chromosomally,2
diaphragms,2
39:1,2
energising,2
akα,2
maintainence,2
01/11/2006,2
granny,2
dysfunctions,2
daunted,2
phototherapy,2
1.31,2
57.1,2
feature/product,2
inertance,2
gollancz,2
riveted,2
mathilda,2
4-star,2
arterioles,2
head-strong,2
135mpa,2
unsteadily,2
unburned,2
libidinal,2
omega,2
priceline,2
"834,000",2
squatter,2
vorpal,2
raths,2
kidnap,2
restroom,2
français,2
englishness,2
jauncey,2
moretti,2
selfridges,2
bitches,2
symptom-free,2
tummy,2
hypnotics,2
hypothesizes,2
hustlers,2
maurer,2
procured,2
dyein,2
cells.9,2
notes2005,2
kobena,2
simone,2
0.3462,2
coggins,2
feint,2
q2b,2
syrett,2
63.8,2
braces,2
to-day,2
key-bowl,2
tbsa,2
simpkins,2
-0.5000,2
bfso,2
"b]=rands(1,2",2
53(1)(b,2
mikes,2
mandamus,2
#5,2
"£150,000",2
yemen,2
talisman,2
boulin,2
sbrow,2
us-gdd,2
2.3.5,2
1.5.4,2
1980:5,2
1-25,2
grotius,2
back-and-forth,2
max202cpe,2
tress,2
ephraim,2
vivacity,2
charivari,2
re-constructing,2
gossips,2
ash3501,2
non-existing,2
reinstates,2
totemic,2
trobrianders,2
en24,2
carriage-clamp,2
ventilators,2
modern-looking,2
listunion2,2
non-recurring,2
vigor,2
tapscottal,2
ux,2
full-,2
bbd,2
costumer,2
prioritizes,2
baconian,2
zero-point,2
aghdassi,2
galactic,2
domestic/international,2
p157,2
izraeli,2
annihilates,2
uncalculated,2
individualize,2
noof_delay,2
wtb,2
2005e,2
securecode,2
out-source,2
nonmotile,2
konigsberg,2
pointer-scale,2
-15s,2
low-gain,2
mrpⅱ,2
£18.00,2
deshielding,2
antibiotic-resistance,2
db9,2
submergence,2
cognized,2
inclement,2
111-2,2
op-amp,2
p.299-300,2
c2001,2
derecognition,2
work-life,2
18-29,2
simmel:1903:329,2
marx:1994:252,2
schevill,2
epitomize,2
half-baked,2
nikolai,2
leuctra,2
pp.12-13,2
pp.4-6,2
assessable,2
marta,2
mid-1950s,2
airspace,2
burettes,2
pp.234-5,2
ansys,2
15/12/2004,2
buzzer,2
schenker,2
icds,2
rusting,2
afterthoughts,2
solution=0.402µg/ml,2
multi-component,2
dreamer,2
sprinkled,2
plods,2
boastful,2
endow,2
2m/s,2
250j,2
4-inch,2
polyphenol-rich,2
guts,2
lpxtg,2
bowker,2
p11110,2
worten,2
7.2.1,2
loquaciousness,2
good-bye,2
,2
obeng,2
era-,2
hartman,2
cropped,2
lachance,2
habituate,2
"$11,297,189",2
=average,2
=0.606,2
=0.362,2
over-report,2
effortful,2
wakeman,2
dn/dt,2
u=1,2
haynes,2
uprights,2
transnationality,2
hellum,2
broad-based,2
nielson,2
knudsen,2
window-panes,2
proles,2
ivp,2
1844-1900,2
akron,2
7-28,2
masques,2
709-730,2
objectivity-,2
veltmeyer,2
4:8,2
salvador,2
di-tert-butyl,2
garry,2
muting,2
feenstra,2
donnithorne,2
univeristy,2
sacrilegious,2
bustling,2
variables/themes,2
pp6,2
lep,2
maternally-expressed,2
niños,2
mom-2,2
snowman,2
dehydrates,2
chamsy,2
non-hierarchical,2
undistorted,2
oil-water,2
stauffer,2
unbelievably,2
sensitized,2
2002:7,2
222-223,2
cockle-shell,2
kooky,2
exocytosis,2
sitcoms,2
rightists,2
reinholdt,2
felten,2
sibu,2
tenths,2
defecting,2
a.3,2
airforce,2
walle,2
p585,2
p583,2
lured,2
pippa,2
tradbajo,2
power-sharing,2
inegalitarian,2
djurdja,2
selfe,2
grotta-pelos,2
anti-muslim,2
peckham,2
ubiquitously,2
bordered,2
countryfile,2
stagnopodzols,2
ring-barking,2
sourhope,2
bacteria/100,2
fledged,2
15pin,2
advertisings,2
pro-apoptotic,2
costal-2,2
preselected,2
katso,2
1:1000,2
idiomaticity,2
lexically,2
midinra,2
1:1:1,2
1993:243,2
thargelia,2
segmentary,2
1978:331,2
2.134,2
non-related,2
1974:210,2
miasma,2
jansson-,2
35.4mmol,2
tenon,2
debye-huckel,2
0.19782,2
log-in,2
2004:16,2
2.1g,2
smoke/,2
strongbow,2
barron,2
monohydrate,2
"9,000,000",2
subliminally,2
blood-curdling,2
ausart,2
2-wire,2
heliconian,2
q1~q4,2
burkett,2
type-,2
potentiated,2
n(d,2
ab)c,2
osh,2
isotopies,2
skew-symmetric,2
echos,2
v.34,2
filterdecrease,2
anisotropy,2
resend,2
2000:640,2
1995:3,2
hcima,2
1mev,2
whitfield,2
diffie,2
hellmann,2
unfixed,2
pinkney,2
"f(1,106",2
metonym,2
bagchee,2
l.39-40,2
1989a,2
",p.32",2
synch,2
litz,2
reconnection,2
untaught,2
1994)p.4,2
abenteuer,2
tenait,2
ii.2,2
reue,2
deftness,2
metonymic,2
drewniak,2
lobotomy,2
18:8,2
five-stranded,2
"£7,896m",2
11.9,2
launchcast,2
rules-based,2
newark,2
beautitudes,2
shellshock,2
maranell,2
p.1528,2
25.89,2
kretzmann,2
ethological,2
anxious/avoidant,2
2.5μs,2
nutation,2
anapaest,2
profundis,2
associazione,2
edizioni,2
lowliest,2
satirize,2
unchaste,2
dative,2
harmoniously,2
clings,2
immortalise,2
mishandling,2
librairie,2
reiterative,2
alcalde,2
siglos,2
eubulides,2
civilista,2
mis-identification,2
6.63,2
harper/collins,2
bartolomé,2
rúa,2
amazement,2
incidentes,2
p.439,2
epicentres,2
brainchild,2
re-engineer,2
1981:19,2
sullied,2
pp.134,2
scientifique,2
fera,2
myid,2
phosphoserine,2
co-transducible,2
bronx,2
venal,2
un-developed,2
cessford,2
w0197,2
polygyny,2
kissonerga,2
1990:198,2
orderedcalculate,2
dağ,2
spin-off,2
lime-rich,2
open-country,2
sequence-,2
showcasing,2
ehdc,2
killham,2
cem,2
borgonovi,2
nestlings,2
cac,2
meteors,2
non-adhesive,2
resigns,2
psychological/mental,2
républicaine,2
interatomic,2
aboveground,2
silvertown,2
hayek,2
guillotine,2
sinners,2
9.73,2
clavicle,2
accoutrements,2
rosalia,2
cavallo,2
group-living,2
irfs,2
unstimulating,2
1987a,2
swarkrans,2
malebrance,2
mechanistically,2
popperian,2
hippocampul,2
re-address,2
sanger,2
withen,2
aldwin,2
triste,2
bourhill,2
baer,2
pp.4-5,2
1841-1850,2
mulrow,2
mal-administration,2
anarchist,2
penisulares,2
ingenio,2
warlocks,2
1789-1848,2
władysław,2
stromal,2
2h+,2
sinti,2
xz-plane,2
marelli,2
baffle,2
unseasoned,2
afferent,2
stochiometric,2
centennial,2
air-cooling,2
aerofoil,2
cortezzi,2
5×500×10,2
khaki,2
make-shift,2
bodybuilder,2
dibra,2
imitator,2
requisitioning,2
drood,2
gauvin,2
filippo,2
congenitally,2
back-formation,2
streamers,2
unperformed,2
macht,2
merino,2
coalmines,2
radovan,2
heraclites,2
17.7,2
grr,2
quil,2
koasati,2
stepsii,2
stepsiii,2
navigated,2
1.71,2
cullyal,2
s]o,2
protonmotive,2
clinch,2
hempstead,2
aquire,2
meta-cognitive,2
narrational,2
1996:64,2
suburba,2
poodles,2
catiline,2
commissive,2
forty-three,2
bk8,2
lexicographers,2
amendable,2
rateable,2
til,2
renkema,2
4/4,2
2002:436,2
huddleston,2
theme-rheme,2
1999:180-1,2
decontextualised,2
diffusivities,2
ofloxacin,2
nekhbet,2
sae,2
primoratz,2
rchild,2
intra-abdominal,2
attalus,2
pompeians,2
mihi,2
mode-locked,2
murnane,2
sedative,2
diviners,2
mind-numbing,2
spontaneity-,2
anti-utility,2
spreadsheet-,2
rationalizing,2
piezoresistor,2
microgyrometers,2
learners´,2
calledreconciliation,2
post-amble,2
crystallizing,2
beristain,2
55-76,2
subpoena,2
tradables,2
self-monitoring,2
preverbal,2
2/n,2
sextant,2
whately,2
2000:4,2
7.9297,2
time-span,2
intermediate-,2
m052,2
53.3,2
marcic,2
timesharing,2
langurs,2
22-45,2
pp-9,2
-0.05,2
baudouin,2
~1000,2
responsibilty,2
jumped-up,2
quick-response,2
dictador,2
cabernet,2
1972:91,2
0.02mm,2
70μm,2
1997:630,2
degolyer,2
1993:115,2
2004:24,2
microsprinklers,2
1996:41,2
2004:189,2
ericthonios,2
gutta-percha,2
trypanosomiasis,2
recontamination,2
3minute,2
1989:580,2
labour/social,2
hausdorff,2
re-settlement,2
sudetenland,2
today/gallup,2
lambin,2
unabashedly,2
products/,2
bonner,2
renolds,2
40μm+,2
blackman,2
strip-cropping,2
navier,2
allegra,2
multiracial,2
hollo,2
instaneity,2
unobtrusively,2
nar,2
5.5ml,2
n+b,2
sahlin,2
turkle,2
aher-waggon,2
arcane,2
omurice,2
non-u,2
mond,2
rezeption,2
kac-moody,2
proteinuria,2
6.16,2
2-cycle,2
γ(σ,2
teased,2
char(m,2
m(µ1,2
pyrenoid,2
tubules,2
dota,2
otu,2
orthologues,2
terling,2
husband-wife,2
immunohistochemical,2
soles,2
glaucoma,2
n0,2
baran,2
clopidogrel,2
atrium,2
intubation,2
16mg,2
alendronate,2
bph,2
socio-political-economic,2
geografia,2
protonates,2
1000bc,2
ionia,2
proxenoi,2
romanist,2
b.5,2
executioners,2
fluon,2
ascaris,2
pg.303,2
obliterates,2
iso8258,2
cpk,2
framboids,2
isentropically,2
non-spoilage,2
muuka,2
p186,2
tyburn,2
alstyne,2
noodles,2
secularised,2
monasticism,2
frosts,2
hgca,2
mastitislamenessinfertilityother,2
50-75,2
biogas,2
nc3,2
assed,2
mabs,2
extortionately,2
radiation-,2
fvm,2
digressed,2
rebuttals,2
credulous,2
jurdie,2
nizamies,2
woollen,2
turbulenthigh,2
offdefault,2
pratique,2
koss,2
historique,2
doxa,2
arbeitgeberverbände,2
2.68,2
colourings,2
valves3/2,2
faxes,2
height=,2
fiend,2
mauve,2
coursed,2
non-poetic,2
brushed,2
10.2.2,2
s11(5,2
e-bay,2
excl,2
inbetween,2
figure10,2
p88,2
0x0f9,2
place*/,2
d-,2
std_logic_arith,2
consultancies,2
2000:5,2
bresa,2
sub-normality,2
childhoods,2
2002:117,2
-19,2
dwelled,2
jogl,2
anti-realism,2
mastication,2
high-impact,2
rishi,2
2000:52,2
akid,2
untouchables,2
endeavouring,2
chateaux,2
zero-based,2
re-forestation,2
4-pole,2
figure.11,2
1580rpm,2
q-λ,2
bumped,2
perfringens,2
2001:9,2
5.02,2
pp.150,2
pp.47,2
activex,2
1991:339,2
euxine,2
reticence,2
truprint,2
moquegua,2
superior-posterior,2
bifida,2
caledonia,2
vicissitudes,2
a[2])/sum(a,2
var(hx1[,2
tubercule,2
re-consideration,2
value-judgements,2
1600hi,2
permease,2
2003:64-65,2
disobeyed,2
mood/affect,2
lauge,2
157°c,2
196°c,2
0.154,2
scintillators,2
xxvii,2
koslowski,2
amato,2
20/04/07,2
vautier,2
discomforts,2
fiercest,2
bemoaning,2
vigils,2
kristall,2
cmhts,2
spade-pascal,2
user-pays,2
epieni,2
alleni,2
formblad,2
valences,2
"2,5,6",2
ordentlich,2
personifications,2
dresden,2
georgiana,2
chiaroscuro,2
cormack,2
p.662,2
intertitle,2
taonga,2
ngāi,2
tjapukai,2
behavoir,2
0:6,2
c,2
longitudinal_force_data,2
p(y,2
gl_line_loop,2
exonerating,2
0.3095,2
knightsbridge,2
07/22/2000,2
foots,2
undigestible,2
vitelline,2
lbs,2
cutin,2
pharmacist,2
nordhaus,2
well-endowed,2
insurgents,2
immunosupression,2
joss,2
elapses,2
lavatory,2
£295,2
revisioned,2
"£1,498",2
adey,2
florid,2
p.324,2
personnel/training,2
fevered,2
135-6,2
legionaries,2
de-fleshed,2
over-represented,2
female-male,2
itt,2
2004:135,2
trainer/teacher,2
verbalize,2
ageless,2
metformin,2
durban,2
pera,2
cost/benefit,2
immeasurability,2
adelman,2
non-rational,2
pro-labour,2
cohabiting,2
postures,2
6.063,2
8.970,2
q-q,2
s.7,2
28(6)(a,2
parkland,2
homebred,2
carbondioxide,2
1900-2000,2
insecta,2
hyperexcitability,2
clarifier,2
garrow,2
lipoma,2
glasbrook,2
8.19,2
solidaristic,2
materialists,2
denominations,2
colquhoun,2
happy-productive,2
24-5,2
imrana,2
mohammad,2
exuded,2
nadkarni,2
forgas,2
criminalising,2
shovel,2
polyploidy,2
bayonet,2
tobair,2
maenads,2
alterable,2
epileptiform,2
unimpaired,2
37-38,2
proceedures,2
lurk,2
bawrhossop,2
substantively,2
rod-shaped,2
caldwell,2
shoesi,2
prohibitively,2
insulin-producing,2
postdates,2
bubbly,2
kor,2
guay,2
intellectualistic,2
30.9,2
£202m,2
unshaven,2
verlaine,2
galliers,2
sanacja,2
fart,2
strut,2
out-servants,2
kolodoko,2
blacklisted,2
master-servant,2
intraregional,2
door-to-door,2
1996:67,2
pariah,2
posivitists,2
p.356,2
fiml,2
decommissioned,2
deservedly,2
forces-,2
fasthapper,2
worrabost,2
menbat,2
fagles,2
bsi,2
mesmerised,2
semanticists,2
breake,2
belles,2
stupendous,2
nulla,2
ager,2
5mc,2
neutralized,2
biota,2
7.28,2
giraffe,2
seawright,2
ni(ncs)2(pph3)2,2
beggar-thy-neighbour,2
1795-1886,2
-which,2
pohlenz,2
two-part,2
97/11/ec,2
nether,2
eriophorum,2
surer,2
beechwood,2
outstrips,2
asb,2
coversands,2
region/locality,2
delta_e,2
γ≠0,2
fresher,2
antiphon,2
spectres,2
rural-urban,2
34:1,2
themselves-,2
alam,2
pye,2
canary,2
normans,2
a++,2
cheater,2
igg2a,2
rancidity,2
spelke,2
non-cooperative,2
small/medium,2
1985:49,2
2002:79,2
liposomes,2
massacred,2
aminoguanidine,2
5kg,2
aronson,2
hypertrophic,2
yieldearnings,2
opler,2
termites,2
free-riders,2
macromolecular,2
straighten,2
white/yellow,2
qc/qa,2
quodrates,2
cologne,2
romanists,2
hideously,2
respiratory-chain,2
community/primary,2
clavicular,2
arthrotec,2
periwinkles,2
7-point,2
pp.68-69,2
chemiosmotic,2
live-capture,2
oxygenic,2
mustela,2
tricophyton,2
crowcroft,2
wasserzugal,2
disulfide,2
close-packed,2
reijnder,2
decriminalisation,2
forewarned,2
20k,2
dentistry,2
58.5,2
kasper,2
2000:50,2
neuroglia,2
macrolactonisation,2
2002:21-22,2
hospital-acquired,2
transversely,2
digresses,2
fetteroll,2
gauthier,2
unexpired,2
guillaumet,2
cretonne,2
jamoneau,2
viaud,2
sipsy,2
0.7840,2
stoops,2
1760-1960,2
cleanup,2
1973a,2
brca2,2
nondescript,2
dmss,2
mr(y,2
2]t=0,2
nakra,2
plasminogen,2
thrombelastography,2
re-branded,2
1).1,2
intiator,2
multiplet,2
commingling,2
p.445,2
15-th,2
particularised,2
dethmers,2
idea-physical,2
re-formulation,2
s.4,2
kidnaps,2
s.3,2
ceec,2
klatskin,2
free-rider,2
oncology,2
immunophenotyping,2
bdperindopril,2
angiodysplasia,2
aminosalicylates,2
mesothelial,2
correlogram,2
questioner,2
macrocytosis,2
derogatively,2
cosmos®,2
free-time,2
mathieson,2
sirakaya,2
patted,2
29-40,2
posh,2
baym,2
counter-measures,2
substitutional,2
leur,2
seule,2
jean-pierre,2
f[x,2
vasectomy,2
inconsolable,2
reclassification,2
profession-led,2
pleomorphism,2
polynesia,2
atopy,2
scambler,2
1ii,2
10.95,2
3-day,2
40g,2
nines,2
ahwa,2
p205,2
metalloproteinase,2
subspace,2
ε(y,2
rubrum,2
transgenes,2
untill,2
pedagogization,2
1998:375,2
protrudes,2
metaplasia,2
25.9,2
solenoid,2
insubstantial,2
biomedicine,2
orbit-forms,2
willy,2
gal(l,2
1987:208,2
stenslokken,2
manchuria,2
pp.151,2
idv,2
1987:32,2
pae,2
him],2
antagonizing,2
ift,2
pp.8,2
mordell-weil,2
state-centrism,2
unloved,2
100°,2
s-eye,2
describable,2
andaman,2
rafflaub,2
silk/2003,2
floyd,2
weathers,2
earnshaw,2
earle,2
reorganization,2
15-18,2
satay,2
1990:21,2
tannins,2
appadurai,2
shivpuri,2
locale,2
aer-specific,2
honorable,2
vmss,2
p172,2
westwood,2
fischlmayr,2
gruelling,2
hospitably,2
self-regarding,2
skn,2
guestrooms,2
47.5,2
berkleyan,2
wohngürtel,2
innovativeness,2
anti-office,2
fahrt,2
16000/,2
make-to-order,2
vop,2
nagle,2
£1155,2
in-patients,2
deming,2
14.9,2
ceding,2
logical/mathematical,2
78-79,2
fixed-line,2
£200m,2
soviet-czechoslovak,2
motioned,2
giordano,2
p349,2
39-month,2
munch,2
time-varying,2
smoke+,2
underdetermined,2
"sisson,2000",2
20x12,2
xanthippus,2
c-curves,2
adulterers,2
ultimatum,2
tatum,2
bq,2
ephors,2
optuntia,2
unitseoq,2
lignin,2
perrieal,2
pest-resistant,2
misspelling,2
triplicates,2
consanguineous,2
stirrings,2
chlorogenic,2
rubbery,2
duped,2
forensically,2
enterotoxins,2
sympathize,2
winch,2
solubilities,2
devoting,2
diluents,2
elgar,2
femininities,2
m4,2
5x10,2
30kg,2
ethylacetate,2
apostates,2
dispatches,2
valorem,2
kw/litre,2
tardy,2
flagellum,2
22.4,2
1670s,2
casualness,2
decaff,2
internationalised,2
ninety-two,2
evicting,2
lenny,2
mollify,2
trespassers,2
pea-green,2
appendixes,2
technologycollapse,2
self-mastery,2
toilette,2
1999:195,2
konrektor,2
:55,2
b=2,2
imagism,2
s-dendron,2
redken,2
personalizing,2
al-riyami,2
1998/9:50,2
45.8,2
:5,2
stereoisomers,2
doorknocker,2
:131,2
2001:3,2
1990:117,2
1997:41,2
freedman-wolkowicz,2
λ2=,2
monocoque,2
deflectors,2
anti-british,2
serrati,2
braddick,2
vcm,2
mods,2
gooderham,2
instalment,2
rannte,2
clearing-house,2
graceo-roman,2
nfo,2
l-t,2
maerchen,2
perspective(s,2
if-then,2
radstone-best,2
colgan,2
zelnik,2
colour(black),2
phosphors,2
photolithography,2
wulff,2
benowitz,2
nelly,2
hortensia,2
charmed,2
rentschler,2
silenciosa,2
female-biased,2
irremediablemente,2
aethiops,2
bavarian,2
preheat,2
oi,2
diglycerides,2
mackerel,2
neuropsychological,2
parlama,2
alexia,2
kracauer,2
frailties,2
ardila,2
grandjouan,2
91-92,2
lipman,2
afore-mentioned,2
anti-terrorism,2
61.5,2
sparking,2
s(ν,2
raju,2
chain-mail,2
opening-up,2
formers,2
abts-,2
heterarchical,2
na=2,2
pharmacy,2
sitka,2
herpetological,2
mercurialis,2
p.558,2
dunes,2
uy,2
item(s,2
wolverhampton,2
structure-activity,2
retails,2
boydell,2
puwar,2
single-celled,2
declarativization,2
0.22kg,2
post-modifier,2
communicatively,2
lɪə,2
inflectionally,2
factor-proportions,2
nissans,2
hohmann,2
moursund,2
check-in-area,2
clozaril,2
40.5,2
pp.74,2
deir,2
high-skill,2
de-regulation,2
schotle,2
forearms,2
1000ω,2
filterloaded,2
6ft,2
vapours,2
2.1ml,2
4.39g,2
overheat,2
kochan,2
devaluations,2
pdas,2
∆h,2
0.02214moles,2
resold,2
multi-pole,2
photopolarimeter,2
fore-mentioned,2
xxv,2
augustea,2
0.5ml,2
intefiker,2
upholder,2
sister-wife,2
nepthys,2
semi-crystalline,2
telechelic,2
excerpting,2
hadoard,2
broderick,2
fundamentalist/s,2
2346/02,2
scruton,2
c(ab,2
flees,2
cohan,2
pentagon,2
661kev,2
shor,2
2002:47,2
groundswell,2
leitner,2
import-substitution,2
−1,2
propp,2
bok,2
endorphin,2
pg171,2
two-carbon,2
three-carbon,2
dae-jung,2
gern,2
halb,2
sondern,2
"£275,300",2
idolises,2
actual-to-planned,2
pp.8-9,2
stehen,2
jugement,2
swathe,2
stock-control,2
comme,2
suganami,2
jugend,2
arbeitslose,2
anni,2
politischen,2
powergen,2
pp.185-6,2
military-security,2
-sheet,2
unbalancing,2
drifte,2
4.23,2
b-series,2
henriksen,2
propping,2
171b,2
re-learn,2
79-80,2
"10,11",2
pp.30-1,2
guerillas,2
comandante,2
online-only,2
p.366,2
dystonia,2
distasteful,2
extort,2
meal1,2
bookscan,2
pp.74-5,2
bonjour,2
christensen,2
tal,2
historical-,2
ceiling(x,2
johnson-eilola,2
daniela,2
state-like,2
peuvent,2
buchananal,2
nevermore,2
they-oriented,2
lindow,2
hottest,2
870(c,2
apollonius,2
wtr,2
dénouement,2
campling,2
10mw,2
2.94,2
τe,2
1ps,2
2000-,2
superheroes,2
kneading,2
psycho-educational,2
fizeau,2
re-emerges,2
paige,2
australia/new,2
sparkle,2
p357,2
begin=,2
heretofore,2
bollywood,2
5.33,2
unbalance,2
calcul,2
k-loop,2
matrixtools,2
scavenged,2
sociolinguist,2
battery-powered,2
subfreezing,2
meaty,2
0.019,2
thunderclouds,2
230v,2
40/60,2
brasses,2
homilies,2
mendes,2
picrolite,2
1999:322,2
carychium,2
latane,2
anti-female,2
p.404,2
2005①,2
control/surface,2
cossuppression,2
koornneef,2
22°,2
manner-,2
droop,2
azmi,2
sino,2
arcuate,2
dy7ni3,2
8.41*10,2
veterinarians,2
hadrian,2
tokeshi,2
belowground,2
kinesis,2
turn-of-the-century,2
co-opted,2
attcl,2
a-2,2
velasco,2
rua,2
biopsychology,2
1800-1911,2
rucellai,2
niccolo,2
60-62,2
avoidantly,2
loewebthal,2
morita,2
pietro,2
5.48x10,2
prejudgement,2
escalates,2
hillsborough,2
trove,2
appendicectomy,2
bronislaw,2
witch-hunting,2
berma,2
astrologers,2
03/02/06,2
24/02/06,2
trichromats,2
2004:17,2
acylenzyme,2
kondo,2
manley,2
well-presented,2
seidner,2
helplessly,2
thematized,2
sub-theme,2
braunwald,2
≤2,2
lishman,2
glimpsed,2
21.11,2
apn,2
non-depressed,2
aline,2
expectantly,2
contiguity,2
weeds-,2
changming,2
loudspeakers,2
aurignacian,2
reinstating,2
lovari,2
zipped,2
stuttering,2
dithiothreitol,2
single-member,2
sterilizer,2
coterminous,2
chairing,2
3*,2
unfeeling,2
ready-to-eat,2
atm,2
e-tickets,2
girard,2
orbell,2
2002:101,2
townley,2
evolutions,2
161mm,2
ferramol,2
searing,2
ferruginous,2
residuary,2
routs,2
anti-ranter,2
preserver,2
adjuncts,2
crate,2
"63,5",2
freedom-loving,2
re-enforced,2
yinglish,2
rehabilitated,2
marvelous,2
worldwatch,2
platonists,2
partakes,2
doldrums,2
‾³ºc/s,2
0.950002,2
hostages,2
chryseis,2
glows,2
dion,2
interferometric,2
anti-manchu,2
146.6,2
sliver,2
elger,2
10:50am,2
30-1,2
defenseless,2
gang-bosses,2
derrick,2
sio,2
baaijens,2
reflector-d,2
democratically-elected,2
-23,2
12(4,2
mp2/6-31g,2
reaction-,2
close-by,2
abaunza,2
1000µm/s,2
litigant,2
meckled-garcia,2
off-set,2
preservationist,2
jicj,2
overhangs,2
doucet,2
svt,2
20khz,2
sub-phrenic,2
endeavor,2
glennerster,2
achievers,2
idealizing,2
coupe,2
"$64,000",2
0xbf,2
11.4.2,2
fida(u,2
intensity1,2
small(0.0015,2
cleans,2
2000:649,2
innocents,2
±0.0005m,2
scmp,2
0.97,2
cofactor,2
hipprocrates,2
3-phosphate,2
chancre,2
fn20,2
9.0~9.5,2
mobil,2
ranterism,2
web-sites,2
slow-going,2
media-induced,2
colombus,2
§29,2
8020x,2
2t,2
implosion,2
"3,026",2
hairdressing,2
mushroomed,2
10.209,2
a-b-pc,2
european-based,2
trihaptic,2
0.803,2
step-wise,2
5.15×10,2
ws,2
p292,2
1.7x10,2
sirleaf,2
sentry,2
masculinised,2
p.395,2
1-propan,2
matthews.2005:356-357,2
desist,2
sea-levels,2
idem,2
hugu,2
self-concepts,2
scranton,2
insullal,2
$16,2
disput,2
excommunication,2
soured,2
tailfin,2
cofactors,2
ownership-specific,2
salãm,2
p.694,2
loomed,2
everett,2
mini-white,2
dic,2
brendsel,2
nkx,2
unidimensional,2
raymer,2
soldiers-,2
oligodendrocytes,2
internet-connected,2
neo-darwinist,2
homodimeric,2
750cc,2
astyanax,2
schroder,2
mckool,2
hartigan,2
import-competing,2
deere,2
ibufg,2
4khz,2
1/2/2006,2
variegata,2
bromeliad,2
ischial,2
phosphoproteins,2
servan,2
ethiopian,2
disowned,2
graminae,2
minefield,2
electrocardiography,2
cornia,2
cemophaultecs,2
andron,2
universalisation,2
natiowide,2
orchard,2
ex-wife,2
1998:88,2
7.82,2
slave-owner,2
brooder,2
zinj,2
0.006,2
endscraper,2
nusselt,2
unlearning,2
e5e,2
1964:7,2
1998:106,2
rep.70,2
approximisation,2
lyyn,2
wold,2
jombart,2
vardanega,2
bar-charts,2
15.9,2
statically,2
pericles.24.3,2
phenolphthalein-sodium,2
sommerstein,2
neaira.38,2
philetaerus,2
mair,2
phylogenic,2
9*/,2
pegani,2
point2,2
bye,2
jeffries,2
knm-wt,2
grahl-madsen,2
vector-borne,2
fumigant,2
busied,2
8.1.2,2
resultname,2
ites,2
artless,2
henke,2
tacking,2
countries-members,2
unquantized,2
finish-to-start,2
all-day,2
snr=0,2
radiographer,2
lilliman,2
shared-disk,2
morton-cooper,2
mees,2
schramm,2
technology-development,2
mass-service,2
felstead,2
poly-centric,2
nomatic*gaim,2
introductionand,2
rheostat,2
figure.16,2
2003:20,2
layperson,2
1991:114,2
protoplast,2
highheuristic,2
belzer,2
fixed-length,2
sinfield,2
gages,2
impaled,2
capacitive,2
metonymy,2
pacification,2
0.2kg,2
pumpable,2
5ºc,2
electrically-controlled,2
operandi,2
lepenski,2
~3,2
königsaue,2
pleniglacial,2
breathy,2
181.5-190cm,2
gpl,2
kwh/year/m,2
outvoted,2
phoenicians,2
star-connected,2
allolactose,2
430w,2
0.10m,2
mj/kg,2
45-6,2
hernial,2
detonated,2
flupentixol,2
nicky,2
capture/compare/pwm,2
eeprom,2
£1.95,2
x=5,2
13-atom,2
specialis,2
0note,2
wizards,2
1997:201,2
p.975,2
1.175,2
dreary,2
past-year,2
huntal,2
befriending,2
2002/3,2
purveyor,2
contestants,2
commend,2
rufous,2
buttresses,2
-3.9,2
i.3,2
force.,2
±0.059,2
non-sexual,2
geneticist,2
gloat,2
",p.25",2
l.229-330,2
polycentricism,2
baille,2
physical.,2
-5t,2
1986)p.76,2
writing/speech,2
neurons-1,2
ectomycorrhizae,2
nuytsia,2
simmental,2
viscera,2
speak-the,2
forestation,2
summerfield,2
cowardy,2
capitalizing,2
letters)id,2
sleepers,2
half-rhyme,2
thrifty,2
antirheumatic,2
feedings,2
latham,2
specificities,2
ahmedabad,2
directionless,2
agnosia,2
-35,2
skill-based,2
enmeshed,2
florescence,2
pp.628-634,2
reminiscing,2
sternomastoid,2
transsexual,2
afflicting,2
goodridge,2
thyself,2
surging,2
korman,2
customizing,2
myxomatous,2
quadruples,2
clasen,2
tallying,2
claude,2
htttp,2
vii-,2
transversions,2
disorienting,2
p.486,2
baa,2
high-rise,2
p195,2
metamorphic,2
fixates,2
vampirism,2
undertaker,2
pre-occupied,2
emancipator,2
well-trained,2
astride,2
controverisal,2
safavid,2
cefoxitin,2
interrogated,2
cavalier,2
cumple,2
70-90,2
educación,2
contentedly,2
crenson,2
heinze,2
£0.06,2
contribución,2
1939-1945,2
sex(2,2
bleakly,2
ruination,2
arthrodesis,2
mamma,2
graeme,2
spread-eagled,2
lyn,2
jainism,2
visualizing,2
end-products,2
qin,2
minitab®,2
overoptimistic,2
kupchan,2
2-7,2
:213,2
imo,2
sub-pubic,2
hanseth,2
trubek,2
detaching,2
currant,2
formic,2
grimston,2
carvings,2
deliverers,2
atp-dependant,2
multipotent,2
mexicanidad,2
tres,2
são,2
cosanus,2
discépolo,2
epiphenomenon,2
disallows,2
militarised,2
revolutionary-democratic,2
stilts,2
manchester/new,2
anima,2
geulincx,2
zapatistan,2
postscript,2
14/11/05,2
legislates,2
pseudo-scientific,2
p335,2
host-specific,2
lial,2
chenal,2
conservations,2
pacifistic,2
szepietowo,2
200kg,2
seeding,2
overalls,2
syntactic-semantic,2
5-methylcytosine,2
10*,2
solon,2
ciat,2
cassava,2
in-container,2
resource-rich,2
0.098,2
water-holding,2
fine-tuned,2
purvis,2
heterophily,2
0.0090,2
helpman,2
land-,2
cocl(pph3)3,2
farm-gate,2
liming,2
oilseeds,2
chilver,2
yes/no,2
132-3,2
gracchan,2
coombe,2
fens,2
osteophyte,2
rendzina,2
repens,2
two-faced,2
petals,2
→crt,2
37.0,2
libertarianism,2
perennials,2
homegrown,2
demoralizing,2
pinto,2
gpp,2
p.305,2
e_,2
willi,2
nvzs,2
hyperresonant,2
butlers,2
domiciliary,2
allotments,2
de-coupled,2
60ml,2
bridleways,2
dipyridamole,2
malolactic,2
whiplash,2
2-5mg,2
1997:155,2
itchier,2
little-known,2
2k-dimensional,2
hemiarthroplasty,2
granddaughters,2
llamas,2
-0.72,2
oolitic,2
petrovick,2
kimber,2
week-long,2
100oc,2
ravines,2
p862,2
interquartile,2
unrationalized,2
0.469,2
satin,2
flicker,2
cocked,2
mushy,2
ceiling(log,2
un-fused,2
irritates,2
kestrels,2
putorius,2
starred,2
acorns,2
cohabit,2
politico,2
un-habitat,2
unassisted,2
myocytes,2
kokott,2
cyclones,2
interrelates,2
yorkers,2
navels,2
otoconia,2
phrynichus,2
gothicists,2
pratice,2
contingently,2
resurrecting,2
5.07g,2
seizes,2
gonads,2
7.85,2
sanctification,2
3.60,2
xenia,2
bist,2
p368,2
nailsworth,2
dissociations,2
sicurta,2
800mm,2
stockout,2
vowed,2
present-tense,2
gottlob,2
child-life,2
bioactive,2
flaring,2
flicked,2
inestimable,2
ductus,2
smith-waterman,2
labor/material,2
yamada,2
alleyne,2
2002:92,2
cestui,2
serum-free,2
head-of-state,2
airtours,2
nave,2
gpa-16,2
plundering,2
mis)behaviour,2
20.29,2
2000:146,2
16.81,2
β2=,2
cfe-cgc,2
cavalli,2
gidden,2
guzzini,2
internationalise,2
pheasant,2
mariott,2
gause,2
home-made,2
copperfield,2
latte,2
medulla,2
entranced,2
shh/fgf4,2
tellin,2
bygrave,2
proactivity,2
bmp-2,2
"15,5",2
well-paced,2
bachir,2
invagination,2
carnivory,2
re-intermediation,2
courgette,2
silky,2
velvety,2
dissatisfactions,2
commision,2
work-time,2
60:40,2
mentor/personal,2
2000:71,2
1.2498,2
340.14,2
back-to-back,2
virus-infected,2
pre-registration,2
10μg,2
lassitude,2
loa,2
passer-by,2
25.3,2
wardens,2
p429,2
eppinger,2
npv`s,2
25000/,2
workcell,2
redraw,2
39.5,2
kanban,2
relationship´,2
to-date,2
acquiree`s,2
barbosa,2
cevm,2
0.55kw,2
p.416,2
wot,2
yellen,2
nicias,2
sicilian,2
winced,2
argo,2
unfaithfulness,2
elvis,2
radcot,2
larger-scale,2
ulmus,2
promulgating,2
vinegars,2
60g,2
low-carbohydrate,2
hartcourt,2
1-2cm,2
£239,2
decks,2
customer-oriented,2
17h,2
14o,2
cadillac,2
1.91,2
c_q,2
0.2g,2
w/o/w,2
"~500,000",2
resin-,2
silicates,2
shoddy,2
64.63,2
gehirn,2
project/activity,2
insignia,2
.25,2
-1.00,2
sebaihia,2
ch.3,2
12/06/2003,2
desiccation,2
phages,2
kommen,2
immer,2
progressional,2
$38,2
erring,2
scrollbar,2
infiniment,2
toujours,2
particulière,2
£10million,2
gers,2
f(b,2
supersonic,2
knowledge/,2
haircare,2
epitomizing,2
uemura,2
52.2,2
titleforhtmlpage,2
lal,2
printstream,2
t(38,2
9-way,2
systemthe,2
plds,2
rapallo,2
coronation,2
1987:47,2
cartier,2
com1,2
semi-public,2
shacks,2
constabulary,2
wellborn,2
mullett,2
cokes,2
44-48,2
n-n,2
ronnie,2
mk+,2
n-butyl,2
80mmol,2
+3,2
cryst,2
imine,2
dimethylzinc,2
gelator,2
π-π,2
dissimulation,2
reinterpretations,2
18s,2
believability,2
mahila,2
elopement,2
h-cube,2
negros,2
crimen,2
bounces,2
74ºc,2
riparia,2
"$250,000",2
mcculloch-pitts,2
technosexual,2
indeterministic,2
petrakis,2
ensembles,2
unlocks,2
sadistically,2
presumable,2
sehnsucht,2
besten,2
wintertime,2
ehrbare,2
self-advertisement,2
francs,2
qualm,2
thiessen,2
44-45,2
eigen,2
42.5,2
marketing-enhancing,2
heat-transfer,2
rapacious,2
segregating,2
p.468,2
hijack,2
reheat,2
cyborgs,2
one-pot,2
usyatinsky,2
non-factual,2
high-gain,2
derivatisation,2
agg,2
α]d,2
yeung,2
berkman,2
bernsteinian,2
diarrhoeal,2
bilberries,2
semi-solid,2
whsmith,2
well-rounded,2
3/1000,2
80p,2
rickman,2
texting,2
heavyweight,2
re-emphasised,2
rienner,2
intensifiers,2
2000:29,2
meekly,2
xp40d03,2
-0.4698,2
physiologic,2
demonised,2
immortalisation,2
sexed,2
vol.30,2
provable,2
misdirected,2
gurtov,2
nuclear-arming,2
1644-1912,2
npt,2
litosseliti,2
obfuscated,2
jun,2
esi,2
braggs,2
firearm,2
150m,2
"1,400",2
trespasser,2
413c,2
figurine,2
9-12,2
horemheb,2
doughnuts,2
revellers,2
lapping,2
intercalary,2
entrails,2
94-153,2
ii.11,2
collectaneum,2
type-token,2
morehead,2
acquisitiveness,2
bernheimer,2
a(bc,2
bc)i,2
rizvi,2
ospd,2
one-another,2
lipped,2
10x10,2
k])))^2,2
tonnages,2
boatswain,2
mindlike,2
diameter1,2
1-phosphate,2
snifter,2
mandal,2
self-isolation,2
nähe,2
synetics,2
brazing,2
montre,2
7.08,2
demagoguery,2
loore,2
invitingly,2
non-drive,2
haarman,2
nociceptors,2
0.314kg,2
flowe,2
hudspeth,2
.91,2
£17.50,2
3.105,2
bayefsky,2
invigorate,2
appointees,2
approximant,2
trochaic,2
†,2
initio,2
0.19,2
+nch,2
0.7mev,2
feldhofer,2
institutional/individual,2
piemme,2
waza,2
rushworth,2
grappes,2
monoprocessor,2
pp.539,2
popeye,2
metatextual,2
-0.1,2
pp84,2
αδ(1-φ,2
ockham,2
subduing,2
cock,2
worthier,2
disequilibrating,2
17ma,2
rna-binding,2
shallowest,2
art.14,2
vm,2
bhf,2
spcc,2
corey,2
invertors,2
melanesian,2
unhelpfully,2
eco-lodge,2
madu,2
shehui,2
iosco,2
é,2
3º,2
rapporteurs,2
lead-contaminated,2
endocrinal,2
godbey,2
blaise,2
2000:662,2
homogenation,2
boxill,2
194-195,2
groundstone,2
rockshelter,2
cyt,2
88.5,2
inheritor,2
macrofauna,2
agroecosystem,2
disharmonious,2
qtl,2
rot3-2,2
articleid=7t7y3xpnaejuw3lj3c8w,2
cath,2
midyear,2
ivo,2
21.12.05,2
sci-fi,2
vetoing,2
thrice,2
scrapie,2
anthropoids,2
earth-transition,2
0.969,2
floyd-warshall,2
one-quarter,2
frugal,2
foamy,2
knežević,2
1998:369,2
lafollette,2
non-biological,2
tibet,2
blair-brown,2
explanation-,2
terminological,2
balance-sheet,2
discuses,2
petitioners,2
soveraigne,2
self-perpetuation,2
yulk,2
ctnnb1,2
1596-1650,2
1758-1828,2
y-distance,2
dimerised,2
retinoid,2
1978:16,2
essences,2
four-step,2
meatus,2
consumption-related,2
porto-systemic,2
frangi,2
8.505e-9,2
centricities,2
pq,2
28/10/05,2
diabolus,2
metaneira,2
2002:23,2
republique,2
peninsulars,2
astonomoi,2
faúndez,2
reined,2
euphiletus,2
graucob,2
heardal,2
πet-1,2
semimembranous,2
biometrics,2
web-form,2
cut-down,2
~15-20,2
integrality,2
supermeronym,2
homey,2
w3c,2
mistake-,2
powering,2
r)-r,2
overwrite,2
less-collateralised,2
zuege,2
object-for-consciousness,2
goldenberg,2
neeman,2
re-offend,2
reiss,2
pic18f452,2
zero-valued,2
2002:4,2
oliveira,2
kennerley,2
english/,2
internationalizing,2
medc,2
cramp,2
stevenage,2
macdonalds,2
cashing,2
lambourn,2
-nothing,2
erythrocyte,2
boone,2
1986)p.120,2
refuelling,2
dislocate,2
65˚c,2
-196,2
2005:214,2
06z,2
502.7,2
system2,2
silent.,2
2.41,2
sociobiology,2
meta-ethics,2
nspcc,2
10‾³,2
iulus,2
massing,2
panic-stricken,2
lycia,2
obsessively,2
clenching,2
ultra-short,2
-less,2
atabek,2
hadjiloucas,2
,2
bourn,2
glowed,2
"y0)=(1.0,1.0",2
h/,2
reflexively,2
stucturationists,2
doings,2
formalising,2
underinvestment,2
single-crystal,2
chemisorbed,2
interdigital,2
krock,2
cleanses,2
sebelebele,2
largeness,2
trivialities,2
furtive,2
wild-eyed,2
energies=,2
lacuna,2
stevedoring,2
palimpsest,2
ppgs,2
marabar,2
nauseous,2
15mg,2
fos,2
stenting,2
life-stories,2
chiming,2
1997:71,2
reimburse,2
land-owning,2
pre-opvancomycin,2
tinel,2
hannahanna,2
ignatieff,2
cnd,2
59.6,2
environmental-friendly,2
turnouts,2
profit-continuing,2
£40.9,2
impetuous,2
wilken,2
dowlatshahi,2
liberators,2
£601million,2
cuckold,2
profligate,2
port0,2
niño,2
twenty-nine,2
uhmwpe,2
covetous,2
marines,2
p.1467,2
65+,2
enactor,2
serulnikov,2
extorted,2
sandbeds,2
dripline,2
patronised,2
ther,2
decrepitude,2
charollais,2
años,2
meningoencephalitic,2
canssterilized,2
z-value,2
detenidos,2
oxidize,2
dithiocyanato,2
cis-isomer,2
napkin,2
agrarian-based,2
37.74μm,2
in-keeping,2
gamut,2
0.5670,2
halliday/teubert/yallop/cermakova,2
hengistbury,2
parishioner,2
claus-peter,2
cuddling,2
pka=13.71,2
exhaustible,2
egalitarians,2
basisicity,2
nephrotoxicity,2
reallocative,2
mythos,2
up-field,2
50/100µl,2
160hau/ml,2
balb/c,2
trawled,2
organyl,2
ois7,2
1972-73,2
lvs,2
23.2,2
de-industrialisation,2
locomotive,2
waldo,2
woodcuts,2
12-bits,2
gayatri,2
protein-coding,2
pusy,2
amman,2
nonchalance,2
adaptationism,2
heehs,2
frg,2
ade-2,2
aabb,2
mini-white+,2
numbershow,2
courseworks,2
buxar,2
post-reformation,2
anatomie,2
cenotaph,2
sub-steps,2
billboards,2
kleiner,2
investorwords,2
hanksal,2
l.40,2
mumbling,2
immunized,2
two-component,2
cuxham,2
force-measuring,2
uwl,2
glauconite,2
kerverneal,2
decameron,2
unadulterated,2
idée,2
goulemot,2
pocahontas,2
jal,2
pre-movement,2
unequalised,2
felon,2
satisfication,2
building/s,2
discomforting,2
1750-1800,2
owner-occupying,2
abstentions,2
56.5,2
denounce,2
com[2001]428,2
school-age,2
c(rtp,2
stravinsky,2
p.561,2
sourceof,2
hasking,2
offflow,2
)speed,2
three-month,2
dispersers,2
decriminalised,2
hoelzner,2
korstjen,2
oxenbridge,2
2003:478,2
executory,2
50-60,2
deferent,2
mid-early,2
figure6,2
re-charge,2
beginning-middle-end,2
heterozygotes,2
0.000001,2
rootes,2
crespo,2
e-enablement,2
finish-to-finish,2
£4,2
fisherians,2
5.05,2
"270,000",2
mammographic,2
elaborately,2
worldcom,2
11mm,2
instantiating,2
puckering,2
spo,2
movers,2
lillyman,2
pneumococcal,2
surgerypregnancydiagnosis,2
impeccable,2
panofsky,2
radiograph,2
onscreen,2
bagguley,2
walk-ins,2
premonition,2
anti-feminism,2
brachial,2
scrofula,2
intra-arterial,2
pp.183-4,2
knurled,2
12deg,2
leon-portilla,2
p.666,2
colonoscopies,2
transthoracic,2
ddavp,2
iy,2
sino-foreign,2
pseudorandom,2
sensorscurrent,2
markesinis,2
bricker,2
kislev,2
palaeoanthropologists,2
västergötland,2
portentous,2
bucco-lingual,2
torrents,2
legro,2
spegele,2
qianlong,2
stoked,2
antinodes,2
pindyck,2
140/75,2
tinkling,2
7.15,2
vainker,2
x10-23,2
multisets,2
7.23,2
paramagnetism,2
3qmas-nmr,2
kerner,2
x=20,2
inviolable,2
g77,2
detlev,2
27(1,2
pp.268-269,2
fanned,2
arno,2
ciba,2
yucatán,2
notables,2
36mm,2
faugier,2
iadl,2
iso9000,2
bourdieus,2
rpks,2
ordonnances,2
socioecology,2
bundesbank,2
karyotypic,2
9.6096e+006,2
media-changing,2
notaro,2
42.0906mpa,2
re-evacuated,2
£2500-3000,2
non-heterosexual,2
prodded,2
rowbottom,2
rivet,2
gritted,2
dipex,2
person-environment,2
holdcroft,2
bitter/ale,2
custodianship,2
lice,2
epernay,2
britten,2
brunswick,2
spector,2
udzungwensis,2
-5x10,2
publically,2
five-fold,2
a23,2
niccoli,2
ukbap,2
pro-hunting,2
eines,2
orchestral,2
2002:10,2
perrow,2
mosher,2
formulators,2
vasari,2
smutný,2
enervated,2
corked,2
appalled,2
ringlets,2
antabuse,2
jary,2
private/public,2
oppressively,2
p.545,2
32.5,2
p.88-89,2
incontrovertible,2
introverts,2
political-economical,2
1998:33,2
6.31,2
unsuspecting,2
s.36,2
edging,2
lawfulness,2
demi-god,2
intestacy,2
extricate,2
terrorised,2
ventilator,2
p.674,2
impetuosity,2
stroessner,2
uneventfully,2
tomassini,2
p428,2
blacksmiths,2
memorizing,2
deflate,2
anaylsis,2
nymph,2
pp-72,2
phosphorolytic,2
proliferations,2
fidanza,2
23-year,2
cooing,2
hydronephrosis,2
multisyllabic,2
i-to-c,2
alroy,2
morphosyntactic,2
crouches,2
29.3,2
15/min,2
insipid,2
self-manage,2
mother/daughter,2
information-sharing,2
drama/theatre,2
within-group,2
it´s,2
cafés,2
steatorrhoea,2
internalising,2
episcleritis,2
disarticulation,2
37.1,2
na(cl,2
alwis,2
rickett,2
0.29,2
crumpler,2
cig,2
fistulae,2
quotations-,2
wmd,2
postdeterminers,2
tiber,2
ingress,2
lifecourse,2
sublingual,2
family-like,2
world-renowned,2
haemophiliac,2
collusions,2
creditable,2
illinx,2
halson,2
stuff-,2
homography,2
gratia,2
p.336,2
hyperprolactinaemia,2
affaires,2
pack-years,2
outfits,2
schönleitner,2
halicarnassos,2
liken,2
pran,2
hawksworth,2
ducharme,2
three-,2
suckled,2
post-coital,2
pluck,2
lga,2
p47,2
p207,2
saeed,2
re-imagined,2
colosseum,2
screenplay,2
depolarized,2
marchman,2
reassigned,2
molnar,2
5.213,2
folktales,2
mcleod-li,2
5.223,2
dead-end,2
wench,2
taberu,2
ezln,2
glamorise,2
tangle,2
non-isomorphic,2
crh,2
boltanski,2
mccloskey,2
bathos,2
typify,2
overemphasise,2
lubricate,2
2000:285,2
romano-britons,2
compa,2
nimmo-smith,2
extraenteral,2
incognito,2
carnassial,2
waffles,2
daubenton,2
self-propagating,2
mugs,2
endoparasite,2
monotropa,2
yakub,2
phase-modulated,2
feedback-controlled,2
chou,2
dbs,2
disulfiram,2
understate,2
hydro-power,2
frequence,2
tolchinsky,2
endear,2
stormed,2
"£48,000",2
7.39,2
horrox,2
mcdonaldised,2
leva,2
crofts,2
reheard,2
emerton,2
interpolate,2
mer,2
belatedly,2
wrongdoings,2
lintelled,2
trilithons,2
analysised,2
343.3n,2
pequeno,2
hub-like,2
mortems,2
agnostia,2
ivs,2
multi-billion,2
flagellants,2
66-67,2
asaf,2
slusher,2
casks,2
grundnorm,2
intervener,2
decolonisation,2
mahale,2
re-brand,2
outworn,2
stricto,2
self-grooming,2
226ra,2
1992:25,2
momentums,2
neutralization,2
wade-davis,2
vol.72,2
landowning,2
30-year-old,2
stepdown,2
bonavia,2
iptg,2
bowyer,2
pp.18-19,2
357total,2
nonnegative,2
37.8m,2
substitutionism,2
skirmish,2
levelt,2
south-westerly,2
twaddle,2
conflating,2
spina,2
choirs,2
garret,2
:220,2
monopsony,2
mpdu,2
512-bit,2
stoppage,2
antivirus,2
synchronizing,2
cassidy,2
drowns,2
~4.6,2
subsp,2
fus,2
~4,2
counterexamples,2
easy-opening,2
headship,2
dsc,2
kg-1,2
godhead,2
post-retirement,2
20:14,2
cinahl,2
avonmouth,2
higley,2
nanospray,2
hai,2
semi-circle,2
eca,2
recessional,2
olivera,2
llewellyn-jones,2
rolph,2
idiots,2
catagories,2
debouncing,2
flyby,2
exercise2,2
thias,2
bathetic,2
62.3,2
x-link,2
exonormative,2
angle/ratio,2
solipsistic,2
2y,2
friar,2
blp,2
petchesky,2
nauru,2
vacuous,2
brownlee,2
lisman,2
bureaucrat,2
self-protected,2
benefactor,2
firm-size,2
2002:516,2
2004:71,2
goehr,2
blueprints,2
molly,2
longyear,2
forfeiting,2
micrometerdefault,2
offgravitational,2
unacknowledged,2
s1(1)(a,2
non-combatants,2
curdles,2
spooner,2
chasten,2
value-relation,2
speak(43,2
huntsmen,2
semi-housed,2
stallions,2
bromeliads,2
lambed,2
cronyism,2
idiosyncrasy,2
1995:22,2
06/03/04,2
p.778,2
vol.56,2
determinated,2
/day,2
smoothening,2
20±,2
lianas,2
ambulances,2
ledg,2
organum,2
skehan,2
i+1,2
huascar,2
gruzinski,2
eddington,2
495×65×16.11),2
life-like,2
mensa,2
sivian,2
geffrie,2
thisbe,2
ruffians,2
superpartner,2
upgma,2
p/d,2
caspase,2
benson-calvin,2
carboxylation,2
f(g,2
7.2:1,2
meditated,2
fumbling,2
hobbyists,2
interpolates,2
backcolor,2
mercedes,2
non-extreme,2
sinistral,2
countershaft,2
phototrophic,2
interaction/experience,2
preprogrammed,2
armada,2
scoundrels,2
32-46,2
2006q3,2
moistening,2
times/day,2
viscometric,2
p=mc,2
pharmacophores,2
suppl,2
slick,2
grabber,2
cover-up,2
π-antibonding,2
profit-making,2
centroid,2
n=2000,2
f(x),2
therefrom,2
mingpao,2
5mm/min,2
σts,2
apnea,2
18.7x,2
plateaued,2
unclamped,2
ferranti,2
over-runs,2
freezed,2
thionophosphoric,2
d-value,2
tchernia,2
pre-ordered,2
apologist,2
hemoglobin,2
nitrites,2
micro-irrigation,2
pro-rata,2
n-forms,2
2005:46,2
141°c,2
0.369,2
worldliness,2
0.445,2
0xdf,2
moot,2
würgler,2
yongzheng,2
2.4.6,2
team-member,2
in-car,2
matador,2
lowing,2
phalen,2
rhf,2
intimated,2
ventriculogram,2
fluidno,2
distil,2
state-based,2
machs,2
"17,500",2
ina,2
kugimutzakiz,2
cali,2
1.4059,2
daoguang,2
op-codes,2
golde,2
2.3.4,2
accrue),2
hn,2
1000°c,2
2-15,2
citywire,2
unpackaged,2
rechenberg,2
hecuba,2
servitium,2
57-58,2
$1.3,2
legislatures,2
stoeber,2
stratocumulus,2
d/0.1,2
1995:2,2
steam-air,2
tims,2
sensitization,2
defleshing,2
anaerobically,2
triest,2
magistracy,2
2000:132,2
effros,2
syst,2
over-exaggerating,2
multivitamin,2
silcox,2
p.834,2
pustejovsky,2
vol.38,2
busting,2
¹≠,2
amo,2
strategise,2
well-maintained,2
brokken,2
3.183,2
buchana,2
thonpson,2
unthinkingly,2
60µm,2
coy,2
overshadowing,2
octec,2
gambled,2
£3.8,2
bodleian,2
misevaluation,2
totaled,2
pge,2
livestock)-,2
p.470,2
stampede,2
metabasis,2
jue,2
balbisi,2
ater,2
navire,2
astonished,2
90minutes,2
giornale,2
invulnerability,2
bardhan,2
tolstoy,2
zealously,2
violin,2
1930-1945,2
zammit,2
5mhz,2
2.87x10,2
gymnosophist,2
clauwaert,2
p-side,2
chankly,2
freedome,2
helly,2
75µg,2
1619-1877,2
xm,2
1.141e-8,2
1.250e-8,2
anti-parris,2
takeaway,2
anjou,2
shunts,2
eater,2
decibel,2
rnid,2
charlton,2
cinnirella,2
exultation,2
peigneux,2
carlyle,2
lay-people,2
λtrace,2
p.840,2
deigned,2
mita,2
hoyt,2
p336,2
1999:26,2
économique,2
cicup,2
matha,2
artificers,2
unfocused,2
f508,2
family-based,2
fondling,2
cdu-spd,2
demagogy,2
low-status,2
materialisation,2
1997:149,2
1w,2
fridely,2
wasters,2
portobello,2
1993:108,2
aspirant,2
grey-goo,2
two-night,2
tnt,2
meteoroids,2
yala,2
1981:8,2
species-rich,2
vagnetti,2
body-for-itself,2
industry-standard,2
americanisms,2
jerf,2
obsidienne,2
pre-pottery,2
machair,2
blondel,2
küche,2
coulston,2
monographs,2
duxbury,2
"-3,4,5-",2
white-cheeked,2
tobias,2
endocranial,2
intrepid,2
multi-media,2
caretakers,2
undersized,2
benderly,2
barnlund,2
£1.6m,2
5.83,2
akayesu,2
p282,2
koo,2
neuerer,2
2.83,2
pyrex,2
26.1,2
age-biased,2
non-aggressive,2
roloway,2
scannel,2
0.434,2
fixed-point,2
crafting,2
differentiability,2
1999a,2
technology-led,2
male/,2
masai,2
meditating,2
cohesin,2
occupazione,2
cordiali,2
import-export,2
non-muslims,2
benes,2
jacobo,2
3km,2
yvonne,2
β5=,2
obstinately,2
roomed,2
intra-molecular,2
monotropy,2
¬(x,2
$26,2
walling,2
tolerability,2
wiess,2
1933-,2
1939-42,2
reputational,2
100kya,2
0.4631μmol,2
recoverin,2
ecuadorian,2
stressor-vulnerability,2
lin-5,2
rekindles,2
göktürk,2
uns,2
meq,2
quand,2
gibt,2
apogee,2
trop,2
challenger,2
inviable,2
mutualistic,2
nicotinamide,2
oxidatively,2
catabolic,2
preis,2
10(area,2
p.357,2
14-16,2
passer,2
deducible,2
pv-p,2
pp142,2
bulla,2
wazid,2
stewards,2
paruni=0,2
gans,2
lakey,2
nai(tl,2
convolution,2
borderlands,2
neutering,2
propound,2
synchronicity,2
sluggishness,2
ph3,2
cyanotic,2
zeitlinger,2
atelectasis,2
problem-,2
8oz,2
whipps,2
p236,2
wrappings,2
1/12,2
aida,2
dramatising,2
1å,2
p:40,2
electromotive,2
deactivates,2
unverifiable,2
ci/gli,2
25kda,2
4.78g,2
1996:35,2
cued,2
149-50,2
hyperlinks,2
hatchard,2
order(s,2
discourses-,2
cauldron,2
pompidou,2
rho,2
plundered,2
canaanite,2
christi,2
39.99,2
reorientation,2
vagrancy,2
anti-colonial,2
gorgonia,2
groomer,2
adorable,2
zip,2
truss,2
supply-demand,2
multitudes,2
21.12.3,2
protein/ml,2
usinor,2
a8,2
nitro,2
-0.515,2
40.6,2
wk,2
arabinose,2
11.032,2
floodgate,2
diversifies,2
squarrosa,2
gradualist,2
dicotyledonous,2
tommy,2
black-figured,2
craftspeople,2
hardstaff,2
detaining,2
ion-exchange,2
rotameter,2
semi-synthetic,2
-lactamases,2
selectable,2
anders,2
6.5mm,2
baghdad,2
kiely,2
1870-1979,2
"y/n)i,1870",2
bytom,2
tortoises,2
anti-tumor,2
risse,2
basking,2
vpg,2
kω,2
viciously,2
beylerbey,2
mhiii-lhi,2
poros,2
anyways,2
chi-chen,2
171-173,2
khwaja,2
autodesk,2
vulgare,2
tampered,2
mason-jones,2
n-acetyl,2
nantes,2
pero,2
accusatory,2
glutathione,2
pyrene,2
javelin,2
iu/ml,2
11(b,2
monochrome,2
microparticles,2
hidalgos,2
110º,2
0.05mm,2
0.054mm,2
2hrs,2
p.795,2
fleas,2
pothine,2
palmerston,2
imago,2
privatise,2
overhang,2
more-balanced,2
gerstle,2
goldblatt,2
jesudason,2
knollenberg,2
m(a,2
erisman,2
prenatally,2
h3n2,2
neo-fascism,2
£1.8,2
principle-,2
lyre,2
ideality,2
war.2.49.3,2
£100k,2
full-grown,2
glyoxal,2
time=,2
middle-range,2
non-machineable,2
chelators,2
2/,2
limites,2
dost,2
enclaves,2
undress,2
bekannt,2
carcases,2
huacas,2
shrink-wrapping,2
resignations,2
duhalde,2
inoculations,2
carbon-based,2
anti-carcinogenic,2
ho157,2
1.6×10,2
disco,2
lonigan,2
bis-acetylated,2
un-perforated,2
raúl,2
inter-team,2
solution-average,2
charcters,2
marchas,2
spatula,2
siraisi,2
pre-modifier,2
44.5,2
gatrill,2
mariana,2
gymnosperms,2
grit,2
fully-featured,2
homeobox-containing,2
más,2
bravado,2
cochineal,2
johnstonal,2
reconnect,2
undaunted,2
nsteps,2
cxvi,2
pass/fail,2
discrete-time,2
götterapparat,2
hilarious,2
indigence,2
barret,2
brabant,2
44bc-,2
micellular,2
simmel:1903:334,2
archetti,2
organization-based,2
5.12,2
burgo,2
bract,2
excreting,2
intra-organisational,2
lumber,2
embeds,2
pre-conquest,2
$490,2
36.3,2
5.3.2,2
larsen,2
ancón,2
rednecks,2
rhotic,2
sex-based,2
preece,2
abx,2
diplomonads,2
p.966,2
overstretched,2
n][n,2
kamins,2
bikers,2
yanagisako,2
begrudgingly,2
pretensions,2
feree,2
pleasure-seeking,2
lay-out,2
eulogy,2
boudieu,2
marl,2
his/,2
2002:185,2
excrements,2
kardon,2
9.30am,2
fruticosus,2
encroaches,2
non-codeword,2
impoverish,2
skims,2
geographies,2
recopied,2
ile,2
pyrethroids,2
ape-like,2
xxxiv,2
ingleby,2
prehension,2
bulbous,2
creativeness,2
setting-up,2
ogre,2
víctor,2
simmer,2
cusco,2
wrag,2
stockdale,2
meinzen-dick,2
toi,2
leander,2
government/,2
animal-derived,2
anointed,2
certitude,2
7-13,2
hobhouse,2
1999:7,2
non-resident,2
unrepresentativeness,2
fridges,2
"0,12",2
overtook,2
electrophoreses,2
fault-centred,2
cockayne,2
telemetry,2
~5kb,2
michalak,2
interpretatists,2
humbled,2
thin-walled,2
prospector,2
self-managed,2
qalys,2
track-record,2
unperceivable,2
esprit,2
2001-02,2
elh,2
morrill,2
unjustness,2
toute,2
caricatures,2
,2
gynaecological,2
$62.5m,2
reconciles,2
bourgueil,2
faggio,2
mcnair,2
isk,2
1990`s,2
sustainer,2
sate,2
10/15,2
.4,2
.7,2
autoantibodies,2
altes,2
post-stroke,2
glove,2
vivendi,2
peripherality,2
janik,2
overcapacity,2
enveloping,2
nigger,2
shock-absorbing,2
rediscovering,2
muffled,2
tebbit,2
age(3,2
anglister,2
blood-sucking,2
vivian,2
mahogany,2
zephaniah,2
ezequiel,2
retransmitted,2
imagistes,2
post-modernity,2
chanchadas,2
i]f,2
2001c,2
£135,2
pre-existent,2
rts,2
functional/causal,2
hypatia,2
sense-making,2
adonis,2
obliteration,2
2001:55,2
2002:639,2
re-telling,2
150:5,2
recap,2
0min,2
velocityl=,2
reattach,2
122-3,2
0.12kg,2
63.1,2
anticoagulants,2
mccloy,2
bardot,2
catheters,2
cyclophosphamide,2
is/are,2
fardon,2
wheeze/crackles,2
trans-(-,2
cg,2
triumvate,2
hyperinflated,2
short-acting,2
4-hourly,2
3(3,2
tendinous,2
shelby,2
hermeneutical,2
easterbrook,2
choreographed,2
sub-endocardial,2
antacids,2
insite,2
triphosphatase,2
pharmacotherapy,2
lurid,2
unsymmetrical,2
bores,2
outstretched,2
fortifresh,2
bi-labial,2
auditioned,2
35.9°c,2
2005-6,2
all-round,2
unscheduled,2
17.8,2
longus,2
+14,2
brick-and-mortar,2
oldach,2
lusting,2
mutinied,2
crooke,2
grafe,2
unrepeatable,2
mansor,2
1995:77,2
acuhaler,2
/v/,2
incongruously,2
fractioning,2
pall,2
remotest,2
laisser,2
form-driven,2
crunching,2
l.112,2
1-aryl-1h-indazole,2
-all,2
headquartered,2
-on,2
dickey,2
south-africa,2
trade-distorting,2
heraclitean,2
act-centred,2
garnaut,2
bhagwati,2
warⅱ,2
amputated,2
mis/iss,2
jermier,2
immobilization,2
jouve,2
kanamycin,2
tay,2
arginusae,2
stamm,2
water/,2
72.75,2
22.0,2
titterington,2
thusly,2
assimilators,2
firewood,2
indochina,2
analyzers,2
cushioned,2
invariable,2
fumarase-,2
faring,2
alberts,2
clmv,2
zollverein,2
intra-industry,2
duranty,2
197-98,2
long/short,2
will-less,2
independents,2
tumour-specific,2
mediolateral,2
paget,2
aenead,2
lipscomb,2
cross-matched,2
basque,2
faroese,2
re-assessment,2
advisement,2
600kg,2
milled,2
wanderers,2
tyr,2
salers,2
hurd,2
mg/sample,2
obviate,2
zwitterion,2
pink/purple,2
sedimentary,2
s.4(1,2
lisker,2
delta-proteobacterium,2
maeve,2
assiduously,2
squabbles,2
sulfate-respiring,2
microsporidia,2
pandya,2
archie,2
low-tariff,2
methanogens,2
jump-start,2
uri,2
anti-cartesian,2
hyperkalaemia,2
corn-quest,2
inter-organizational,2
samsung,2
well-versed,2
bipolarity,2
-to,2
trichomonas,2
postdoctoral,2
preferredlevel,2
guttman,2
~1,2
closet,2
p295,2
chessboard,2
ipra,2
stockpiled,2
fastenau,2
1995:92,2
1998:1,2
malandragem,2
87-88,2
incompatibilities,2
fornication,2
1985:1326,2
thorold,2
one-word,2
lindemans,2
3.17å,2
leavers,2
polydipsia,2
labour-intensity,2
p338,2
hey,2
issrs,2
etruria,2
20˚,2
hyper-real,2
pre-digested,2
tourniquet,2
yj,2
panting,2
acromegaly)metabolic,2
sinapsis,2
0.06g,2
sub-continent,2
dechlorinated,2
hospitalisations,2
topologically,2
whitefly,2
gullies,2
soil-based,2
a]t,2
kscn,2
overstocking,2
geneticists,2
srf,2
unfractionated,2
ensuite,2
polyethene,2
fidgeting,2
4.17,2
historisch-politische,2
gastroenterology,2
podetia,2
theologically,2
"7,200",2
virji,2
antihypertensive,2
metoclopramide,2
eplerenone,2
southernmost,2
millennia-old,2
gama,2
φis,2
flax,2
acreage,2
shampoos,2
nass,2
mahler,2
1.18x10,2
downplaying,2
unladylike,2
pelto,2
s-p,2
swabbed,2
peace-keeping,2
sard,2
marriage-who,2
21-23,2
pattison,2
rimlinger,2
scarpa,2
roundup,2
vasilis,2
v-shape,2
ornamentals,2
surest,2
marketing/management,2
covetousness,2
bbb,2
equine,2
haemoscope,2
dubois-crancé,2
bhopal,2
52-53,2
gtpase,2
historiographer,2
corroborating,2
bea,2
150cm,2
nubian,2
parlours,2
30-60mg,2
-1999,2
bleomycin,2
bdaspirin,2
create[d,2
worse-,2
balint,2
yogurts,2
regurgitate,2
fodness,2
kes,2
collating,2
shot/countershot,2
loggerhead,2
taberlet,2
infidels,2
oberman,2
begum,2
riggins,2
dimensioning,2
cinnamond,2
profit-motive,2
2002.10(1,2
life-threatened,2
under-prepared,2
repic,2
circumflex,2
constricting,2
gfoa,2
staggers,2
2003:33,2
aluco,2
7.26,2
muggy,2
vetoes,2
0.111,2
sueur,2
belarus,2
link-exchange,2
kazaa,2
helix-turn-helix,2
tantingko,2
2000:129,2
ser/thr,2
valenzuela,2
far-sighted,2
achin,2
psychrophiles,2
immunocontraception,2
crowned,2
hilly,2
pp146-149,2
nomologically,2
slunk,2
unharmed,2
euro-sceptics,2
tallon,2
rol,2
rose/1997,2
dordogne,2
iguanas,2
guseva,2
mellars/1996,2
bohemians,2
gulonolactone,2
intrudes,2
user-based,2
roehl,2
furr,2
buteo,2
representivity,2
vinod,2
hospitality-related,2
cuniculus,2
jeopardized,2
fattorini,2
toh,2
de-protection,2
1998:95,2
tipper,2
390-6,2
spiteful,2
age-deficits,2
liquid-cooled,2
vf/vr/vfvr,2
vf,2
willoughby,2
disposals,2
karate,2
berkley,2
salaried,2
4-7,2
66οc,2
biomolecules,2
tienhoven,2
goatee,2
lithiating,2
centrism,2
anti-paper,2
wearne,2
yield/week,2
nce,2
artemidorus,2
gesellshaft,2
25.4,2
1975:91,2
wolin,2
phonotactics,2
kleinwort,2
prodrug,2
logico-linguistic,2
sassen,2
squalor,2
1979:901-2,2
ostwald,2
two-fifths,2
kohlrausch,2
stepmother.20,2
lovingly,2
concentration.3,2
self-defense,2
callimachus,2
paterfamiliae,2
napthol,2
eye-witness,2
homeotic,2
putted,2
conde,2
2.5317g,2
nbc,2
morfey,2
shankar,2
600cm-1,2
r2co,2
metallo-supramolecular,2
gel-like,2
isthmias,2
riunione,2
pp.96-103,2
hypothetic,2
tankers,2
parquet,2
janus-faced,2
startled,2
kwicksave,2
refurbished,2
cfu/ml,2
quebecois,2
p.532,2
pericles.37,2
rattansi,2
meines,2
finden,2
lauter,2
beholds,2
quinones,2
inka,2
stories-,2
use-case,2
p.1465,2
carlsberg,2
debenhams,2
drowsy,2
drools,2
micropolishing,2
expectoration,2
idiotic,2
rsv,2
barkley,2
spatialize,2
ziyi,2
company´s,2
0.647,2
bookshelf,2
time-frames,2
rmo,2
glenister,2
gilliam,2
staking,2
ordine,2
distresses,2
disloyalty,2
acfode,2
mercia,2
wigmore,2
utopic,2
laudibus,2
p.539,2
hric,2
membered,2
10(1,2
deprotection,2
carbamate,2
chemotactic,2
parisians,2
sucessfully,2
alkanes,2
194.5,2
barbituric,2
dmso,2
re-evaluating,2
non-covalently,2
tem,2
voiding,2
clément-desormes,2
amaro,2
país,2
deportations,2
dyssomnias,2
tanesini,2
sytem,2
disinfecting,2
crus,2
agglomerated,2
ssea4,2
honey-flints,2
countenance,2
conwell,2
214-215,2
fission-example,2
re-thought,2
ssp,2
thoughtfully,2
47-49,2
labour/abstract,2
refigured,2
j2se,2
refilling,2
1998:209,2
iron-clad,2
fgf-9,2
2002:41,2
grassroot,2
53p,2
35.4,2
129.3ºc,2
4.8ml,2
rahe,2
4.5.2,2
them-,2
sub-community,2
perenne,2
neolithic/bronze,2
embryonated,2
neuroprotective,2
antioxidative,2
oxotremorine-enhanced,2
1.5ml,2
destablised,2
2000:28,2
breastplate,2
g-250,2
radice,2
2004:190,2
mycelium,2
£2.5,2
rafiee,2
1480-1815,2
variationism,2
desulfovibrio,2
non-sulphur,2
4.4.3,2
cdma,2
non-histone,2
seti,2
immunoprecipitation,2
graveney,2
function.2,2
metalwork,2
longships,2
-i,2
sickles,2
:137,2
chromosome.4,2
pcn,2
huseyin,2
diprotic,2
tared,2
3.3.4,2
occur.22,2
tlaxcala,2
elmer,2
paratust,2
"26,000",2
vol.52,2
hatshepsut,2
punctuate,2
whitewash,2
preoptic,2
navigium,2
uptime,2
fetterly,2
copula,2
updation,2
2001:35,2
:190,2
trawlers,2
2004:35,2
-hypercomplex,2
wnt/fgf,2
§2.1.2,2
revaluated,2
1981:7/18,2
1820-2000,2
walktake,2
32.61029,2
1996:33,2
muggleton,2
2005:155/6,2
nutt,2
tachistoscopic,2
p1716,2
catabolised,2
keto-glutarate,2
flavin,2
throes,2
yeager,2
riggs,2
1.01,2
plaudits,2
y=ak,2
bönike,2
aufhaltsame,2
amant,2
hyperpolarization,2
6.2.4,2
toileting,2
part-,2
5.14,2
fads,2
8.05,2
2005:184,2
bulletins,2
h1b,2
49.5,2
howsoever,2
culture-commerce,2
"3,200",2
harari,2
rowling,2
jelassi,2
hermanus,2
manufacturability,2
$6bn,2
méthodes,2
warrabost,2
location1,2
glycogenolysis,2
1.54436,2
clicks-and-mortar,2
0.010,2
picosecond,2
hesmondhalgh,2
10mci,2
etalcl,2
heat-gain,2
tenability,2
5.11.3,2
a[i,2
0.79mm,2
scandir(source,2
lead-related,2
process-based,2
optimisations,2
vibrator,2
0.03n,2
pulkrabek,2
marmoset,2
bolt-on,2
x100,2
isotropy,2
isoclinic,2
10psi,2
bullring,2
vestry,2
caithness,2
rustic,2
2003:29,2
verhoeven,2
two-space,2
micro-environments,2
homogenously,2
gran,2
vrem,2
lustrous,2
christiaan,2
hittite,2
stelling,2
control/buried,2
pant,2
north-,2
ψπ,2
disunion,2
cib,2
30.2,2
pseudoannulata,2
augustin-louis,2
meha,2
micronutrient,2
smf(0,2
palermo,2
prefixes,2
7m,2
exercisable,2
brigadier,2
4000bc,2
lbk,2
valverde,2
crockford,2
pals,2
£18,2
dendron,2
strcmp(risk,2
cress,2
depreciations,2
1.958,2
mark-ups,2
stitches,2
39.2,2
debarred,2
overnutrition,2
sub-sampled03,2
ifft,2
4.25,2
showman,2
joye,2
skeptically,2
-32kg,2
150v,2
-0.06094,2
ubc,2
nordhaug,2
eidetic,2
v.17,2
taxotere,2
softest,2
£23.9,2
octaves,2
high-boiling,2
senor,2
$13,2
1.177e-8,2
plot(t,2
guangxi,2
25/11/05,2
27/01/06,2
10/03/06,2
overreacher,2
palindromic,2
dissuading,2
macros,2
compañeros,2
"85,000",2
socio-linguistic,2
trochanter,2
micro-vascular,2
autopsies,2
£20k,2
15.8,2
awfully,2
bugger,2
misapplication,2
sociobiologist,2
monocot,2
nematodirosis,2
noval,2
λ[lr,2
self-selection,2
bildung,2
rote,2
insides,2
extra-diegetic,2
humprys,2
langton,2
klieneberger,2
5:261,2
",p.5",2
himalayan,2
sceneries,2
=5,2
p130,2
conn,2
automatised,2
concept-checking,2
confiding,2
mutilating,2
1960:39,2
ankum,2
broken-heating,2
150000n,2
2.3.6,2
year1,2
tresses,2
deformable,2
49-,2
iac,2
out-of-season,2
vect,2
#pragma,2
non-radiative,2
gorman:2000:49,2
littler:1978:371,2
c#,2
5nm,2
100:1,2
microsensor,2
feathered,2
nuremberg-style,2
reemployed,2
dxp,2
2/g,2
routedge,2
0:0.01:0.05,2
20log,2
re-optimising,2
s-1,2
astrolabe,2
s.1(1)(b,2
fischoff,2
marinova-todd,2
rationalize,2
mis-statement,2
thumbs,2
satiate,2
cppd,2
troeltsch,2
tachycardiomyopathy,2
r-l,2
charnley®,2
gl_quads,2
kinaesthetic,2
apostrophes,2
jaures,2
cadence,2
maryanski,2
shackleford,2
p217,2
50x,2
brass(0.02,2
journeyman,2
civils,2
1840-1870,2
annotate,2
care-giving,2
dozenfree-range,2
42p,2
docked,2
rhizobium,2
sprits,2
décadas,2
hydroxybutyrate,2
500g,2
brucei,2
rhodesiense,2
trans-isomer,2
ciaran,2
20n,2
80cm,2
-180○,2
~250μm,2
x19,2
sidecar,2
dubbing,2
normalcy,2
mid=x,2
mips,2
step-up,2
ei-ef)/h,2
560nm,2
data-sets,2
ayala,2
brandsen,2
two*pi,2
gaston,2
henan,2
adsorbs,2
hunan,2
4-fluorobenzonitrile,2
2.27g,2
196.608kb,2
methacrylamide,2
18o,2
5000bp,2
aspen,2
",p.27",2
hairstyles,2
kirchenhistorischer,2
audiencia,2
subsisted,2
unread,2
commercialized,2
transactionalists,2
protoeukaryote,2
svedberg,2
19-39,2
k+p,2
human-to-human,2
collier-hoeffler,2
29.5,2
alehouse,2
prevalently,2
arkelof,2
time-inconsistent,2
20/04/05,2
baldrige,2
brand-name,2
champ,2
causeways,2
paretski,2
wolford,2
degenerations,2
underachieving,2
multiplexers,2
halos,2
2.31,2
upholders,2
luteinising,2
leghorn,2
excitations,2
ipswichian,2
knowledge/old,2
semi-luxury,2
noriega,2
puo,2
ridged,2
frederich,2
packetisation,2
brownest,2
q(a,2
q(b,2
ejaculate,2
war-related,2
spinster,2
400ºc,2
pre-1700,2
chic,2
in)actions,2
ark,2
revere,2
nièces,2
re-invent,2
bradislaw,2
nedelsky,2
patres,2
hashmis,2
preemptively,2
conciseness,2
l7-l76,2
post-sea/teu,2
$750,2
vanessa,2
2004:357,2
urns,2
ass2,2
eliding,2
michele,2
reticulospinal,2
suhrke,2
baroque,2
radiometer,2
21/05/99,2
double-slit,2
sagar,2
sibbing,2
ocounter,2
torchiana,2
2005/6,2
1996:230,2
zetocha,2
kneels,2
legibility,2
iccm16c,2
20.1,2
innovated,2
enactors,2
vitriolic,2
std_logic_1164,2
sex-,2
friog,2
kuczaj,2
lagomorph,2
bales,2
commensurate,2
holbrook,2
zoned,2
bnf,2
s+1,2
p/v,2
ambiguously,2
micro-generation,2
fig.11,2
un-egoistic,2
wsw,2
1879-84,2
insinuate,2
candamo,2
falser,2
al-jazeera,2
demolitions,2
staff/room,2
inter-process,2
seaports,2
host-to-host,2
quinquennial,2
connerton,2
long-awaited,2
situates,2
castro-klarén,2
gravette,2
118kyr,2
sympathiser,2
issuance,2
sunsets,2
tenser,2
moralities,2
1.44x10,2
pbp,2
snowfield,2
tradeable,2
treatyite,2
2003:61,2
colling,2
brocas,2
stupefied,2
entrenching,2
→no,2
split-second,2
delger,2
hidemi,2
confederates,2
élite,2
0.262,2
non-intuitive,2
vela,2
de-excitation,2
74.96,2
ramakrishna,2
stebbins,2
foreshadowed,2
radio-frequency,2
precessing,2
one-pulse,2
takashi,2
acharya,2
non-asian,2
bombast,2
32(4,2
ethnographer,2
shanty,2
ps1,2
eaves,2
selladural,2
googles,2
clutterbuck,2
pp.13-14,2
lautrec,2
son-of-a-bitch,2
1.47,2
±0.0005mm,2
10(5)(aa,2
c-209/03,2
headmistress,2
zivilisation,2
apotheosised,2
stigmatism,2
multiparous,2
pp.102-4,2
recitations,2
denominational,2
16/september/2005,2
two-month,2
alcohpops,2
jurgensen,2
karaoke,2
globing,2
graburn,2
davide,2
forgeries,2
dyad,2
anti-localizationists,2
1987:34,2
0.86,2
arezzo,2
watchmaker,2
decentralize,2
chechen,2
krastev,2
406.44,2
msec,2
breathes,2
monogastrics,2
relume,2
crannied,2
2)(a,2
thesaurus,2
£92.6m,2
influentially,2
if(display,2
goldfinger,2
xy-plane,2
beacons,2
railings,2
theatrics,2
pelagea,2
pamuk,2
weideli,2
macroinventions,2
denigrated,2
the1970s,2
sher,2
anticlimaxes,2
either-or,2
securitized,2
simester,2
gelling,2
thematizing,2
exasperate,2
p359,2
p914,2
bbc1,2
blitzkrieg,2
rifles,2
venerated,2
unhealthier,2
capitalises,2
rove,2
twin-scroll,2
schwarzer,2
oakey,2
hydroxychloroquine,2
zingale,2
anti-rheumatic,2
graphophonic,2
disease-modifying,2
2001:97,2
suppressions,2
averts,2
sub-communities,2
£1.20,2
tfts,2
anti-vietnam,2
dialectically,2
euthymic,2
muttering,2
airing,2
3.83,2
feta,2
hollow-(194×5.0),2
crankcase,2
didactics,2
200°c,2
submandibular,2
years-old,2
orality,2
abnormal-,2
gentile,2
brumfit,2
rupp,2
blascovich,2
423k,2
carburetion,2
rousseauian,2
subtest,2
41.8,2
fussy,2
borogoves,2
raspberries,2
hastens,2
bryde,2
geissler,2
post-learning,2
wickelphonology,2
mismatching,2
microlithic,2
lnpstar,2
rightsizing,2
henderson-hasselbalch,2
flinty,2
repressors,2
dairies,2
gsp,2
texsel,2
k5,2
solipsism,2
conybeare,2
jeopardises,2
ideologists,2
parkhe,2
innovates,2
moldova,2
syllogisms,2
kirkpatrick,2
non-reducible,2
wolfinbarger,2
polar-sensitivity,2
nonassertive,2
1550s,2
effectors,2
non-susceptible,2
cfus,2
1995:76,2
1985:253,2
transformants,2
diexis,2
dynein,2
58.3,2
60min,2
kleptomaniac,2
amb,2
crossfire,2
metanarratives,2
3.15,2
causalities,2
prodigious,2
3.23,2
mino,2
mid-war,2
periodicals,2
collett,2
tae,2
cred-ra,2
ligation,2
arthralgia,2
over-application,2
cactorum,2
tachycardicsaturation,2
moth,2
non-crop,2
celery,2
eeb,2
allium,2
lysenkoist,2
udry,2
family-run,2
suppressant,2
infarcted,2
diamagnetism,2
didier,2
propan-2-ol,2
adressed,2
backache,2
testosterone,2
baf,2
falaj,2
outcrop,2
fertilizing,2
bodine,2
ketoconazole,2
pollinia,2
post-hepatic,2
ingesting,2
energy-rich,2
sub-cellular,2
sympodial,2
prionic,2
orchidaceae,2
1985-,2
t-2,2
edgestone,2
5.24,2
cauliflowers,2
bracts,2
1998:178,2
vermin,2
rb209,2
sarsfield,2
resident/dominant,2
myrmica,2
oljan,2
ohlssons,2
2583-2595,2
function/ergon,2
critchley,2
transcriptase,2
p196,2
nominata,2
juge,2
wallenfang,2
northanger,2
primack,2
arvense,2
lapwings,2
vivacious,2
ledger,2
gaby,2
sealable,2
grapevines,2
cheesy,2
opts,2
stomatitis,2
meta-mimesis,2
40c,2
reddened,2
bdramipril,2
ectothermic,2
hungering,2
delany,2
marrieds,2
r)-(+)-binap,2
dianion,2
30.6,2
32-,2
crowdedness,2
disproportionation,2
underwriting,2
1.0ppm,2
40-41,2
cartons,2
auton,2
hincks,2
p370,2
baute,2
motorcycling,2
first-degree,2
shakes,2
sequestering,2
functions-,2
carlil,2
solidworks®,2
orfinder,2
logician,2
44rr2.8t,2
gravitas,2
351c,2
anstalt,2
sorochan,2
espinasse,2
bmd,2
beigbeder,2
transcontinental,2
100°c,2
prodrome,2
1990:20,2
composes,2
alternations,2
normoxia,2
woude,2
knowledge-driven,2
1998:4,2
barometric,2
420nm,2
read-out,2
β1=,2
"€20,000",2
matlack,2
bonabeau,2
miletus,2
localization.4,2
cenp-e,2
nucleosomes.6,2
sequestration,2
up-regulation,2
25nm,2
regent,2
terracotta,2
resell,2
oil-filled,2
alligators,2
awhile,2
somnolence,2
eocene,2
case-by-case,2
grandmothering,2
26m,2
guinean,2
over-critical,2
saint-cesaire,2
thermoluminescence,2
melford,2
2.94mm,2
pre-loaded,2
netmachanic®,2
cermentite,2
configurable,2
paperchase,2
2.08,2
=a,2
pp140,2
platters,2
"1,061,142",2
enginecadet,2
p813,2
hebbu(,2
kees,2
jauntiness,2
meis,2
unselfconsciously,2
windsor,2
deontologists,2
straddles,2
unaddressed,2
cloaks,2
200-700nm,2
a)-,2
k$8700,2
45-20-15,2
arched,2
debuted,2
non-product,2
tutankhamun,2
uhlror,2
carnap,2
p=[,2
pendulum,2
jed,2
12.63,2
overreaching,2
formwork,2
enerpac,2
p.506,2
40mm,2
p.17-20,2
byte[,2
__interrupt,2
union-free,2
knell,2
scythians,2
blink,2
amintore,2
breasted,2
économies,2
humanisation,2
brawls,2
beheading,2
trusses,2
wray,2
pedology,2
45◦,2
umax,2
ddts,2
non-ferrous,2
pre-cooling,2
petiole,2
hookerianum,2
ecoindicator,2
starch(figure,2
ameliorating,2
iron(ii,2
pi/2,2
billington,2
fluorimetry,2
90p,2
completable,2
quickfit,2
integrate-and-fire,2
v(x,2
4-methoxybenzoyl,2
world-sheet,2
1.0ml,2
nanotubes,2
-33,2
eigenshaften,2
ddrb,2
ishikawajima-harima,2
cvn,2
unobvious,2
vigilie,2
ihre,2
ague,2
humorously,2
toomey,2
jekyll,2
maximums,2
pp.1428,2
2e-3,2
centreless,2
beam-[203×102×23]hot,2
gas/liquid,2
20hz,2
self-terminating,2
20.4,2
partes,2
rossman,2
icy,2
p.253,2
malatesta,2
chryssochoou,2
p108,2
traynor,2
ballantine,2
splicing,2
enthroned,2
self-reflexivity,2
n.18,2
com(2005,2
regem,2
petras,2
receptivity,2
"1,2-diamines",2
copper(i)bromide,2
mankinds,2
flow-matic,2
decaffeinated,2
modelx,2
collusive,2
reinventing,2
7(a,2
off-switching,2
alkylation,2
pp.43-45,2
esenwein,2
p.469,2
takahashi,2
institutionalisms,2
blustering,2
disproportionally,2
decolouriser,2
ouse,2
1987:193,2
ljung-box,2
300pa,2
inter-site,2
ncap,2
nikomedia,2
√3,2
pausanias,2
politico-military,2
satirised,2
349-350,2
echion,2
fuegi,2
ominously,2
359-360,2
vemi,2
knighted,2
remorselessly,2
unlikelihood,2
womersley,2
11:1,2
litigated,2
colley,2
517m°c,2
gats,2
helmer,2
kalish,2
trudeau,2
s.58,2
generalised-slowing,2
offense,2
1997:11,2
satisficing,2
15kg,2
facultive,2
acth,2
checkups,2
oecd/dac,2
kabir,2
reliving,2
mineralisation,2
38-41,2
communiction,2
hsd,2
spore-bearing,2
0.003mm,2
-0.535°h,2
bunk,2
coveney,2
waza-logone,2
after[p,2
income-generating,2
transgressor,2
ethereal,2
renegade,2
gestimation,2
pumblechook,2
crumlin-peredsen,2
ms-like,2
torso,2
necklaces,2
3.37,2
hipc,2
longhouses,2
onstage,2
clausis-clapeyron,2
"550,000",2
barcids,2
potions,2
amenemhat,2
p257,2
seniority,2
coptic,2
wanders,2
herodotean,2
cdo,2
1.56,2
hydrodynamics,2
miéville,2
4-3,2
piercy,2
1986:73,2
octonion,2
knowers,2
2004:15,2
villains,2
factorisation,2
bergal,2
mrts,2
1984:1,2
436×84,2
chemolithotrophs,2
murine,2
kohut,2
preference-shaping,2
"2,100",2
x5-9,2
£6.95,2
inauguration/,2
remaking,2
jurgen,2
kepel,2
islamists,2
pescado,2
stigmatizing,2
priscilla,2
geben,2
etwas,2
1982:2,2
relegate,2
muschamp,2
impermeability,2
inflatable,2
59.5,2
outcome-based,2
tugwell,2
bungling,2
authorizes,2
webmol,2
watergate,2
first-version,2
tkrs,2
diphosphate,2
gennaio,2
dilbert,2
ras/mapk,2
messerlin,2
giulia,2
hardcore,2
importante,2
contras,2
harriers,2
pro-hunters,2
titling,2
milk-based,2
1976:82,2
eubulus,2
kilmer,2
cataphorically,2
symposiums,2
1998:87,2
charade,2
150ps,2
1998:82,2
1994:52,2
demarcations,2
pindar,2
malady,2
gymnasia,2
1994:199,2
c20,2
fairmont,2
westra,2
gullahorn,2
"42,000",2
tome,2
thumbnail,2
pkf,2
gbr,2
adaptively,2
"171,133",2
unlink,2
lares,2
protohistoric,2
gudykunst,2
readmatrixinfile,2
dubrow,2
self-organized,2
pitiless,2
kalavassos,2
disunited,2
nervet,2
balearicus,2
excentrica,2
20(2,2
another-,2
juglets,2
scrubs,2
50×50,2
battig,2
jacque,2
ad43,2
gibberellins,2
g-h,2
irresolvable,2
hallucinogenic,2
re-introduction,2
salif,2
predacious,2
marasmia,2
misuses,2
evocations,2
blockbuster,2
nanoscience,2
congratulates,2
hendrik,2
fig-tree,2
molding,2
oxygen-15,2
0.03938,2
hard-sphere,2
inflammations,2
fedman,2
mounts,2
articulacy,2
reseller,2
185-6,2
wooed,2
desdemon,2
p316,2
uncultured,2
public-,2
rufford,2
arango,2
anti-tax,2
λmax,2
bostero,2
choleski,2
prock,2
13.27,2
tiempo,2
ethno-cultural,2
podsakoffal,2
beatriz,2
subdivide,2
refrigerators,2
misti,2
rescinded,2
participator,2
numerator/denominator,2
migraine,2
cordoba,2
cadiz,2
exterminated,2
cummins,2
yells,2
4).1,2
δψ,2
haems,2
gαgtp,2
membranous,2
antipolítica,2
city-wide,2
responsable,2
liberaron,2
tragedia,2
anti-government,2
maría,2
st-elevation,2
remodeled,2
zietz,2
quinto,2
hypertriglyceridemia,2
transfer-pricing,2
curran,2
canoes,2
non-reliance,2
crops)-,2
inter-row,2
imperious,2
refiners,2
unspoiled,2
1989-96,2
renationalisation,2
bester,2
deleuze,2
evangelicalism,2
5.12x10,2
re-infection,2
low-anxious,2
reassortment,2
b.1,2
intraperitoneally,2
hindmoor,2
open-,2
intention-to-treat,2
lesser-known,2
uncoating,2
serotypes,2
picornavirus,2
fichtenbaum,2
nepalvista,2
shangri-la,2
antes,2
vp2,2
sired,2
english-,2
holborow,2
vd,2
activites,2
12i,2
uncontrollability,2
outcome-orientated,2
school-based,2
nautiyal,2
fuscata,2
intersexual,2
gransden,2
cistron,2
bestseller,2
"0,0507",2
contentless,2
non-denaturated,2
unimaginably,2
9:30,2
josephus,2
muriel,2
dror,2
chriss,2
bloodlust,2
technê,2
multi-sectoral,2
$4.55m,2
nuggets,2
yerkes,2
arendt:1973:297,2
thoughtlessness-something,2
$1.4,2
uselessness,2
spepher,2
sh-saw,2
66.5,2
$6.38m,2
villa-vincencio,2
dyzenhaus,2
non-prosecutorial,2
matome,2
disappearances,2
non-tradeables,2
multi-female,2
27.5°c,2
worker-discipline,2
-pinene,2
2000),2
non-english,2
study-,2
debyes,2
1overall,2
chromic,2
400-700,2
peele,2
lighterage,2
kleinke,2
puebla,2
p.565,2
utsutsu,2
menisci,2
omo-zashi,2
joked,2
radiograghers,2
repackages,2
rickards,2
radiologist,2
15.4,2
work-in-progress,2
pdc,2
amorality,2
tricolour,2
montserrat,2
clasping,2
hrs/day,2
weindling,2
ramusack,2
decrement,2
fabozzi,2
disbursement,2
lateral_force_data,2
1.3.4,2
non-territorial,2
table.2,2
schneeberger,2
pp.179,2
arriva,2
political-,2
oomens,2
containerized,2
non-isotropic,2
micro-moulds,2
urinated,2
liepmann,2
electro-deposition,2
cadaver,2
glvertex3d(1.5,2
crudity,2
self-consistency,2
brauron,2
messiah,2
foreignness,2
190º,2
oxovanadium(iv,2
nonmaterial,2
dena,2
illustrious,2
sit-down,2
darnton,2
defuse,2
turbulent-laminar,2
1005ndeg,2
28.30μm,2
cfm56,2
pro-china,2
58.0,2
pressurizing,2
axb,2
1r,2
blandford,2
plot(alpha_m,2
tanaka,2
bartering,2
rein,2
i=6,2
419nm,2
cary,2
rheology,2
maintainable,2
motulsky,2
propan-1,2
matthews.2005:355-356,2
16o,2
riverine,2
grass-seeds,2
sixty-nine,2
marsilio,2
anticlerical,2
strachey,2
tuscany,2
shaanxi,2
manioc,2
1970-73,2
geraci,2
reoccur,2
bawdy,2
mudrick,2
teufels,2
hierachy,2
$50.6,2
hydroelectricity,2
spoor,2
5.22,2
dfid,2
three-year-old,2
gmi,2
serge,2
230th,2
acetate/cyclohexane,2
sixty-eight,2
priuses,2
school-aged,2
demaree,2
greyer,2
lair,2
1983:59,2
stowell,2
edaphic-topographic,2
mazey,2
tadjas,2
popping,2
tendler,2
payoffs,2
família,2
10.33,2
3hrs,2
1981:101,2
mcgarry,2
molested,2
patio,2
chantler,2
speaker/writer,2
chants,2
militate,2
madonna,2
beirut,2
homespun,2
stand(from,2
monotransitive,2
gratuitously,2
inuits,2
daughters-in-law,2
frans,2
pataks,2
0(8-bit,2
vol.8,2
datas,2
looseness,2
point4,2
20ma,2
a[1,2
russion,2
imbert,2
cuthbertson,2
328(1,2
55-64,2
turn-around,2
hancké,2
colluded,2
goldberg,2
$1.2,2
candy,2
0-99,2
archeological,2
enable(3,2
hsiung,2
sandholtz,2
alloysilver,2
cooped,2
tuffrey-wijne,2
snipes,2
lomé,2
deidre,2
rds,2
mini-widgit,2
brandimension,2
cheapness,2
butts,2
bridel-nixon,2
subspaces,2
sound-laws,2
freewall,2
stoves,2
15psi,2
jespersen,2
menstruating,2
stengelhofen,2
rpatm,2
servermain,2
logins,2
fasold,2
head-bound,2
navahos,2
thought-provoking,2
elbow-wrist,2
",1983",2
kermit,2
world-views,2
amitai,2
colobines,2
phenetically,2
headmen,2
donkeys,2
sugiyama,2
iamb,2
klux,2
gastrectomy,2
supremacist,2
8°,2
heron,2
m0c2,2
suchlicki,2
clubbers,2
meera,2
54.7°,2
1972/80:192,2
juridiciales,2
8(2)(b)(i,2
1998/9:45,2
chesterhall,2
genogram,2
korsakov,2
emperor-body,2
76(8,2
gourvish,2
1.000265,2
1.000032,2
brain-donor,2
1998/1999,2
burgoyne,2
adjourning,2
bohemia-moravia,2
inadmissibility,2
fourchette,2
coaxing,2
viertel,2
9/9/2005,2
pre-family/no,2
westerbeek,2
12.8,2
non-maori,2
aotearoa,2
dl/dt,2
tropospheric,2
millionen,2
hyponyms,2
reformulations,2
beckles,2
herstory,2
polarization-modulated,2
holoparasitic,2
mistle,2
jewelle,2
lada-richards,2
1992:128,2
pp.788,2
one-liner,2
calypso,2
πet,2
catastrophy,2
vika,2
mcluhan,2
multiplexity,2
tmn,2
simmenthal,2
assimilative,2
agent(s,2
79/409,2
s.33,2
gouriet,2
delors,2
noncommittal,2
mahamdallie,2
h2000,2
idempotent,2
cocycles,2
ezekiel,2
over-specialization,2
"9,500",2
monomorphisms,2
untried,2
life-sustaining,2
f(α,2
jabber,2
pantoprazole,2
intranasal,2
staphlococci,2
enterococci,2
percussive,2
stéphane,2
expectedly,2
non-veridical,2
5-fluorouracil,2
child-bearing,2
amenorrhoea,2
majoring,2
1:100,2
trilaminar,2
wharf,2
ionized,2
cystine,2
unnoticeable,2
3u,2
outmost,2
reunite,2
miscreants,2
reticular,2
site-specific,2
hells,2
vauxhall,2
hyacinth,2
clavicles,2
dalhousie,2
cornwallis,2
adha,2
blache,2
escitalopram,2
villas,2
burgomasters,2
hotseating,2
patricians,2
underling,2
ratepayer,2
uninvited,2
cd000296,2
cd000067,2
75-85,2
corneas,2
hsp,2
glaringly,2
mutex_exit,2
ill-feeling,2
5:260,2
n/c,2
vis-a-vis,2
reclamos,2
cinder,2
oppenheimer,2
nuestros,2
filiation,2
30minutes,2
pneumonia-like,2
acanthamoeba,2
keiretsu,2
2.91,2
lamp-1,2
1790s,2
testees,2
resurged,2
primera,2
dead-weight,2
barclay,2
jarvenpaa,2
footballing,2
marlin,2
parmenidian,2
presocratics,2
trolley,2
ziyang,2
yevesi,2
township,2
grzegorz,2
mamas,2
sar,2
out-competed,2
vp4,2
underperformed,2
slave-sugar,2
ale,2
substructure,2
perusing,2
expensing,2
rnoa,2
spires,2
sawing,2
fuentes,2
transfixed,2
6.41,2
campos,2
bijsterveld,2
lara,2
gilberto,2
vibrated,2
labyrint,2
£588,2
philosophe,2
j(ed,2
agoraphobia,2
pre-weighed,2
wide-bore,2
1690s,2
prado,2
reverser,2
acostambo,2
immaturity,2
trebling,2
1854-1856,2
industrious,2
goldinger,2
case-studies,2
endeks,2
heritable,2
feudalistic,2
alpha_m,2
pp.24-5,2
caudwell,2
colonizers,2
hijo,2
lay-healers,2
,2
self-contradiction,2
conditionals,2
beauchampal,2
peninsulares,2
humic,2
4500n,2
phonologists,2
50-50,2
inaugurating,2
ehe,2
mcelroy,2
inter-simple,2
organic-labelled,2
eco-logical,2
propped,2
foliar,2
on-station,2
millers,2
dementias,2
peltasts,2
windspeed,2
respectfully,2
periarticular,2
redux,2
lipopolysaccharide,2
intramuscularly,2
phenothiazine,2
phalaenopsis,2
unicompartmental,2
fantasise,2
windspeeds,2
bildungsromane,2
hypertensionno,2
stigmas,2
geradezu,2
re-order,2
hinein,2
inconcludability,2
rehman,2
150/50,2
contrapurposive,2
§8.76,2
wetted,2
rhonchi,2
pp.25-26,2
wurts,2
detoxification,2
walsgrave,2
weightbear,2
vasodilator,2
20.5,2
1.275,2
databasedepreciate,2
intial,2
jul/aug,2
2-storey,2
socialises,2
calcified,2
20p,2
mgf,2
columnar,2
humidifier,2
1994:56,2
miconazole,2
prependix,2
perennis,2
hydrate,2
percussed,2
agro,2
paludification,2
£3m,2
£5m,2
lilia,2
phospor,2
ever-smiling,2
elbe,2
concretions,2
remade,2
conrector,2
gua,2
murthi,2
liberalistic,2
irredeemable,2
1977),2
misdiagnosed,2
khmelnitsky,2
elutent,2
overfeeding,2
propagandists,2
utterer,2
psalms,2
europhobia,2
udr,2
sleazy,2
notifiable,2
squinted,2
repugnance,2
squabbling,2
mass-production,2
kiev,2
truste,2
short-haul,2
sparknote,2
atwell,2
yandell,2
hardier,2
warden,2
35:1,2
uplifted,2
entomological,2
board-,2
riveting,2
nurtures,2
flea,2
mournfully,2
non-tenderno,2
tba,2
shifty,2
pp.50-51,2
self-enhancement,2
mittal,2
specular,2
jayati,2
activity.2,2
sporty,2
beseeches,2
hommes,2
580mv,2
skidless,2
milligrams,2
ewch,2
beets,2
p181,2
sales-manufacturing,2
mayers,2
mean(hx[,2
bounties,2
polyergus,2
over-stretch,2
osteoporotic,2
fugax,2
anti-establishment,2
elocution,2
decelerate,2
thiophene,2
ripping,2
non-prescriptive,2
hazell,2
reintroductions,2
flanders,2
severs,2
unmistakably,2
naturalisation,2
2001:59,2
2001:15,2
beringei,2
mcewen,2
sǿrensen,2
de-familiarization,2
mcfadden,2
sweats/,2
self-medication,2
chimpanzoo/2004,2
p232,2
ichikawa,2
ichikawa/1996,2
sackett,2
l.266-267,2
smouldering,2
briefcase,2
australopithicines,2
vitalograph,2
spice,2
sgsa,2
from/to,2
frowning,2
standardizing,2
radcliffe-,2
melhuus,2
pp.5,2
medium-size,2
18.6,2
no.19,2
vere,2
analytics,2
hhc,2
non-sequential,2
p.283,2
49/ha,2
159-161,2
vishny,2
lothe,2
subcommittee,2
billed,2
disconnects,2
fasc,2
pizzey,2
6000units/week,2
3400/,2
atria,2
is/,2
niv,2
$63,2
adachi,2
cannibalisation,2
bigotry,2
vaporises,2
savelon,2
sterilise,2
coverings,2
36m,2
a.4,2
"2,500m",2
corday,2
tenured,2
tibetan,2
candid,2
v/s,2
forking,2
company-based,2
ad180,2
pp85,2
leskey,2
abbé,2
anti-monarchical,2
lviii,2
lxxiv,2
chapter1,2
meg,2
terrific,2
philosopher-king,2
"£275,000",2
bleach,2
vortexing,2
backhoe,2
casinos,2
q2[i,2
non-hygroscopic,2
four-decimal-place,2
trappers,2
2.5g,2
general-purpose,2
impudent,2
epidermidis,2
50µm,2
realtionship,2
biomechanics,2
inorganics,2
takeda,2
802.11a/g,2
si-c,2
38-42,2
imperators,2
art8(1,2
35.5,2
bioluminescent,2
vrba,2
mergering,2
mclibel,2
out-of-touch,2
matalan,2
α3β3,2
al-bassam,2
gerven,2
operability,2
chiromantist,2
tsao,2
34-35,2
integrationimportance,2
panel-mounted,2
time-domain,2
beam-,2
16-23,2
adriatica,2
rhododendrons,2
reconcilable,2
mandarins,2
meritocracy,2
marsdon,2
bifurcations,2
narcotic,2
sacredness,2
graciously,2
teotl,2
alpern,2
25°,2
bioethicist,2
injectors,2
23.4.2007,2
ankel-simons,2
scbu,2
vigorem,2
-tert,2
removable,2
reverse-engineering,2
cisco,2
fiancé(e,2
amapolas,2
acuerdas,2
prospecting,2
non-obtrusive,2
scrutinizes,2
75ºc,2
2.84kg,2
parenthesis,2
65bx,2
cruelties,2
maudsley,2
varna,2
giovannini,2
roadway,2
attalid,2
schooler,2
bhugra,2
·government,2
psem2,2
0.00025,2
interchanging,2
two-edged,2
conduciveness,2
bec,2
decried,2
side-step,2
j2me,2
tacd,2
497d8,2
trowel,2
tracheostomy-free,2
kjelsan,2
neurogenic,2
property-less,2
shrubby,2
parenchymal,2
juniper,2
number-guessing,2
odes,2
sdn,2
chrysolaras,2
webserver,2
category-,2
no·,2
rotarod,2
inelasticity,2
after-taste,2
pierret,2
60p,2
phosphorlated,2
gentler,2
resumption,2
pre-planning,2
eɪn,2
klɪə,2
phosphodiester,2
antiquarianism,2
crisona,2
wreath,2
model)in,2
electromyogram,2
narratorial,2
faria,2
outbid,2
notaries,2
unexcavated,2
liebowitz,2
äskekärr,2
quina,2
hotline,2
c-188/89,2
lot-r,2
shamanistic,2
demod,2
pirate,2
acta,2
johansson,2
overzealous,2
"0,2,4",2
ethylenediamine,2
zero-mean,2
silicon-oxygen,2
p203,2
nemtynakht,2
tahoma,2
postdate,2
-1/15min,2
0.75ml,2
heidel,2
zakbar,2
unifier,2
barde,2
well-written,2
ipswich,2
hangerman,2
ramsden,2
udwin,2
majewski,2
ramble,2
nontrivial,2
power-associative,2
p263,2
deconvolution,2
controversiae,2
script[2,2
non-contrastive,2
pmt,2
c=3,2
64.73999,2
affix,2
dose-dependant,2
low-order,2
debet,2
bronchus,2
acetoacetyl,2
decarboxilated,2
90.35nm,2
phrynion,2
neaira.30,2
unsere,2
seit,2
well-liked,2
0.023,2
perfidy,2
cynna,2
lnw,2
emblems,2
defence.8,2
starker,2
courthouse,2
graphology,2
dents,2
decorate,2
protégé,2
gpcr,2
t(,2
cgmp-gated,2
-sheets,2
compatibilist,2
price-stickiness,2
impeached,2
ten-,2
evict,2
xxxv,2
topeka,2
lycian,2
undeceitful,2
herc,2
mikaye,2
self-presented,2
connectivities,2
§3.2,2
2.80,2
n-h···o,2
prudently,2
casadei,2
5.30-38,2
autore,2
caduceo,2
exécutions,2
pleasantly,2
strategos,2
sub-problems,2
substitutability,2
pupil2,2
plutarchs,2
2005pump,2
tev,2
cmm,2
funniest,2
meas,2
-2.13,2
gerrassi,2
realtionships,2
silos,2
cross-culture,2
state-run,2
craze,2
satirise,2
ici,2
scandir,2
2003:45,2
3)=0.9σu,2
glycosuria,2
gorgo,2
18.25,2
38.5,2
sun-,2
isf,2
collision-coalescence,2
fractal,2
p.379,2
brown/black,2
coffinal,2
whyorganic,2
sullying,2
excavator,2
subterfuges,2
semi-subterranean,2
marshy,2
gilroy,2
53-65cm,2
o-ring,2
selborne,2
502.4,2
5.4.2,2
szot,2
fascicular,2
rot3-1,2
de-glaciations,2
socenv,2
refuges,2
extremist/s,2
vanadium,2
islamic/muslim,2
spaceguard,2
mearly,2
17.11.03,2
anti-estrogens,2
subtree,2
unliganded,2
pacified,2
pentium,2
1999:97,2
kerb-crawlers,2
tart,2
primaporta,2
dy-ni,2
re-embed,2
crockery-jar,2
roymans,2
monetize,2
high-priority,2
53.26,2
pradelli,2
baltensperger,2
autosegmental,2
iambs,2
fulltime,2
2000:13,2
1.418x10,2
10v,2
wailing,2
ecce,2
utters,2
cobra,2
11/11/05,2
10/02/06,2
4fd,2
light-dependent,2
myopathies,2
diffusional,2
cataloguing,2
okmus,2
ibero-american,2
29:2,2
high-low,2
4e,2
carnie,2
nslbp,2
repolarisation,2
hui,2
pkb,2
transpulmonary,2
enzyme-statin,2
sant,2
ballantyne,2
nagata,2
colligation,2
palestinians,2
egotistic,2
destination-asia,2
heim,2
flagrans,2
flirtatious,2
±1.41mm,2
p213,2
rapper,2
harassing,2
s-structures,2
schneier,2
kandampully,2
freebtree,2
bisexuality,2
emmott,2
intro,2
deactivation,2
consistantly,2
pelvises,2
non-powered,2
britian,2
tutees,2
bossou,2
forsythal,2
¹,2
forty-one,2
ticket-office,2
rotter,2
humiliates,2
err,2
cullingworth,2
outrightly,2
confin,2
sheppard,2
pmv,2
pstv,2
dynamo,2
germani,2
airy,2
s.61,2
habsburgs,2
cizakca,2
"14,9",2
"10,29",2
11-10-06,2
lipoxygenase,2
martyred,2
reconnects,2
agnosticism/atheism,2
dalr,2
ppmv,2
470-471,2
53-54,2
himself/herself,2
waterway,2
2005:74,2
slms,2
2.0m,2
fine:2000:19,2
$1295,2
moore:1967:36,2
0*0.25,2
hafted,2
knowledge-base,2
pup,2
ubuntu,2
k1,2
4.01,2
carcinogen,2
analytique,2
gymnastic,2
nathanson,2
hypersolid,2
cobbled,2
positive-,2
1order,2
~0.6,2
rehn,2
liquefy,2
verbosity,2
silicones,2
pergau,2
abawrhannahanna,2
speech-based,2
pre-stored,2
quadsflexion,2
boosters,2
-blockers,2
sassoli,2
factures,2
nitsche,2
nspe,2
plamenatz,2
£433.5,2
£18.7,2
240ω,2
voluntarist,2
mercedes-benz,2
initiative-taking,2
160μm,2
discrepant,2
redrawn,2
bulemi,2
beng,2
anisodontea,2
hedgecutting,2
dinning,2
p246,2
t90,2
over-emphasis,2
shoved,2
minutescool,2
esterases,2
5.10,2
gender-biased,2
grueling,2
encastre,2
4.64s,2
direct-action,2
10.37,2
5-10μm,2
3612-00,2
manors,2
acetoacetate,2
neopatrimonial,2
baugur,2
2075cm,2
"1,2-dichloroethane",2
eda,2
-2mol,2
2.5.4,2
6.1å,2
stutter,2
acetonide,2
4.73ppm,2
±b,2
expandable,2
drafters,2
schulting,2
catapulted,2
background-dependent,2
riba,2
753-777,2
footnoting,2
2005:161,2
non-disabled,2
berndt,2
luthers,2
urs,2
palencia-roth,2
kercher,2
avineri,2
1996:43/130,2
decelerating,2
footings,2
revolutionizing,2
invents,2
human-beings,2
1996:2,2
:60,2
ekpyrotic,2
keevil,2
cock-fighting,2
2001:153,2
hmd,2
eventful,2
falklands,2
ebers,2
bottom-left,2
unvalued,2
kotz,2
03/04/05,2
06/04/05,2
fujimori,2
p113,2
ifr,2
vertovec,2
dendrochronological,2
speck,2
straights,2
y(s,2
cannulas,2
consideration-,2
pre-warped,2
petrol-electric,2
frontrunners,2
apolar,2
heliopolitan,2
c1994,2
p.477,2
riparian,2
4=r,2
nkombo,2
fulling,2
1kωr,2
preyed,2
prsps,2
schineller,2
cacti,2
76(2)(a,2
spool,2
file-sharers,2
analysis-,2
1537rpm,2
proficiently,2
dishwasher,2
temperamental,2
ostensive,2
blue-purple,2
hough,2
sectarianism,2
sisterly,2
1987a:6,2
itigaray,2
death/pi,2
95(4,2
"1,500,000",2
readstart(,2
bypassed,2
ruberyal,2
end-march,2
radix,2
regime-collisions,2
n-dimethylbenzylamine,2
beta-mercaptoethanol,2
to-,2
207-208,2
gc-ms,2
5.6pf,2
10ma,2
batsford,2
in-copyright,2
époque,2
ragusa,2
7.6.1,2
8.1.1,2
unidirectional,2
2000:19,2
medley,2
7-segmant,2
racists,2
0.696,2
himalayas,2
fearlessly,2
time-multiplexed,2
signposts,2
installs,2
natural-nonhuman,2
geotechnical,2
downwardly,2
deliverable,2
worshiped,2
ototal,2
12-18,2
sigala,2
irresistibly,2
1992:133,2
wrist/hand,2
state-own,2
bingo,2
haggards,2
p-λ,2
0.0028,2
40.8,2
4:1,2
grandison,2
guaiacol,2
unmask,2
smashing,2
decrypting,2
čapek,2
latombe,2
heating/cooling,2
wlans,2
vol.376,2
vlachs,2
thatching,2
stereos,2
saale,2
130kyr,2
hypoplasia,2
randel,2
alessandro,2
mapel,2
1997:162,2
4.605,2
opec,2
238(5,2
self-professed,2
luhmann,2
schoolmates,2
i(0,2
multichannel,2
emats,2
base-10,2
workaday,2
kroeker,2
ep/6,2
maniacal,2
zeitschrift,2
bomberg,2
jute,2
brunne,2
agues,2
mis-specified,2
temperaments,2
out-,2
detox,2
antje,2
sydney-melbourne,2
p.817,2
reappearance,2
pre-requisites,2
taita,2
0.106,2
three-d,2
11pa,2
hermaphroditic,2
wireframe,2
kunqian,2
designe,2
idiocy,2
j2,2
opportunism,2
quem,2
thalmann,2
s.1(1,2
0.01°c,2
sub-stories,2
word-web,2
2003:101,2
1985:227,2
localizationist,2
astral,2
phase-shaped,2
1-manifold,2
p.502,2
γ-orbits,2
18.7,2
/*if,2
lignin-based,2
eructation,2
chases,2
alte,2
crisscrossed,2
sensitise,2
permutes,2
pp50,2
aby,2
coughed,2
unclaimed,2
4(1)(c,2
reverberate,2
g/h,2
4.18,2
composer,2
viola,2
tilley,2
suicide-the,2
dianne,2
mesmeric,2
m-automorphism,2
life-saving,2
stomp,2
2.19,2
c(α,2
bigoted,2
blameworthiness,2
dominique,2
chakravorty,2
60-61,2
pillowed,2
posttraumatic,2
counsell,2
mora,2
sheriff,2
neisseria,2
nariokotome,2
lounging,2
jg,2
icp,2
2µm,2
loudest,2
1997:25,2
sub-processes,2
80/day,2
misidentifications,2
suprapubic,2
pacifier,2
resected,2
chlorpromazine,2
euglena,2
dopamine-containing,2
1860-1870,2
pneumocolon,2
bhardwaj,2
0.23,2
thrombo-embolic,2
nulliparous,2
decorator,2
restructures,2
renegotiated,2
gls,2
vi-,2
co-morbid,2
peacemaking,2
over-expression,2
age/sex,2
anaphylactic,2
illiquid,2
ric-8,2
visual/spatial,2
bailer,2
costlessly,2
normal-,2
waterborne,2
autophagy,2
"£2,417m",2
fte,2
1987:45,2
epos,2
pursed,2
nefarious,2
travesty,2
apocryphal,2
invalidates,2
pausing,2
pervasion,2
squadrons,2
sib,2
homographs,2
"1997,48",2
abf,2
overburdening,2
1920-1940,2
56.2,2
lifelike,2
well-meaning,2
dreadfully,2
cumae,2
262-3,2
fontes,2
korbel,2
acrimony,2
inocula,2
pretexts,2
consulship,2
liberator,2
far-right,2
intruding,2
1700s,2
barbed,2
one-sample,2
3.20,2
bridenthal,2
impracticalities,2
post-communist,2
asclepius,2
wyman,2
atrocious,2
wholesomeness,2
inter-specific,2
crop-weed,2
metic,2
phaseⅰ,2
"9,8",2
boundlessness,2
boeschal,2
items-,2
off-balance,2
husband-,2
re-opening,2
throbbing,2
1991:142,2
parser,2
aabbcc,2
tilapia,2
dicapi,2
fish-derived,2
iii-,2
1998:8,2
2002:408,2
1/a,2
iaut,2
anglo-centric,2
2-necked,2
interline,2
aberystwyth,2
re-enforce,2
recopying,2
cassiodorus,2
hunny,2
latches,2
run-time,2
pseudomembranous,2
acer,2
canikin,2
flexuosa,2
nagiebal,2
earthworks,2
arneson,2
p.4-5,2
melchers,2
megalomania,2
thematisation,2
manuring,2
7.4.1.3,2
non-nasal,2
sts,2
gif,2
microcomputer-based,2
adios,2
tiff,2
5.2.1.1,2
expletive,2
non-septic,2
hairbrushes,2
anthropophilic,2
odindapamide,2
non-vegetarian,2
perlite,2
vernalization,2
devoutly,2
parmanand,2
educed,2
criteria/,2
crispness,2
kendrick,2
shredded,2
fells,2
friezes,2
bedded,2
overexploitation,2
eight-year,2
strominger,2
elbourne,2
urmson,2
3-5mm,2
hulme,2
p253,2
pâté,2
"$15,000",2
unlawfulness,2
desisted,2
galor,2
over-stiff,2
crime/thriller,2
zero-beta,2
gasped,2
dicentric,2
whalley,2
spat,2
low-price,2
wasserman,2
kier,2
atratulus,2
0.96cm,2
apricot,2
"1,800",2
stents,2
3100bc,2
intravenously,2
38oc,2
reshuffle,2
vomited,2
otoliths,2
papillary,2
remits,2
552nm,2
transudative,2
dyspraxia,2
fetor,2
45-60,2
delineations,2
stiffly,2
science/technology,2
performatives,2
terrarium,2
-ultra-violet,2
petersen,2
three-point,2
pheasants,2
indignation,2
crediting,2
smother,2
traitement,2
irrelative,2
jouer,2
romford,2
1(1)(b,2
wrongfully,2
adjudged,2
n22,2
leningrad,2
epoxide,2
nottinghamshire,2
scrambler,2
embankment,2
brodie,2
broadcasters,2
"~15,000g",2
aini,2
pbuh,2
malay,2
l228/24,2
isemptytree,2
photoinhibition,2
98-99,2
work-up,2
hydrolysing,2
conveyancing,2
biomarker,2
ramalingam,2
roskill,2
lgr,2
146(35,2
necromancy,2
persecute,2
long-tern,2
kary,2
persecutions,2
33.4,2
cajole,2
filotto,2
laborers,2
hows,2
appius,2
renews,2
bunting,2
abyssinia,2
congruous,2
compulsions,2
lilliputs,2
preternatural,2
explicator,2
sussman,2
77.1,2
shriveled,2
disproportional,2
inclines,2
inimitable,2
gravimetrically,2
gahri,2
swisher,2
n-propylamine,2
cro-magnon,2
geffen/2002,2
linkpopularity,2
harcourt-essen,2
restock,2
paves,2
£246,2
sterols,2
corrector,2
paauwe,2
battie,2
2002:115,2
lymphadeonopathy,2
entity-,2
assimilator,2
lehto,2
ghobadian,2
restarts,2
dodoo,2
view-,2
lf,2
self-perpetuate,2
non-law,2
minow,2
exopolysaccharide,2
459e,2
pendulums,2
iacobucci,2
medium-high,2
al-hassan,2
belmarsh,2
misplace,2
under-delivered,2
6500units/week,2
subject-matter-independent,2
180m,2
word-generation,2
driving-simulation,2
bathurst,2
dubitable,2
on-budget,2
20%corrosion,2
means-to-ends,2
plateia,2
218bc,2
hubbard,2
messing,2
doran,2
well-integrated,2
mid-market,2
2.65±0.015,2
1000total,2
kruger,2
cactorium,2
general-,2
questier,2
v4,2
secant,2
0.0815g,2
avalanches,2
baseline-two,2
194×5.0),2
shallows,2
isochromosomes,2
hsrc,2
p.320,2
kapoor,2
re-deposition,2
extra-cellular,2
neuromodulators,2
goa-1,2
0.1ml-inoculated,2
colloid,2
polymorphs,2
topcoat,2
620nm,2
decommissioning/restoration,2
devinder,2
odell,2
recollects,2
fm2,2
franco-prussian,2
gimmick,2
cardioprotective,2
8ml,2
nγε,2
arg210,2
2.419,2
enhancin,2
dames,2
denken,2
poleis,2
region.6,2
goodacre,2
report-,2
13.83,2
f(h,2
listerine,2
sub-intervals,2
spermathecum,2
ampere,2
diligently,2
pp.80,2
merchandisers,2
bridgefield,2
artifact,2
arab-muslim/bad,2
"£24,000",2
increase/reduce,2
boaden,2
infinitesimals,2
breakers,2
fasci,2
1978-,2
trade-union,2
kansas-nebraska,2
fire-eaters,2
pastana,2
re-enacting,2
buffum,2
shreve,2
orthogonality,2
up-scale,2
ramp-up,2
cuvier,2
minders,2
oozes,2
shown(figure,2
combinative,2
136-137,2
n7,2
volmann,2
connolly,2
lawton,2
3.19,2
mrg,2
diazetidines,2
11ml,2
phonotactic,2
frant,2
spin-orbit,2
microcapsules,2
fluorene,2
beatings,2
cosas,2
dorado,2
dsb,2
non-grashof,2
9.46kg,2
quantative,2
inviolability,2
physicochemical,2
pre-ignition,2
7.452,2
christianisation,2
peloponnese,2
misplacement,2
144-145,2
"10,000n",2
suprailiac,2
reese,2
bouncers,2
clang,2
safety-integrity,2
octagonal,2
outgrabe,2
whoring,2
non-palace,2
radisson,2
3.6576,2
vales,2
φn,2
dissatisfactory,2
dalhuisen,2
checkpointspriority,2
islamiyah,2
hitched,2
yellowish,2
hip-hop,2
one-tailed,2
bronzes,2
kribp,2
gaudy,2
18.4,2
forty-nine,2
churn,2
agglomerate,2
typographic,2
harrows,2
ponens,2
culturefinal,2
fifty-five,2
string2,2
ericales,2
bert,2
post-2000,2
antediluvian,2
p353,2
aglycone,2
accel-team,2
µmol,2
hoelzer,2
13.9,2
lyssa,2
ox-k+-erda,2
copulating,2
diviations,2
fileoutputstream,2
misshaped,2
3µm,2
maneuverability,2
formants,2
word-based,2
¾,2
winogradsky,2
acropora,2
elkhorn,2
akinesia,2
overfitting,2
on-running,2
osteology,2
post-hole,2
alla,2
unalterable,2
preconception,2
post-roman,2
egoist,2
seaworthiness,2
dredged,2
san-yuan-li,2
brandy,2
solubilised,2
b-grade,2
25.00cm,2
irreparably,2
ph1,2
olly,2
lisp,2
ebenezer,2
scarab,2
animal-like,2
tablestate-,2
non-disclosure,2
inter-continental,2
scott-moncrieff,2
randomize,2
)pgm,2
esri,2
erbse,2
15/20,2
delineate,2
topographies,2
neuro-computational,2
vowing,2
withstood,2
systematising,2
non-vanishing,2
marsal,2
fertilize,2
metering,2
mc=mr,2
eindhoven,2
reasoners,2
for-consciousness,2
pallidum,2
mean/mode/median/standard,2
kj/g,2
main-frame,2
term_in(),2
transacting,2
viel,2
forschung,2
siena,2
2004:236,2
soumise,2
pourquoi,2
bruntland,2
avs,2
horsten,2
epp,2
incongruities,2
multi-step,2
incurrent,2
narrotor,2
bergfelder,2
bodyguards,2
welche,2
vernaculars,2
normlessness,2
1999:6,2
1999:14,2
"58,800",2
500µm/s,2
convoy,2
african-,2
zogby,2
£1.1bn,2
171c,2
incertitude,2
2=r,2
eigen(q)$vectors,2
photoemission,2
15.14,2
reachable,2
verri,2
reboot,2
blockaded,2
c/,2
concernant,2
lam-mpi,2
~2850-2960,2
auxin,2
jubei,2
unwitting,2
500ng/ml,2
gagnon,2
calms,2
scam,2
swee,2
divesting,2
americium,2
triumphal,2
bafe,2
12o,2
57co,2
1995:16,2
³,2
tobaccos,2
wedged,2
remunerated,2
pp.48-49,2
wnas,2
noisey,2
iberia,2
brecon,2
hikers,2
minoritarian,2
indestructible,2
state-builder,2
pp.9-12,2
__linux__,2
server(s,2
10.10.10.16,2
2001:143,2
/prog,2
mpi_comm_world,2
client/server,2
opportunist,2
pp.33-34,2
comprehends,2
sontag,2
tsunekawa,2
exorcised,2
1992:3,2
reflectivist,2
snatch,2
re-deposited,2
here/,2
shelved,2
kennington,2
1977b,2
vol.93,2
caprine,2
fibs,2
non-accredited,2
reifies,2
microdebitage,2
converters,2
kition,2
sterilisations,2
schiavo,2
bureaucratised,2
principalities,2
polyphase,2
acqusition,2
shuster,2
loring,2
insistently,2
31°c,2
aggressions,2
bto,2
2005/06,2
kritik,2
30*/,2
bes,2
efaep,2
nilaparvata,2
chinensis,2
druckenmiller,2
å.1,2
clank,2
leers,2
reintroduce,2
durrington,2
2006d,2
ruijven,2
berendse,2
rauschning,2
coagulator,2
shreds,2
monotone,2
anti-inflation,2
1994-2000,2
21-24,2
confidences,2
girdle,2
twenty-six,2
λa2,2
végh,2
follies,2
p139,2
hollar,2
carpeted,2
sechenov,2
brockett,2
7.00x10,2
9.11x10,2
curdling,2
disconfirm,2
p.471,2
nylon1,2
hidalgo,2
stoddard,2
bloodiest,2
nationalisation,2
u-tube,2
20/01/06,2
corruptive,2
0.375µmol,2
3-11,2
worrisome,2
0.09,2
2001:60,2
hollis,2
supertram,2
taneko,2
unfall,2
capably,2
suspect-present,2
estelle,2
fyne,2
peiris,2
100mg/dl,2
pharmacologic,2
a-i,2
under-report,2
wetherell,2
blundering,2
a-s,2
newstead,2
heider,2
yinon,2
confabulate,2
five-minute,2
oddly,2
globalist,2
müssen,2
nase,2
1.30ml,2
shawl,2
venturer,2
sauna,2
βf,2
multigeneric,2
unfpa,2
weingast,2
sl,2
non-departmental,2
dramatisation,2
persevering,2
pieced,2
gorges,2
liang,2
conditions-,2
intermatch,2
235u,2
asfaw,2
invulnerable,2
peacegawl,2
child-abuse,2
conservationism,2
boxplots,2
reportage,2
conservationist,2
brinton,2
kingly,2
chieftain,2
othered,2
ner,2
lagothrix,2
destabilises,2
epiriac,2
unaccepted,2
fibers,2
justice-,2
stop-clock,2
executors,2
arendt:1973:456,2
arendt:1973:458,2
obsessive-compulsive,2
scrapes,2
plumbing,2
meltzer,2
non-racial,2
diplomas,2
azanian,2
all-africa,2
ôaõ,2
magenta,2
b3lyp/6-31g,2
nucleophiles,2
sheeps,2
native-like,2
interposition,2
340m,2
p/m,2
rednessnot,2
painnormal,2
rotationno,2
caffeine/alcohol,2
tachycardias/ventricular,2
chf,2
ivc,2
ramset,2
p.412,2
gjerde,2
cdos,2
jaguars,2
customer-orientated,2
pp.229,2
6v,2
20mph,2
handpicked,2
bagehot,2
0xf7,2
hauntingly,2
re-living,2
insomuch,2
re-framing,2
ergonomically,2
1994:55,2
indiscernible,2
mg/litre,2
kalahari,2
leishmaniasis,2
aspirates,2
pealing,2
pentoxide,2
chafetz,2
pentandionato,2
bath-houses,2
94ºc,2
roughing,2
frs1,2
found6,2
elq,2
3790x,2
transmittance,2
weale,2
:80/direct,2
"4,379",2
σ-interaction,2
decalin,2
r=194.20gmol,2
dowels,2
hywel,2
basf,2
1:3:1,2
propan-1-hydroxy,2
j=5.6hz,2
ois5e,2
under-education,2
luminaries,2
hokkaido,2
abounds,2
carbonised,2
cerealia,2
kanthal,2
17-23,2
floundered,2
3-dimensions,2
forerunners,2
symbiogenesis,2
wetzlar,2
cooperations,2
showcased,2
legionellosis,2
handicrafts,2
thrislington,2
subsequences,2
density-limiting,2
maintenance-,2
awakes,2
twentieth-first,2
thoro,2
trumbull,2
alfie,2
employee-employer,2
p]+,2
unconsidered,2
fujishock,2
stucture,2
debo,2
days/week,2
propertied,2
mono-cultivation,2
cherish,2
telepolis,2
reunites,2
b.4,2
div10,2
hookworms,2
macular,2
belizeans,2
apprehensions,2
vol.23,2
m-automorphisms,2
disfavoured,2
sino-american,2
koreas,2
shambaugh,2
0],2
almagro,2
kissinger,2
non-normative,2
moulting,2
dwindled,2
start/stop,2
polyline,2
goths,2
linneman,2
matge,2
e4e,2
jospin,2
seldomly,2
muffling,2
enfranchise,2
voivodship,2
catenin,2
kerf,2
conran,2
jacobsson,2
pochet,2
anti-cancer,2
aromatase,2
hsp90,2
faking,2
carley,2
tru,2
biosafety,2
zero*/,2
point1,2
vestibulospinal,2
5(1,2
mugo,2
=3e,2
mahar,2
lbf,2
|g|,2
chong,2
piperal,2
fergus,2
1993:247,2
kd,2
up-to-the-minute,2
fresno,2
*mu,2
glamorgan,2
non-refoulement,2
p8.2==0,2
/*for,2
wait(100,2
rankin,2
fantham,2
a(α)b(α,2
mistreated,2
ipo,2
nca,2
lateral_force_data(,2
4-2,2
2000:117,2
foxley,2
historiques,2
photography/pictorial,2
lay-outs,2
queene,2
non-optimum,2
4.4kwp,2
503mm,2
250rpm,2
3.3.3,2
specialisations,2
sinfeild,2
veracious,2
grotstein,2
activatedsensor,2
statefull,2
25-50,2
segmentation/desegmentation,2
recite,2
1998:7,2
idealisms,2
barbeyrac,2
anencephaly,2
stone-hole,2
c3100-2775,2
hacendado,2
voiceband,2
natufians,2
sub-set,2
toba,2
grammes,2
transverses,2
human-needs,2
+v,2
2002:8,2
dyos,2
rspm,2
2003:370,2
noah,2
p.489,2
journal-the,2
post-synaptic,2
face-centred-cubic,2
error-rates,2
70.1°,2
effectually,2
devitrification,2
stroking,2
holzgrefe,2
altruists,2
vagts,2
iley,2
judaeo-christianity,2
carstone,2
8(2)(b)(iv,2
glvertex3d(-1.5,2
segie,2
zapista,2
off-the-shelf,2
1995:5,2
resect,2
gl_polygon,2
specific-mate,2
tierärzliche,2
pyelolithotomy,2
c-200/02,2
aneurysms,2
garraway,2
decivilising,2
ondimu,2
thorogood,2
archipelago,2
aftercare,2
2003c,2
tahu,2
strong-financial,2
putrefaction,2
polymorphous,2
ervin-tripp,2
sound-letter,2
observant,2
dying/,2
grainne,2
attention-grabbing,2
krumpert,2
paratisize,2
chrétien,2
relativism--is,2
imparts,2
riverbank,2
cloaca,2
1990:42,2
2002:12,2
guzzled,2
interminably,2
fogarty,2
conglomeration,2
infuriating,2
microvascular,2
colloquially,2
addict,2
whitler,2
presley,2
ebert,2
bochenski,2
50kg,2
phobic,2
colloquialism,2
coerced-compliant,2
amicus,2
virtuosity,2
sodoms,2
extenuate,2
griggs,2
α-rabbit,2
overused,2
oligosaccharides,2
51-52,2
non-married,2
36-37,2
"180,000",2
69.2kda,2
debunk,2
unlabelled,2
shaun,2
stem-cell,2
643-673,2
non-static,2
remitted,2
simulationbicel,2
ljj,2
naevus,2
swarmed,2
gangadeen,2
lexico-grammar,2
indexicality,2
bhk,2
cacique,2
reverential,2
self-regard,2
counter-culture,2
sergio,2
fomented,2
gliclazide,2
areola,2
first-line,2
popularist,2
°organomegaly,2
archery,2
systematical,2
gluttony,2
río,2
camcorder,2
cumplió,2
gente,2
porteños,2
franciscan,2
non-pharmacological,2
low-inflation,2
whirl,2
malabsorbtion,2
multidose,2
regrowth,2
fick,2
sweatshops,2
2(a,2
gallstones,2
12-month,2
keiretsus,2
brazen,2
dysparenuria,2
kagero,2
conscienceless,2
attp,2
predilections,2
over-lapping,2
c6,2
trade-,2
taylorist,2
mulliganal,2
ethno-religious,2
non-thinking,2
fait,2
34-millimetre,2
mending,2
1991a,2
sophistic,2
souza,2
automotives,2
λ/α,2
384-322,2
1995:180,2
2000:45,2
bigstenal,2
cognisance,2
thierfelder,2
hypnotically,2
teasdale,2
mood-state-dependent,2
sanocki,2
interpersonally,2
0.91,2
stagecoach,2
fpl,2
prostaglandins,2
turgortachycardiafever,2
hemp,2
mantua,2
pde,2
maccullum,2
furosemide,2
100-150,2
hypocapnia,2
purulent,2
felodipine,2
audiolingual,2
p.39-40,2
bio-diversity,2
bod,2
xian-feng,2
percutaneous,2
abramson,2
0.46,2
weight-bear,2
figure.8,2
renounces,2
pp.272-273,2
unquenchable,2
0.032mm,2
non-narrative,2
home-call,2
sevenoaks,2
dag,2
loosens,2
amphibious,2
indulged,2
2005:415,2
moho,2
enablement,2
iuventus,2
22.3,2
mandibles,2
ostracisms,2
ackrill,2
witney,2
electrics,2
gauld,2
rigging,2
homophony,2
fairhill,2
1994:7,2
arse,2
15-40,2
topper,2
clerics,2
convulse,2
aplustre,2
flicking,2
auricular,2
detestation,2
well-studied,2
16-19,2
wre,2
flaunt,2
bien-aimé,2
fishlow,2
nicknamed,2
denouncement,2
lulls,2
pei,2
xinhuanet,2
katrine,2
venerate,2
1990:41,2
externalise,2
yao,2
meaning-driven,2
commoditization,2
h*l-l,2
oncologists,2
empathize,2
haematologists,2
cio,2
tpmt,2
meaningfulness,2
stimulants,2
hepaticus,2
exchange-process,2
advertisments,2
airbags,2
indeterminacies,2
consigned,2
sarbanes,2
makebtree,2
pre-exist,2
twelfth-century,2
sinner,2
baptized,2
nicos,2
comprendre,2
enfield,2
presumptively,2
stopes,2
padfield,2
pretenders,2
closed-shop,2
novo,2
mono-cultured,2
reappears,2
biacromial,2
soft-tissue,2
crepeau,2
assistive,2
-199total,2
second-degree,2
gender-related,2
sheesha,2
cambalache,2
graciela,2
carlen,2
weisbord,2
gp17,2
techies,2
bloggers,2
oxford/new,2
novelties,2
48th,2
1994:14,2
pleiotropic,2
understates,2
1991-2002,2
bcc,2
hedge-fund,2
persistant,2
1994:233,2
rifkin,2
non-knowledge,2
integrand,2
r2(φ,2
h/e,2
cultural-,2
archimedean,2
rabi,2
ting-toomey,2
2001:54,2
psychocentric,2
boxy,2
r-modules,2
altinay,2
1994:57,2
velopharyngeal,2
lexigrams,2
rakotoarison,2
bodmer,2
salute,2
gender-,2
fram,2
enculturation,2
inset,2
musty,2
salvers,2
11.00am,2
jewelled,2
staff/,2
extrapolates,2
customer-employee,2
coley,2
oei,2
bisulfite,2
hybridised,2
bulletproof,2
frankham,2
jaligot,2
both-sex,2
prairie,2
spiker-miller,2
p406,2
p497,2
patrón,2
bottle-neck,2
misfit,2
face-to,2
delusionary,2
pddm,2
200μg/ml,2
ginseng,2
cobbs,2
datafin,2
regrouped,2
13/01/04,2
12.7p,2
67.0,2
accenture,2
mini-case,2
over-ambitious,2
chenopodium,2
vernieri,2
adscom,2
snowballing,2
2003:165,2
1997b:19,2
contrapositive,2
"kallenberg,2001",2
soil-borne,2
1978:34,2
91/414/eec,2
1989:64/71,2
wretch,2
amz+,2
story-manipulation,2
:118,2
grill,2
1992:210,2
gambler,2
anh,2
xci,2
thebans,2
disambiguated,2
ruderal,2
leisured,2
bagri,2
trounce,2
cockerell,2
vernalisation,2
mads,2
pinnules,2
vulgaris-ulex,2
completer,2
2number,2
sub-sub-sub,2
agar#2,2
non-confrontational,2
costdisplay,2
alkyd,2
p-p,2
parat,2
transfered,2
omani,2
cell-phone,2
tabled,2
overlays,2
recombines,2
two-parent,2
90ml,2
p2-1,2
1995-1996,2
klan,2
conceiver,2
hypermarkets,2
bandkeramik,2
1990-2001,2
iconoclasm,2
mortlock,2
thetaiotamicron,2
henley1975:125,2
h/a,2
jaunty,2
wristwatch,2
endlich,2
pianists,2
saleability,2
emetic,2
overheated,2
digitise,2
γ=0,2
1000gbp/kg,2
curthoys,2
"54,932",2
hutches,2
vlookup,2
chevrolet,2
intra-firm,2
bombus,2
28(5,2
westlake,2
double-valuedness,2
berkowitz,2
1.3cm,2
2-cocycle,2
h1(g,2
tiniest,2
"64,000",2
ortiz,2
clippings,2
cladistics,2
crossbred,2
principi,2
monarchic,2
profanity,2
dodecahedron,2
inverses,2
denis-,2
pbma,2
rejoiced,2
4.19,2
automophism,2
£5.8,2
plewis,2
semble,2
vais,2
monopolising,2
dead-folding,2
bribe,2
enzyme-catalysed,2
sobre,2
anabolism,2
iddm,2
goal-directedness,2
pre-term,2
curvilinear,2
hatunruna,2
bentonite,2
mean-variance,2
two-fund,2
homogenize,2
fibrillar,2
turgidity,2
de-specialisation,2
contusions,2
30+,2
epigraphical,2
1.2g/4hr,2
mex,2
anti-coagulation,2
centrally-driven,2
sem2,2
quebracho,2
2.5m,2
gilford,2
tenesmus,2
10mg/hr,2
gnatcatcher,2
n10,2
post-world,2
process-,2
followed-up,2
immigrated,2
pre-internet,2
smillie,2
θ4,2
vrgba,2
samways,2
demic,2
45cm,2
2005-,2
mitre,2
patters,2
sub-millimetre,2
20-50,2
ground-flora,2
gonadotrophin,2
graze-tolerant,2
credulity,2
hazelnut,2
400m,2
afforested,2
beaters,2
barnhart,2
pharmacokinetics,2
breadmaking,2
low-sugar,2
microgynon,2
barrio,2
anglesey,2
1999:133,2
supercoiling,2
bpn,2
actes,2
boarders,2
sunken-huts,2
2.45,2
walcutt,2
lachish,2
gdańsk,2
scotia,2
varietal,2
ocean-going,2
lysolipids,2
mechanise,2
starn,2
olivine,2
relinquished,2
non-electrolytes,2
freezing-point,2
ethanoic,2
bolívar,2
bonaparte,2
arrian,2
7:9,2
xxiii-xxv,2
stately,2
spree,2
langue,2
greeves,2
recopy,2
engeland,2
r39,2
cephalosporins,2
vohra,2
rustumji,2
polycal,2
ybez,2
rescaled,2
cholesteric,2
objectivation,2
§3.3.1ii,2
life-activity,2
skittles,2
shutter,2
melodic,2
mgrad1,2
0.2770,2
unyielding,2
th-15,2
unapologetic,2
humaine,2
1output,2
blue/green,2
low-achievers,2
dana,2
franche-comté,2
1945-1960,2
proctors,2
kennt,2
gercourt,2
idéal,2
solvate,2
delmas,2
p.630,2
kürten,2
dullfeet,2
denne,2
methyacrylate,2
self-propriety,2
4.04,2
3.0ppm,2
clarks,2
2004/5,2
wanna,2
minorca,2
l.379,2
baiai,2
disorganized,2
pengiun,2
p.69-70,2
hallinan,2
ωo,2
mc=ac,2
dqc,2
pi-pi,2
low-pressure,2
mstrossop,2
ebooks,2
bookcrossers,2
wednesdays,2
dyslexia,2
diritti,2
trafford,2
v.32,2
vaginally,2
bananaman,2
"levi,1996",2
in1992,2
peggy,2
behan,2
open-ness,2
shoeshine,2
rhinovirus,2
dees,2
detweiler,2
arteriosus,2
iversen,2
roommates,2
multitone,2
menko,2
specs,2
punj,2
statsource,2
firestorm,2
copyrighted,2
gprs,2
77-78,2
waite,2
psycho-analysis,2
+cme,2
adult-like,2
lip-service,2
£120m,2
10-34,2
swivel,2
jaenisch,2
ssea3,2
demonising,2
b2e,2
westernising,2
synecdoche,2
kalavasos-,2
deutschmark,2
sch,2
howling,2
mesofauna,2
192-233,2
purporting,2
khanh,2
misjudgements,2
wijavaratna,2
noiseless,2
scalpel,2
feedstuffs,2
cull,2
employment-derived,2
crc-32,2
å-3)1,2
revoking,2
3.15*10,2
prati,2
7e7,2
2.84,2
diver,2
ichiume,2
decommodified,2
1-family,2
scents,2
emblazoned,2
p.542,2
vagas,2
p.259,2
nadiri,2
crime-ridden,2
high-availability,2
reload,2
yus,2
thedomestic,2
two-factors,2
plihal,2
-31kg,2
10nm,2
limb-less,2
surmounted,2
1993:107,2
recalculate,2
drachmae,2
self-momentum,2
boardroom,2
back-ups,2
dauntless,2
fecn,2
p700+,2
re-associates,2
aster,2
cost-ineffective,2
2fe-2s,2
adenylyl,2
thermosensors,2
1808-1826,2
investigatory,2
no.18,2
1994:62,2
pqrst,2
5(3,2
niblett,2
colgate-palmolive,2
khater,2
organised-phase,2
xen,2
0.380,2
gärtner,2
lexicalized,2
pests-,2
turab,2
produce-,2
beneficently,2
λr,2
osherson,2
§636,2
worse-off,2
lmo,2
platforms/systems,2
campuses,2
sodium-potassium,2
irrational/,2
deskilled,2
157.2nm,2
orderings,2
6082-t6,2
saint-venants,2
purposively,2
mongols,2
"3,2",2
subdividing,2
khola,2
expressives,2
scrivenner,2
headset,2
prepaid,2
watersheds,2
960-1279,2
taphonomy,2
blackened,2
camouflages,2
1996:378,2
contemplations,2
unawares,2
10.3.1,2
exotica,2
villi,2
contemporaneously,2
75%ee,2
transabdominally,2
epoxide-initiated,2
5.10.1,2
ephebophile,2
kilocalories,2
27.6ft,2
thyestes,2
wees,2
haec,2
pohlhausen,2
maul,2
strehle,2
dualisms,2
solarimeter,2
stmbe,2
systemdynamometerfuel,2
condescension,2
mofokeng,2
232(4,2
r50-million,2
0.9878,2
kobs,2
casuals,2
lori,2
electrodermal,2
splenic,2
knuckles,2
comfy,2
degreessome,2
toves,2
29(l,2
biventricular,2
cardioverted,2
gibberish,2
carteggio,2
vom,2
phénix,2
editore,2
sagte,2
£257,2
gallantry,2
development-,2
meaner,2
nevitt,2
broyles,2
e-technologies,2
denominators,2
unrat,2
gertrud,2
winterbottom,2
shallow-rooted,2
flow-weighted,2
renner,2
bushmen,2
proscenium,2
plenteous,2
s_m,2
heeding,2
2.1.7,2
gharib,2
2003/4,2
1-d,2
41ma,2
stagnate,2
confidant,2
~115μm,2
1040x,2
14.29,2
sublethal,2
coordinators,2
-0.13,2
η3,2
sgi,2
peroxy,2
1.75m,2
hamid,2
cleanest,2
p2p,2
oxypropylene,2
etherification,2
435nm,2
methylenes,2
ois4,2
capital-to-labour,2
55-65,2
suffices,2
inglorious,2
kolodny,2
brashly,2
genevan,2
re-supplying,2
2000-2004,2
flourens,2
lópez-garcia,2
dernberger,2
dimerise,2
hogget,2
troublemakers,2
reinvigorate,2
m(co,2
basu,2
grandiosity,2
1550-1760,2
fuzzified,2
-1.0000,2
johnson-odim,2
psychoses,2
gaxor,2
broadfield,2
enliven,2
dutfield,2
pg85,2
certifying,2
deniro,2
denominate,2
360-380,2
deep-focus,2
block-lifting,2
gymnast,2
henn,2
cass/eadi,2
1990:31,2
tadja,2
pg138,2
23/04/06,2
dbpsk,2
isaeus,2
irene,2
180ha,2
afx,2
+the,2
hvac/r,2
she/he,2
2-8,2
stonejar,2
whitehaven,2
hcse,2
teleworking,2
1-19,2
biopolitical,2
timetabled,2
coubs,2
non-acceptance,2
flight-path,2
s1(3,2
table3,2
174(1,2
internal-market,2
system(computer,2
boart,2
bonuses/commission,2
units/month,2
swears,2
birtwell,2
redgrave,2
croquant,2
landtag,2
l.34,2
tarapore,2
zonda,2
wernickes,2
bi-monthly,2
preparatoires,2
ferritic-austenitic,2
comity,2
13/12/99,2
retractable,2
schoolteacher,2
recueil,2
communities/organisations/individuals,2
underdone,2
pmla,2
sephulchral,2
edl,2
si2001/1062,2
plot-,2
duffey,2
serrano,2
nsw,2
2000:39,2
pictorially,2
oggs,2
read(,2
caml,2
chilly,2
universalize,2
6000bp,2
assl2i,2
oe,2
apologia,2
lossless,2
greyscale,2
difficultly,2
briton,2
anionwu,2
ototal/3,2
ishc,2
2000:43,2
pre-contemplation,2
p334,2
narrative.,2
parc,2
grid-connected,2
exciter,2
merrigi,2
cithaeron,2
knapped,2
1800utc,2
42°,2
sly,2
boegh-soerensen,2
well-placed,2
caseinomacropeptide,2
leukaemic,2
square-,2
styledescription,2
dropdown,2
poorly-corroborated,2
convivialitydescription,2
horseshoe,2
probeer,2
ticketgate,2
transpires,2
erectus/ergaster,2
overtakes,2
basonic,2
cagatay,2
2-13,2
scaphocephaly,2
rock-cut,2
backfilling,2
antrim,2
mpp,2
enfeebled,2
bithinia,2
houlgate,2
dcaf,2
non-justiciable,2
re-invention,2
pop-up,2
rodolf,2
700°c,2
transacetylase,2
theoreticians,2
pp.45-9,2
sub-ordinate,2
intralingual,2
astereognosis,2
choroid,2
leuchonychia,2
intraluminal,2
x10-7,2
±0.5,2
photomultipliers,2
0.532,2
peace-time,2
second-language,2
jutta,2
super-custom,2
fleeces,2
ncas,2
1=r,2
full-bridge,2
menski,2
misplay,2
baels,2
swinson,2
goran,2
gilliard,2
arunachal,2
ebbeson,2
250g,2
ealing,2
velluti,2
somatosensory,2
0.55g,2
transculturally,2
generalizability,2
kemp,2
grabs,2
narrations,2
2001:87,2
exonucleases,2
pair-test,2
pullen,2
andolan,2
endonucleases,2
1987:46,2
281-282,2
day-to,2
polarization-shaped,2
crystallites,2
pentacarbonyl,2
1976:39,2
weasels,2
40°c,2
shayer,2
gulp,2
cellulase,2
fw,2
picts,2
intaglio,2
system5,2
defecating,2
revisionism,2
garrod,2
squint,2
tickler,2
rootkit,2
mirza,2
hba,2
autosome,2
fundus,2
tallies,2
104mm,2
nadh-q,2
phenylketonuria,2
1996:54,2
hot-seating,2
~£5000,2
antimalarials,2
massx,2
stockpiles,2
switch-on,2
nikuradse,2
0.01743,2
non-psychotic,2
sidgwick,2
pp.1429,2
refreshes,2
humbolt,2
ρhg,2
workingmen,2
0.0025,2
carricaburu,2
raquin,2
xvi-xvii,2
2/52,2
uncodified,2
1992a,2
rebuke,2
caucus,2
miti,2
aldrin,2
deferral,2
lettice,2
half-,2
metafunctions,2
misanthrope,2
pawn,2
christened,2
x-positions,2
350m,2
quid,2
lauren,2
mass-based,2
1],2
uttar,2
x40,2
démocratie,2
non-negotiable,2
coarser,2
ceded,2
723c,2
englishes,2
monolinguals,2
withdrawl,2
porto,2
dodgem,2
1987:43,2
tapered,2
adnexal,2
high-brow,2
prairies,2
hermae,2
40mg/100g,2
khashan,2
0.00533m,2
microelectromech,2
arbiters,2
synthetases,2
rouse,2
mcallister,2
20.8,2
/s,2
79.5,2
autumn/winter,2
madero,2
imac,2
overs,2
jadwiga,2
dawned,2
teiwes,2
10ms,2
privations,2
jorg,2
calligraphy,2
wariness,2
550nm,2
cell-surface,2
closed-off,2
agriculturalist,2
argenti,2
entrenchment,2
concavity,2
mid-90s,2
nonstationarity,2
engraving,2
72-degree,2
hmax,2
desiderius,2
dunedin,2
v-type,2
minkes,2
0.165,2
"2,700",2
2.55,2
u-shape,2
238-9,2
felton,2
monteiro,2
absorbancy,2
congruity,2
power-based,2
exigent,2
perraton,2
1960s-1970s,2
suppressive,2
quintanilla,2
individuating,2
overruns,2
laynard,2
somers,2
murata,2
price-cutting,2
over-interpretation,2
printable,2
6.22,2
racialism,2
angelo,2
p.433,2
symbol-manipulating,2
rufus,2
us$1.1m,2
ica,2
chesley,2
self-important,2
christ-like,2
champaign,2
unsupportable,2
40˚,2
1999:61,2
signers,2
"janos,1998",2
lebra,2
jeeven,2
unmethylated,2
64-65,2
cost-increasing,2
gorton,2
hovers,2
hold-up,2
hostilia,2
effects-,2
cil,2
familia,2
agraria,2
aggravates,2
plant-derived,2
plant-,2
21-day,2
hemi,2
alcohol/week,2
p=0.000,2
scavenges,2
nrm,2
fifty-six,2
paco2,2
technospeak,2
suzanne,2
kolkovski,2
vivien,2
hardy-weinberg,2
helius,2
pursing,2
non-maleficience,2
98bpm,2
afrikaners,2
fronteroparietal,2
hydrogen-potassium,2
glomerular,2
afarensis,2
girth,2
hammocks,2
lchild,2
1.75mya,2
self-perceived,2
man-midwife,2
odciprofloxacin,2
madder,2
mother-infant,2
vdac,2
imperatively,2
denudation,2
large-bodied,2
cleverest,2
hindi,2
eight-year-old,2
1994:183,2
syntometrine,2
thomasson,2
2.32,2
"£13,250",2
t)his,2
paraguayans,2
verging,2
meanders,2
fling,2
lucerne,2
myron,2
be/have,2
womanizing,2
dialled,2
tutin,2
ewa,2
zgornjesavska,2
descriptivism,2
surface-structure,2
27.4,2
viscoelastic,2
heparinase-coated,2
meara,2
re)entering,2
6.91,2
debra,2
wright-mills,2
postcolonialism,2
cholangiocarcinomas,2
food-purchasing,2
anaxagoras,2
alkylating,2
leakiness,2
fludarabine,2
disuse,2
263-4,2
raisedno,2
0no,2
occlusions,2
laci,2
poci,2
lacunes,2
person-to-person,2
barked,2
intuited,2
conspirator,2
laboratory-test,2
amicably,2
banqueting,2
campestris,2
bopp,2
tournament,2
pp-76,2
peddling,2
où,2
manzoni,2
15min,2
holub,2
predetermination,2
shred,2
harrow,2
hannam,2
microelectronics,2
calveley,2
clerkenwell,2
chartist,2
com-2005,2
overemphasis,2
aha,2
100mv/a,2
softy,2
radiographs,2
kasr,2
perlord,2
ellenborough,2
republika,2
impliedly,2
10lbs,2
minisatellite,2
brotherly,2
watchword,2
365nm,2
out-going,2
fogging,2
-π,2
ethnocentricity,2
non-oxidative,2
homing,2
nickleby,2
francesca,2
kleiber,2
gradualism,2
betti,2
above-average,2
tong-soo,2
cokernel,2
injectively,2
i*,2
jakobson,2
sew,2
annul,2
ghostly,2
y-directions,2
gibraltar,2
susskind,2
cru,2
£6.8,2
adhesives,2
80kg,2
human-oriented,2
payrolls,2
pelleted,2
fusion-inspired,2
vienoisserie,2
cercopithecines,2
fillings,2
subways,2
outcastes,2
anergates,2
revivals,2
erraticum,2
2002:30,2
iip,2
ritz-carlton,2
mid-priced,2
1972:330,2
pre-synaptic,2
clacton-on-sea,2
pre-heater,2
1400μm,2
0.1cm,2
2006:1,2
maytansinoid,2
noninfected,2
boyes,2
backside,2
k$1725,2
1989:216,2
ops,2
1989:206/7,2
:197,2
75s,2
3.24,2
+10,2
machinist,2
bankrupted,2
£8580.00,2
exec,2
sdlc,2
oxidisable,2
electro-convulsive,2
british-owned,2
decking,2
bodes,2
1989:10,2
3-1,2
agropolis-museum,2
epoch-making,2
pre-oresteia,2
selbourne,2
sattler,2
lectured,2
lxx,2
callum,2
sudeten,2
robertsonal,2
debauched,2
photoperiod,2
ts2,2
zurück,2
p=0.016,2
m-nitrophenyl,2
fulcrum,2
mutilated,2
appose,2
dignify,2
clayden,2
elysee,2
sorbitan,2
alkenol,2
silicone,2
inauspicious,2
1532-1560,2
mitrovich,2
solvent-interaction,2
tet,2
selling/,2
benzothiophene,2
bioluminescence,2
watchman,2
pyrotechnic,2
2:30,2
35.3,2
padlocked,2
thetaiotaomicron,2
adbhu,2
garnier,2
judeo-christianity,2
naviera,2
cuatro,2
colca,2
toplis,2
427-430,2
aussi,2
meteorologists,2
molloy,2
antagonised,2
meted,2
vc=n,2
unmixed,2
her-,2
polymerisations,2
k-linear,2
γi,2
blindfolded,2
congeries,2
arab-muslim/good,2
sieved,2
surfacethe,2
riven,2
-in,2
israelis,2
conjugates,2
tetzcoco,2
xeno,2
poverty-stricken,2
adjudicating,2
fha,2
bhui,2
quart,2
habet,2
legum,2
male-bias,2
18/min,2
himmelstoss,2
cdcl3,2
off-white,2
p267,2
coagulating,2
coarseness,2
laryngeal,2
n-formylmethionyl-trna,2
sprawled,2
p.315,2
pre-structured,2
short-comings,2
antifascist,2
deaths/year,2
12.5mg,2
spying,2
teaspoon,2
self-soothing,2
-18ºc,2
electroconvulsive,2
lecithin,2
efstratiou,2
cyclizine,2
300nm,2
mineralogical,2
siphon,2
epigraphic,2
3.44,2
22mm,2
74-75,2
breast-feed,2
price-ratio,2
maladapted,2
45-50,2
nonequivalent,2
oct4,2
panning,2
neddying,2
problematise,2
tallied,2
nagar,2
atp/,2
inroad,2
heinsohn,2
dampens,2
genghis,2
ant-swarm,2
creolised,2
worshipers,2
di-,2
suspensory,2
institut,2
farmlands,2
fluid.,2
exterminating,2
raves,2
gender.,2
lazzeal,2
fresh-frozen,2
19-month-old,2
giardia,2
coverslip,2
tyrtaios,2
1995)p.48,2
chaudron,2
leeuwen,2
macfie,2
pʊlɛ,2
sinusoid,2
nugues,2
xp30d07,2
stooped,2
up-to,2
inquisitors,2
expression.12,2
ruralisation,2
transgene,2
s.245(2,2
liquidations,2
galang,2
faustian,2
126/7,2
stenzel,2
23-27,2
blinking,2
1348-1350,2
ploughman,2
group-decision,2
curle,2
liberally,2
50%methanol,2
bi-annual,2
rubrics,2
collaborations,2
310-312,2
,2
demotic,2
chemo-attractors,2
assass,2
benhabib,2
mcgrail,2
p.725,2
nippold,2
dcd,2
nawabs,2
rigolini,2
double-cover,2
42:2,2
chatterjee,2
x*t,2
jagath,2
parracks,2
mesogen,2
drunks,2
",p135",2
grazes,2
macroeconomists,2
etudes,2
americium-241,2
méditerranéen,2
l=5,2
principal-,2
pressman,2
rafters,2
acidifying,2
feel-good,2
hypothesize,2
100s,2
sprint,2
carboxylated,2
el-ansary,2
soiled,2
quelquefois,2
gefallen,2
avoir,2
1999/2000,2
1bit/symbol,2
étant,2
fairlie,2
dialup,2
anti-suffragists,2
brombert,2
non-emergency,2
completer/finisher,2
difference-in-difference,2
leaviss,2
gridlock,2
stadlemann,2
pardons,2
c-span,2
animals-,2
et-simultaneity,2
sokal,2
broadenings,2
δδ=0.4ppm,2
pungent,2
welling,2
"105,000",2
brendan,2
306mm,2
alliterations,2
pronounces,2
9-pin,2
fearless,2
kudu,2
microcomputer,2
lm-equation,2
steinhardt,2
turok,2
tantko,2
jimi,2
/tue,2
florencia,2
jayawardena,2
taunt,2
lay-offs,2
medina,2
telford,2
arlidge,2
non-production,2
backlogged,2
non-liberal,2
postman/girl/husband,2
excoriation,2
tendencial,2
mpi_send,2
1997:1409,2
kapit,2
non-political,2
discretional,2
courty,2
/ɔi/,2
overpowers,2
1999:323,2
anemophilous,2
19th-century,2
equalises,2
navigations,2
foreheads,2
pithy,2
earthy,2
oddest,2
lignification,2
£/kg,2
faked,2
brunch,2
tdc,2
lunches,2
re-setting,2
frankness,2
enteritis,2
9pm,2
counter-movements,2
p133,2
early-1980s,2
25-44,2
fidelio,2
leipzigeral,2
cost-plus,2
topless,2
pub/restaurant,2
inching,2
colmore,2
psych,2
demotivate,2
regretful,2
thery,2
setgid,2
ghandi,2
jams,2
ossicles,2
beamish,2
promulgation,2
stitch,2
jimmy-jack,2
caspian,2
pentain,2
lugbara,2
1919-1946,2
1.395e-8,2
ommited,2
f(z,2
14/10/05,2
protraction,2
isoprenoid,2
transmuted,2
speaker+,2
hamnett,2
course-books,2
lixian,2
bak,2
semitendinous,2
ferrieri,2
johnsons,2
switch(),2
cvd,2
rugger,2
silvio,2
gsm20,2
ostertagia,2
inter-tropical,2
hotel-,2
mou,2
1996:04-2001:12,2
badges,2
sweep(,2
illness/injury,2
1998:94,2
e]o,2
referendum,2
pali,2
i=,2
saat,2
quale,2
alevels,2
rac,2
throats,2
mahna,2
pp.138,2
2003:63,2
1993:14,2
varnishes,2
adduced,2
potassium-argon,2
pg.96,2
swanage,2
tarantella,2
helmers,2
p.104-105,2
herennius,2
phila,2
noaa,2
1*0,2
71-72,2
pedarastic,2
lovesickness,2
high-field,2
cognising,2
0.5672,2
neaira.33,2
yi,2
stupidity-,2
bauman:1989:149,2
eurofighter,2
71gpa,2
populates,2
dicing-,2
165p,2
requesthelp,2
sharpeville,2
azapo,2
postapartheid,2
vengeance/retributive,2
11-32,2
artistic-women,2
courtrooms,2
didrachmon,2
vandals,2
fabrications,2
gkt,2
ectopics/alcoholic,2
2003:113,2
100/31,2
vasovagal,2
neuroepithelial,2
widower,2
ligamentum,2
maintainability,2
respirators,2
fended,2
£9.0,2
non-spartans,2
£31.8,2
poinsettia,2
upholstery,2
deserno,2
seasonable,2
lucidum,2
0.005-0.02mm,2
37.2x,2
bollocks,2
nosesuperior,2
h=the,2
executive-led,2
inter-relatedness,2
dogger,2
indica,2
workability,2
bu,2
lejon,2
aventis,2
minutessealed,2
o-dialkyl,2
pentasulphide,2
underused,2
zx,2
#666666,2
0.4m,2
1976:57,2
non-inflationary,2
0.4%c,2
interpretivism,2
pp.532,2
milankovitch,2
dt=0.01,2
trawick,2
45-59,2
delocalized,2
1.10.656.10,2
bipy,2
self-command,2
torsions,2
chromates,2
okhanowic,2
h11,2
iii.7,2
baudrillard,2
battlefields,2
-1torr,2
savoury,2
amphiphillic,2
raloxifen,2
0.1mmcolour,2
matthews.2005:375,2
tbp,2
gtp-bound,2
15-45,2
oort,2
finalising,2
moby,2
reginald,2
information-based,2
condorcet,2
chard,2
zukin,2
hinde,2
epr,2
frito,2
waldfogel,2
deuterated,2
extroversion/introversion,2
tulare,2
day-time,2
foodies,2
tick-lagomorph,2
extra-constitutional,2
promptings,2
gamow,2
leftovers,2
21.12.2004,2
suthersanen,2
wpcs,2
q(e,2
cygnus,2
2003:180,2
limitlessly,2
5-membered,2
bulkier,2
ragged,2
cyril,2
veneziano,2
harriss,2
bolsa,2
pps1,2
giarratano,2
"7,5",2
bellarmine,2
michels,2
gribbin,2
russon,2
actualities,2
earlsferry,2
mineralised,2
abm,2
creation/implementation,2
self-cleaning,2
khomeini,2
m-matrix,2
althusser,2
maedchen,2
hatte,2
1yd,2
er42,2
patentable,2
possessiveness,2
three/four,2
redding,2
regs.8(1,2
flavoprotein,2
"1,887",2
waists,2
madly,2
theo,2
chatterley,2
2004:141,2
2002:215,2
"*(2-min(nu,1",2
leitmotifs,2
daffe/clp(2001)13,2
p1142,2
appellations,2
count*/,2
bequests,2
hobble,2
part(c,2
authenticates,2
1994:50,2
pp.109-110,2
mesh-,2
amaranth,2
regina,2
pollitt,2
revolver,2
toubia,2
wait(10000,2
led0,2
vcomponents,2
clk=,2
incapacitation,2
capital-scarce,2
rumors,2
98.5,2
economica,2
plg-1,2
germ-line,2
pp.63-73,2
pp9,2
vse,2
gordo,2
overpayment,2
psaatm,2
kidner,2
"4,5,6",2
levtime,2
artisanship,2
wi,2
anglophobia,2
stratagems,2
orson,2
seabrook,2
monoliths,2
nakedly,2
ballygalley,2
gur,2
pauric,2
derogated,2
pp.3-4,2
asceticism,2
garb,2
18/11/2005,2
nies,2
thrombi,2
nuzzled,2
schizoaffective,2
nostalgically,2
painstakingly,2
plafond,2
world-,2
±0.017,2
digitalisation,2
pg112,2
30.6°,2
dislocating,2
valek,2
circumvented,2
nobly,2
kirsty,2
eberstadt,2
origines,2
starring,2
lesbian/postmodern,2
msa,2
excerta,2
p284,2
borodin,2
congeners,2
comorbid,2
weaveral,2
low-fare,2
polyarchy,2
pp.360-1,2
p.818,2
andorra,2
warter,2
september-december,2
radha,2
kbt,2
£430,2
contrastively,2
leche,2
lillehammer,2
vedas,2
inflight,2
dedendum,2
life-changing,2
anthopocentrics,2
vol.36,2
courtenay,2
flowchart,2
charles-dominique,2
vanhorn,2
0.3899t,2
6.87,2
solidification,2
microstructural,2
bassoal,2
oscilloscopes,2
2003:75,2
fabia,2
fake-blind,2
tomkins,2
uniflora,2
christos,2
line-line,2
accede,2
whitish-cream,2
scissor-like,2
37-39,2
consciences,2
36.29kg,2
coprolites,2
balearic,2
social-political,2
grabe,2
incommunicative,2
thompsons,2
glaciations,2
buns,2
goldewijk,2
manji,2
grubby,2
orienting,2
auge,2
latins,2
brusquely,2
well-recognised,2
death-,2
tortures,2
mcq,2
brusque,2
colbred,2
multi-sensory,2
pomerantz,2
forlorn,2
edmunds,2
anti-foreignism,2
nominating,2
516m°c,2
sealedvacuum,2
extra-dialogic,2
/ei/,2
vaccinating,2
midge,2
ozden,2
renap,2
detoxify,2
perindopril,2
brgseon,2
atp-ase,2
mz,2
1990-2000,2
breast-feeding,2
impartation,2
pervious,2
ever-,2
aestimation,2
bitter-sweet,2
douthitt,2
pugilistic,2
morrissey,2
whiteboard,2
length1,2
polemics,2
segement,2
pitying,2
oropharynx,2
infinitum,2
galen,2
wreathes,2
inadvisable,2
pack-year,2
reproaches,2
22.739,2
ofgem,2
radicalizing,2
compressibility,2
andere,2
evidence-,2
speak(int,2
£36m,2
coopers,2
mellentin,2
rebuy,2
karwacki,2
papp,2
rpt,2
simplicius,2
mitis,2
in1,2
gronfein,2
4.725,2
melinda,2
merry-go-round,2
schaik,2
ebitda,2
witticism,2
lns,2
0.013,2
2200/96,2
cradled,2
phase-out,2
enslave,2
chivers,2
harpoons,2
vegetarianism,2
geologically,2
purleigh,2
millard,2
§38,2
0.10086,2
isoleucine/valine,2
pp.9,2
marden,2
permafrost,2
lemay,2
pp.56,2
sg/,2
rule-like,2
hoisted,2
impresses,2
super-ordinate,2
estrus,2
exerciser,2
misgivings,2
stratifying,2
egotism,2
gii,2
gatekeeping,2
spitfires,2
thistles,2
tyndale,2
re-shape,2
adwords,2
reawakened,2
£7.99,2
kwak,2
shamed,2
fedoral,2
linking-up,2
burnaston,2
p223,2
quick-fix,2
qatar,2
andrade,2
freestream,2
parliamentarism,2
relishing,2
nobleman,2
1994:386,2
inter-connected,2
apostles,2
bayonets,2
ramabai,2
kenworthy,2
voiced/,2
1995:186,2
thornes,2
goldfield,2
callaway,2
£0.75m,2
yawning,2
finkel,2
day-1,2
agri-processing,2
austinal,2
circumscribing,2
pre-incaic,2
cursus,2
wherewithal,2
prozor,2
admirers,2
pinching,2
200µm,2
stress/urge,2
lange,2
self-presentation,2
unfiltered,2
signer,2
alfaro,2
3100ms,2
well-organized,2
radiologically,2
circulates,2
orderask,2
nitrification,2
approxiamtely,2
urobilinogen,2
derangement,2
3000cm,2
5-in-1,2
innervated,2
smoking-cessation,2
non-toxic,2
electrocardiogram,2
occidentalis,2
extraterritoriality,2
nian,2
enticement,2
n-transforms,2
cleaners,2
isocyanates,2
bumping,2
candelabra,2
nicl2(pph3)2,2
sinter,2
2secounds,2
anti-histamines,2
devotio,2
joule,2
59p,2
20/03/06,2
seeps,2
splitters,2
p.637,2
haemolysis,2
lanthanum,2
elastomeric,2
74:3,2
1895-1930,2
post-enlightenment,2
counter-monument,2
plantinga,2
trivialisation,2
quadrangle,2
luce,2
expatriated,2
dilapidated,2
politis,2
abated,2
caprea,2
fantasy-like,2
renaissances,2
swanky,2
house-sitter,2
couches,2
swig,2
millimeters,2
phatic,2
oligotrophic,2
l.36,2
deja-vu,2
single-cylinder,2
caci,2
juncus,2
forgings,2
power-driven,2
94-119,2
reconceptualise,2
anti-histamine,2
proctitis,2
refractory,2
m=,2
excitability,2
urinating,2
livers,2
mcdonough,2
8*,2
syncratic,2
wichern,2
2-fixation,2
keynesianism,2
eliminative,2
macwhannell,2
med-2,2
saracens,2
heraclius,2
radioisotopes,2
fallait,2
non-commercial,2
omnibus,2
mottled,2
25-40,2
repolarization,2
n48,2
75:91,2
99.8,2
osman,2
p297,2
1/5120,2
kronstadt,2
rootstocks,2
foundry,2
bluett,2
rost,2
cherries,2
rhodospirillum,2
guo,2
maduro,2
clore,2
tetrachromat,2
brutalising,2
insouciance,2
daunton,2
blaskic,2
allelic,2
browns,2
trailers,2
semi-strong,2
coher,2
pollert,2
hyperknowledge,2
encomienda,2
maximalist,2
1987:239,2
lambda,2
enshrine,2
life/,2
claudio,2
elshtein,2
piero,2
post-structuralists,2
waiving,2
theodosiou,2
zoologist,2
succulence,2
period-,2
malonaldehyde,2
hsces,2
seducer,2
non-muslim,2
differentiators,2
propounding,2
rosch,2
well-used,2
lupo,2
winterhalder,2
carabidae,2
thiobarbituric,2
constrictive,2
pre-soaked,2
cree,2
kunz,2
schlottmann,2
reapplied,2
pushy,2
bombanera,2
skipp,2
vía,2
slighter,2
antiandrogenic,2
wildtype,2
likings,2
schafer,2
demotivated,2
deontologist,2
bentzien,2
4.38,2
quickens,2
pyle,2
affymetrix,2
vanellus,2
jubilation,2
tern,2
quadrate,2
televise,2
21.8,2
4.10.203-7,2
adapto,2
competence-based,2
astrologer,2
sulphur-containing,2
ostracise,2
680m,2
meal2,2
mariano,2
re-stocking,2
sarlo,2
single-task,2
independencia,2
race/ethnicity,2
30years,2
personals,2
orin,2
morshead,2
abutments,2
flexi-time,2
standard-setting,2
rarest,2
exhortation,2
brinksmanship,2
consonant-vowel,2
oryctolagus,2
pp.70,2
passant,2
subject-based,2
131°c,2
24.2,2
affronted,2
parthenon,2
babe,2
training-of-trainers,2
siliques,2
earthwork,2
rattlesnake,2
tierney,2
actinomadura,2
1999:105,2
ph2.7,2
mutagenic,2
105°c,2
p142,2
ticl,2
accusative,2
1996:1,2
-bonding,2
tof,2
~1000cm,2
reproachful,2
tofel,2
tetrahydrate,2
thixotropic,2
240ppm,2
brie,2
blockbusters,2
anti-mcdonald,2
ethico-religious,2
30μl,2
kudos,2
easom,2
verlassen,2
erichto,2
musik,2
4vol,2
field-,2
statfit,2
northumberland,2
accroissement,2
jps,2
depressionadvances,2
times-,2
bifaces,2
readjust,2
noisier,2
triads,2
"$62,068,509",2
$2.1,2
bryne,2
300ms,2
0.72,2
sex-ratio,2
kibale,2
scraper,2
squadristi,2
spriano,2
tezozomoc,2
maldwyn,2
bath-house,2
licl,2
reaffirmation,2
pepsin,2
trodden,2
211-212,2
60.5,2
masser,2
cutbacks,2
graphfilling,2
torah,2
unreacted,2
competency-based,2
p.276,2
shih,2
streiner,2
algunas,2
lilas,2
multistate,2
impressing,2
mazes,2
4-by-4,2
undemocratically,2
k-variable,2
n-form,2
dry-land,2
drawn-out,2
peperaki,2
folklinguistic,2
mica,2
keita,2
l.362-3,2
ensnares,2
cardoso,2
descanting,2
priority-list,2
age-,2
19/03/06,2
non-gm,2
salvarsan,2
10-4,2
unopened,2
dorsiflexion,2
ebc,2
biannual,2
rotameters,2
hester.,2
comfortingly,2
kephala,2
factive,2
pastoralist,2
wail,2
b-ring,2
vernam,2
toppings,2
sticked,2
unchallengeable,2
fertilised,2
ure1,2
eubacteria,2
consonant/vowel,2
enervates,2
cyanobacterium,2
toolbox,2
perceptron,2
criss-crossing,2
mish-mash,2
p401,2
olaf,2
1998:13,2
transdifferentiation,2
muscled,2
morehouse,2
isozymes,2
kail,2
12ml,2
fasciculus,2
70°,2
2.235,2
-δhvap,2
chow-test,2
gas/,2
cupit,2
2006:837,2
1998:280,2
incarnation,2
isidis,2
walbank,2
isidorus,2
1995:207,2
2005:185,2
sobek,2
djed,2
0.1551,2
heterochromatin.4,2
sedulius,2
menzlin,2
magill-evans,2
2000:312,2
pre-dominant,2
p202,2
asklepios,2
awa,2
transceiver,2
2005:162,2
self-programming,2
1997:402,2
§1.1.1,2
server2,2
s4,2
1999:249,2
schfee,2
reconfirmed,2
dustin,2
1989:197,2
reward-related,2
ß-oxidation,2
p.321,2
marginalises,2
:02,2
gehen,2
machen,2
0.42,2
subtitled,2
£8700,2
pen-drop,2
symbolisation,2
",p.43",2
"54,000",2
incentivise,2
gcap,2
charlottesville,2
"£3,089m",2
bailout,2
0.126,2
fishel,2
m=1,2
twenty-,2
market,2
2000:69,2
repurchasing,2
170d,2
-fay,2
treadmill,2
needham,2
rebalance,2
l-alanine,2
8n,2
pyridinium,2
primavera,2
"56,000",2
5.11mm,2
arbenz,2
havana,2
bookmark,2
long-tail,2
out-of-print,2
dresdner,2
wreckages,2
saluti,2
afr,2
non-technical,2
unrealdive,2
linéaires,2
2.4.5,2
unhygienic,2
1-6-3-4-5-2-1,2
1999b,2
foolhardy,2
straight-through,2
showmessage,2
6.600,2
30:70,2
interleaved,2
k-state,2
±3/2,2
²,2
baris,2
p.398-400,2
herrmann,2
sub-brands,2
value-for-money,2
topicality,2
gutman,2
ethno-,2
$300,2
flattens,2
group-oriented,2
numberspace,2
three-times,2
flywheel,2
separatism,2
isconvergent,2
initialisation/finalisation,2
mypartofa,2
a]20d,2
mpi_allgather(,2
25.4mm,2
pcx,2
resellers,2
h]-dropping,2
h]s,2
commercially-available,2
£315,2
rousay,2
war.2.49.5,2
kissonerga-,2
somner,2
260-261,2
amuq,2
ahmar,2
mestizaje,2
tridentatum,2
truncatula,2
buscalia-saldgado,2
uncoated,2
imitations,2
charlatans,2
implores,2
raverty,2
perché,2
oro,2
skiers,2
rooten,2
wellman,2
armitt,2
walkman,2
radiotracers,2
"48,000",2
makridakis,2
centuries-old,2
1998:122,2
chattering,2
hotelier,2
recoveries,2
christianoal,2
dweller,2
wmst-l,2
1989),2
1995:267,2
1.70,2
2.73,2
76/160/eec,2
0.418,2
85/15,2
busying,2
genealogist,2
pg21,2
80.9,2
flogged,2
nelder-meade,2
misquoted,2
aidan,2
re-invented,2
6:1,2
publicans,2
uhdbt,2
cystolic,2
contoured,2
α-chymotrypsin-catalyzed,2
ornament,2
sgn,2
saucepan,2
spoiling,2
otlowski,2
nfa,2
condyle,2
1.5000,2
biomarkers,2
297-298,2
optsq,2
69.8,2
tine,2
)host,2
lr]lr,2
7.25,2
augusto,2
c(γ,2
lr=1,2
axin,2
7.16,2
3.74,2
0v,2
confiscating,2
1981-2003,2
cases-,2
10.000,2
marr,2
βi,2
mcdonnell,2
2001:17,2
everest,2
3-2,2
locutionary,2
dutifully,2
2-1,2
detests,2
pp-xii,2
stomatal,2
overgrazing,2
pg82,2
astronaut,2
vulvae,2
assimilationist,2
grear,2
fayol`s,2
amphitrite,2
138mmol/l,2
janeway,2
chlorides,2
book-keeping,2
tactitus,2
talcott,2
1:17,2
reformative,2
serous,2
1914-18,2
0.5c,2
s-waves,2
bandying,2
cea,2
synergic,2
seyfried,2
ca15-3,2
non-islamic,2
fuck,2
raf-1,2
phosphatidylinositol,2
dude,2
resonator,2
etching-it,2
τ2,2
2004)number,2
10mins,2
100rad/sec,2
estuaries,2
2nebulised,2
lsda/6-31+g(d,2
=-1,2
ball-and-stick,2
theexistence,2
gandy,2
self-references,2
as4-peek,2
36.9,2
hypercholestrolaemia,2
junctional,2
alegre,2
full-colour,2
lvh,2
time-course,2
post-operation,2
twelve-month,2
two-hours,2
rosenau,2
£138.7,2
bhimanial,2
klare,2
no-shirking,2
collapsible,2
0xfd,2
0xef,2
kynaston,2
tes,2
refines,2
knobs,2
1949-53,2
ravenscroft,2
hypomagnesaemia,2
gahringer,2
pum,2
augustae,2
eurocentrism,2
13-15,2
deacy,2
coolwall,2
parasitaemia,2
coldest,2
thiono,2
vec3f(a,2
g-factor,2
s),2
dichloro,2
vcr,2
haddad,2
£7.7,2
unifocal,2
percepts,2
krichmar,2
raincoats,2
resonators,2
macro-scale,2
indy,2
refreshment,2
orhanovic,2
8.82mol,2
cosmologists,2
laminae,2
intraperitoneal,2
dinitrogen,2
25.7,2
amenorrhea,2
1564-1642,2
korač,2
massiveness,2
žarana,2
protozoans,2
hafnium,2
duquette,2
magnetometer,2
anglicanism,2
hydrophilia,2
ethnohistory,2
confederacies,2
nucleocytoplasm,2
6.75g,2
oclock(,2
apparatuses,2
orb,2
franc,2
deterrents,2
fraudulently,2
num_lines,2
re-engineered,2
arvind,2
nohl,2
vegetated,2
block-based,2
krane,2
cunningly,2
clampdown,2
bear-baiting,2
krutov,2
insulate,2
murdock,2
100hz,2
commutations,2
1mω,2
jadeite,2
fig2,2
phillimore,2
endoparasites,2
pg.150,2
buchheim,2
313.9559,2
cajoled,2
kerwer,2
non-homogenous,2
barros,2
nod,2
bell-shaped,2
grassed,2
gonadotropic,2
valuelessness,2
huygens,2
pippin,2
bunched,2
owner-occupies,2
e2e,2
th/19,2
man-power,2
congratulating,2
immunizing,2
deech,2
wilmut,2
policy-lead,2
non-luminous,2
downwards-sloping,2
blotches,2
liberalizing,2
corroborates,2
4-8,2
chili,2
hathaway/neve,2
alliterated,2
bhabha,2
chalet,2
work-place,2
2005:123,2
spivak,2
scherf,2
meoh,2
single-issue,2
pg.116,2
pd8.2=0,2
else{,2
conclusions-,2
potentialities,2
pupil-teacher,2
egos,2
univac,2
verfremdungseffekt,2
c18,2
c15,2
berthon,2
surfers/potential,2
check-ins,2
rheumatism,2
interconnectivity,2
amorous,2
left[r,2
geographer,2
figure.4,2
charger,2
asaatm,2
féodale,2
minutesimmersion,2
four-digit,2
g5,2
dubrovnik,2
localizator,2
malathi,2
haessliches,2
f]or,2
hansel,2
humidifying/drying,2
azidoolefin,2
kamekichi,2
aisles,2
strangle,2
3.35mm,2
invective,2
philipp,2
nardin,2
dyestuffs,2
1997:186,2
apotheosis,2
srr,2
anti-english,2
ineptness,2
militarism,2
trickiest,2
anisotropies,2
effervescence,2
2000q3,2
motorcar,2
fixings,2
flaky,2
2002:14,2
dof,2
2001/02,2
saladin,2
statt,2
niemitz,2
non-action,2
unicolor,2
ravelobensis,2
formsubscription,2
elms,2
1.000398,2
632.8,2
51(2,2
tarling,2
glauben,2
opportunists,2
youbut,2
alfino,2
sharpley,2
unexpectedness,2
mek,2
wto/unep,2
divorcing,2
andress,2
100.39,2
degc,2
convectively,2
matey,2
stretterhawl,2
k=0,2
floribunda,2
superheating,2
solvent-free,2
barons,2
weasel,2
on-off,2
characterisitcs,2
2000:310,2
less-restrictive,2
non-marital,2
padmanathan,2
kafka,2
yapmapt,2
66-base,2
lillico,2
wemmick,2
greets,2
peering,2
well-behaved,2
humming,2
layshaft,2
cocomo,2
p.673,2
5:1,2
fretting,2
hollowed,2
asimo,2
racal,2
·how,2
sublimate,2
1(2,2
sherry,2
cdc,2
groans,2
paleoanthropology,2
t(hx,2
six-,2
no.39,2
reginam,2
ipsum,2
matthias,2
magisterial,2
exhorting,2
hypnotism,2
drudgery,2
tamper,2
t-helper,2
intersectionality,2
pp.144,2
5pm,2
-that,2
filmy,2
sub-acute,2
160p,2
non-core,2
pre-natally,2
0.482,2
rhythmically,2
interbreed,2
folivores,2
purifying,2
copulation,2
reloaded,2
pemr,2
npy,2
ent-,2
2005:58,2
kirsch,2
branchial,2
cd000542,2
retrived,2
perversions,2
65-67,2
monozygotic,2
grootboom,2
hairstyle,2
dom,2
9mg,2
specialisms,2
hardens,2
armayor,2
samoan,2
state/national,2
handlins,2
pp.62,2
gelshorpe,2
by-passing,2
oxford/malden,2
revaluate,2
rustin,2
misdemeanour,2
ithaca/london,2
nouzeilles,2
patrícia,2
capoeira,2
home-grown,2
masque,2
tarsila,2
staniszkis,2
undercooked,2
non-dispositional,2
morazán,2
biformis,2
26.7,2
grot,2
2005:37,2
muriquis,2
inter-venal,2
0.016,2
maverick,2
tietge,2
cfse,2
phototroph,2
49ers,2
campestre,2
5.04,2
transgenetic,2
patient-specific,2
18-month,2
2km,2
longitude,2
1995:26,2
1965:224,2
didacticism,2
favies,2
$52m,2
s-curve,2
:189,2
1r2,2
npc,2
bocconi,2
internodes,2
latecomers,2
snowfall,2
rivalling,2
organics,2
fusfeld,2
tdri,2
41-42,2
dream-like,2
schön,2
southampton,2
flipper,2
statuary,2
garlinger,2
munterer,2
shredding,2
subjunctive,2
16s,2
pressuring,2
auguraculum,2
percept,2
re-seeding,2
pisoni,2
remainders,2
wallet,2
blockades,2
burrhus,2
mccoy,2
bigun,2
secord,2
interlocked,2
objectivists,2
commercializing,2
$1.8,2
33.5,2
paranormal,2
state-sanctioned,2
plague-like,2
restating,2
.1,2
y-plane,2
blanchers,2
farmgate,2
spillages,2
vntr,2
grammaticalisation,2
rt-pcr,2
nonsemantic,2
schoenfelder,2
heptapeptide,2
hoeksema,2
featural,2
review-,2
headcount,2
commodity-capitalist,2
min-variance,2
foro,2
vida,2
azul,2
readjusting,2
proletariats,2
tessellate,2
ecocentrism,2
1996:49,2
missexpressed,2
hinds,2
pupae,2
to/from,2
heydon,2
penalized,2
post-reform,2
dig7,2
oversimplifying,2
tapinoma,2
exotoxin,2
megginson,2
bassus,2
sulla,2
dio,2
speediest,2
agro-industrial,2
algaes,2
tenuis,2
digitorum,2
up-skilling,2
hallam,2
daisy,2
tothmeresz,2
batching,2
grechanichenko,2
whitmore,2
strix,2
hypoxaemia,2
evocation,2
wothers,2
sclerae,2
20/min,2
metal-catalysed,2
25-27,2
nourishes,2
stiffness/pain,2
contractility,2
neuritis,2
site.3,2
rupert),2
aldosterone,2
reversed-phase,2
19kg,2
sridharan,2
problems-,2
uncivil,2
hepatotoxicity,2
lamer,2
misdemeanours,2
λm,2
conductivities,2
century-long,2
star-design,2
cannibalising,2
100-200,2
slimmer,2
cmrl,2
handwashing,2
lintel,2
creature/experience,2
privation,2
mcknight,2
excellences,2
cess,2
waffle,2
anti-revolutionary,2
20/01/95,2
g3,2
wainright,2
beverly,2
hallowed,2
novell,2
self-referring,2
clean-cut,2
sandoz,2
biiliac,2
non-membership,2
itu,2
under-staffed,2
parsonian,2
troika,2
superbly,2
hitchcock,2
six-week,2
brinkhorst,2
stand-in,2
waist-to-hip,2
non-infected,2
3µg,2
spinetti,2
haemolytic,2
black-outs,2
il-2,2
nf-at,2
iatrogenic,2
noch,2
£2.8,2
orton,2
samuels,2
self-maintenance,2
diastereoisomers,2
non-pause,2
depersonalizing,2
re-read,2
9.15,2
x2-axis,2
ŵ,2
scaife,2
massed,2
saffery,2
sublimes,2
idiolects,2
n37,2
n11,2
semanticist,2
$29.1m,2
neurologic,2
dowth,2
sinauer,2
leathery,2
abrasions,2
haines,2
43-44,2
coiled-coil,2
scenarios-,2
p.494,2
gimble,2
s.8,2
conveyance,2
jamele,2
bilgin,2
δk,2
24(8,2
ill-advised,2
purposeless,2
"£8,000",2
hege,2
islamic/muslim(s,2
auroux,2
realigning,2
m(x,2
5:248,2
prognostics,2
hubristic,2
khan-panni,2
neo-material,2
shiite,2
freeware,2
percolating,2
comprehendible,2
recurrently,2
pritchett,2
pickpocket,2
mosques,2
baked-bean,2
toasting-fork,2
feed-back,2
sorge,2
mind-body,2
ontologist,2
lacerations,2
assoc,2
robinson/1986,2
p313,2
tte,2
protuberant,2
nystagmus,2
stage1,2
corporative,2
markedness,2
prolapse,2
relationship-oriented,2
windy,2
1:25,2
week-end,2
peri-operative,2
grashof,2
woodburn,2
isotrophic,2
1999:65,2
speller,2
jamieson,2
chymotrysinogen,2
genitives,2
mimsy,2
publ,2
zois,2
perceptively,2
markilimachines,2
2.5mm,2
usuality,2
thromboplastin,2
21.0,2
build-operate-transfer,2
up-dated,2
rpb,2
chant,2
ravosa,2
gelade,2
marseilles,2
crèmieux,2
underutilization,2
asap,2
"terry,2003",2
heartedly,2
anatomies,2
liberté,2
allotment,2
lxv,2
iii.1,2
wardman,2
radio-femoral,2
tilia,2
terracing,2
kimal,2
è,2
colensoi,2
veneziani,2
75ml,2
µg,2
h2so4,2
1500s,2
45-46,2
food=total,2
b-p,2
30cfu,2
soco,2
titian,2
subscript,2
28.2,2
galinsky,2
package(s,2
economicus,2
shipley,2
16.8,2
0.4ml,2
lucie,2
2/wk,2
hot-headed,2
strongman,2
operons,2
£2.9,2
anangel,2
cheveley,2
executable,2
self-study,2
elle-même,2
fuselage,2
∆r,2
concatenates,2
hollowhot,2
prying,2
deliberated,2
"$4,549,094",2
"$40,189,842",2
"£425,000",2
π/2,2
abstentionists,2
100+,2
kuu,2
600mm,2
5x,2
dre,2
nuovo,2
on-board,2
time-frame,2
tlacopan,2
tlatoani,2
prutting,2
growth-,2
h2g2/a218206,2
swarm-bot,2
non-person,2
freest,2
ms_pulse,2
nonlocality,2
exotherm,2
"1,5-dibromo",2
ductoscopy,2
dislodging,2
adv,2
blackface,2
data-gathering,2
information-rich,2
creedon,2
refutability,2
luz,2
junio,2
splinters,2
schist,2
grapple,2
α-lactalbumin,2
awls,2
1991:1,2
4:30,2
hellenisation,2
free-running,2
ca1,2
post-classical,2
kern,2
ehii,2
kalogerakou,2
pp.150-1,2
hippies,2
atavistic,2
0.6476,2
1.5p,2
liechtenstein,2
canes,2
vol.25(4,2
irrepressible,2
jemaah,2
gev,2
realism-driven,2
uppsala,2
providential,2
nanavaty,2
undervalue,2
coop,2
assertation,2
hereosexual,2
1.4.3,2
magoula,2
monetised,2
self-indulgence,2
unimproved,2
cost/,2
retold,2
pelo-calcaric,2
paralyse,2
silts,2
hillside,2
greenish,2
macheix,2
bilberry,2
steel/corus,2
arbed,2
e-shopping,2
400×,2
micro-teaching,2
tonkyn,2
gesticulation,2
co-text,2
chapels,2
uzielli,2
statures,2
petrological,2
endeared,2
geophysics,2
scientologists,2
1919-21,2
pioch,2
0.476,2
luteum,2
monumenta,2
unsettlingly,2
brominated,2
snowstorm,2
v/v,2
disaggregating,2
meta-theory,2
bangs,2
merry-macabre,2
9:1,2
hamlin,2
rapidlyholding,2
scorpions,2
ramsted,2
thaler,2
counter-weight,2
likeliest,2
re-referenced,2
1.1.3,2
0.008,2
$13.2,2
75th,2
perfectionism,2
availabilities,2
wholes,2
15±1,2
0.969175,2
microspectrophotometer,2
hindbrain,2
neurotrophins,2
µ=,2
meinen,2
succinyl,2
requisitions,2
"al,2000",2
balzer,2
guesthouse,2
r7,2
r6,2
£441.5,2
newsreels,2
autoset,2
δ-,2
reste,2
12.45,2
dogsborough,2
transducer/heater,2
schnell,2
sentir,2
cilium,2
calmodulin,2
haptens,2
buy-back,2
smack,2
congressman,2
inter-company,2
kimberly,2
behaviorist,2
chemagnetics,2
element-,2
philante,2
italiana,2
libri,2
sull,2
suddenness,2
tuvia,2
dimutase,2
161.5lbstime,2
équations,2
semi-formal,2
yubaba,2
grizzly,2
leopards,2
insourcing,2
chancere,2
cretan,2
cretans,2
fleishman,2
δω,2
schkade,2
18ps,2
bτ,2
paulus,2
-1[7,2
uppermost,2
noyse,2
sacramental,2
bookle,2
tilden,2
joachimsthaler,2
boccaccio,2
passiveness,2
memorising,2
enclave,2
cybercapetown,2
political-economic,2
salivation,2
cross-modal,2
schlaghecken,2
friendless,2
vol.11,2
magneti,2
nfhs,2
adjourned,2
énormément,2
junz,2
mpi_gather(,2
jellies,2
sims,2
carbonari,2
group(s,2
atomised,2
pp.533,2
baspineiro,2
adalid,2
brochology,2
broch-towers,2
confidents,2
bladelets,2
hamburg,2
far-flung,2
conifer,2
lavelle,2
cops,2
systematized,2
congratulated,2
hackberry,2
milluvus,2
gazzaniga,2
bargh,2
goldacre,2
12.12.05,2
culottes,2
cataclysm,2
pumpkins,2
perhapse,2
lu/hectare,2
notary,2
galvanise,2
1-2-3,2
moloney,2
burlington,2
exoticism,2
silburn,2
schulman,2
writing-,2
diarrhea,2
albatross,2
mccallum,2
quam,2
pp.866-8,2
2003/6/ec,2
human-,2
sideline,2
-0.16,2
kymograph,2
whitien,2
cerumen,2
mornieau,2
trpa1,2
1.182e-8,2
1.5µmol,2
externalised,2
-65mv,2
fujimoto,2
cdp,2
morbidities,2
wavelets,2
vogl,2
sodenburg,2
seeley,2
surveyor,2
hoops,2
slomianka,2
clinging,2
helfond,2
benria,2
sanit,2
ilite95,2
clinching,2
auto-correlation,2
wooldridge,2
market-makers,2
jpn,2
ewes/ha,2
duddington,2
λlr,2
object-as-meaning,2
westgate,2
2(3,2
zpd,2
paivio,2
ωu,2
guidotti,2
instrumentality,2
anti-insider,2
$1.9,2
deacylation,2
-04,2
annalistes,2
geohistorical,2
levis,2
3i,2
trepca,2
stimson,2
peo,2
3years,2
pp-17,2
practically-oriented,2
desmodium,2
231pa,2
lysistrata,2
pre-empt,2
bio-compatible,2
hwantla,2
headscarf,2
none-the-less,2
pre-roman,2
paedophilic,2
1.041382,2
suffocate,2
resonated,2
priapus,2
bauman:1989:144,2
1.3.5,2
ghildyal,2
rossby,2
ounces,2
phospho,2
supersense,2
purist,2
metallised,2
intercommunal,2
anc,2
r660-million,2
seven-volume,2
ets,2
contractarian,2
mp2/aug-cc-pvdz//hf-6-31g,2
elevations,2
p.363,2
thelaw,2
kaufman,2
indecisive,2
xray,2
orthopneoa,2
94/54,2
forgoing,2
1998-2002,2
thatch,2
use-wear,2
ots,2
515-529,2
kiyoshi,2
revenue-continuing,2
£422.0,2
dfe,2
lightbulbs,2
cfls,2
non-decisions,2
rewind,2
out-sourcing,2
0x7f,2
maurepas,2
data-mining,2
pehap,2
large(0.01-0.03mm,2
24950/94,2
eis,2
trawling,2
means-ends,2
bourgeoise,2
distichum,2
ethno-national,2
dianthus,2
interveinal,2
francois,2
bullies,2
2.5-3,2
reyman,2
sarcophagus,2
resource-poor-farmers,2
receta,2
aryans,2
boeters,2
death-rate,2
3-8,2
tapering,2
steadier,2
2005c,2
curving,2
~50μm,2
illiterates,2
52.1,2
no-till,2
c=2.0,2
ed.1963,2
super/lean,2
electrophillic,2
rseon,2
mo(0,2
1983:337,2
anti-microbial,2
dhh,2
tautomeric,2
nucleophillic,2
t-cell,2
gsk3β,2
p.464,2
scattergram,2
velux,2
wellens,2
p92,2
ahab,2
co-activating,2
puny,2
"sadgwick,2005",2
prioritized,2
keratin,2
art/design,2
us-soviet,2
leu2,2
brinkman,2
miranker,2
inter-cultural,2
forestall,2
milkround,2
coat-tails,2
uzbek,2
over-employment,2
forage-based,2
sitting-room,2
canudos,2
bristlecone,2
woodfibres,2
fai,2
amalgamations,2
consort,2
1998:97,2
higher-ranking,2
1975:92,2
palaeosols,2
mnesis,2
epiphenomenalist,2
1929:27,2
misspellings,2
e-mailed,2
cemophualtecs,2
eukrates,2
mortars,2
ite,2
permission-based,2
state-firm,2
basilinna,2
undecipherable,2
cubits,2
uplifts,2
meridor,2
authoring,2
const,2
medicating,2
finical,2
20º,2
postorbital,2
stereotypies,2
airside,2
jockeying,2
growth-share,2
vérité,2
read/write,2
0-127,2
vichy,2
seeked,2
1996:55,2
bicameral,2
schacht,2
iveco,2
bibliographies,2
masculinist,2
2005(brochure,2
offtime,2
looping,2
peeking,2
bonus/commission,2
multi-stage,2
heteroglossic,2
stretter,2
mcneilage,2
2004:221,2
2004:27,2
albritton,2
gaugepiping,2
standoff,2
san)styrene,2
anti-poaching,2
ojasti,2
food-,2
non-publishing,2
avoidably,2
7.6.2,2
suzette,2
fedex,2
post-state,2
satz,2
thieleman,2
art.77(2,2
-yes,2
envisioners,2
exercise4,2
exercise5,2
figure13,2
port8,2
anthropic,2
sandstone,2
catastrophically,2
rookzain,2
good-humoured,2
ninetieth,2
2001:305,2
gallinagh,2
p.377,2
patternings,2
dabbling,2
sum-total,2
business-to-business,2
re-used,2
portd,2
economizing,2
tsps,2
wattmeters,2
4.6kwp,2
2.5v,2
2q,2
exportable,2
inter-integrated,2
35.8,2
moistureproof,2
exophora,2
toggenburg,2
altruistically,2
8.35,2
kidnapper,2
sniffer,2
symmetric-key,2
gagné,2
error-control,2
synostosis,2
objectifies,2
exhaled,2
up-market,2
policed,2
frontlets,2
2001:92,2
techno,2
haymarket,2
valéry,2
itementer,2
harray,2
rorty,2
danilo,2
1/320,2
encyclopaedic,2
scorned,2
3.924n,2
15.696n,2
jcb,2
emu-wide,2
umi,2
neurologist,2
barman,2
donned,2
back.,2
dresser,2
±0.013,2
non-bridging,2
pentaborate,2
precessional,2
lineshapes,2
x=33,2
knibb,2
l.15-6,2
l.5-6,2
bombazine,2
clades,2
guitars,2
trans-tasman,2
double-blind,2
likable,2
dehumanizing,2
roehampton,2
garnetti,2
1.000272,2
5.104,2
50(2,2
pre-paid,2
hewart,2
u205,2
cryptosystems,2
stringy,2
02/99,2
sunburnt,2
annulled,2
afterall,2
city-residing,2
streeck,2
stakeholder-oriented,2
bluewash,2
congregated,2
sabotaged,2
pachacuti,2
pp.568-9,2
dilhorne,2
incommensurate,2
96-97,2
bramwell,2
inferable,2
cucumbers,2
chicken-or-egg,2
wass,2
low-trust,2
war-like,2
fumerton,2
runaways,2
30:1-3,2
50/ml,2
nellie,2
calculi,2
proliferating,2
cradles,2
ratched,2
abject,2
2f/sv5-v,2
davinci,2
no-fault,2
brooch,2
fairy-tale,2
trotting,2
glendon,2
gleam,2
fna,2
tularaemia,2
20-fold,2
d(y,2
transfection,2
infantilises,2
bikini,2
lowell,2
plagiarism,2
clarifiers,2
tell-tale,2
loophole,2
hbs,2
imbues,2
kimberle,2
200-201,2
intracerebally,2
gerd,2
cerd,2
drewry,2
reminiscence,2
salvaged,2
emillia,2
5:244,2
clubbed,2
2005:45,2
pre-keynesian,2
non-naturalistic,2
wha,2
chalaziferous,2
lysates,2
re-population,2
chameleon-like,2
2002:367,2
1996:53,2
win32,2
arnoldii,2
cuscata,2
incapacitating,2
pf0607,2
0-mean,2
psks,2
23-kda,2
newman-keuls,2
hypochondria,2
i²c™,2
abuse/dual,2
bournewood,2
stigmatise,2
corporatism,2
asos,2
jongal,2
stabler,2
",p.49",2
munzala,2
hobart,2
downgrade,2
standalone,2
caculator,2
sprit,2
serialized,2
homunculus,2
natural-kind,2
eq.6,2
windshield,2
441.5mpa,2
amitav,2
feller,2
tribulations,2
inhomogeneous,2
inner-directed,2
546.1,2
seebeck,2
gaspari,2
danis,2
mission-critical,2
2003:77,2
effacement,2
reprimanded,2
lvdts,2
supplications,2
36.5,2
leblanc,2
marshallian,2
superpose,2
2003:48,2
caney,2
cri,2
semi-parliamentary,2
benefitted,2
constitution.50.2,2
codenamed,2
tzedakis,2
andel,2
dansgaard,2
terrigeneous,2
pike-tay,2
pineapple,2
1995:21,2
conduce,2
tricks-,2
word-final,2
md4,2
leftinformation,2
inter-correlations,2
mytilus,2
lactococcus,2
downcast,2
exosporium,2
2002:36,2
ipatm,2
0230utc,2
nullity,2
charillus,2
krakauer,2
£0.59p/kwh,2
microfarads,2
figure.2,2
figure.1,2
stabilizes,2
corrrectness,2
high-standard,2
declass,2
pop-in,2
vikram,2
goniometry,2
radiocarpal,2
domholdt,2
locational,2
castledine,2
1999:52,2
layering,2
gadd45,2
sub-genres,2
sign-off,2
conjectured,2
3-20,2
mpeg2,2
std_logic_unsigned,2
port1,2
a-(when,2
on-licensed,2
producer/retailer,2
multi-protein,2
c-transforms,2
fodde,2
g13,2
781:8,2
2.5å,2
throb,2
berman,2
admade,2
i-section,2
leptospirosis,2
energy-dense,2
1pneumatic,2
dips,2
1999:29,2
lowercase,2
mckirahan,2
abbie,2
disbelieved,2
patel,2
holtzbrinck,2
ostrich,2
4310-manufacture,2
sleek,2
fulfills,2
colson,2
95(5,2
c-203/96,2
-0.45,2
playing-field,2
s7,2
ecsc,2
propre,2
5.373,2
age-specific,2
non-therapeutic,2
irrigaray,2
binnons,2
renminbi,2
lithuania,2
antenne,2
bruton,2
mcmanners,2
pp.62-63,2
indictments,2
unrefined,2
hainsworth,2
qingquo,2
alcon,2
actuates,2
transnationalisation,2
dia,2
mullender,2
guerra,2
48mb/s,2
connoting,2
pps7,2
@field(docid+cx0011,2
-2m,2
roundly,2
neluka,2
entrusts,2
papić,2
politicos,2
disciplinarians,2
vidyamali,2
spokespeople,2
horder,2
anovas,2
farwell,2
attenuates,2
j3,2
4.6.1,2
frontlines,2
erythrae,2
pamphylia,2
strait,2
ucas,2
cpt,2
rollinson,2
kanbur,2
adedeji,2
conservativism,2
l0,2
"450,000",2
essayism,2
jan2006,2
pirated,2
fitz,2
starkey,2
stubbes,2
renouncement,2
african-caribbean,2
uas-aru,2
hassocks,2
onpg,2
cominform,2
undemanding,2
zieman,2
maghribi,2
grana,2
"fancher,1996",2
jewel,2
51-2,2
delgado-gómez,2
vielfalt,2
gaping,2
1983:95-100,2
p.663,2
mohanty,2
2003:288-293,2
i.1982:199-200,2
2002:4-5,2
2002:125,2
oxyethylene,2
homologation,2
louw,2
comebacks,2
infirmary,2
-18,2
revisioning,2
rathbone,2
inhibitions-,2
"4,593",2
hυ,2
δe/h,2
gestating,2
kegworth,2
13-21,2
frs18,2
9.3.4,2
9.3.3,2
2,2
kfor,2
carbon-nitrogen,2
uk/fac/sci/eng/staff/pjt/es3c9/lecture_16_final06,2
autochthonous,2
bothering,2
220ha,2
congressmen,2
94-95,2
felicific,2
7*,2
12-23,2
ilite,2
scarpi,2
heteroskedasticity-consistent,2
0xfe,2
µm/s,2
pronucleus/centrosome,2
1800s,2
margo,2
gens,2
pp3,2
myxoedema,2
neut,2
enalopril,2
blacking,2
mcl,2
oesophagitis,2
tequila,2
age-gap,2
boyce,2
teen,2
haired,2
debye-hückel,2
ungoverned,2
bevelled,2
pmcc,2
degeneracies,2
lamia,2
non-judicial,2
fattah,2
vol.12,2
bloodthirst,2
yunnan,2
tongued,2
templeton,2
response-,2
photolithography-,2
better-,2
bewitched,2
92-93,2
s↑,2
20-22,2
exorcising,2
materialises,2
infatuated,2
tishbite,2
uttermost,2
0.041382,2
starches,2
marcellus,2
unveiling,2
syme,2
denaturated,2
"0,05",2
metrically,2
butting,2
21-22,2
merovingian,2
nematicides,2
two-piece,2
commute,2
gss,2
housemate,2
geraniums,2
high-trust,2
dramatization,2
areas.,2
snowdrop,2
oda,2
0x32,2
festingeral,2
1987b,2
*(e,2
percentage-point,2
f-statistics,2
trivializing,2
requirements-,2
output/,2
controlsmoke,2
kuznets,2
post-initial,2
once-director,2
3500cc,2
middle-income,2
moas,2
goodthermal,2
i4)/2,2
03/03/06,2
07/10/05,2
overeating,2
godfather,2
galvez,2
d15,2
oncotic,2
otoscope,2
phenomenologist,2
dichromatic,2
p.484,2
4.08,2
guendouzi,2
inconsequence,2
penstock,2
factor-intensity-reversal,2
81.5lbsfinish,2
bils,2
bettina,2
new-to-market,2
anti-subjectivist,2
k/l)x,2
cataphora,2
self-eroding,2
conscientiousness,2
straight-forwardly,2
bequeathed,2
prospero,2
dyke,2
bach,2
surmounting,2
glassy,2
duwez,2
fattened,2
concurring,2
seepage,2
mégret,2
baki,2
meso-fauna,2
hangers,2
musically,2
cellos,2
blood-,2
acquisitive,2
promenade,2
ultor,2
peeping,2
perpetrate,2
2003:16,2
straight-laced,2
slavin,2
anselm,2
ayres,2
jacchus,2
fat-free,2
guaranteeable,2
17-21,2
trajan,2
512*2,2
statb,2
prideaux,2
jafari,2
dole,2
itches,2
p.560,2
mispronounced,2
rise/fall,2
subspectra,2
water-glycol,2
relegation,2
1x10,2
shinier,2
bis(pyridinium)ethane,2
rater,2
3.06,2
electron-volt,2
ferro,2
biot-savart,2
bastardisation,2
incharge,2
nonemergency,2
three-year-olds,2
lieutenants,2
harrier,2
unneeded,2
utilisées,2
single-row,2
sitemap,2
panoply,2
espescially,2
dipendenza,2
seps,2
iulm,2
danuta,2
pp.22-3,2
we-type,2
pg165,2
truth-values,2
absurdum,2
shipyards,2
tranter,2
drolesky,2
pp.22-24,2
kilter,2
spiderman,2
2003:193,2
vecm,2
photoreception,2
sub-conscious,2
dionysius,2
vertus,2
invoice,2
unserem,2
runte,2
fût,2
fantastically,2
notre,2
sleaze,2
götten,2
corporal,2
pp.84,2
temps,2
einführung,2
frauen,2
pp.34,2
seiner,2
fünf,2
spares,2
glucogenic,2
ά-amine,2
massm,2
1922-37,2
disunified,2
over-the-counter,2
tabulation,2
inter-quartile,2
zusatze,2
12.61,2
geraets,2
encryption/decryption,2
trifunctional,2
£s,2
parallely,2
~750-1100,2
smetic,2
sandman,2
70cm,2
artinian,2
papaver,2
voa,2
matriarchy,2
folktale,2
kentish,2
restorer,2
~600-800,2
154-285,2
press-book,2
grenfell,2
leto,2
wiggler,2
quadrillion,2
enchant,2
uraeus,2
fms,2
forgent,2
1994:184,2
bowra,2
pugnare,2
nare,2
a-e,2
2.43mg,2
supple,2
goading,2
an.0.8,2
5.27,2
bordwell,2
m+,2
1999:12,2
2.33,2
longship,2
path-dependent,2
solecki,2
12/5/2007,2
gripped,2
1997-98,2
persuader,2
value-additivity,2
$11.3m,2
nomura,2
2e-2,2
serviceable,2
feed-forward,2
31.1,2
detections,2
30%-40,2
800km,2
labour-,2
gatewaythe,2
0.1kg,2
keplerian,2
muon,2
reen,2
gravitons,2
post-glacial,2
ruminate,2
p134,2
high/low,2
θ3,2
"5,200",2
6-bit,2
non-diverse,2
inappropriateness,2
bromoisobutyrate,2
torson,2
weast,2
0.19mm,2
care-givers,2
marten,2
strategize,2
draw-back,2
gradient-line,2
recursively,2
uz,2
landmines,2
infuriate,2
eco-friendlier,2
hawley,2
castor,2
ii)the,2
die-set,2
lscs,2
sin(angle,2
£40.3m,2
27.2,2
lhiiic,2
megaron,2
fes,2
carnelian,2
±15,2
19.23v,2
cornice,2
diateichisma,2
deductionpanel,2
subtracts,2
théorie,2
dash-dot,2
björk,2
compactly,2
ch.5,2
bursa,2
spellman,2
blegen,2
dispersions,2
p.230,2
-transformed,2
phallocentrism,2
gucci,2
steiger,2
dyssomnia,2
rebaño,2
rhoticity,2
worldspan,2
mail-order-brides,2
crainer,2
by-person,2
bozphos,2
pseudonymous,2
dall,2
-h,2
tearance,2
6.83,2
impolite,2
2-hydroxyethyl,2
sommer,2
4.44,2
realist-derived,2
phenoxide,2
sarginson,2
angliae,2
searcher,2
sankey,2
downed,2
n.23,2
recalculates,2
a-a,2
junge,2
sub-sections,2
ch.47,2
stalked,2
btdc,2
counter-offensive,2
glenn,2
molasses,2
kuehn,2
marxist-leninist,2
opportune,2
t(19,2
3000ms,2
patino,2
$14,2
355mpa)univeral,2
aeronautics,2
non-mechanical,2
aller,2
apostrophises,2
formula/,2
stakeholder/business,2
même,2
nichts,2
gab,2
co-transcribed,2
b/a,2
tsunoda,2
saint-venant,2
bacteria/g,2
enterbacteriacae,2
coarsening,2
dawood,2
fb2,2
effecter,2
chaboyer,2
undervaluation,2
kerrigan,2
hipness,2
maleficent,2
1995:571,2
deshielded,2
4s,2
antisymmetric,2
icdd,2
1997a:23,2
2004:108,2
ratioing,2
6.2.3,2
2001:180,2
collaborationist,2
syron,2
1989:129,2
criminalized,2
w/p,2
reichweld,2
unisexuality,2
1990:233,2
invasiveness,2
wilshusen,2
courseware,2
jinjya-honcho,2
allman,2
encomiastic,2
lxxxviii,2
lesky,2
hurls,2
irradiated,2
415bc,2
alienable,2
legal-rational,2
simmel:1921:11,2
inessential,2
pleasure/pain,2
1-in-10,2
compagnie,2
siii,2
54.7,2
fng,2
*5,2
eigen(q2)$vectors,2
labarre,2
11.14,2
c.374,2
take-overs,2
aapb,2
apcs,2
anglo-german,2
igd,2
misfits,2
pedagogue,2
rehabilitating,2
anhalten,2
verificationist,2
sollten,2
caterersearch,2
£338m,2
underutilised,2
p264,2
ooc-5,2
jati,2
litmus,2
recessionary,2
ooc-3,2
halten,2
non-stop,2
passieren,2
salvaging,2
statecraft,2
il-8,2
verhovek,2
cranachan,2
salsa,2
cloakroom,2
cyanogenic,2
cag,2
boycotting,2
grabbe,2
adorning,2
lmw,2
repertories,2
evergreen,2
ceboids,2
atone,2
sp3.1,2
proforce,2
2002:121,2
slangy,2
grounds-,2
victuals,2
toolkit,2
word/,2
confidants,2
nationmaster,2
pricing-,2
inter-nuclear,2
linear-fit,2
centrist,2
erectile,2
two-,2
youngster,2
chernobyl,2
moldm,2
state-sponsored,2
flavourings,2
tabara,2
hird,2
85/210,2
nbu,2
bogdanor,2
readseq,2
palinosts,2
negligence-,2
scalded,2
homotopic,2
double-valued,2
overwork,2
0.355,2
lnk,2
reider,2
40ml,2
mooted,2
24.9,2
homological,2
chartres,2
penises,2
par-3/par-6/pkc3,2
befriend,2
consenza,2
murphree,2
gipsy,2
value-neutrality,2
pathologist,2
2ppm,2
2.48,2
microdroplets,2
pocis,2
2ug,2
verena,2
haematologist,2
acceleration/deceleration,2
mitchelli,2
cranbrook,2
diverticulitis,2
80mg/12h,2
mossy,2
75.5,2
3.8mmol/l,2
pyrexic,2
inter-observer,2
df=751,2
wading,2
wildcru,2
hamish,2
roundworm,2
20yrs,2
bhd,2
multiunit,2
poachers,2
mid-act,2
questioningly,2
330(3a)(b,2
stuttered,2
lbbb,2
otranto,2
socpa,2
gullibility,2
backflow,2
duflo,2
kuhberger,2
self-referral,2
heil,2
tirole,2
colaizzi,2
appraises,2
suckling,2
terephthalate,2
zebras,2
2005:273,2
châtenany,2
cosmosflowworks,2
akutsu,2
glossina,2
refereed,2
bouvet,2
2cooh,2
extra-pyramidal,2
gamekeeper,2
loperamide,2
plaiting,2
synthrophic,2
hours/day,2
jade,2
clovers,2
0f,2
broadside,2
re-infarct,2
exertive,2
frontalis,2
non-fasting,2
polytunnel,2
left-side,2
gallbladder,2
tonic-clonic,2
automatism,2
3km/h,2
6.47,2
form-function,2
anglicised,2
30-49,2
antoinette,2
hmis2,2
dermatome,2
proprioception,2
lpas,2
decalcification,2
clay-with-flints,2
edaphic,2
crystallisable,2
21a,2
narthecio-sphagnetum,2
bpmblood,2
norwalk,2
pbf,2
25c,2
16ml,2
bridgeland,2
duplicating,2
2.101,2
1.49,2
semi-intensive,2
mio,2
un-supplemented,2
18.2,2
historiography-,2
reasearch,2
germinating,2
public-funded,2
31.5,2
loraux,2
non-cooperation,2
events-,2
cg3,2
search-space,2
impressively,2
møller,2
yangzi,2
automaker,2
us-japan,2
tyacke,2
drysdale,2
flamboyant,2
arminius,2
sig,2
krewell,2
gaol,2
5.60,2
differentiator,2
toiletry,2
caracas,2
thieved,2
mutagenised,2
0.912,2
misguide,2
obel,2
dneasy,2
sk/,2
rejections,2
perseveres,2
lepanto,2
prodding,2
ketoacidosis,2
1907-1990,2
equilibriate,2
semi-skimmed,2
240-241,2
0.56m,2
airframe,2
faux,2
53.7,2
ragwort,2
non-coercive,2
agrobacterium,2
rorqual,2
whining,2
juvenile-onset,2
self-assembled,2
scruffy,2
harcave,2
bemoaned,2
amortizes,2
zemin,2
giavazzi,2
tabellini,2
tuomi,2
grimshaw,2
ringworm,2
trickled,2
specials,2
comities,2
doyal,2
ketterer,2
11/11/04,2
non-quantifiable,2
character-creating,2
two-legged,2
enunciating,2
highly-developed,2
backburner,2
cumulus,2
regency,2
grapheme-phoneme,2
learner-language,2
cca,2
transfigured,2
burnished,2
pf0607prop,2
pallidus,2
photoproduct,2
cokho,2
paedophiles,2
pegasus,2
interned,2
maxillary,2
studiously,2
pye-smith,2
cellulases,2
vfas,2
romanoff,2
lyme,2
bustum,2
b/w,2
£1.7m,2
blossomed,2
deregulator,2
conventionalist,2
godbole,2
common-law,2
1986:72,2
iudex,2
-α,2
sub-text,2
cvs-,2
29-37,2
xxxvii,2
jackie,2
amzc45,2
dually,2
penley,2
campbellal,2
2000:56,2
2002),2
p.543,2
31p,2
up-bringing,2
nusa,2
immuno-precipitation,2
crooks,2
disestablish,2
degregori,2
/leader,2
800x600,2
coincident,2
psedocode,2
7.466x10,2
paternalists,2
positionality,2
oyen,2
ponte,2
p.939,2
hernando,2
outposts,2
inaugurate,2
pre-depression,2
self-perception,2
integración,2
mattel,2
likely/,2
alendronic,2
drug-related,2
masquerades,2
histopathological,2
drugwise,2
zopiclone,2
deb,2
hilaire,2
paradigmatically,2
onthe,2
cogently,2
lipsey,2
shuddering,2
level-,2
pittsburg,2
3/7,2
multisensory,2
awed,2
cityscape,2
gillam,2
conservative-,2
chatted,2
interbred,2
proceduralized,2
warre,2
persecuting,2
wreaking,2
rhynchospora,2
rioja,2
tant,2
fukuda,2
1642-1660,2
daszyński,2
flanigan,2
steelman,2
sinnes,2
ethnomethodological,2
contextuality,2
mise,2
rags,2
67-69,2
lujanera,2
asphyxiation,2
entrega,2
rueda,2
non-individual,2
39.7c,2
inequitably,2
undercurrents,2
arsenals,2
discordance,2
b-52,2
mermin,2
golly,2
reverse2,2
endotracheal,2
minis,2
hsc,2
pp.49-59,2
potentiates,2
ista,2
hct,2
glaube,2
polycultures,2
"£14,544",2
holunderbaum,2
desert-like,2
fairplay,2
nationmaking,2
estadio,2
mycoinsecticides,2
colorimeter,2
140ml,2
renevatio,2
plata,2
histrionic,2
-japan,2
177-79,2
bouzas,2
hyper-globalisation,2
non-permanent,2
06/18/2001,2
capitalizes,2
tetralix-sphagnum,2
acf,2
dlnp,2
lnrer,2
near-eastern,2
stigmergic,2
jarpa,2
nasser,2
meinem,2
78.4,2
boardmanal,2
160˚c,2
klebsiella,2
0c-,2
cross-pollination,2
romanised,2
aepfeln,2
grewal,2
78%ee,2
cultivations,2
hls,2
m(β,2
serengeti,2
bahgwati,2
chloroquine,2
ice-bath,2
audacity,2
flat/house,2
126bpm,2
hymenoptera,2
gąsiorek,2
underwrote,2
bunded,2
heat-sensitive,2
crossbreed,2
rehydrate,2
ecocentric,2
triply,2
malnourishment,2
misaligned,2
rain-fed,2
stampp,2
15-30mins,2
1995:85,2
dollar-based,2
backdrops,2
dnro,2
fulton,2
corbin,2
cultivable,2
individualizing,2
munroe,2
com/cs/whatisit/a/gzpoverty_2,2
saller,2
ahmad,2
crimean,2
rehearsals,2
hyaluronic,2
untranslated,2
overhearing,2
skewing,2
4.71,2
ventolin,2
9.562,2
cblood,2
ψ(σ,2
lepidoptera,2
anti-poverty,2
espousing,2
syngenta,2
enlargements,2
3-cycles,2
losartan,2
endosomes,2
100mg/ml,2
09/04/06,2
encaustic,2
diplopia,2
spectrophotometrically,2
hyperbilirubinaemia,2
b-cells,2
pancytopenia,2
blue/purple,2
bauhaus,2
35.7,2
reiter,2
agro-food,2
polycythaemia,2
cabaret,2
angiotensin-converting,2
pastors,2
longitudinal_force_data(,2
c-2,2
backdoor,2
preheating,2
gorging,2
gltranslated(3.464,2
kelman,2
p57,2
favus,2
topically,2
8-15,2
cross-referenced,2
ρ0,2
insulators,2
50nm,2
man-hours,2
gildersleeve,2
information-processing,2
-1.5,2
14.78,2
elude,2
1996:403,2
ob,2
2000:18,2
16.4,2
atonic,2
differomorphism,2
5:265,2
incessantly,2
tights,2
landfills,2
candour,2
p.300,2
banishing,2
melton,2
stock-based,2
geckos,2
immunoassay,2
snag,2
ferret,2
semicircles,2
romances,2
133-144,2
cleverness,2
routeledge,2
michaux,2
dismembering/remembering,2
hanne,2
trigg,2
mammogram,2
gomm,2
transmetallation,2
non-polyposis,2
contusion,2
castiglione,2
anti-commutative,2
recurrences,2
arcadia,2
tacis,2
unkind,2
anhydrosis,2
p.273,2
re-fashioning,2
interiority,2
retrosynthetic,2
post-positivism,2
blackie,2
kronas,2
test-guided,2
67/548,2
fizzy,2
lunched,2
innatist,2
numbersort,2
5.08,2
étais,2
burrell,2
bokhari,2
kensington,2
wainer,2
n24,2
15x8cm,2
convalescence,2
sherborne,2
mounter,2
anesthetist,2
60-65,2
18:1,2
β-sheets,2
fems,2
cross-fertilization,2
costillo,2
autocrats,2
frighteningly,2
fifthly,2
barberis,2
1998:20,2
faulted,2
routinization,2
roms,2
reoccurrence,2
jobert,2
layoffs,2
unsa,2
reformism,2
578nm,2
kneeling,2
diag(sqrt(eigen(q2)$values,2
feldmann,2
remould,2
shifter,2
0.9530,2
72.4,2
rep(0,2
ney,2
structural-functionalism,2
liebermann,2
180-degree,2
20minutes,2
speeding-up,2
p.593,2
adenocarcinomas,2
w/mk,2
ribcage,2
dmanisi,2
spurge,2
agriculturists,2
zif-1,2
962.5mpa,2
baisha,2
dongba,2
/h/,2
5-year-old,2
free-choice,2
sweetened,2
ultra-violet,2
lambard,2
11.33,2
agitating,2
double-loop,2
sous-chef,2
self-employment,2
bi-weekly,2
non-career,2
carry-out,2
sluggishly,2
ge/,2
1545-48,2
1980´s,2
midscale,2
rentals,2
concequentialist,2
66.99οc,2
2.00mg/ml,2
0.1mg/ml,2
scatchard,2
ch3,2
joffe,2
power/interest,2
univ,2
thermidor,2
project-based,2
de-layering,2
gain-sharing,2
tenkay,2
bassam,2
7.60,2
multi-function,2
sub-projects,2
vira,2
p.535,2
perplexities,2
multiple-choice,2
inter-departmental,2
end-stopped,2
magistrat,2
errico,2
non-places,2
insubordination,2
resurge,2
greeley,2
simmel:1921:12,2
formalization,2
suetonious,2
coris,2
tayloristic,2
proximo,2
lcpi,2
giner,2
lxii,2
lxxx,2
empties,2
vagabond,2
christianised,2
incrimination,2
letter-writing,2
braveness,2
rackham,2
plexus,2
dimblebyal,2
first-year,2
cosuppression,2
cozens-hardy,2
aribidopsis,2
orthologs,2
off-spring,2
dhss/mrc,2
33.0,2
over-estimate,2
optimality,2
xxii-xxiii,2
c13h9o4n,2
tra-1-60,2
6o,2
hp0527,2
",p.24",2
carboxylate,2
peres,2
300cfu,2
lenore,2
adulterants,2
grandfathers,2
shotgun,2
dialkyl,2
proctist,2
corrosive-,2
homothetic,2
philopatry,2
enriches,2
lengthens,2
equipping,2
close-knit,2
insurgence,2
r^2,2
blassingame,2
taxonomically,2
cooperativity,2
angear,2
metalloprotease,2
capping,2
nnpredict,2
backwell,2
robbers,2
kl,2
teratomas,2
post-implantation,2
hemmed,2
dacetine,2
söderström,2
f(a,2
disparages,2
240v,2
wnt7a-/-,2
non-mechanistic,2
grimace,2
0.625,2
repulse,2
cray,2
triesman,2
0.5599,2
sageman,2
smugglers,2
kuwait,2
1994-1995,2
autosacrifice,2
atzcapotzalco,2
un-stratified,2
incompatibilism,2
harners,2
infantryman,2
stull,2
applaud,2
gylcine,2
yearbook,2
p214,2
damilola,2
mccabe,2
cmt,2
6-month,2
britishisms,2
aer.11,2
commun,2
statesmanship,2
re-addressed,2
embryonically,2
figure1.1,2
"5-benzyl-5-β-d-glucopyranosyl-1,3-dimethylbarbiturate",2
tetra-acetate,2
mata,2
dialkylzinc,2
iso-propyl,2
noose,2
ferran,2
disqualify,2
agnew,2
stds,2
list-building,2
como,2
cada,2
pre-load,2
ad/as,2
parasomnias,2
mindell,2
elsa,2
balance-of-payments,2
koen,2
ffr,2
packetising,2
albumins,2
triglyceride,2
unmaking,2
éthe,2
299-300,2
cnn/usa,2
fannie,2
ourself,2
harmonises,2
lengthier,2
citibank,2
knappett,2
ordines,2
intercommunication,2
adage,2
2001-2003,2
1998:373,2
1998:376,2
rowold,2
biker,2
bongey,2
serfs,2
nh3,2
french-speaking,2
verreigeln,2
faintest,2
bobbin,2
annexations,2
hailey,2
70-75,2
zeitlin,2
docility,2
lps,2
sylvie,2
80.8,2
tolerancing,2
solid-liquid,2
143-144,2
ladino,2
elastics,2
smallshire,2
acnielsen,2
pg68,2
dews,2
gleys,2
contaminations,2
fin-de-siècle,2
b-b,2
chaovanalikit,2
foiled,2
prude,2
macchiato,2
debut,2
pagliaro,2
sonderbehandlung,2
82.4,2
mothered,2
jlookup,2
2000:121,2
ref.15,2
e(t,2
a=n,2
mome,2
wabe,2
dumplings,2
suspends,2
sing-song,2
postcranial,2
injures,2
#333333,2
ljubljanica,2
checkaddress,2
healthiness,2
pasini,2
brouwer,2
dubois,2
means-test,2
davy,2
libertá,2
nano3,2
moneylenders,2
father-son,2
w3,2
non-literate,2
hadas,2
violence-,2
busiris,2
dike,2
checkcredit,2
enumerates,2
principals-,2
amadeus,2
non-philosophical,2
classlessness,2
trivalent,2
br(r,2
c(b)c(a,2
perch,2
x*3.5,2
p.264,2
2900ms,2
48:429-47,2
0.129684,2
strongpoint,2
stall,2
fetal,2
teresi,2
pope/,2
1950-79,2
sirs,2
"£198,000",2
0.70,2
finck,2
f248,2
greck,2
¹=,2
zusammen,2
-0.0022,2
ils,2
peu,2
£sterling,2
asimov,2
confidante,2
r.5,2
2001:155,2
bonheur,2
là,2
aufstieg,2
sorbonnistes,2
wimax,2
70-71,2
isomerization,2
strepsirrhine,2
well-understood,2
1998:253,2
36.6,2
fetish,2
10.12,2
wincoop,2
suiting,2
faired,2
thirty-,2
aldous,2
maisel,2
~3000,2
economy-,2
babel,2
h···a,2
0.095m,2
wilder,2
murat,2
vojtech,2
clepsydra,2
kerb,2
sempre,2
careerism,2
17/11/2003,2
addtomessagelog,2
:88,2
trekking,2
showsd,2
algorithme,2
batman,2
-gawl,2
horraber,2
colour(white),2
truth/falsity,2
cowards,2
2-12,2
kβ,2
2005:26,2
6.5756,2
wavepackets,2
daisy-chain,2
lorenztian,2
1972:287,2
mea,2
2005:25,2
sasser,2
ecole,2
crowning,2
bidder/seller,2
jacobiseqsolveinverse,2
non-diabetic,2
mellen,2
998cc,2
biome,2
volkswagens,2
n+1,2
assignation,2
beigy,2
unconquered,2
feldspar,2
contrivances,2
ology,2
weltpolitik,2
2003:164,2
natural-nonhumans,2
muscorum,2
storages,2
unisexual,2
primordia,2
17.2,2
vree,2
disclaimers,2
mesoveliid,2
non-seasonal,2
meteor,2
c9,2
inter-ethnic,2
renters,2
pva,2
1991.1,2
1.6735,2
hexagonally,2
shoah,2
complementairy,2
£47.3m,2
gleamed,2
counter-movement,2
value-based,2
81-82,2
deployments,2
t+1,2
hitachi,2
gcd3a,2
well-connected,2
overspill,2
max3,2
matanda,2
*e,2
neocortical,2
ex-employees,2
x-z,2
mavondo,2
iei,2
un-worthwhile,2
multifaced,2
£513,2
welshon,2
170p,2
transudation,2
palmares,2
franciscans,2
woodruff,2
uk/cgi-bin/sds,2
21/10/05,2
semiquinone,2
hertzian,2
quintessence,2
resentments,2
sun-centred,2
fibroin,2
vx,2
antimatter,2
b-100,2
myerson,2
5%,2
mg/dl,2
emulsifiable,2
wane,2
discreteness,2
p157-158,2
expository,2
biltonal,2
westphal,2
cognize,2
cbp/p300,2
r23,2
confiscate,2
π(r,2
§354,2
af-2,2
speak(24,2
6.203,2
r(t,2
1-800,2
i=0,2
stop-hold-select-go,2
hemel,2
reprimanding,2
endnotes,2
co-activation,2
4°c,2
pp153,2
breen,2
disbelieving,2
ronen,2
psycho-cognitive,2
qh1,2
nibutani,2
pp-99,2
homicides,2
trisphosphate,2
-140,2
70-80°c,2
tomaselli,2
baden,2
kio,2
"78,4",2
femtoseconds,2
mid-latitudes,2
plass,2
oerlemans,2
contemptible,2
jubien,2
many-gods,2
transgender,2
non-clinical,2
ericson,2
hurt-leg,2
libyan,2
interposing,2
white-headed,2
fingebam,2
organomettalic,2
defamation,2
time-resolved,2
pp.42-3,2
"y0)=(1.00,1.71",2
schonemann,2
gc/lc-ms,2
arendt:1977:287-8,2
fine:2000:35,2
self-cannibalism,2
donut,2
craib:1997:136-142,2
great-grandchildren,2
tlhoki,2
orsi,2
penalogical,2
-k,2
2-e,2
vaporised,2
goldwater,2
mustn,2
f]o,2
camdessus,2
beholden,2
lie-detector,2
erosive,2
niggling,2
19.98,2
mobitz,2
parasthesia,2
callus,2
fundamenta,2
12cm,2
~30000,2
recline,2
cassettes,2
0xfb,2
geraint,2
edi,2
licensor,2
$1.5,2
uk-,2
baiting,2
jubilee,2
mid-canopy,2
1981:134,2
parkhurst,2
anthracnose,2
bracciolini,2
buffy,2
eflornithine,2
chernov,2
jonathon,2
v-o,2
thiocynate,2
evgenii,2
positivecase,2
romanticized,2
=10,2
frs3,2
webley,2
windmills,2
statement.9,2
carboxyhaemoglobin,2
snizek,2
hagey,2
cringe,2
x=exp(-x,2
ignominy,2
"1,1.71",2
β-hydroxybutyrate,2
hyperketonaemia,2
monstrosities,2
democratizing,2
p146,2
stopped-flow,2
0.48,2
impractically,2
villeins,2
upshot,2
triblock,2
carnegie,2
invocations,2
vol.35,2
p.222,2
173-190,2
1800-1914,2
delroy,2
r8,2
al-si,2
outermost,2
hugged,2
indoctrinating,2
200mv,2
relative-gains,2
entertainer,2
blinkers,2
melodious,2
unreflective,2
graaf,2
p385,2
fig4,2
retrofitted,2
harmonization,2
mun,2
hellenotamiae,2
b.9,2
-128,2
lwl,2
waldren,2
equivs,2
detrital,2
w/m,2
ifas,2
hoare,2
mesoamerica,2
capitanias,2
firsthand,2
wolpe,2
limits=,2
ej,2
air-cell,2
ashberry,2
krainer,2
sub-stages,2
ahluwahlia,2
oversized,2
chappleton,2
104-105,2
revelled,2
staid,2
tsiolkovsky,2
dubs,2
tho,2
ch.2,2
hippie,2
pro-family,2
gyri,2
unblemished,2
camellias,2
mesmerising,2
sixty-five,2
third-degree,2
bedlam,2
semi-sovereign,2
webreference,2
5.1.5,2
ridiculing,2
10.2.3,2
10.2.4,2
molière,2
mirth,2
rüb,2
trumpets,2
paid-for,2
guava,2
micro-sites,2
p.406,2
start-to-start,2
faunas,2
0x0fe,2
apologized,2
count%100)%10,2
}end,2
peacemen,2
spewing,2
brigham,2
splashed,2
mouse/,2
mirzoeff,2
horsburgh,2
strasser,2
graveyards,2
55v,2
figure.5,2
elsmore,2
wet=8,2
blithely,2
4.46μg/ml,2
dishonouring,2
calculators,2
syllogistic,2
concurrency,2
brundtland,2
diffie-hellman,2
disobedient,2
cinemagoer,2
156-8,2
agraphia,2
longstone,2
quern,2
permute,2
torches,2
thiobacillus,2
imaginings,2
standford,2
carby-hall,2
inter-allied,2
2003:1,2
1969:311,2
hollinshead,2
individual15,2
35.9,2
1918-1919,2
hlm,2
hutus,2
1993:386,2
±0.021,2
0.511,2
anti-democratic,2
dmfit,2
necessitatis,2
dundee,2
bambaust,2
thalamic,2
prima-facie,2
uncouth,2
hanbury,2
chancellorship,2
1993:390,2
ambreena,2
co-occurrences,2
devault,2
basack,2
acis,2
adl/iadl,2
wollongong,2
wine-related,2
1000-5000,2
miloon,2
sengalensis,2
0hz,2
alevel,2
2(2)(a,2
blaxteral,2
machel,2
bordieus,2
rose-tinted,2
/w/,2
algerians,2
uluguru,2
neoliberal-led,2
multi-meters,2
step-change,2
lélé,2
2ed,2
endearment,2
aithcinson,2
non-aphasic,2
xylem,2
strangler,2
1970:231,2
scaffolder,2
multi-polar,2
buszynski,2
non-relativists,2
2000/47,2
re-ingest,2
collinder,2
iphigeniea,2
1990:6,2
sadist,2
mended,2
electively,2
obelisk,2
2003-,2
buries,2
probenecid,2
whisky,2
filius,2
chiapello,2
morn,2
borde,2
post-renaissance,2
xiaohua,2
vulva,2
crystallize,2
caption,2
9a,2
1/3p,2
princesses,2
solomonic,2
warendorf,2
noticing/triggering,2
3:11,2
makeemptytree,2
2.65,2
counterargument,2
erlegh,2
bacl,2
screech,2
2004:202,2
dexterous,2
autosomes,2
9am,2
re-working,2
parkinsonism,2
risk-averse,2
meanness,2
scout,2
kilgour,2
barbeque,2
"$8,500",2
reverie,2
breakpoint,2
hartkamp,2
monomorphic,2
verbal/linguistic,2
enucleation,2
powerbook,2
earache,2
daunus,2
millionaire,2
idyllically,2
dim-witted,2
evander,2
pre-order,2
ila,2
"1,963",2
popham,2
auguste,2
bough,2
inflates,2
linseed,2
idleman,2
seasonally-inundated,2
levins,2
sub-boreal,2
vanda,2
merovingians,2
odi,2
colostrums,2
afbi,2
"£25,000",2
br(v,2
naturally-occurring,2
lepidopteran,2
harshest,2
randomise,2
shrike,2
canopies,2
denis-huots,2
buts,2
unfertilised,2
boil-in-bag,2
bios,2
undecorated,2
premack,2
episcopal,2
bullish,2
rands,2
subtropical,2
aphididae,2
"240,000",2
canids,2
embittered,2
49-50,2
vandenberg,2
quodrate,2
disarmed,2
47-8,2
fermentations,2
hitchens,2
socials,2
spiny,2
montaldo,2
pampa,2
pigmy,2
unorganized,2
realty,2
-m,2
robustly,2
non-privileged,2
ruber,2
mats,2
non-productive,2
streptomyces,2
airframes,2
muffley,2
pyridyl,2
£12.70,2
16x17,2
ea/r,2
amputations,2
remodels,2
12:1,2
mad-doctors,2
stealth,2
walmart,2
ikeas,2
faraday,2
e-strategic,2
c-12/03,2
measurability,2
hax,2
church-,2
lushan,2
sichuan,2
non-communist,2
eaeg,2
re-state-ment,2
baden-wurttemberg,2
misdiagnose,2
tracheostomy,2
aspergillosis,2
tryptic,2
cross-infection,2
market-opening,2
16.6,2
igor,2
femurs,2
osteoblasts,2
osteoclasts,2
asymptotically,2
scas,2
90-day,2
hochedlinger,2
£105,2
telomerase,2
swims,2
kaey,2
down-regulation,2
foxhall,2
mytilene,2
0.760,2
centromeres.11,2
embo,2
15:1,2
hoxd,2
zpa.19,2
goode,2
pre-socratic,2
specious,2
livelier,2
w*,2
0.54,2
lnx,2
flooring,2
non-cash,2
crilly,2
1995:411,2
cubicle,2
1.34,2
havilland,2
700nm,2
ø1,2
a=5,2
steamy,2
5-8,2
outpouring,2
piling,2
faunivorous,2
popolo,2
fdi-induced,2
konings,2
bookable,2
moesia,2
pervasively,2
paddle-motor,2
apennines,2
consistence,2
64.99,2
fibro-osseous,2
flexors,2
arthritisarthritis,2
degenerative)growth,2
tease,2
clindomycin,2
debt+request,2
reconfigurable,2
scrollbarchangelistener,2
close(,2
forecasters,2
fanfani,2
milanese,2
orphanages,2
3.33n,2
25s,2
90bpm,2
specialties,2
-40db/dec,2
rate-limiting,2
non-dilated,2
ataxic,2
undamped,2
system(s,2
hypertonia,2
9.385mm,2
eyebrow,2
tricyclic,2
subscapularis,2
intraoperative,2
4am,2
scraped,2
hvac,2
dermatophytes,2
prostatic,2
preneurons,2
koza,2
three-address,2
risc,2
wasent,2
hippocampal,2
hifi,2
state-society,2
daresbury,2
particle-like,2
austrian/english,2
stellar,2
sublunary,2
rutherford-bohr,2
parasolids,2
virgo,2
reclassify,2
foundation/wall,2
solidarists,2
analogue-digital,2
1000ml,2
xavier,2
ε1,2
2.89,2
roozle,2
crunches,2
demark,2
~1180-1360,2
protectiveness,2
deshields,2
peered,2
c.1880-1900,2
authorisationsettlement,2
p.341,2
mv/a,2
coagulopathies,2
carbide,2
middlemarch,2
all-russia,2
grâce,2
kautsky,2
"1,5",2
disheartened,2
vol.94,2
micro-scale,2
pp.127-33,2
stampfl,2
flatters,2
pp.73-4,2
policy-maker,2
yongbyon,2
hlr,2
kedo,2
vol.34,2
double-row,2
verbosely,2
sky-high,2
cellulitis,2
anesthesia,2
periosteum,2
"350,000",2
para48,2
cranes,2
supra),2
it-,2
mekong,2
indictees,2
meron,2
3(a,2
obligates,2
p10.2,2
a-d,2
vogt,2
irlr,2
puddles,2
balazs,2
groaning,2
game-players,2
vainly,2
aubry,2
recentrage,2
m/,2
scoundrel,2
seasoned,2
dearer,2
shee,2
make-believe,2
buddy,2
23mm,2
proneness,2
hamilton-giachritsis,2
louisa,2
bookstall,2
p43,2
sheier,2
s-mince,2
arenius,2
7.1.2,2
bio-functionalism,2
ceboidea,2
±1mm,2
polygynandrous,2
knm-et,2
ellen/1996/p106,2
nuaulu,2
rch,2
βm,2
swarbrook,2
153-158,2
peacebuilding,2
re-claim,2
daythe,2
violator,2
mts,2
couris,2
sibilants,2
23.9,2
vila,2
in-groups,2
local/regional,2
unilinear,2
instated,2
marty,2
day-visits,2
unflinchingly,2
assignees,2
jaggers,2
ratna,2
moscardoal,2
meridional,2
twater,2
cross-terms,2
yougov,2
mds,2
homoscedastic,2
4.26,2
5.5.1,2
tmap,2
impromptu,2
exculpate,2
sub-divided,2
alembert,2
synergise,2
algiers,2
translocating,2
modestum,2
hydroxylamine,2
calculability,2
ferrooxidans,2
0.26,2
servaas,2
chessmen,2
p3-3,2
p363,2
corks,2
non-german,2
marring,2
belligerents,2
licinius,2
peacemakers,2
inheriting,2
antonym,2
manchanda,2
headscarves,2
adjective-noun,2
dellaportaal,2
abet,2
rumsfeld,2
impropriate,2
chain-like,2
7mm,2
inbox,2
1700cm-1,2
cross-straits,2
organo-dichlorosilane,2
terminally-ill,2
1-ferrocenylethanol,2
716nm,2
toogood,2
arial,2
kindergarten,2
podlaskie,2
mispronunciation,2
dyne/cm,2
rfu,2
2002:16,2
memorabilia,2
aureus/g,2
treading,2
h+/atp,2
rhodopis,2
mar/apr,2
non-integer,2
lightened,2
felony,2
gerade,2
gibeon,2
tunbridge,2
re-enact,2
ats0=1,2
validation)the,2
fonctions,2
voisinage,2
processes-,2
usernames,2
support=,2
gid,2
paternalist,2
128-191,2
1994:12,2
grundrisse,2
moseley,2
9-23,2
pp.40-43,2
kristeva,2
0.82,2
greenwaldal,2
recordsets,2
erasable,2
analog-to-digital,2
mt8870d,2
narrowband,2
2006/2007,2
stationing,2
10-9,2
m-ary,2
pre-warping,2
pestana,2
masculinity/,2
individualism/,2
",p.23",2
kronlid,2
patriae,2
cadden,2
self-state,2
tramples,2
diamines,2
un-dead,2
nightly,2
unimaginative,2
phthalic,2
l.356,2
resonable,2
4hrs,2
miniaturisation,2
e-ink,2
cruelest,2
familiarising,2
monodentate,2
goering,2
)for,2
",p.89",2
autographically,2
imbeds,2
explico,2
balcones,2
pescados,2
pus,2
re-told,2
incendiary,2
espumas,2
todo,2
puns,2
bradbrook,2
essayist,2
carbol,2
lilacs,2
anxiousness,2
fossilization,2
caucasus,2
exogamy,2
2005:154,2
stampolidis,2
panathenaic,2
pre-interpreted,2
or/and,2
criminalidad,2
iván,2
mycenaeans,2
10.954,2
unstrained,2
0.0225,2
p(x,2
pecho,2
appreciative,2
encapsulations,2
worldviews,2
crispin,2
27.5kda,2
leaped,2
middle-east,2
cbc,2
harmonise,2
equalizer,2
presciently,2
surface-active,2
exigency,2
gubernatorial,2
pre-depositional,2
tarea,2
resettled,2
acculturating,2
pavilions,2
colne,2
confluence,2
lowermost,2
geo,2
diadem,2
ashore,2
mcghie,2
47-67,2
hofstadter,2
supplementations,2
disdained,2
10iu/ml,2
glycolipids,2
backchannelling,2
post-release,2
radioisotope,2
logistically,2
phraseological,2
phoning,2
-0.2233,2
streptavidin,2
hypoplasias,2
0.013m,2
tropism,2
anonymised,2
ungrounded,2
naturae,2
crupper,2
cistrons,2
"1,150",2
databasefind,2
1.,2
huveaux,2
backers,2
25.2750cm,2
io4-,2
seperative,2
finisher,2
demotion,2
£1.3,2
hectic,2
westcar,2
rollin,2
execrated,2
safes,2
76fw,2
£1.65/kg,2
rd/4,2
1/min,2
vasunia,2
frontinus,2
60-100,2
speed-measuring,2
1999:317,2
aloatta,2
sakhmet,2
seven-year,2
pso(8,2
1782-84,2
oil-importing,2
well-drained,2
import/export,2
furnishes,2
hrsqt1,2
subjugates,2
gdps,2
figment,2
impulsivity,2
n/mm,2
lingford-hughes,2
6-phosphate,2
pentose,2
kein,2
soldaten,2
0.205,2
non-attendance,2
good-quality,2
langage,2
colvin,2
convent,2
recherché,2
leland,2
berthe,2
revokes,2
post-canine,2
trpm8,2
napier,2
adenylate,2
four-stranded,2
jorn,2
die-hard,2
latino,2
jeevan,2
wattenberg,2
lighten,2
working-,2
70-74,2
effeminacy,2
chump,2
on-demand,2
hampden-turner,2
indagine,2
pais,2
psychographics,2
symbology,2
frigate,2
bishops,2
akroyd,2
pp.48-52,2
russett,2
typography,2
branch-and-bound,2
odum,2
oft-used,2
hesperus,2
kripkean,2
mother-nature,2
russellian,2
curl,2
dibenzo-24-crown-8,2
1.54052,2
tournehem,2
dauphin,2
hickling,2
sin2,2
rollback,2
0.292,2
barrecorded,2
wittich,2
λav,2
hardwood,2
internals,2
benefices,2
investors/suppliers,2
upper/middle,2
hot-spot,2
164-165,2
options/choices,2
graphics/images,2
juretic,2
ceylon,2
mathématiques,2
impertinent,2
fédération,2
preschizophrenic,2
3.35,2
sinning,2
90-degree,2
castings,2
v-8,2
equinox,2
custodial,2
serpentine,2
mesopotamian,2
δmax,2
×10,2
10(9,2
rigged,2
fuente,2
dna-fingerprinting,2
ferminisation,2
aleksandrovskii,2
vaccei,2
leiberman,2
blowers,2
non-university,2
p.329,2
sub-human,2
eolian,2
verona,2
tonnes/ha,2
storia,2
coluccio,2
byzantine,2
carters,2
nanobots,2
1780-1914,2
over-enthusiastic,2
purpose-,2
inter-linkage,2
superme,2
navigates,2
us-they,2
lentiviruses,2
tilman,2
multi-purposes,2
frater,2
10-100,2
sall,2
-500total,2
kukathas,2
staving,2
grist,2
131-132,2
k/l)y,2
passivised,2
bongaertsal,2
alleviates,2
jib,2
pantula,2
government-business,2
self-pride,2
1.97x10,2
28.3,2
note-taker,2
thermionically,2
signposted,2
morinal,2
wheaties,2
presbycusis,2
stoetzer,2
hillage(2001,2
lash,2
taskforce,2
four-fifths,2
apel,2
18/11/05,2
06/01/06,2
refamiliarisation,2
archeology,2
µmol/o,2
y+1,2
hypernasality,2
2003:22,2
scribbles,2
satterthwaite,2
dined,2
agm,2
pre-oestrus,2
fogs,2
niceties,2
yacht,2
jurlander,2
p394,2
2004:137,2
non-aids,2
~50,2
jeu,2
rockers,2
halcli,2
karasov,2
λ[zi,2
1998/9:46,2
pre-game,2
8.911,2
2000:207,2
~55,2
1993:101,2
chivalrous,2
2002:87,2
wttc,2
valet,2
dhobi,2
pokhara,2
1995:42/43,2
2004:139,2
1986:268,2
minorites,2
stemborers,2
evilness,2
ha-1,2
gargetts,2
anthropoid,2
carmel,2
demure,2
1999:28,2
mermaids,2
polyphemus,2
gestapo,2
100˚c,2
nisin,2
liegt,2
-1k,2
gmc,2
handys,2
türen,2
balloons,2
4-26,2
antislavery,2
lucilla,2
pederast,2
xarr(500),2
brawling,2
73-74,2
t]hrough,2
flirt,2
photonics,2
rehbinder,2
genlog,2
c-337/89,2
taylorsim,2
spin(n,2
τ1,2
isometry,2
ubuntu/reconciliation,2
coboundaries,2
h2o--hf,2
j04,2
7.14,2
symmetries,2
gi+1/gi,2
a/v/d,2
mpe,2
r(α,2
spheroid,2
lys,2
boldes,2
ironing,2
androgens,2
£20.4,2
lymphoedema,2
peritonism,2
stragglers,2
sycamore,2
epicureanism,2
dis_code[count%10,2
biding,2
"£20,010",2
ground-,2
read-outs,2
£18.6,2
"24,700",2
gerth,2
one-man-one-vote,2
india-,2
goa,2
43p,2
alkaloid,2
puech,2
ponitz,2
cottager,2
day-labourer,2
vainglory,2
calico,2
haemolymphatic,2
phospho-oxo,2
strawg,2
m-n,2
dunnington,2
glawn,2
9.3.5,2
plateauing,2
horrop,2
180○,2
stipendium,2
energy-efficient,2
hospitableness,2
0.1μm-0.2μm,2
~35μm,2
11-30μm,2
ravetz,2
p319,2
caesaristic,2
brannen,2
georgina,2
*since,2
1.42cm,2
kott,2
5º,2
13.71,2
brimblecombe,2
·where,2
self-immersion,2
20.64mmol,2
1:2:1,2
xpl,2
δπe,2
pp26,2
over-valued,2
2003:31-36,2
1650s,2
bahamas,2
wpc,2
laterality,2
military-industrial,2
font-weight,2
ababcc,2
derelict,2
post-exponential,2
folivorous,2
otus,2
scofield,2
ellington,2
ungodly,2
business-related,2
post-materialists,2
salinized,2
geldorf,2
1/11/04,2
togo,2
settee,2
p419,2
cusped,2
cotes,2
hardin,2
wants-,2
brasileiro,2
reprogrammed,2
dharma,2
schistosoma,2
"95,000",2
pg.151,2
bodyfelt,2
qsp,2
q(d,2
baucis,2
masturbating,2
fine-grained,2
initiations,2
lilleker,2
hurons,2
mafia,2
802.11g,2
400b,2
1989:6,2
shopped,2
veit-wilson,2
convection-,2
1998:367,2
1998:374,2
1998:368,2
wesbury,2
grosse,2
£75,2
qtm,2
btlc,2
cousines,2
managers/owners,2
bournemouth,2
autonominous,2
piece-meal,2
trivialise,2
scruple,2
archimedes,2
gonäs,2
e-techniques,2
tatra,2
khalil,2
vassals,2
empathising,2
brain-as-object,2
broglies,2
dendritic,2
pultruded,2
non-consumptive,2
usa-based,2
wholly-owned,2
gralla,2
glaxosmithkline,2
2005:4,2
worden,2
stockpile,2
touchingly,2
commendation,2
buckeldee,2
hermeneutic,2
verdammte,2
outstandingly,2
brownell,2
pop(,2
sub-trees,2
right[r,2
increases-,2
1560rpm,2
hofrat,2
gar,2
visibilities,2
pette,2
sollte,2
supernaturalism,2
kopf,2
punches,2
cardisplay,2
hugging,2
,2
prng,2
90000n,2
250hz,2
cradle-boards,2
glbegin(gl_line_loop,2
75kyr,2
climes,2
ouput,2
modula,2
0.012,2
2004:204,2
$us,2
sucha,2
sainfoin,2
harberger,2
stenosed,2
mcburneys,2
fibrillation)blood,2
f50.0,2
metatarsal,2
mortise,2
0.358,2
art.16,2
glq,2
joyner,2
criminalise,2
uk/us,2
sub-optimal,2
b´s,2
ceo`s,2
easipower,2
frochot,2
$25.6,2
bloomberg,2
disjuncture,2
skids,2
∆l,2
ec-,2
neumeier,2
shied,2
barrowcloughal,2
reeda,2
rewrites,2
antenatally,2
smiths,2
maulvis,2
troubleshooting,2
debilitated,2
cappaal,2
o(n,2
resurfaced,2
sub-thalamic,2
weineral,2
hemiparasites,2
ceccarelli,2
haustoria,2
atherton,2
jakarta,2
under-resourced,2
tillostson,2
defecates,2
sheep/goat,2
horse-,2
subsurface,2
re-touched,2
gildas,2
pyres,2
compositionality,2
mid-19,2
first-past-the-post,2
denticulates,2
unwelcoming,2
episodically,2
rosario-braid,2
counselled,2
2005:39,2
avenged,2
t-shirt,2
aphthous,2
semi-authentic,2
18-21,2
lorazepam,2
2000:1,2
placid,2
skocpal,2
37.7,2
connoisseur,2
ice-creams,2
hornet,2
vittachi,2
extortionate,2
supra-,2
taubira,2
bachao,2
polyarticular,2
biosystem,2
mayhave,2
delimitate,2
irreconcilably,2
cooccurence,2
1996:58,2
/trein/,2
ajar,2
reconfiguring,2
1996:82,2
instills,2
post-kantian,2
bassessment,2
log-linear,2
vitamin/,2
gaussian-assumption,2
vitrograph,2
vasoconstrictor,2
short-memory,2
ⅰ,2
granulomata,2
"2,000,000",2
pre-given,2
suez,2
pp.57,2
recalibrating,2
glaswegian,2
1.62,2
£2.0m,2
kharif,2
mismanaged,2
rigamonti,2
silenus,2
monopolize,2
big-three,2
reinvesting,2
middle-mature,2
osteocytes,2
bramblett,2
dandelions,2
0.089,2
inhibition/ml,2
parting,2
possessor,2
hyperlinked,2
re-allocation,2
explicitness,2
gpes,2
hymer,2
commercials,2
stengel,2
kpis,2
showings,2
dittmar,2
sinuous,2
choiseul,2
equipotential,2
reznick,2
210)current,2
itrade,2
haematopoietic,2
p.667,2
optimums,2
upper-income,2
re-imposition,2
1992:62,2
bodywork,2
macroscopically,2
mellitusno,2
noche,2
ramón,2
non-pecuniary,2
custodians,2
blitz,2
stoppages,2
un-american,2
corrosion-protected,2
68-100,2
acei,2
hyperreactivity,2
envisaging,2
dipropionate,2
psychological/psychiatric,2
bellum,2
ritsumeikan,2
36.5ºc,2
pectoris,2
microfabricated,2
t=torque,2
bendroflumethazide,2
amitriptyline,2
presaging,2
reattaching,2
self-administration,2
unlocked,2
bicarbonate,2
2ms,2
heraty,2
dermal,2
fulfilled-,2
odaspirin,2
hepatis,2
overselling,2
herbig,2
expires,2
status-,2
eludes,2
high-up,2
whispers,2
delayering,2
reassertion,2
putty,2
g]lobalization,2
eic,2
databaseremove,2
commemorative,2
2003:35,2
bushbaby,2
carswell,2
armia,2
disraeli,2
randomization,2
~90rpm,2
f2003-ga,2
procreational,2
blithe,2
anti-religious,2
beastly,2
kraut,2
orleans,2
drivability,2
voluptuous,2
growling,2
0.025m,2
ana,2
hauls,2
dislocates,2
rajwal,2
partakers,2
entreats,2
531nm,2
beaston,2
flashback,2
1-24,2
contemptuous,2
classicist,2
pigeonholing,2
wardal,2
reappeared,2
mid-stream,2
gastroenterologists,2
mercaptopurine,2
2007c,2
carina,2
cassanello,2
vergerio,2
issr-pcrs,2
zooms,2
breakfasts,2
mikula,2
seperation,2
pp.49-50,2
physio-chemical,2
non-muscle,2
melanchton,2
bunyamwera,2
savais,2
corpn,2
2/5,2
monocultures,2
marre,2
silks,2
p366,2
tortilla,2
vacated,2
counsellors,2
narthecium,2
stayer,2
7.7.1,2
pincivero,2
fe3+,2
jewry,2
subcapital,2
jugs,2
disfigurement,2
leigh,2
packull,2
responsibility-,2
"f(1,93",2
blosum,2
c1980,2
microbiol,2
349-352,2
revocable,2
interjects,2
over-representative,2
srpska,2
p.467,2
hinkley,2
nasals,2
2000:79,2
ryegrass,2
levying,2
labb,2
unleashing,2
participation-,2
congruently,2
terrains,2
toning,2
omar,2
1997:199,2
xeric,2
prays,2
uncountable,2
p199,2
$350,2
rumex,2
75:142,2
p201-224,2
multiple-error,2
descola/1996/p98,2
firework,2
emediaries,2
overwintering,2
stripe,2
unseemly,2
skuras,2
front-office,2
outnumber,2
selflessness,2
mempo,2
1991:9,2
caso,2
head-to-head,2
rainfalls,2
stroh,2
name-calling,2
hctc,2
stadiums,2
1996:50,2
non-substantial,2
unmelted,2
300μg/ml,2
describer,2
2.5x10,2
utilisable,2
sub-letting,2
under-performing,2
community/ies,2
12700units/week,2
point=,2
bom,2
repúblicas,2
loath,2
obtuse,2
egyptologists,2
schlick,2
non-conformity,2
tmt,2
breakable,2
sheikh,2
rallus,2
40-42,2
past-tense,2
viaduc,2
peri,2
sub-project,2
$2,2
"storey,1997",2
p.482,2
unallocated,2
non-voters,2
upper-middle,2
salamis,2
vps,2
cub,2
roars,2
red-blood,2
890g,2
youngman,2
attis,2
veranius,2
iv.1,2
scheid,2
wasko,2
tahtaal,2
pufas,2
prep,2
pelling,2
radioactively,2
x4,2
gentiles,2
satirizes,2
-1m,2
magna,2
stutters,2
lgbt,2
bjorn,2
arnhem,2
clung,2
0.214,2
0.312,2
willem,2
]the,2
legally-binding,2
heterosexuality/homosexuality,2
thiochrome,2
2000:112,2
1175-1200,2
sml,2
acetylated,2
houk,2
thiphaphone,2
phthalonitrile,2
schubert,2
νπ,2
ureido-pyrimidones,2
depolarising,2
p348,2
multiple-regression,2
climaxes,2
disorientating,2
public-relations,2
mia,2
l.21-2,2
heteronormativity,2
p:2e-,2
regenerator,2
interrogans,2
haemolysins,2
despairingly,2
semi-colons,2
37.3,2
≤,2
jaded,2
woman-centred,2
vivified,2
"$6,418,086",2
renovations,2
2006-2007,2
kowolski,2
nashville,2
perturbing,2
ims,2
overboard,2
1920-1,2
30mg/100g,2
jacquot,2
duran,2
yamagiwa,2
misidentified,2
marzluff,2
diggins,2
bountiful,2
l.250,2
sassure,2
symeonides,2
perverting,2
lomolino,2
gender-neutrality,2
festering,2
pp.247-8,2
enmeshing,2
stille,2
frère,2
uv-tagged,2
ethene,2
hrms,2
shooter,2
hyper-reality,2
emissive,2
skierka,2
boezio,2
antitumour,2
athletes/sportswomen,2
law),2
revamped,2
valencia,2
geranios,2
hermano,2
",p94",2
solvent-competition,2
obsequies,2
awakenings,2
crosslinking,2
2409-2412,2
700mm,2
fruitiness,2
deloxan,2
2004:4,2
travis,2
157-158,2
de-,2
village-based,2
398-399,2
typifying,2
brooklyn,2
creatural,2
puzzlement,2
appreciations,2
p.360,2
literature3,2
67-68,2
1999:13,2
1997:32,2
2001:138,2
manda,2
0.000536,2
gainful,2
p527,2
124.407,2
leadbetter,2
cory,2
1992:27,2
250cm3,2
extraverted,2
sayyaf,2
inculcates,2
alibis,2
girlfriends,2
barrig,2
ardor,2
1995:229,2
appending,2
-century,2
tetramethylammonium,2
use-value/value,2
taborsky,2
no-wage,2
gefährlichen,2
deren,2
0.3-,2
lynchetts,2
sheen,2
millionen-marsch,2
johnstone,2
trisaccharide,2
diene,2
conjugacy,2
stubby,2
band-pass,2
spi™,2
mmm,2
imam,2
underemployment,2
sturm,2
italic,2
lexicography,2
t-score,2
zhigang,2
disappointingly,2
bradykinesia,2
semi-autonomous,2
santer,2
reviewable,2
6.78,2
stake-holes,2
2(c,2
el-far,2
bunimovitz,2
cajamarca,2
rucker,2
voluntarism,2
keel,2
separability,2
m(µ2,2
ashcraft,2
djh,2
bj,2
h(x,2
crnic,2
unexercised,2
chatelier,2
2000:202,2
4.53g,2
field-based,2
separative,2
nλ,2
b-c,2
sportive,2
invlovement,2
plantar,2
chiseled,2
g/dose,2
disrepute,2
sle,2
paralytic,2
froidefond,2
mls,2
",p.46",2
parainfluenza,2
hypotonia,2
uncontractible,2
neurolinguistics,2
p331,2
spin(8,2
1+2+0,2
retracing,2
enoxiparin,2
rems,2
merckle,2
microsystems,2
atrio-ventricular,2
demoralized,2
afferents,2
109.5,2
students/,2
scarified,2
blood-glucose,2
sinnlosen,2
guetti,2
enfin,2
speckles,2
städte,2
mucinous,2
fertig,2
infolding,2
synapomorphies,2
protist,2
exaltation,2
parasternal,2
starkie,2
fascia,2
k/l,2
baseline-one,2
friedman-phelps,2
characteristics-,2
painkiller,2
wide-,2
chebyshev,2
weigley,2
muskets,2
2.4.4,2
manton,2
nontemporal,2
swordsman,2
7-9,2
τr,2
δδ,2
ebook,2
$1.6,2
paresse,2
polymerases,2
rungs,2
pin6,2
méthode,2
systèmes,2
frequency-division,2
incongruence,2
non-gypsies,2
syllable-initial,2
heterotrimeric,2
alphanumeric,2
alcaldes,2
koblik,2
robeson,2
contiguous,2
indo-european,2
800v,2
logging-in,2
ionians,2
adoptable,2
co-factors,2
0.625μmol,2
withdrawals,2
travelsphere,2
2005:349,2
readmitted,2
/dirsync,2
lawer,2
sainath,2
mpi_recv,2
heitkemper,2
architectures/frameworks,2
sati,2
octomer,2
rough-and-ready,2
1953:98,2
coarse/fine,2
sumer,2
chaff,2
natufian,2
crawfurd,2
productionist,2
malwa,2
polydactylous,2
0.226,2
0.124,2
lef1,2
ceramicus,2
inbred,2
2006③,2
detainee,2
side-arm,2
lockes,2
zf1,2
greaseproof,2
memorabila.3.11.4,2
melt-spinning,2
metalloid-metalloid,2
hautes,2
mackenney,2
exp(-/k,2
murtium,2
sras/lras,2
stoll,2
gramlich,2
1992:102,2
contrariwise,2
1988:244,2
35.1,2
2.92,2
80-100,2
ami,2
1999:1,2
dishonoured,2
proforma,2
inexistence,2
cleombrotus,2
contradictable,2
adverting,2
slow-wave,2
re-testing,2
kitwood,2
8%the,2
-21m,2
dbhl,2
wk12,2
rinne,2
wk10,2
pre-hepatic,2
150mg,2
1.009e-8,2
violins,2
product-led,2
400με,2
smallholders,2
17/02/06,2
write-up,2
8.57,2
dilate,2
unobstructed,2
-i,2
bashing,2
osn,2
pringle,2
antiparallel,2
consultands,2
16.67,2
hyperglycemia,2
80°,2
horrabhanna,2
spaceways,2
newall,2
gan,2
apo,2
discflo,2
harrabost,2
compressors,2
pastureappropriate,2
apace,2
woos,2
eron,2
crevices,2
1:11,2
10°,2
nathke,2
two-tier,2
free-thinking,2
persuing,2
cabalistical,2
123-4,2
2004:94,2
walsall,2
sadomasochism,2
/n/,2
mortensen,2
mahmoud,2
context-based,2
slut,2
pre-sterilised,2
gilly,2
hongchun,2
peakall,2
slug,2
southerly,2
intercrop,2
gyre,2
gelatine,2
1000mm,2
aleppo,2
unfathomable,2
town-house,2
vilification,2
catagorised,2
2004:149,2
cpfe(co)2cl,2
antiques,2
5h,2
"y0)=(1.00,1.70",2
bauman:1989,2
cobweb,2
unengaged,2
pre-modernity,2
marx:1848/1994:158,2
hashing,2
17/96,2
biehl,2
hauser,2
resort-,2
loudon,2
anti-strokes,2
irrelevent,2
k0=,2
39.6,2
2002:45,2
bagot,2
shrieks,2
feldstein,2
lewinsky,2
peoplehood,2
beckham,2
arrhythmogenic,2
nyha,2
1990-91,2
extracapsular,2
dehumanization,2
krasny,2
viagra,2
swiffer,2
dcourse,2
tmcnet,2
gender-bias,2
non-starter,2
energy-saving,2
"£11,520",2
"£4,500",2
chi-ming,2
combative,2
masciandaro,2
jevec,2
p293,2
1)(a,2
preordained,2
/2005,2
plant-demand,2
conaglen,2
ml/plant,2
schoolboy,2
egyptology,2
andrina,2
woodhead,2
metacyclic,2
atouguia,2
vector-control,2
book-,2
post-1918,2
ill-,2
thiocyanato,2
"2,2-bipyridine",2
profit/loss,2
~0.8v,2
nationalization,2
rydberg,2
1*0.75,2
energy-level,2
potteries,2
e/0.9,2
dreamliner,2
robbialac,2
syringes,2
finf,2
hardlims,2
labour-management,2
henderson-hasselbach,2
appetising,2
micellation,2
daalder,2
macrobotanical,2
cereal-type,2
biochemists,2
dal-bhat,2
e/e/pes,2
thiols,2
d1[i,2
$37.5,2
putallaz,2
vol.20,2
3.2:1,2
2001:107,2
glycerate-3-phosphate,2
11/11/2003,2
well-disposed,2
watchmen,2
rudyard,2
self-rule,2
postmaterialist,2
vacuum-formed,2
spi_custom,2
c-20,2
dockers®,2
basques,2
wirelessly,2
vanaik,2
informatively,2
new-classical,2
vcc,2
hampel,2
rifs,2
convergens,2
shuttles,2
taverns,2
limit=,2
q(f,2
aretalogies,2
pp.107,2
non-litigious,2
keeling,2
1560-1725,2
34.7,2
pennock,2
anglo-creole,2
6yrs,2
wiese,2
1.17kg,2
texels,2
waco,2
shire,2
diag(sqrt(eigen(q)$values,2
summery,2
biao,2
log-scale,2
h-l,2
0.222,2
wensley,2
multi-sector,2
ioannides,2
3.78,2
heure,2
stirbois,2
latvia,2
directorate-general,2
0.082,2
1524mm,2
achaians,2
174.1,2
2.1(23,2
government-,2
favre,2
skating,2
anamnesis,2
hopi,2
rusticyanin,2
hausman,2
sympathizing,2
1993:389,2
working-women,2
haakonssen,2
//00=00000000,2
23/2,2
rubrospinal,2
insula,2
meyers,2
ullah,2
ach,2
confirmations,2
girl-woman,2
kontoleon,2
jul-dec,2
caleb,2
minardi,2
taj,2
17.02.06,2
deviation/meancoefficient,2
sceptism,2
top-managers,2
re-appropriate,2
exercise1,2
1s2,2
birthweights,2
uncomment,2
alkenes,2
dorrell,2
sookhoo,2
before-and-after,2
when/if,2
"min(nu,1",2
relish,2
short-termed,2
everitt,2
ulnacarpal,2
tco,2
holyroodhouse,2
biomass-sourced,2
ibi,2
untheorised,2
mesoscale,2
zu67,2
low-temperature,2
nonenzymic,2
gehegt,2
schrdinger,2
amuses,2
cannibalistic,2
cullen,2
ch.28,2
berated,2
",vincent",2
taddington,2
maud,2
levallois,2
mesio-distal,2
supersynchronous,2
s]he,2
capriciously,2
24.01.2004,2
unessential,2
cosmopolis,2
£0.30,2
cba,2
koobi,2
faultless,2
self-enforcing,2
rubinfeld,2
expounding,2
historicity,2
axr,2
58kg,2
antipathetic,2
plantarflexion,2
like-ions,2
fester,2
34.3,2
webpages,2
mas-nmr,2
3qmas,2
exoneration,2
delay(3000,2
192.547,2
painterly,2
asa,2
toope,2
henkin,2
thetimeis(,2
playroom,2
all-russian,2
micro-economic,2
waltzian,2
reminisce,2
seta,2
susana,2
free-standing,2
objectual,2
lehner,2
1-13,2
transvaal,2
fl,2
genetica,2
r1=,2
1.000259,2
0.17kg,2
lavette,2
lian,2
litigious,2
tocquevillian,2
haberman,2
crookes,2
p.389,2
self-completed,2
£78,2
bello,2
hirschman-herfindal,2
orinus,2
habitable,2
cip`s,2
masts,2
massenz,2
syllabi,2
hypercorrection,2
2003:84,2
dysarthia,2
inter-individual,2
telemanipulator,2
demonized,2
levenberg-marquardt,2
michalewicz,2
second-harmonic,2
endomycorrhizae,2
zealander,2
woodcarvings,2
lion-fronted,2
gfcf,2
adolphe-jacques,2
andr,2
1985:220,2
424.2kg,2
isonitrogenous,2
killing-out,2
takings,2
orpen,2
rmr,2
c-cl,2
amoris,2
davidsonian,2
12/13,2
mangled,2
hoyer,2
±17,2
unearths,2
2(1)(b,2
overbrimming,2
2.57,2
validations,2
well-run,2
eileen,2
£618,2
6-inch,2
rusen,2
quarrelling,2
jingoism,2
sensu,2
narod,2
61mm,2
third-tier,2
co-principals,2
first-,2
mason-jonesal,2
usury,2
opine,2
enlivened,2
kongese,2
cordless,2
borland,2
three-hour,2
not-for-profit,2
pp.45-63,2
vernish,2
snacking,2
pvi,2
varville,2
leahy,2
sympathising,2
hevs,2
applauding,2
hyperbolae,2
role-taking,2
marxist/leninist,2
p.287,2
spondylitis,2
anticommunist,2
constitution-making,2
1945-2000,2
144.8n,2
i-r-e,2
f20,2
medially,2
pro-eutectoid,2
870c,2
flick,2
coagulates,2
120°c,2
1999:73,2
intransigence,2
aqueducts,2
coliseum,2
1994:1,2
toxoplasma,2
schegloff,2
steinhart,2
re-assert,2
koenker,2
bot,2
rate-,2
2005:9,2
l.11-12,2
dosing,2
ambushes,2
child-killer,2
buyback,2
