token,freq
i,435613
it,354259
you,311450
the,297665
's,292876
and,275495
yeah,260026
that,230781
a,215469
to,200208
n't,177444
like,157425
do,136243
of,132086
was,129797
they,125692
in,113358
so,104061
but,103439
is,103017
he,97382
oh,96602
no,93546
we,91480
know,87330
just,85491
mm,82442
have,81070
--unclearword,77030
what,74210
there,72108
well,71469
on,68533
she,68105
not,62732
're,57974
for,57887
be,57788
erm,56570
've,56056
got,54606
think,54503
er,52008
did,51406
then,50470
this,49159
one,48601
really,48492
if,47277
all,43815
with,43301
'm,42890
cos,42788
or,41595
get,41499
my,41441
are,41093
at,40525
go,38996
can,37781
--anonnamem,36783
when,33814
about,33077
up,32912
me,32775
would,32527
'll,32401
right,32354
had,32153
as,31454
--anonnamef,31245
your,31047
were,30931
them,30552
out,29355
yes,28562
na,28079
said,26915
good,26174
--anonplace,24914
because,24893
'd,24188
mean,23154
how,23109
people,23010
okay,22261
could,22247
going,22227
does,22057
bit,21825
now,21753
her,21401
gon,21297
some,21050
see,20297
from,19652
something,19341
time,19086
ca,19018
been,18568
very,18337
want,18064
say,17881
thing,17691
where,17598
actually,17525
quite,17455
an,17377
two,17032
him,16351
back,16220
more,16175
who,15675
put,15395
why,15204
his,15035
sort,14841
which,14496
went,13846
nice,13804
look,13394
need,13357
come,13123
down,13099
off,12966
much,12949
here,12884
doing,12805
other,12685
things,12637
only,12628
kind,11963
thought,11946
has,11911
probably,11595
lot,11485
way,11288
stuff,11277
though,11249
little,11183
any,10823
ah,10649
should,10552
still,10417
will,10415
even,10396
um,10381
might,10310
these,10139
day,10133
used,9835
three,9819
never,9816
work,9786
take,9747
their,9434
over,9365
make,9195
into,9175
always,9034
done,8771
by,8770
maybe,8533
remember,8515
than,8467
anything,8388
big,8165
too,8124
those,7989
year,7906
us,7809
first,7802
before,7771
last,7665
saying,7538
mum,7247
same,7042
god,6963
our,6759
different,6718
again,6711
wan,6694
alright,6666
long,6666
money,6659
let,6653
anyway,6596
years,6572
sure,6372
four,6363
getting,6303
through,6297
n,6183
dad,6183
being,6169
five,6076
house,5959
next,5845
round,5779
another,5777
week,5767
tell,5715
after,5677
obviously,5591
fine,5580
give,5561
sorry,5539
everything,5468
new,5466
bad,5421
around,5400
s-,5371
having,5330
every,5276
feel,5210
night,5160
came,5121
home,5114
find,5101
half,5094
wo,5071
many,5060
else,5045
old,5037
end,4966
away,4965
someone,4916
du,4892
better,4882
must,4862
love,4808
whatever,4801
ten,4782
hundred,4774
made,4771
also,4744
ones,4725
use,4696
six,4665
exactly,4654
talking,4608
coming,4593
called,4586
pretty,4556
enough,4546
uh,4533
course,4487
gone,4481
school,4473
seen,4433
thinking,4392
car,4371
keep,4365
looking,4355
ever,4329
point,4319
whole,4301
goes,4234
trying,4136
few,4122
place,4120
try,4109
funny,4075
start,4073
eat,4068
thank,3978
lovely,3964
pay,3929
job,3919
own,3907
says,3884
buy,3847
wanted,3828
left,3810
suppose,3787
great,3776
told,3753
person,3699
weird,3697
most,3639
everyone,3627
looks,3592
life,3587
fucking,3551
nothing,3549
guy,3529
phone,3505
read,3471
basically,3455
once,3443
today,3419
days,3398
name,3365
man,3346
am,3291
idea,3281
saw,3274
watch,3259
definitely,3258
couple,3244
w-,3206
stop,3187
wrong,3175
mind,3173
play,3171
ta,3167
shit,3156
took,3153
cool,3146
christmas,3118
wow,3106
loads,3087
live,3069
true,3066
morning,3061
seven,3057
able,3048
somebody,3036
room,3035
ago,3021
started,3020
working,3003
em,2979
twenty,2970
top,2965
hard,2962
talk,2961
either,2943
friends,2938
book,2925
eight,2891
leave,2876
absolutely,2875
sometimes,2873
pounds,2868
each,2854
while,2813
bought,2804
please,2793
problem,2793
side,2769
food,2761
gets,2761
somewhere,2751
both,2744
already,2730
water,2726
together,2722
move,2695
interesting,2693
part,2675
whether,2656
far,2650
turn,2650
looked,2641
best,2639
hours,2628
call,2624
--anonnamen,2614
head,2605
minutes,2605
hour,2603
sounds,2598
ask,2593
uhu,2586
yet,2582
times,2569
road,2552
guess,2532
walk,2509
thousand,2482
weeks,2482
family,2472
such,2471
mine,2468
tomorrow,2465
english,2454
happened,2437
wait,2422
found,2412
eh,2409
world,2403
heard,2392
understand,2369
rather,2350
makes,2302
knew,2295
until,2294
kids,2294
sit,2294
dear,2280
friend,2268
word,2268
comes,2264
months,2250
drink,2221
making,2214
help,2211
d-,2211
open,2208
happy,2203
show,2200
moment,2194
stay,2167
children,2159
shall,2158
past,2158
girl,2154
fuck,2151
bed,2149
game,2147
free,2145
door,2134
nine,2123
lots,2115
imagine,2114
wants,2103
amazing,2100
run,2098
apparently,2097
literally,2067
fifty,2064
full,2053
fact,2053
least,2043
change,2023
second,2009
everybody,2007
small,2000
black,1975
thirty,1960
yep,1955
fair,1953
th-,1951
tea,1947
pound,1947
taking,1934
face,1930
weekend,1910
set,1905
hot,1901
between,1901
film,1896
yourself,1895
means,1885
believe,1862
hear,1859
huh,1855
since,1848
outside,1847
drive,1838
month,1826
shop,1823
fun,1817
real,1806
quid,1798
anyone,1793
paid,1788
card,1787
happen,1779
myself,1773
pick,1755
completely,1752
difficult,1752
may,1747
birthday,1746
front,1741
holiday,1739
cut,1737
supposed,1736
blah,1735
living,1733
hm,1732
country,1730
white,1728
without,1727
number,1725
hand,1724
bring,1721
asked,1719
parents,1713
horrible,1713
write,1713
later,1692
minute,1691
yesterday,1669
hair,1666
friday,1664
woman,1660
playing,1652
y-,1646
less,1646
till,1637
moved,1637
speak,1630
meant,1630
worked,1628
reason,1627
red,1622
met,1618
fifteen,1612
massive,1612
send,1608
straight,1601
f-,1593
seems,1580
knows,1579
easy,1571
gave,1570
baby,1569
places,1569
twelve,1567
tried,1564
expensive,1558
young,1553
cold,1549
middle,1548
high,1545
hang,1544
guys,1536
type,1535
lost,1531
brilliant,1521
chocolate,1516
under,1513
language,1512
hope,1511
t-,1507
i-,1496
sent,1483
works,1481
although,1475
unless,1474
along,1470
o'clock,1468
train,1468
hate,1467
case,1461
bloody,1459
sense,1458
bet,1458
bits,1457
girls,1452
soon,1452
awful,1451
almost,1451
needs,1448
taken,1447
age,1446
certain,1444
matter,1436
late,1436
london,1433
saturday,1432
check,1432
dinner,1431
close,1427
normally,1426
wine,1425
sunday,1425
picture,1421
wonder,1416
hmm,1409
honest,1408
early,1408
table,1403
across,1402
books,1397
party,1397
hello,1389
words,1387
m-,1383
park,1379
sleep,1379
usually,1377
sound,1375
often,1366
walking,1366
stupid,1365
green,1363
c-,1362
happens,1358
care,1356
allowed,1355
telling,1350
story,1350
near,1348
business,1348
hell,1347
area,1345
watching,1343
putting,1342
question,1337
dog,1334
sitting,1333
kept,1333
coffee,1332
spend,1323
driving,1319
wear,1319
whereas,1318
child,1318
running,1318
music,1317
sat,1315
eating,1311
mate,1307
lived,1306
felt,1305
ai,1305
summer,1300
percent,1300
reading,1293
bus,1292
normal,1291
class,1281
seem,1281
liked,1278
finished,1272
light,1272
ready,1270
rest,1267
thanks,1267
group,1259
hold,1259
university,1258
chicken,1256
turned,1255
worth,1251
garden,1248
brother,1247
text,1247
yours,1244
boy,1244
blue,1241
n-,1241
sh-,1230
mother,1225
learn,1222
behind,1221
meet,1218
amount,1217
forty,1211
given,1207
monday,1203
nobody,1198
takes,1198
bag,1197
ha,1194
proper,1191
cake,1190
england,1183
eleven,1180
crazy,1179
worry,1179
cheese,1174
changed,1173
cost,1173
ages,1168
company,1165
huge,1164
especially,1164
uni,1164
sell,1150
married,1143
watched,1137
students,1131
annoying,1131
likes,1130
ridiculous,1130
sister,1128
tv,1126
space,1122
fish,1120
paying,1118
died,1118
beautiful,1114
cards,1114
terrible,1113
older,1112
strange,1105
using,1104
cheap,1099
anywhere,1099
apart,1097
level,1090
box,1087
otherwise,1080
break,1077
email,1072
flat,1064
lunch,1064
reckon,1063
building,1059
town,1058
gosh,1054
its,1054
colour,1053
extra,1051
line,1051
lives,1047
conversation,1044
tonight,1040
nearly,1040
bottom,1040
ring,1037
teacher,1036
team,1035
dead,1035
instead,1033
cook,1031
cat,1031
depends,1026
anybody,1018
deal,1014
cream,1007
brought,1006
paper,1005
seeing,1005
fit,1004
moving,1004
french,1003
sweet,1002
busy,997
kitchen,997
against,996
america,993
bread,991
bigger,989
hit,988
difference,985
wednesday,984
evening,984
miss,979
realise,977
computer,975
onto,975
perhaps,973
street,970
darling,968
men,966
inside,965
british,964
pictures,963
women,962
south,961
g-,961
size,959
l-,957
stick,955
eighteen,954
actual,953
facebook,953
floor,951
worse,948
ice,948
nineteen,946
office,945
stopped,938
main,936
body,936
finish,936
writing,935
plan,935
feeling,932
hey,930
totally,929
choose,929
church,926
walked,924
listen,923
slightly,922
h-,921
thursday,920
ha-,917
sign,915
interested,914
pub,912
experience,911
hotel,910
city,907
lose,906
mhm,905
cup,904
spent,900
piece,899
poor,896
boys,896
teaching,894
a-,892
short,890
favourite,890
shut,888
longer,888
internet,887
stand,886
bank,885
song,885
sad,884
war,883
forget,882
properly,881
particularly,881
special,881
houses,877
miles,875
rid,874
milk,873
played,873
decided,872
carry,871
giving,871
tiny,871
answer,869
important,858
pass,857
list,856
quick,855
needed,854
quickly,854
wedding,854
dark,853
die,852
grand,851
easier,851
order,850
touch,849
fat,848
kinda,848
twenty-five,846
third,845
example,842
date,841
lady,840
enjoy,840
air,835
message,835
bottle,835
single,833
waiting,833
double,833
within,832
window,829
everywhere,828
clean,827
history,823
beer,821
drinking,821
clothes,819
sick,817
price,815
wall,812
recording,812
fire,812
possibly,811
glass,807
eyes,807
american,806
forgot,801
trouble,801
rubbish,799
kid,799
bar,799
jobs,797
meal,795
taste,794
forward,792
meat,791
agree,790
football,789
certainly,786
odd,783
tired,783
expect,782
asking,781
test,773
written,772
similar,771
father,770
worried,769
sugar,765
doctor,763
cute,763
thinks,762
north,759
u-,759
become,757
win,757
themselves,757
anymore,756
cooking,756
grow,755
cars,751
earlier,750
tax,750
club,750
pull,749
tuesday,748
hopefully,748
pizza,747
drunk,744
form,744
worst,744
centre,743
board,742
hands,741
bike,740
wish,740
sixty,739
save,738
happening,737
charge,737
himself,737
none,736
recently,735
smell,735
corner,734
picked,734
afternoon,733
warm,733
breakfast,732
buying,731
research,728
tree,727
towards,726
sixteen,726
foot,726
younger,724
chance,723
land,722
stuck,722
build,721
ooh,721
weather,720
hospital,720
spanish,720
questions,719
online,719
b,718
boring,717
student,715
missed,714
lucky,708
load,706
terms,705
problems,705
kill,703
perfect,703
meeting,699
shame,698
shoes,695
news,695
teach,694
b-,694
clear,693
drop,693
photos,691
chinese,690
dress,690
starting,689
built,688
fast,687
fourteen,687
plus,686
easter,686
learning,685
twice,684
goodness,682
won,679
strong,677
beginning,675
feels,675
france,675
further,673
egg,669
station,668
surprised,668
tut,667
gym,667
million,666
stayed,666
wrote,666
system,664
add,663
art,662
fantastic,662
sun,662
quiet,659
local,658
feet,657
ways,656
ended,655
police,655
low,653
suddenly,652
eye,650
scared,650
silly,649
known,649
involved,649
wearing,647
particular,647
toilet,645
rent,645
e,644
fall,644
born,643
films,641
starts,641
loved,641
shower,639
sorts,638
washing,635
fly,635
pop,634
shopping,634
letter,634
bothered,632
de,632
during,631
post,626
cheaper,626
programme,625
term,625
eggs,625
wife,624
roll,623
situation,622
honestly,622
chips,621
brain,620
website,619
booked,616
orange,616
realised,614
boat,614
information,613
staying,613
trip,612
video,611
accent,611
forgotten,610
surely,609
games,609
village,609
clever,608
hi,608
bedroom,605
photo,604
serious,604
speaking,603
sea,603
legs,603
mr,603
mad,602
scary,602
college,601
general,601
listening,600
fancy,600
quarter,599
bloke,598
yellow,596
points,596
uk,595
oil,594
winter,593
sauce,593
cover,593
throw,592
spain,591
teeth,591
page,590
teachers,590
managed,589
fell,588
leaving,588
keeps,588
countries,587
lights,586
glad,586
laugh,586
slow,585
training,585
random,584
d',584
shops,583
leg,583
wood,583
whenever,582
p,582
apple,581
german,581
fill,580
excuse,580
notice,578
beach,578
account,577
bless,576
wash,576
choice,576
education,576
mummy,574
google,574
private,574
present,573
stage,571
social,571
seriously,570
r-,569
son,568
schools,567
e-,564
o-,562
possible,562
mouth,562
chat,562
record,561
ye-,561
sold,560
per,559
service,559
heart,559
fairly,559
thirteen,559
health,558
asleep,557
fruit,557
government,555
eighty,555
dry,553
market,552
noticed,552
brown,552
p-,552
machine,552
catch,551
blood,551
voice,551
s,550
series,549
ours,549
daughter,549
afterwards,548
degree,548
afford,546
lie,546
necessarily,546
contact,544
seemed,543
exciting,543
based,542
cross,542
joke,541
bye,540
spoke,540
upset,537
crap,536
view,535
fridge,535
famous,533
others,532
gives,532
control,531
ball,531
li-,531
china,529
power,529
upstairs,527
ground,526
press,526
awkward,526
australia,525
national,524
tend,524
hurt,524
mental,524
garlic,523
tesco,523
names,521
eaten,520
wa-,520
bath,518
pain,517
rice,517
wonderful,517
excited,516
fault,515
pieces,514
weight,514
horse,512
flight,510
east,509
dogs,509
bother,509
disgusting,508
effort,508
heavy,508
glasses,508
trust,507
visit,506
band,505
broken,504
generally,504
character,502
science,501
seventeen,501
easily,501
standing,500
opposite,500
interview,500
sorted,500
sex,499
husband,499
jump,499
re-,498
hungry,497
issue,495
plate,495
snow,494
decide,493
prefer,493
push,493
travel,492
soup,492
loves,491
bin,491
except,490
pasta,489
excellent,487
interest,487
follow,487
study,486
growing,486
jesus,485
travelling,485
cats,485
pink,485
smaller,485
salt,485
laughing,485
share,484
lesson,484
common,483
hat,483
talked,483
january,482
awesome,482
restaurant,481
plastic,480
plane,480
skin,480
passed,480
ticket,480
project,479
ill,479
pardon,479
flying,479
explain,478
quality,477
turns,477
grandma,475
tennis,475
sake,474
relationship,474
pool,473
killed,473
ate,472
eventually,472
boyfriend,471
planning,471
staff,471
swimming,471
clearly,470
selling,470
--foreignword,467
holidays,467
field,467
rude,464
potatoes,463
september,462
cooked,462
mark,462
traffic,462
period,462
itself,460
girlfriend,460
large,459
twenty-four,459
chair,458
natural,458
council,457
manager,457
opened,456
broke,456
wake,456
cancer,456
careful,455
state,454
map,454
offer,454
ca-,454
rain,454
enjoyed,453
above,453
key,452
insurance,452
biggest,450
singing,450
river,449
grey,449
death,449
dropped,447
grandad,446
numbers,446
beans,446
human,446
shot,445
screen,445
drinks,443
personal,443
useful,443
june,443
j-,443
van,442
complete,442
aw,442
butter,441
beat,441
charity,440
maths,440
lessons,439
radio,438
keeping,438
europe,438
ideas,438
ran,437
o,437
match,436
library,436
pressure,436
arm,435
star,434
deep,433
hole,433
dangerous,431
pair,431
korea,430
popular,430
closed,430
season,429
herself,428
somehow,428
seventy,428
public,427
flowers,427
super,427
fresh,427
trees,426
loud,426
future,426
bags,425
letters,425
bird,424
pulled,424
fight,424
west,424
safe,424
windows,422
bathroom,421
taught,421
heat,420
changing,420
hardly,420
attack,419
gold,418
television,417
la,417
law,416
click,416
gay,416
draw,416
africa,415
scotland,415
nose,415
smoke,415
community,414
learnt,414
plenty,414
noise,413
camera,413
purple,411
cheers,410
position,409
wet,408
c,408
player,407
garage,407
mentioned,407
invited,406
wind,406
speed,406
rich,405
germany,404
army,404
caught,404
wales,404
curry,403
posh,402
showed,401
option,400
shows,400
potato,399
uh-huh,399
hoping,399
uncle,398
angry,397
underneath,397
pissed,396
march,396
sports,396
separate,395
laptop,395
tickets,395
italian,394
culture,394
simple,394
hanging,394
whose,394
contract,391
alcohol,390
joking,390
split,389
rang,388
lift,388
forever,388
ireland,388
step,388
support,387
babies,387
pie,387
join,386
bear,386
count,386
waste,386
april,385
annoyed,385
higher,385
hill,384
paint,383
manage,383
king,382
m,382
theory,382
boots,381
granny,381
pack,381
doubt,381
picking,381
feed,380
stories,380
likely,380
animals,380
colours,380
rugby,380
sleeping,380
tall,379
process,378
york,378
alone,377
puts,377
nights,377
argument,377
knowing,376
lying,376
da,376
skills,375
juice,374
taxi,373
mix,373
bored,373
mobile,373
action,373
version,372
doors,370
airport,370
comfortable,370
became,370
print,369
grown,369
mess,367
therefore,367
bill,367
thick,365
yay,365
dream,365
finding,365
pregnant,364
route,363
covered,363
coast,362
drove,362
confused,361
plays,360
yum,360
t,360
genuinely,360
ninety,359
apply,359
fan,358
aware,358
decision,358
bridge,357
cinema,357
hall,357
turning,357
standard,356
attention,356
square,356
site,355
hilarious,354
spoken,354
address,354
exam,354
phoned,353
alive,353
society,352
cash,352
classes,352
empty,351
unfortunately,351
wh-,350
x,350
style,350
journey,350
salad,349
oven,349
whoever,349
wondering,348
earn,348
holding,348
nan,348
original,348
bright,348
fucked,348
movie,348
vegetables,348
calling,347
di-,347
entire,347
missing,347
following,347
spending,346
badly,345
neither,344
sky,344
st-,343
smells,343
mostly,343
cupboard,343
pension,342
seat,341
stood,341
sing,341
nowhere,341
d,341
thin,341
toast,340
brand,339
modern,339
august,339
pleased,339
daddy,339
woah,338
healthy,338
helped,338
farm,337
practice,337
passport,337
however,337
damn,336
tastes,336
soft,335
kick,335
risk,335
woke,335
boxes,335
leaves,334
credit,334
invite,334
telly,333
desk,333
knife,333
bowl,333
harder,332
yorkshire,332
gas,332
abroad,332
island,331
turkey,330
downstairs,330
october,330
helping,330
parts,330
luck,329
pig,329
fingers,329
rock,329
various,328
lamb,327
animal,327
december,327
value,327
queen,327
track,326
languages,326
switch,326
seconds,325
tomato,325
treat,324
figure,324
presumably,324
roads,324
wanting,323
roof,323
department,322
rules,322
final,322
absolute,322
rooms,320
dirty,320
saved,320
mention,320
earth,320
background,320
notes,320
ma-,319
energy,319
crying,319
spoon,319
reasons,318
showing,318
costs,318
mainly,318
rate,317
hundreds,317
model,316
welcome,316
block,316
vote,316
aye,315
cakes,315
secret,315
paris,315
finger,313
ginger,313
ride,312
nicer,312
nature,311
tough,311
ahead,311
falling,310
changes,310
boss,310
thirty-five,310
runs,309
biscuits,309
drugs,309
levels,309
beef,309
edge,308
stone,308
chilli,308
lower,308
subject,308
november,308
spot,308
birds,308
wherever,307
coat,307
bottles,306
forty-five,306
britain,306
auntie,306
exams,306
correct,305
calls,305
arrived,305
groups,304
keen,304
dancing,304
mini,304
occasionally,303
compared,303
tells,303
dance,303
lemon,303
lines,302
bringing,302
swear,302
checked,302
indian,302
nightmare,301
note,301
john,301
decent,301
mortgage,300
india,300
enjoying,300
dot,300
stairs,300
slowly,300
bacon,299
mixed,299
cousin,298
pot,298
polish,297
indeed,297
piss,297
hers,296
parking,296
friendly,295
specific,295
july,295
youtube,295
basic,295
types,295
sale,295
emails,295
link,294
italy,294
plans,294
irish,293
nowadays,293
memory,293
bitch,293
sending,292
nuts,292
companies,291
access,291
chatting,291
closer,291
wee,291
lead,290
dressed,290
due,289
store,289
marks,288
arms,288
helps,288
afraid,288
mile,288
losing,287
issues,287
k,287
shape,287
spare,287
bbc,287
northern,286
button,286
expecting,286
plant,286
david,286
exercise,286
knock,286
thi-,286
sandwich,286
smoking,286
pudding,285
accident,284
harry,284
surprise,284
tomatoes,283
obvious,283
amazon,283
ch-,283
twenty-one,283
academic,283
bunch,282
dick,282
flights,282
ipad,282
recognise,281
horses,281
grass,280
design,280
mates,280
--anonmiscpersonalinfo,280
drama,280
distance,280
café,279
zero,279
wha-,278
frozen,278
copy,278
estate,278
lake,277
recorded,277
international,277
foreign,277
complicated,277
l,277
talks,277
prices,276
perfectly,276
petrol,276
primary,275
areas,275
reply,275
ear,274
roast,274
trousers,274
technology,274
thousands,274
sixth,274
twitter,273
onion,273
mistake,273
nasty,272
opportunity,272
sport,272
cambridge,272
details,272
court,271
race,271
bang,271
clue,271
cleaning,271
role,271
freezer,270
range,270
february,270
spring,270
property,270
r,270
originally,269
idiot,269
neck,269
cutting,269
embarrassing,269
incredible,268
bell,268
accept,268
episode,268
jack,268
co-,268
tin,268
cry,268
score,267
available,267
fake,267
nanny,267
return,267
appreciate,267
fed,267
adult,266
fourth,266
concerned,266
grew,265
diet,265
personally,265
career,264
tape,264
grab,264
twenty-two,264
organised,262
assume,262
ears,262
shoot,262
act,261
et,261
families,261
tour,261
iphone,261
product,261
ought,260
james,260
do-,260
wild,260
doctors,260
heating,260
skiing,259
becomes,259
presents,259
burn,259
gun,259
duck,259
festival,259
average,258
effect,258
blimey,258
path,258
cor,258
direction,258
direct,258
delicious,258
stars,257
sides,257
lad,257
labour,257
thingy,256
sentence,256
driver,256
sofa,256
studying,256
rule,256
clock,256
advice,256
pipe,255
slept,255
twenty-eight,255
context,255
sensible,255
immediately,255
delete,255
japan,254
crikey,254
electric,254
suit,254
sausages,254
base,254
flavour,253
painful,253
chuck,253
media,253
meaning,253
battery,253
section,252
smart,252
prison,252
sainsbury,252
several,252
lock,252
finally,252
collect,251
phones,251
guitar,250
rea-,250
coke,250
supermarket,249
challenge,249
ourselves,248
speech,248
minus,248
dare,248
chap,248
museum,248
opinion,248
menu,247
ends,247
videos,247
classic,247
naughty,247
arse,246
shed,246
songs,245
metal,245
potter,245
purpose,245
jam,244
stock,244
filled,244
limit,244
force,244
planned,243
russia,243
dying,243
technically,243
sounded,243
checking,243
packed,242
row,242
jeans,242
greek,242
signs,242
coach,242
total,241
g,241
female,241
degrees,240
ladies,240
depending,240
pulling,240
al-,240
options,240
individual,240
crack,240
castle,240
hated,240
app,239
plants,239
knocked,239
balls,239
honey,239
partner,239
pan,238
skill,238
walks,238
lane,238
calm,237
americans,237
constantly,237
letting,237
characters,237
related,237
fuel,237
signed,236
considering,236
respect,236
blame,236
gravy,236
wondered,235
dodgy,235
balance,235
halfway,235
pen,235
literature,235
geography,234
create,234
meals,234
truth,234
throwing,234
pages,234
helpful,234
kn-,233
mountain,233
member,233
theatre,233
sink,233
quicker,233
oo,233
tight,233
cope,232
ringing,232
cycle,232
cause,232
trade,232
japanese,231
photograph,231
gorgeous,231
furniture,231
industry,231
weekends,231
offered,230
kicked,230
connection,230
gap,230
comedy,229
impressed,229
christ,229
sheep,229
we-,229
wise,229
cigarette,229
chose,228
uses,228
judge,227
security,227
appointment,227
earning,227
neighbours,227
management,227
code,227
prove,227
dates,227
be-,226
stomach,226
cetera,226
rough,225
ordered,224
zealand,224
fully,224
golf,224
religion,224
photographs,224
legal,223
male,223
stops,223
pepper,223
accommodation,223
camp,223
onions,223
bum,223
focus,223
spicy,223
boom,223
kiss,223
knowledge,222
microwave,222
pretend,222
setting,222
extreme,222
search,222
pocket,221
welsh,221
stress,221
european,221
sausage,221
carrots,221
reality,220
eve,220
racist,220
professional,220
handy,220
allow,220
fix,220
vodka,220
data,220
messages,220
alarm,220
central,220
tap,219
engineering,219
lay,219
reasonable,218
raining,218
loo,218
wheel,218
shift,218
ninety-nine,218
avoid,218
penis,218
potentially,218
plates,217
nervous,217
holes,217
opening,217
cottage,217
walls,217
parties,216
saving,216
bite,216
trains,216
fashion,216
proud,216
fifth,216
handle,216
fighting,215
carried,215
hire,215
nah,215
describe,215
wide,215
impression,214
the-,214
benefit,214
tip,214
spread,214
exist,213
loan,213
ship,213
event,213
scottish,213
environment,213
article,212
shirt,212
blow,212
camping,212
ow,212
pushing,212
wrap,212
stressed,212
awake,212
connected,212
successful,212
breaking,211
mouse,211
poo,211
in-,211
shouting,211
wore,211
population,211
chop,211
lo-,211
fork,210
claim,210
recipe,210
sixties,210
entirely,210
rush,210
carrying,210
unit,209
income,209
survive,209
continue,209
answers,209
jumper,209
horrendous,209
ba-,209
rings,209
chairs,209
skinny,209
comment,208
services,208
steak,208
applied,208
conversations,208
blonde,208
brothers,208
george,208
whisky,208
tie,208
gear,208
nails,208
hearing,208
shh,207
sudden,207
seats,207
peter,207
swap,207
circle,207
birmingham,206
differently,206
budget,206
failed,206
heads,206
midnight,206
illegal,206
terribly,205
joined,205
positive,205
painting,205
blind,205
damage,204
essay,204
millions,204
knee,204
borrow,204
generation,204
creepy,204
socks,204
pork,204
session,204
h,204
masters,204
competition,204
texted,203
expected,202
responsibility,202
impossible,202
prepared,202
opposed,202
f,202
players,202
tablet,202
theme,201
chef,201
grandpa,201
advert,201
major,201
bizarre,201
worrying,201
licence,201
phd,201
tower,201
bars,200
retired,200
jokes,200
typical,200
consider,200
agreed,200
length,199
lunchtime,199
backwards,199
rabbit,199
naked,199
scene,199
medical,198
trained,198
hide,198
giant,198
essentially,198
mushrooms,198
banana,198
wars,198
benefits,198
topic,198
jacket,198
yummy,197
unusual,197
frame,197
tables,197
remembered,197
below,196
tent,196
added,196
material,196
skype,196
extent,195
jumping,195
lego,195
lecture,195
yoga,195
stopping,195
packet,195
thrown,195
swim,195
filling,195
spell,195
computers,195
burnt,195
download,194
products,194
dollars,194
ski,194
majority,194
lord,194
drawing,194
woo,194
flew,193
locked,193
threw,193
keys,193
regular,193
solid,193
brush,193
tunnel,193
cheeky,193
channel,193
boot,193
nail,193
beyond,193
log,193
hates,193
according,193
cv,193
ju-,192
magic,192
roundabout,192
go-,192
scale,192
ebay,192
mrs,192
tasty,192
engine,192
fear,192
seventies,191
fallen,191
flower,191
babe,191
sai-,191
pointless,191
tests,190
pushed,190
flats,190
scratch,189
report,189
navy,189
admit,189
reminds,189
extremely,189
carrot,189
adults,189
moves,189
lazy,189
panic,188
russian,188
pitch,188
dessert,188
steps,188
negative,188
fi-,188
nhs,188
vegetarian,188
kinds,188
homework,188
sandwiches,187
funeral,187
sheet,187
sticking,187
lads,187
salary,187
digital,186
eighties,186
held,186
dentist,186
marketing,186
pint,186
lounge,186
including,186
doo,186
permission,186
content,186
greece,186
shout,185
treatment,185
provide,185
sits,185
kettle,185
washed,185
u,185
grade,185
delivery,185
sa-,185
luckily,184
winning,184
pause,184
motorway,184
struggling,184
temperature,184
crash,184
latin,184
tha-,184
broccoli,184
sweets,184
basis,183
aldi,183
self,183
reception,183
marry,183
moon,183
gate,183
incredibly,183
courses,183
plug,183
co-op,183
chip,182
throat,182
housing,182
naturally,182
raw,182
operation,182
plain,182
struggle,182
se-,182
liverpool,182
attractive,182
argue,182
dish,181
bills,181
silver,181
fixed,181
slide,181
safety,181
cricket,181
confident,181
riding,181
hurts,181
si-,181
ham,180
tr-,180
beard,180
cycling,180
tube,180
youth,180
nicely,180
creative,180
fail,179
title,179
bake,179
iron,179
physical,179
secondary,178
movies,178
rights,178
twenty-six,178
burger,178
complain,178
studies,178
mountains,178
birth,178
gross,178
crisps,178
beds,178
anyhow,177
politics,177
league,177
marriage,177
twenties,176
partly,176
treated,176
lectures,176
k-,176
acting,176
buildings,176
sets,176
remind,176
pile,176
sales,176
owe,176
screaming,176
director,176
gig,176
dude,176
bullshit,176
sees,175
results,175
traditional,175
magazine,175
suggest,175
emailed,175
royal,175
daily,175
veg,175
burning,175
minimum,174
carpet,174
religious,174
spider,174
stressful,174
faster,173
firm,173
pr-,173
evil,173
mail,173
instance,173
replace,173
manchester,173
ev-,173
ignore,173
effectively,173
location,172
shoulder,172
freezing,172
officer,172
chickens,172
evidence,172
biscuit,172
cleaned,172
massively,171
ex,171
fifties,171
net,171
grammar,171
twenty-three,171
mirror,171
pa-,170
embarrassed,170
wooden,170
slice,170
understanding,170
leader,169
master,169
golden,169
album,169
nought,169
dvd,169
pet,169
specifically,169
bond,168
ordinary,168
laid,168
cities,168
artist,168
cylon,168
programmes,168
guilty,168
connect,168
poland,168
tongue,168
reach,168
quote,168
railway,167
discuss,167
ne-,167
oi,167
dishwasher,167
concept,167
created,167
forms,167
developed,167
sunny,166
audience,166
listened,166
classroom,166
restaurants,166
aha,166
tricky,165
mood,165
chosen,165
fortune,165
attitude,165
feedback,165
nurse,165
mo-,164
electricity,164
shooting,164
followed,164
bonus,164
simply,164
advance,164
tooth,163
chill,163
plot,163
caravan,163
parked,163
reference,163
makeup,163
lion,163
canada,163
queue,163
serve,163
theirs,163
painted,162
sticks,162
drank,162
monkey,162
penny,162
driven,162
michael,162
falls,162
fry,162
states,161
boxing,161
eats,161
wire,161
transport,161
insane,161
stays,161
dealing,161
jumped,161
string,161
usual,160
jealous,160
mu-,160
pants,160
directly,160
ruined,160
behaviour,160
conference,160
fiver,160
speaks,160
aunt,160
previous,160
metres,160
becoming,160
sorting,160
teams,160
blooming,159
compare,159
confusing,159
considered,159
core,159
killing,159
spray,159
discussion,159
tablets,159
southern,159
scan,159
ugly,159
barcelona,159
brings,159
tune,159
impressive,159
piano,159
printed,159
fence,159
recent,159
strict,159
affect,159
wi-,158
pin,158
papers,158
pence,158
duh,158
charged,158
produce,158
ability,158
ideal,158
bikes,158
shock,158
flu,158
attached,157
universities,157
christian,157
shoe,157
diary,157
disease,157
pays,157
guide,157
factory,157
ta-,157
wasted,157
pipes,156
sisters,156
equivalent,156
skip,156
oxford,156
freeze,156
fees,156
current,156
profit,155
crisis,155
political,155
cider,155
organise,155
fields,155
explained,155
discard,155
an-,155
smile,155
intense,155
bugger,154
worn,154
factor,154
tempted,154
military,154
coloured,154
via,154
pattern,154
blog,154
named,154
euros,154
collection,154
dresses,154
catholic,154
bone,154
lottery,153
tank,153
personality,153
kit,153
enormous,153
dictionary,153
emotional,153
ho-,153
uncomfortable,153
morrisons,153
breathe,153
capital,153
nope,153
toe,152
meetings,152
apartment,152
rare,152
relax,152
advantage,152
latest,152
texting,152
development,152
owned,152
y,152
guns,152
customer,152
gcse,152
rolls,152
fascinating,151
shy,151
cow,151
seeds,151
physically,151
arrive,151
gift,151
necessary,151
sharing,151
mash,151
kicking,151
physics,151
signal,151
spaghetti,151
bells,151
ingredients,151
bomb,151
wi-fi,150
passing,150
pe,150
jewish,150
winner,150
mud,150
presume,150
chest,150
official,150
guessing,150
fried,150
scheme,150
shared,150
deliver,149
funding,149
clubs,149
surgery,149
useless,149
bollocks,149
ferry,149
olive,149
events,149
ma,149
dig,149
county,149
review,148
twenty-seven,148
lighter,148
relaxed,148
islands,148
owns,148
measure,148
detail,148
pure,148
feeding,148
network,148
suits,148
annoys,148
belt,148
handed,147
lidl,147
t-shirt,147
loft,147
australian,147
fox,147
unbelievable,147
hotels,147
rose,147
pies,147
spin,146
automatically,146
apples,146
responsible,146
stuffed,146
cent,146
projects,146
jewellery,146
asks,145
chess,145
ding,145
breaks,145
seventy-five,145
la-,145
powerful,145
inch,145
shorts,145
desperate,145
bones,145
goodbye,145
baking,144
drives,144
equipment,144
asian,144
cleaner,144
financial,144
pour,144
tidy,144
richard,144
urgh,144
exact,144
mass,143
toys,143
chain,143
drawer,143
recommend,143
complaining,143
delivered,143
stretch,143
pigs,143
heels,143
forest,143
element,143
ending,142
limited,142
sore,142
image,142
le-,142
structure,142
whilst,142
peas,142
nana,142
cameras,142
knees,142
lol,142
sexy,142
unfair,142
bend,142
visa,141
asia,141
understood,141
hung,141
african,141
thirty-two,141
approach,141
presentation,141
fairy,141
mcdonald,141
neighbour,141
favour,140
barely,140
studio,140
tuna,140
flash,140
sand,140
cereal,140
engaged,140
tom,140
stronger,140
western,140
accents,140
designed,140
murder,140
interviews,140
whale,140
members,140
brownies,140
dressing,140
convinced,139
develop,139
attacking,139
independent,139
salmon,139
so-,139
freak,138
belly,138
parent,138
powder,138
protect,138
improve,138
throughout,138
advertising,138
crime,138
strength,138
shelf,138
wave,137
assumed,137
touched,137
ni-,137
disappointed,137
miserable,137
covers,137
steal,137
rolling,137
minister,137
dissertation,137
trick,137
depressing,137
climb,136
goal,136
captain,136
disappeared,136
statement,136
learned,136
transfer,136
charging,136
farmers,136
muslim,136
adverts,136
production,136
flour,136
suggested,136
bob,135
stands,135
deposit,135
height,135
begin,135
teenager,135
discovered,135
timing,135
mi-,135
united,135
norway,135
tick,135
customers,134
dice,134
practise,134
sour,134
edinburgh,134
recordings,134
ti-,134
shorter,134
calendar,134
routine,134
reaction,134
buses,134
wing,134
blocked,134
performance,133
texts,133
cable,133
matches,133
speakers,133
touching,133
assistant,133
economy,133
robin,133
cares,133
breathing,133
highest,133
discount,132
president,132
noisy,132
lack,132
permanent,132
steam,132
password,132
wears,132
supper,132
thailand,132
application,131
engineer,131
object,131
cameron,131
iceland,131
depressed,131
relatively,131
faces,131
habit,131
settled,131
register,131
situations,131
lecturer,131
dried,131
squash,131
thirties,131
mince,131
gallery,131
grief,131
countryside,131
te-,131
wardrobe,131
ghost,131
copper,130
grandmother,130
ba,130
de-,130
hitting,130
fishing,130
hidden,130
pro-,130
relationships,130
vegetable,130
thirty-six,130
whoa,130
cups,129
decisions,129
dining,129
activity,129
yoghurt,129
bay,129
whatsoever,129
planet,129
booking,129
dreadful,129
mexico,129
fifty-five,129
phrase,129
aim,129
prime,129
cure,129
shake,129
turkish,129
inn,129
intelligent,129
express,129
wage,129
killer,129
travelled,129
bucket,129
debt,129
bush,129
wipe,129
zone,128
cuts,128
chopped,128
cloud,128
accounts,128
dragon,128
tail,128
machines,128
popped,128
boats,128
tray,128
tits,128
spelt,128
complex,128
shocked,128
variety,128
campus,128
rise,128
suck,128
linguistics,128
brick,127
silent,127
kidding,127
overnight,127
berlin,127
hills,127
views,127
lump,127
spiders,127
worries,127
crossed,127
result,127
pancakes,127
ge-,127
lately,127
remote,127
willing,127
publishing,127
streets,127
drug,127
applying,127
stamp,127
supply,126
cancel,126
jelly,126
tutor,126
actor,126
blokes,126
upper,126
oops,126
beauty,126
rail,126
friendship,126
ex-,126
cases,126
trial,126
graduate,126
leaf,125
cultural,125
corpus,125
humour,125
mattress,125
custard,125
response,125
slip,125
remove,125
dip,125
regularly,125
bubble,125
dies,125
cou-,125
century,125
blanket,125
bible,125
raise,125
currently,124
lid,124
trips,124
appropriate,124
un-,124
finishing,124
pubs,124
--anonaddress,124
rip,124
crowd,124
prince,124
initially,124
gloves,124
eastern,124
drag,124
chucked,124
weed,124
resources,124
jar,123
holy,123
beers,123
settle,123
fella,123
twenty-first,123
no-,123
pancake,123
asda,123
harsh,123
hen,123
pleasant,123
screw,123
guarantee,123
joint,123
file,123
waking,123
paperwork,123
drill,122
drew,122
forties,122
violent,122
tiger,122
hunt,122
occasion,122
nest,122
tries,122
accepted,122
hedge,122
tied,122
banks,122
waitrose,122
episodes,122
tattoo,122
civil,122
underground,122
hockey,122
gardens,121
invented,121
sharp,121
hamster,121
some-,121
boobs,121
woods,121
cd,121
cucumber,121
punch,121
trainers,121
cancelled,121
technical,121
grandfather,121
cigarettes,121
circus,121
non,121
disney,120
sticky,120
overdraft,120
obsessed,120
nineties,120
yo-,120
towel,120
frustrating,120
district,120
windy,120
pe-,120
shots,120
curtains,120
practical,120
senior,120
flies,120
con-,120
brighton,120
figures,120
pre,120
etcetera,120
sheets,120
mixture,120
rolled,119
boiled,119
racism,119
cheapest,119
ducks,119
cheesy,119
testing,119
organic,119
border,119
joy,119
baked,119
fairness,119
bedrooms,119
marking,119
agent,119
starter,119
union,119
stream,119
perspective,119
fold,119
conditions,118
versus,118
shown,118
newcastle,118
active,118
outfit,118
mint,118
pond,118
teenagers,118
princess,118
communicate,118
cruise,118
mill,118
cast,118
musical,118
package,118
champagne,118
kindle,118
peru,118
shocking,118
suspect,118
buys,118
reduced,118
dust,118
stolen,118
ceiling,118
sir,117
ambulance,117
calories,117
knocking,117
status,117
speaker,117
humans,117
snake,117
triple,117
cornwall,117
climbing,117
pots,117
poorly,117
hip,117
gardening,117
singer,116
steel,116
closing,116
ben,116
drops,116
surprising,116
shakespeare,116
introduced,116
pointing,116
percentage,116
boiling,116
assuming,116
academy,116
fa-,116
tasted,116
landed,116
module,116
thoughts,116
potential,116
upon,116
spinach,116
messaged,116
tummy,115
homes,115
bump,115
virgin,115
disaster,115
arguing,115
eu,115
influence,115
conscious,115
blues,115
peo-,115
hurting,115
farmer,115
eyebrows,115
toy,115
confidence,115
tourist,115
wrapped,115
leather,115
posted,115
caused,115
records,115
lit,115
horror,115
wouldn't,115
forwards,115
boiler,115
satnav,115
dropping,114
fits,114
uniform,114
kong,114
escape,114
ripped,114
entertainment,114
twenty-nine,114
israel,114
mac,114
mid,114
boil,114
highly,114
retire,114
atmosphere,114
mistakes,114
billion,114
spaces,114
web,114
maps,114
cousins,114
lewis,114
tenner,114
employed,113
combination,113
biology,113
impact,113
st,113
con,113
roughly,113
concentrate,113
straightaway,113
renting,113
rome,113
reverse,113
exhibition,113
nick,113
buttons,113
expert,113
constant,113
weak,113
eighteenth,112
parks,112
shitty,112
deck,112
philosophy,112
replied,112
switched,112
portugal,112
fitted,112
allowance,112
signing,112
balcony,112
routes,112
finds,112
lorry,112
wheels,112
chocolates,112
drivers,112
sixty-five,112
hairy,112
whe-,112
cookie,112
upside,112
squeeze,112
reminded,112
cardboard,112
q,112
forced,112
loving,112
cheque,112
noodles,111
v,111
experiment,111
managing,111
cheating,111
mushroom,111
extension,111
bu-,111
mam,111
thirty-four,111
selfish,111
tested,111
subjects,111
grandparents,111
grim,111
z,111
recipes,111
laughed,111
stroke,111
include,111
printer,111
voted,111
basket,111
roman,111
forgetting,111
ruin,111
semester,111
guest,111
qualified,110
ri-,110
voucher,110
realize,110
elephant,110
fifteenth,110
loose,110
laying,110
materials,110
breath,110
vocabulary,110
quiz,110
removed,110
massage,110
happily,110
collecting,110
fluffy,110
agency,110
protein,110
modules,109
movement,109
success,109
heck,109
chilled,109
bleeding,109
deals,109
bands,109
profile,109
comments,109
herbs,109
san,109
promise,109
amongst,109
oldest,109
exit,109
ridiculously,109
fabulous,109
silence,109
port,109
korean,109
rhubarb,109
aggressive,109
shush,109
nursery,109
visiting,109
desert,108
condition,108
bananas,108
palace,108
instructions,108
arabic,108
communication,108
3d,108
ancient,108
toes,108
knackered,108
vagina,108
recognised,108
cathedral,107
pronounce,107
sailing,107
crumble,107
rented,107
regret,107
mice,107
duty,107
proof,107
stones,107
finishes,107
twist,107
nearest,107
documentary,107
strawberry,107
hostel,107
planes,106
wor-,106
prepare,106
arranged,106
opens,106
bug,106
accidentally,106
peppers,106
recycling,106
counter,106
concrete,106
repeat,106
dreams,106
scarf,106
wings,106
automatic,106
organisation,106
rub,106
choir,106
competitive,106
bungalow,106
cabbage,106
angle,106
com,106
category,106
telephone,106
damp,106
entrance,106
goat,106
dairy,106
breast,106
marked,106
junction,105
cleared,105
coconut,105
dubai,105
lasagne,105
me-,105
freedom,105
cough,105
hug,105
teenage,105
su-,105
strike,105
evenings,105
smashed,105
policy,105
tub,105
thirty-three,105
grumpy,105
spa,105
coaching,105
poem,105
supermarkets,105
grapes,105
progress,105
destroy,105
battle,105
root,105
batteries,105
warning,105
bargain,105
boards,104
hong,104
lifestyle,104
filter,104
fr-,104
bins,104
bound,104
jeez,104
simon,104
pole,104
owner,104
nap,104
bunny,104
catching,104
foods,104
whichever,104
source,104
grows,104
tourists,104
prize,104
pathetic,104
tends,104
nor,104
narrow,104
peanut,104
mystery,104
alternative,103
rarely,103
emergency,103
apologise,103
cap,103
chasing,103
encourage,103
trapped,103
appeal,103
messed,103
hassle,103
psychology,103
swing,103
jolly,103
discussing,103
writes,103
w,103
heaven,103
mission,103
gutted,103
bee,103
pairs,103
youngest,103
recorder,102
tools,102
norfolk,102
served,102
dating,102
divorced,102
wool,102
vinegar,102
industrial,102
toilets,102
pyjamas,102
instagram,102
drawn,102
newspaper,102
gin,102
acceptable,102
netflix,102
comparison,102
spice,102
properties,102
he-,102
arsed,102
effects,102
beforehand,102
aged,102
hence,102
counting,101
solar,101
drum,101
included,101
maximum,101
dug,101
nut,101
phase,101
branch,101
longest,101
quit,101
sensitive,101
mornings,101
nom,101
landlord,101
slash,101
j,101
gotten,101
arrange,101
entertaining,101
sunshine,101
relevant,101
muscle,101
rubber,100
hammer,100
medicine,100
peace,100
brazil,100
paul,100
childhood,100
hook,100
ac-,100
polite,100
jungle,100
fellow,100
leading,100
whereabouts,100
slippers,100
concert,100
filming,100
rates,100
pops,100
allergic,100
mil,100
counts,100
blowing,99
victorian,99
figured,99
granddad,99
enter,99
update,99
ho,99
replaced,99
celebrity,99
moaning,99
reviews,99
bristol,99
assessment,99
convenient,99
payment,99
mango,99
strawberries,99
led,99
bulbs,99
witch,99
easiest,99
storage,99
thirteenth,99
crackers,99
increase,99
halloween,99
tony,99
terrified,99
towns,99
medium,99
formal,99
bodies,99
sprouts,98
shove,98
essex,98
contacts,98
seventeenth,98
euro,98
deleted,98
daft,98
spices,98
hits,98
cliff,98
thai,98
false,98
pride,98
talent,98
strip,98
sites,98
prob-,98
ki-,98
seed,98
savings,98
effective,98
serving,98
cried,97
tiles,97
messy,97
registered,97
swearing,97
hats,97
half-term,97
fireworks,97
task,97
banned,97
mary,97
lawn,97
flow,97
ketchup,97
nearer,97
destroyed,97
hiding,97
lawyer,97
printing,97
bt,97
blank,97
software,97
sim,97
smoked,97
dishes,97
fiction,97
aspect,97
fudge,97
liquid,96
id,96
universe,96
jet,96
eighth,96
screwed,96
possibility,96
crush,96
settings,96
pump,96
introduce,96
mask,96
laws,96
offering,96
solution,96
muscles,96
experienced,96
grill,96
flush,96
warmer,96
businesses,96
deliberately,96
chances,96
actions,96
appear,96
buried,96
received,96
arts,96
document,96
ninety-five,96
cab,96
finance,96
soul,96
holland,96
amazed,96
suicide,96
logic,95
tool,95
sucks,95
nicked,95
seventh,95
cinnamon,95
alphabet,95
coal,95
saudi,95
forty-two,95
cotton,95
whoops,95
memories,95
pronunciation,95
diesel,95
exchange,95
leeds,95
feelings,95
picks,95
venice,95
relaxing,94
blocks,94
mature,94
pilot,94
cows,94
matters,94
debate,94
romantic,94
stole,94
hurry,94
covering,94
funnily,94
mars,94
release,94
frightened,94
adventure,94
grades,94
sexual,94
eighty-five,94
disabled,94
equal,94
hi-,94
slight,94
thirty-nine,94
offers,94
target,94
weddings,93
guard,93
leisure,93
tears,93
certificate,93
alcoholic,93
comfy,93
danger,93
flip,93
spends,93
chin,93
offence,93
novel,93
bitter,93
pleasure,93
hired,93
junior,93
fancied,93
rat,93
bastard,93
ed,93
rope,93
booze,93
skirt,93
connections,93
fee,93
puppy,92
facing,92
smith,92
reasonably,92
deserve,92
nerves,92
officially,92
cooker,92
vaguely,92
unfortunate,92
examples,92
analysis,92
raised,92
bastards,92
patterns,92
gcses,92
starving,92
vicar,92
pressed,92
matt,92
autumn,92
badge,92
edit,92
gender,92
joining,92
knitting,92
overall,92
norwich,92
definition,92
cocktail,91
bra,91
jinx,91
spinning,91
storm,91
violence,91
vat,91
mentally,91
lies,91
meter,91
respond,91
aside,91
virtually,91
gradually,91
underwear,91
era,91
cabin,91
attacked,91
barbecue,91
spelling,91
pram,91
native,91
valentine,91
inappropriate,91
ladder,91
frank,91
sometime,91
to-,91
shell,91
beijing,91
soap,91
olympics,91
fitness,90
closest,90
boo,90
lasts,90
towels,90
helicopter,90
released,90
porridge,90
entitled,90
waited,90
vampire,90
deer,90
irritating,90
loop,90
offended,90
hitler,90
depression,90
na-,90
twentieth,90
hunting,90
inches,90
leads,90
bat,90
designer,90
shoulders,90
candles,90
tattoos,90
bumped,90
committed,90
interests,90
opportunities,90
weights,90
activities,90
spoilt,90
yard,90
monster,90
regardless,90
arrested,90
jazz,90
curtain,90
digging,89
whack,89
articles,89
photography,89
prawn,89
wedge,89
dr,89
com-,89
separately,89
purely,89
jones,89
cooks,89
description,89
icing,89
visited,89
scored,89
instructor,89
chase,89
messing,89
gigs,89
interviewed,89
scientific,89
churches,89
systems,89
reds,89
grant,89
grams,89
faith,89
annoy,89
folk,88
bo-,88
blew,88
shaped,88
actors,88
additional,88
wheat,88
racing,88
wo-,88
writer,88
moscow,88
stations,88
pencil,88
slower,88
studied,88
invest,88
scream,88
blown,88
randomly,88
portion,88
damaged,88
surname,88
sum,88
brave,88
relative,88
--anonsocialmedianame,88
standards,88
creating,88
collected,88
prosecco,88
lent,88
armies,88
reputation,88
sunderland,88
provided,88
aerial,88
tag,88
couples,87
abuse,87
popping,87
truck,87
bauer,87
passion,87
layers,87
bulgaria,87
crossing,87
crashed,87
medication,87
dutch,87
occasions,87
premier,87
links,87
bears,87
sp-,87
hood,87
rabbits,87
cells,87
sticker,87
proportion,87
lime,87
identify,87
freaked,87
tops,87
items,87
donkey,87
switzerland,87
divorce,87
mashed,87
cds,87
monopoly,87
blender,87
cherry,87
patient,87
essays,87
logical,87
published,87
e-mail,87
ipod,87
forty-eight,86
chopping,86
fund,86
bald,86
begins,86
cultures,86
recommended,86
cracker,86
critical,86
principle,86
mug,86
pizzas,86
altogether,86
tan,86
solve,86
discussed,86
knives,86
adding,86
explaining,86
evaluation,86
artists,86
upgrade,86
toffee,86
label,86
symptoms,86
handbag,86
bench,86
gain,86
eleventh,86
valley,86
circumstances,86
idiots,86
yogurt,85
ink,85
selection,85
instantly,85
demand,85
costume,85
ugh,85
mega,85
chief,85
crispy,85
shave,85
rely,85
lyrics,85
scissors,85
familiar,85
program,85
v-,85
audio,85
nineteenth,85
egypt,85
arguments,85
symbol,85
slices,85
nuclear,85
charges,85
handsome,85
maternity,85
raspberries,85
blair,85
workers,85
produced,85
sessions,85
display,85
mot,85
truly,85
foundation,85
units,85
brownie,84
achieve,84
choices,84
author,84
ea-,84
kilometres,84
folder,84
candy,84
cunt,84
pretending,84
refused,84
inviting,84
wander,84
stunning,84
tenth,84
straw,84
visual,84
professor,84
forecast,84
drain,84
advanced,84
abbey,84
rocket,84
shiny,84
rum,84
redundant,84
wealthy,84
schedule,84
basil,84
corn,84
noun,84
loss,84
straightforward,84
flexible,83
pm,83
images,83
genius,83
forth,83
re,83
facts,83
prawns,83
jail,83
litre,83
landing,83
guardian,83
staring,83
keyboard,83
lick,83
dumb,83
filmed,83
technique,83
clip,83
consent,83
campaign,83
thread,83
charlie,83
vietnam,83
victoria,83
sight,83
twins,83
ad,83
pointed,83
sentences,82
dinners,82
muslims,82
bishop,82
instrument,82
colleagues,82
thirty-eight,82
logo,82
duvet,82
forty-one,82
noises,82
scrabble,82
snack,82
suspicious,82
subway,82
gossip,82
rank,82
shirts,82
barn,82
tiring,82
amounts,82
shifts,82
lets,82
intelligence,82
bent,82
lonely,82
greenhouse,82
badger,82
rescue,82
briefly,82
financially,82
dialect,82
cookies,82
frigging,82
hay,82
knickers,82
item,81
bearing,81
fuss,81
unlikely,81
bare,81
toot,81
minor,81
thirty-seven,81
complained,81
centres,81
rocks,81
organising,81
cl-,81
lean,81
beaten,81
da-,81
workshop,81
thirty-one,81
roles,81
choosing,81
chemistry,81
nephew,81
experiences,81
heading,81
vehicle,81
elderly,81
historical,81
lists,81
fortnight,81
disco,81
alice,81
watches,81
ass,80
hearts,80
stir,80
motorbike,80
infection,80
poster,80
en-,80
volume,80
on-,80
banging,80
peak,80
stealing,80
drawers,80
lamp,80
oliver,80
metre,80
hoover,80
ankle,80
layer,80
cosy,80
clearing,80
cupboards,80
models,80
monthly,80
fifty-two,80
believed,80
rats,80
roots,80
chillies,80
chris,80
affected,80
ar-,80
ra-,80
loaded,80
stable,80
definite,80
investment,80
disagree,79
explore,79
motor,79
roller,79
happier,79
santa,79
careers,79
sweat,79
suitcase,79
supposedly,79
takeaway,79
liking,79
tuition,79
funniest,79
fans,79
wins,79
woken,79
jamie,79
larger,79
grateful,79
qualifications,79
peel,79
nicest,79
midday,79
suffer,79
seminar,79
celebrate,79
devil,79
antibiotics,79
realized,79
flood,79
sells,79
teaches,79
homeless,79
greens,79
hummus,79
bullet,79
gran,79
ignored,79
managers,79
piggy,78
flashing,78
twat,78
portuguese,78
scare,78
spy,78
answered,78
syrup,78
daughters,78
tyres,78
sizes,78
iplayer,78
pit,78
pets,78
tense,78
harm,78
jeremy,78
indoors,78
tips,78
porn,78
criminal,78
capable,78
twelfth,78
aid,78
flipping,78
fool,78
clicked,78
bugs,78
chew,78
specialist,78
cartoon,78
birthdays,78
classics,78
disappear,78
carefully,77
bowls,77
cloth,77
wandering,77
plum,77
trailer,77
lasted,77
species,77
crew,77
copyright,77
crappy,77
pro,77
runner,77
educated,77
alan,77
bean,77
error,77
sarah,77
dump,77
snap,77
steady,77
weirdo,77
linked,77
candle,77
panel,77
internal,77
martin,77
pl-,77
offensive,77
cans,77
burns,77
instant,77
pensions,77
coursework,77
temporary,77
curious,77
virus,77
peculiar,77
comfort,77
tone,77
scrape,77
authority,77
affair,77
stadium,77
mexican,76
causes,76
fussy,76
teddy,76
thrones,76
cuddle,76
bees,76
perfume,76
multiple,76
circles,76
marathon,76
tokyo,76
protection,76
opera,76
trolley,76
sweden,76
frog,76
coins,76
stuffing,76
dos,76
stages,76
darker,76
artificial,76
ribs,76
timer,76
ninth,76
sack,76
expression,76
becau-,76
valid,76
adds,76
chelsea,76
smash,76
legally,76
ikea,76
mild,76
defend,76
practically,76
canal,76
beep,76
terrifying,76
typing,75
packing,75
warehouse,75
taxed,75
lap,75
everyday,75
periods,75
sewing,75
steve,75
apprentice,75
controlled,75
soil,75
contacted,75
wider,75
sooner,75
melt,75
dragged,75
wicked,75
entry,75
reduce,75
rifle,75
rhyme,75
facilities,75
grandchildren,75
samsung,75
addicted,75
poetry,75
suite,75
showers,75
tobacco,75
relate,75
behaved,75
relief,75
unlike,75
slim,75
kidney,75
election,75
warming,75
grabbed,75
ups,75
pillow,75
equally,75
thames,75
protected,75
sec,75
bitten,75
pastry,75
isis,74
roses,74
heritage,74
smooth,74
values,74
ballet,74
arrow,74
exhausted,74
hardest,74
picnic,74
tech,74
kent,74
significant,74
beaches,74
appointments,74
devon,74
files,74
function,74
permanently,74
hospitals,74
florida,74
heavily,74
pity,74
cracking,74
xbox,74
costa,74
sherlock,74
patch,74
taller,74
jumps,74
spirit,74
expectations,74
verb,74
offices,74
hunger,74
preferred,74
hospice,74
en,74
sends,74
squirrel,74
wou-,74
charger,74
generous,73
hoop,73
justify,73
brackets,73
celebrities,73
timetable,73
anniversary,73
operate,73
pigeon,73
skating,73
cocktails,73
genetic,73
initial,73
farms,73
realistic,73
wikipedia,73
glue,73
charities,73
downloaded,73
fur,73
colleague,73
unique,73
updated,73
trainer,73
cruel,73
lecturers,73
cheat,73
poverty,73
trek,73
thirtieth,73
lolz,73
described,73
cage,73
quarters,72
taxes,72
carrier,72
diamond,72
sydney,72
behave,72
pale,72
nav,72
platform,72
exercises,72
toothbrush,72
curly,72
guessed,72
shadow,72
repair,72
bi-,72
cave,72
marmite,72
apprenticeship,72
affects,72
pints,72
spots,72
syria,72
marvellous,72
employ,72
ish,72
jews,72
yup,72
sixty-four,72
burst,72
germans,72
junk,72
wrist,72
wages,72
suitable,72
conservatory,71
gps,71
pee,71
saint,71
cock,71
engineers,71
boarding,71
istanbul,71
leaders,71
sauces,71
vowels,71
directions,71
bow,71
waving,71
torch,71
commitment,71
ultimately,71
attacks,71
gang,71
builder,71
packs,71
burgers,71
goose,71
slope,71
shelves,71
appalling,71
flick,71
pre-,71
strategy,71
spoil,71
waist,71
concern,71
madrid,71
qualification,71
flag,71
chapter,71
hobby,71
brains,71
full-time,71
genuine,71
pouring,71
barbeque,70
maintain,70
moustache,70
snowman,70
react,70
improved,70
agreement,70
explanation,70
websites,70
crunchy,70
orders,70
lakes,70
mat,70
passes,70
beetroot,70
panda,70
client,70
knob,70
surface,70
tradition,70
medieval,70
stores,70
bricks,70
scenes,70
ships,70
hu-,70
amsterdam,70
dramatic,70
arab,70
settee,70
awareness,70
admin,70
nip,70
diabetes,70
anti,70
nonsense,70
ford,70
bulb,69
fatty,69
injured,69
scenario,69
mode,69
jakarta,69
blacks,69
developing,69
tracks,69
bounce,69
fortunately,69
squad,69
alien,69
shouted,69
weigh,69
mayonnaise,69
shuffle,69
playground,69
charles,69
frying,69
radiator,69
snowing,69
revision,69
fluid,69
skis,69
earned,69
wasting,69
cubes,69
script,69
russell,69
documents,69
references,69
dvds,69
remembering,69
nurses,69
architecture,69
encouraging,69
angel,69
toothpaste,69
caribbean,68
topics,68
moments,68
hairdresser,68
cannon,68
yellows,68
sixteenth,68
parish,68
lip,68
paedophile,68
bull,68
grenade,68
pakistan,68
poison,68
broad,68
sample,68
refuse,68
pace,68
hiya,68
sleepy,68
engage,68
cardiff,68
lettuce,68
spotted,68
extraordinary,68
belgium,68
donate,68
analyse,68
volunteer,68
soldier,68
luggage,68
baker,68
guests,68
commute,68
needles,68
don-,68
upsetting,68
accurate,68
stiff,68
thumb,68
homemade,68
scar,68
producer,68
kills,68
brake,67
immediate,67
shaking,67
wives,67
vile,67
threatening,67
ban,67
rows,67
umbrella,67
rung,67
luxury,67
extended,67
croatia,67
craft,67
survey,67
reached,67
retail,67
par-,67
triangle,67
chemical,67
bicycle,67
checks,67
chi,67
strings,67
thr-,67
cheek,67
mea-,67
snakes,67
fe-,67
disk,67
selfie,67
commission,67
defending,67
blend,67
secretary,67
poems,67
convince,67
paste,67
commit,67
statistics,67
venue,67
hugely,67
chunk,67
ray,67
wisdom,66
firstly,66
may-,66
googled,66
inner,66
rod,66
independence,66
growth,66
vegas,66
efficient,66
worker,66
cauliflower,66
sponge,66
beating,66
surgeon,66
request,66
po-,66
acts,66
socially,66
happiness,66
goals,66
lowest,66
elbow,66
officers,66
pu-,66
survived,66
legend,66
vision,66
primark,66
shaved,66
pumpkin,66
referred,66
varnish,66
consultant,66
kenya,66
flown,66
gentle,66
steep,66
fought,66
knitted,66
chick,66
practising,66
marble,66
compromise,66
pens,65
forces,65
bid,65
struggled,65
clouds,65
moan,65
sixty-nine,65
solicitor,65
distracted,65
lavender,65
difficulty,65
johnny,65
rotate,65
haircut,65
buns,65
savoury,65
pill,65
headache,65
gently,65
formula,65
badminton,65
translate,65
twenty-ninth,65
buffet,65
swedish,65
mums,65
pineapple,65
valencia,65
tissue,65
voting,65
maintenance,65
mafia,65
phoning,65
priest,65
separated,65
minds,65
mama,65
knit,65
for-,65
beside,65
villages,65
dual,65
passports,65
global,65
circular,65
despite,65
diving,65
palm,65
vanilla,65
le,65
villa,65
lungs,65
thir-,65
accountant,65
thesis,64
anxiety,64
oak,64
corridor,64
scales,64
bedtime,64
summat,64
format,64
masses,64
colleges,64
enjoys,64
pockets,64
credits,64
seasons,64
photographer,64
sunglasses,64
markets,64
dolphins,64
pulls,64
whatsapp,64
membership,64
channels,64
sock,64
leggings,64
fitting,64
floors,64
gaps,64
nee-,64
rushed,64
essential,64
broadband,64
dr-,64
scores,64
strap,64
chilly,64
copies,64
motion,64
robot,64
priority,64
volunteers,64
galaxy,64
exists,64
policeman,64
slap,64
lightning,64
ironing,64
soldiers,64
placement,64
beautifully,64
ohh,64
scrambled,64
fizzy,64
causing,64
shapes,64
flap,64
spit,64
twin,63
emptied,63
unhappy,63
pla-,63
mick,63
gates,63
odds,63
liver,63
bass,63
pacific,63
device,63
opinions,63
retirement,63
cracked,63
hunter,63
gr-,63
aww,63
borrowed,63
barrier,63
motivation,63
crystal,63
lips,63
greater,63
bombs,63
require,63
vague,63
rural,63
academics,63
muddy,63
rainbow,63
required,63
owl,63
bust,63
cushion,63
neat,63
outrageous,63
differences,63
spencer,63
stabbed,63
arsenal,63
dan,63
rides,63
journalist,63
swallow,63
snapchat,63
bowling,63
bakery,63
previously,63
smelt,63
providing,63
crust,63
disappointing,63
farming,63
focused,63
cvs,63
answering,62
lab,62
bobs,62
filthy,62
economic,62
commercial,62
smartphone,62
ties,62
penguin,62
phrases,62
trigger,62
backs,62
scones,62
teas,62
minecraft,62
lesbian,62
ian,62
influenced,62
comedian,62
receipt,62
converted,62
unlimited,62
tw-,62
posters,62
reckons,62
replacement,62
refer,62
carbs,62
jug,62
qui-,62
wiped,62
divided,62
clinic,62
thatcher,62
weirdly,62
loans,62
smelly,62
fashioned,62
illness,62
handwriting,62
caramel,62
remem-,62
supervisor,62
slot,62
sail,62
eastenders,61
discipline,61
performing,61
twenty-seventh,61
dialogue,61
coughing,61
edges,61
buff,61
treats,61
statue,61
lifted,61
glasgow,61
updates,61
al,61
aeroplane,61
secure,61
defence,61
decides,61
christening,61
forty-nine,61
bubbles,61
pollution,61
treasure,61
bulk,61
vowel,61
generations,61
silk,61
lied,61
ph-,61
ukip,61
khartoum,61
listed,61
lifts,61
valuable,61
thankfully,61
arrangement,61
scientist,61
mustard,61
vast,61
chewing,61
apps,61
brief,61
mock,61
cabinet,61
complaint,61
method,61
nearby,61
clues,61
sideways,61
stew,61
billy,61
immigrants,61
ga-,61
slipped,61
clothing,61
quietly,61
costing,61
banter,61
slides,61
dryer,60
receive,60
frequently,60
chunky,60
division,60
goats,60
whatnot,60
jars,60
jane,60
hob,60
whore,60
select,60
counted,60
afghanistan,60
un,60
sons,60
detention,60
terrorist,60
incident,60
perform,60
den,60
waterproof,60
salty,60
millionaire,60
deciding,60
coin,60
sundays,60
voices,60
challenging,60
downhill,60
launch,60
thomas,60
empire,60
joker,60
pressing,60
sweating,60
pony,60
recruitment,60
compost,60
assembly,60
favourites,60
advertise,60
smiling,60
knight,60
kevin,60
patients,60
rah,60
guinea,60
extend,60
ouch,59
host,59
fluent,59
secretly,59
contracts,59
slag,59
elsewhere,59
diaries,59
tweet,59
amusing,59
plugged,59
inspired,59
holly,59
morrison,59
colder,59
butterfly,59
gum,59
educational,59
suggesting,59
nokia,59
sacked,59
mediterranean,59
yo,59
shade,59
advertised,59
pills,59
twenty-third,59
neutral,59
torture,59
ya,59
drums,59
capacity,59
saves,59
henry,59
safer,59
shortly,59
jimmy,59
stink,59
william,59
recycle,59
agents,59
footballer,59
gp,59
poles,59
mould,59
freaky,59
producing,59
diff-,59
balloons,59
depend,59
monkeys,59
centimetres,59
rating,58
outfits,58
delayed,58
expense,58
old-fashioned,58
electrical,58
threat,58
beast,58
gather,58
multicolour,58
sword,58
yards,58
reports,58
stall,58
quarantine,58
wires,58
twenty-fourth,58
bro,58
twenty-fifth,58
frames,58
doubled,58
lifetime,58
algiers,58
zoo,58
bamboo,58
lease,58
ross,58
fever,58
lanes,58
weekly,58
ordering,58
wines,58
sized,58
floating,58
passenger,58
controversial,58
judging,58
merry,58
chucking,58
counselling,58
identity,58
fabric,58
lemonade,58
vitamin,58
climate,58
forum,58
arriving,58
dozen,58
frankly,58
poke,58
strongly,58
powerpoint,58
lighting,58
interestingly,58
involve,58
vintage,58
quotes,58
greatest,58
mole,58
sweaty,58
max,57
fir-,57
vacuum,57
tidying,57
genes,57
horrid,57
curriculum,57
follows,57
niece,57
dealt,57
risky,57
oranges,57
sc-,57
texture,57
rubbing,57
relation,57
part-time,57
stag,57
courts,57
vouchers,57
airbnb,57
clocks,57
bikini,57
resort,57
decorating,57
exposed,57
translation,57
housemate,57
revolution,57
vice,57
emotionally,57
ping,57
searching,57
therapy,57
ultimate,57
dis-,57
failure,57
kissed,57
cube,57
butcher,57
fo-,57
psychological,57
hero,57
soak,57
panicking,57
relatives,57
equals,57
panels,57
sings,56
edward,56
brian,56
external,56
roasted,56
semi,56
divide,56
envelope,56
gel,56
dislike,56
loaf,56
ebola,56
bun,56
heated,56
locks,56
lined,56
incentive,56
dinosaur,56
premium,56
injection,56
starters,56
escaped,56
shoots,56
spoons,56
tale,56
terry,56
ash,56
fringe,56
honeymoon,56
cheated,56
tinder,56
fridays,56
shark,56
criteria,56
gut,56
invested,56
chaos,56
fetch,56
per-,56
identical,56
pirate,56
singapore,56
backed,56
bleach,56
wolf,56
paragraph,56
creamy,56
anal,56
liar,56
willy,56
halls,56
rover,56
deputy,56
anxious,56
moral,56
operating,56
expenses,56
dough,56
humanity,56
attempt,56
sod,56
crawl,56
dickhead,56
fifty-nine,56
features,56
pissing,56
peanuts,56
wakes,56
louis,56
nappy,56
shelter,55
brakes,55
sadly,55
innocent,55
meets,55
frightening,55
perception,55
remembers,55
topshop,55
newspapers,55
opener,55
swapped,55
demanding,55
costumes,55
applications,55
emotions,55
followers,55
deeper,55
claims,55
horrific,55
diseases,55
vibe,55
youngsters,55
crown,55
judgement,55
imagination,55
collapsed,55
disturbing,55
ace,55
doubles,55
articulate,55
chilling,55
flooded,55
gown,55
ocean,55
peppermint,55
struck,55
fourteenth,55
association,55
crop,55
chunks,55
cha-,55
conservative,55
vegan,55
phew,55
doughnut,55
frustrated,55
parcel,55
gathering,55
region,55
footage,55
supporting,55
enthusiastic,55
lloyd,55
amazingly,55
editor,55
lung,55
hollywood,55
whip,55
outdoor,55
milan,55
domestic,55
lancaster,55
tubes,55
sixty-seven,55
annual,55
wildlife,55
beatles,55
twenty-eighth,55
swollen,55
planted,55
wagon,55
--anontelephonenumber,55
chatty,55
engines,55
strictly,55
melted,55
lenses,55
blade,54
counsellor,54
feathers,54
wobbly,54
injections,54
hashtag,54
clients,54
occurred,54
cheddar,54
persuade,54
construction,54
prior,54
worthwhile,54
sounding,54
iphones,54
kate,54
athletics,54
voluntary,54
flavours,54
delhi,54
sketch,54
formed,54
shepherd,54
pisses,54
psycho,54
heathrow,54
reflection,54
argos,54
belfast,54
penalty,54
cocoa,54
witness,54
employer,54
quieter,54
eighty-four,54
shite,54
sang,54
norwegian,54
sweetcorn,54
architect,54
zip,54
ticking,54
introduction,54
fireman,54
acid,54
comparing,54
forty-four,54
sexist,54
classical,54
ideally,54
br-,54
strangely,54
caps,54
mp3,54
leicester,54
fired,54
purchase,54
announced,54
congratulations,54
leaning,54
screws,54
dum,54
marshmallow,54
lend,54
gluten,54
berries,54
mothers,53
grounds,53
sleeps,53
isle,53
urban,53
pi-,53
butt,53
mixing,53
blackberry,53
conditioning,53
contribute,53
mouldy,53
daniel,53
correctly,53
partners,53
scientists,53
whales,53
kings,53
gentleman,53
prayer,53
specially,53
graphic,53
fruits,53
goods,53
sober,53
anonymous,53
wraps,53
bunk,53
mp,53
girly,53
grave,53
scoop,53
adopt,53
squares,53
budapest,53
whistle,53
freshers,53
lunches,53
authors,53
parsnips,53
tart,53
compliment,53
rained,53
chemicals,53
nil,53
dye,53
cattle,53
explode,53
beg,53
wrestling,53
netball,53
paintings,53
grid,53
patio,53
established,53
flesh,53
dolly,53
poured,53
ninety-four,53
ache,53
shattered,53
dollar,53
pillows,52
touristy,52
pains,52
liberal,52
hou-,52
convert,52
ab-,52
ethics,52
loses,52
yourselves,52
determined,52
ditch,52
publish,52
drying,52
weapons,52
curries,52
appeared,52
packets,52
committee,52
elite,52
pans,52
chimney,52
allows,52
writers,52
fiftieth,52
ps,52
promised,52
gardener,52
ve-,52
horn,52
menopause,52
buzz,52
positions,52
legacy,52
tunes,52
postcode,52
acres,52
midlands,52
owners,52
raising,52
immigration,52
trap,52
targets,52
lodge,52
poet,52
gifts,52
argentina,52
wealth,52
locally,52
maker,52
inclined,52
iraq,52
depth,52
dumped,52
puddings,52
t-shirts,52
transcribing,52
treating,52
you-,52
microphone,52
taxis,52
forty-seven,52
belong,52
lumps,52
pc,52
celebration,52
canadian,52
parmesan,52
eldest,52
balloon,52
steering,51
herb,51
copied,51
yacht,51
alzheimer,51
twos,51
mickey,51
patience,51
recall,51
cushions,51
california,51
peaceful,51
pff,51
whi-,51
jumpers,51
carbon,51
posting,51
tender,51
employment,51
avenue,51
aliens,51
rhythm,51
numerous,51
bookshop,51
kissing,51
compete,51
delivering,51
rounds,51
domino,51
hull,51
hub,51
snacks,51
dynamic,51
referencing,51
existing,51
tweeted,51
wellies,51
sneaky,51
advisor,51
thinner,51
luton,51
staircase,51
token,51
pavement,51
obliged,51
lee,51
foxes,51
towers,51
continuing,51
grace,51
avocado,51
suffering,51
needle,51
brutal,51
itv,51
sage,51
pat,51
conspiracy,51
wallpaper,51
messaging,51
submit,51
giuseppe,51
beats,51
mongolia,51
vehicles,51
reserve,51
devastated,51
viable,51
overly,50
wrapping,50
bangkok,50
loch,50
theories,50
cuba,50
crème,50
cycled,50
clarinet,50
hr,50
laser,50
smokes,50
baileys,50
fart,50
vicious,50
auction,50
dong,50
smallest,50
terrace,50
reader,50
cr-,50
di,50
spreading,50
chops,50
landscape,50
sorta,50
olives,50
chooses,50
satellite,50
heal,50
tyre,50
hopeless,50
oxygen,50
olds,50
har-,50
pug,50
cupcakes,50
snapped,50
temple,50
breed,50
basketball,50
preparation,50
batman,50
muffin,50
coaches,50
saturdays,50
guaranteed,50
stare,50
vodafone,50
invitation,50
wound,50
circuit,50
francisco,50
cot,50
gypsy,50
stephen,50
bonnet,50
assault,50
sheffield,50
malaysia,50
metro,50
associate,50
dracula,50
twenty-second,50
hangover,50
taylor,50
pads,50
serial,50
raspberry,50
clown,50
twenty-sixth,50
hut,50
engagement,50
claiming,49
fiesta,49
passionate,49
no-one,49
reliable,49
laptops,49
liz,49
smiley,49
chutney,49
categories,49
questioning,49
camel,49
cu-,49
enjoyable,49
healthcare,49
corners,49
trail,49
bouncy,49
meantime,49
ted,49
conflict,49
desperately,49
includes,49
rape,49
mechanism,49
salsa,49
carries,49
plural,49
utterly,49
burned,49
kilos,49
economics,49
brig,49
departments,49
matching,49
rejected,49
soups,49
rotten,49
tents,49
brussels,49
fifty-six,49
wasps,49
represent,49
limits,49
pennies,49
scratched,49
bonkers,49
dads,49
peop-,49
tuck,49
accepting,49
punched,49
holder,49
award,49
rowing,49
fag,49
zumba,49
turnover,49
supported,49
sardines,49
piles,49
carpets,49
racket,49
comic,49
fussed,49
approached,49
spade,49
volkswagen,49
talented,49
sharks,49
allowing,49
charming,49
stab,49
trend,49
af-,49
regards,49
babysitting,49
paranoid,49
hid,49
coats,49
scone,49
itchy,49
plumber,49
auto,49
ceremony,49
labels,49
magazines,49
intention,49
frost,49
qu-,48
detached,48
graduated,48
photoshop,48
actively,48
christmassy,48
kingdom,48
nottingham,48
inland,48
dropbox,48
billions,48
gary,48
dinosaurs,48
pawn,48
thicker,48
bully,48
laughs,48
feature,48
journal,48
outdoors,48
murdered,48
volunteering,48
colouring,48
casual,48
tenants,48
coriander,48
margarine,48
morocco,48
shares,48
suggestion,48
improving,48
blast,48
variation,48
combine,48
increased,48
tory,48
oth-,48
guilt,48
choo,48
facial,48
reads,48
stove,48
audi,48
actress,48
sleepover,48
squid,48
researching,48
wig,48
gatwick,48
blankets,48
blinking,48
privacy,48
wifi,48
bullying,48
worm,48
rosemary,48
forehead,48
freaks,48
toaster,48
creams,48
induction,48
chi-,48
herbal,48
oscar,48
parsley,48
threatened,48
polo,48
locals,48
bride,48
cloudy,48
louder,48
woody,48
communist,48
caffeine,48
brandy,48
headphones,48
household,48
musician,48
poisoning,48
linkedin,47
scoring,47
paprika,47
tens,47
marshmallows,47
spiritual,47
micro,47
deaf,47
freaking,47
rack,47
bats,47
waves,47
ahh,47
packaging,47
styles,47
redo,47
cyprus,47
swiss,47
epic,47
peep,47
lit-,47
winding,47
reported,47
musicians,47
elizabeth,47
purposes,47
raf,47
muck,47
litres,47
guards,47
socket,47
carers,47
pheasant,47
entered,47
placed,47
indonesia,47
typically,47
banking,47
a4,47
any-,47
stack,47
sucked,47
landlady,47
dj,47
cooler,47
iran,47
generic,47
banner,47
car-,47
utter,47
it-,47
superior,47
telegraph,47
fives,47
forty-three,47
visitors,47
inherited,47
crumbs,47
seal,47
gulf,47
outbreak,47
license,47
shits,47
understands,47
heel,47
florence,47
ou-,47
sections,47
eighty-nine,47
router,47
shoved,47
taps,47
waiter,47
blocking,47
lame,47
betting,47
safari,47
boob,47
nerve,47
diagnosed,47
productive,47
som-,47
pulp,47
railways,47
anne,47
hooray,47
cheesecake,47
container,46
peer,46
fizz,46
thou-,46
violin,46
associated,46
fifty-eight,46
raiders,46
crawling,46
politicians,46
holds,46
seventy-two,46
feast,46
creature,46
bark,46
procedure,46
phenomenal,46
factors,46
docks,46
backing,46
poking,46
bash,46
dive,46
ro-,46
fifty-one,46
invent,46
parade,46
chefs,46
stu-,46
obama,46
contrast,46
patrick,46
daytime,46
fanta,46
jew,46
typed,46
pasty,46
pinch,46
parrot,46
mount,46
dirt,46
stickers,46
jogging,46
journalism,46
celery,46
conclusion,46
tho-,46
former,46
cardigan,46
microsoft,46
num,46
darts,46
ignoring,46
tins,46
processed,46
unpleasant,46
trace,46
unlucky,46
superb,46
emotion,46
tear,46
cell,46
coincidence,46
describing,46
dull,46
encouraged,46
airways,45
carbonara,45
wax,45
dementia,45
android,45
hotter,45
rode,45
needing,45
lemons,45
expand,45
chapel,45
manual,45
foil,45
zoom,45
desserts,45
adjust,45
climbed,45
walnut,45
collar,45
tuscany,45
sexism,45
sweetheart,45
stretching,45
niche,45
internship,45
andy,45
tricks,45
bracket,45
fif-,45
furry,45
handful,45
sponsor,45
essen,45
poisonous,45
basics,45
behalf,45
delay,45
shampoo,45
rushing,45
corporate,45
pokémon,45
grape,45
relations,45
rightly,45
pompeii,45
secondly,45
corrupt,45
raisins,45
nev-,45
gained,45
creole,45
presented,45
dales,45
tasks,45
emperor,45
rucksack,45
crocodile,45
edible,45
wishes,45
whatsit,45
individuals,45
server,45
libraries,45
marine,45
whites,45
literary,45
couch,45
pad,45
complaints,45
motivated,45
fff,45
prisoners,45
hoops,45
elvis,45
logs,45
arrangements,45
jim,45
instinct,45
cottages,45
devices,45
propose,45
andrew,45
corbyn,45
preparing,45
tasting,45
bam,45
minded,45
throws,45
kebab,45
butterflies,45
edition,45
footpath,45
grip,45
bingo,45
suited,44
fl-,44
hairdressers,44
pirates,44
justice,44
chuffed,44
viewing,44
trendy,44
cared,44
artistic,44
intended,44
coma,44
sherry,44
dash,44
self-employed,44
supportive,44
aubergine,44
tim,44
returned,44
directors,44
belief,44
aunty,44
pins,44
fuse,44
realising,44
boundaries,44
stepped,44
abortion,44
windscreen,44
splash,44
unnecessary,44
rinse,44
bottoms,44
heavier,44
curve,44
slave,44
negotiate,44
screens,44
improvement,44
input,44
aisle,44
invoice,44
real-,44
bahrain,44
editing,44
immune,44
lining,44
visits,44
craig,44
draft,44
monitor,44
spreadsheet,44
accidents,44
existed,44
flame,44
republic,44
helen,44
symbols,44
swan,44
blueberries,44
plaster,44
nursing,44
races,44
acknowledge,44
realistically,44
eighty-seven,44
batch,44
wonderland,44
politically,44
vest,44
caring,44
catalogue,44
helmet,44
mon-,44
vomit,44
terraced,44
aiming,44
sunset,44
elephants,44
kitten,44
thoroughly,44
ver-,44
robert,44
surprisingly,44
claimed,44
define,44
affordable,44
toll,43
chainsaw,43
speeding,43
brass,43
wreck,43
fucker,43
flatmate,43
emailing,43
jerry,43
seafood,43
marker,43
bruise,43
cling,43
vitamins,43
concentrating,43
fishy,43
controller,43
reflect,43
paw,43
cupcake,43
sleeve,43
diversion,43
rusty,43
chart,43
bites,43
dizzy,43
tonnes,43
oy,43
sophisticated,43
el-,43
dripping,43
injury,43
berry,43
arsehole,43
signature,43
tours,43
moss,43
irrelevant,43
mumbai,43
respects,43
forks,43
civilised,43
madness,43
whisk,43
controls,43
communal,43
toddler,43
philippines,43
abstract,43
completed,43
greedy,43
wedges,43
buzzing,43
turret,43
flooding,43
undergraduate,43
hooked,43
replacing,43
transcribe,43
rob,43
washington,43
warranty,43
siblings,43
joints,43
runny,43
hormones,43
jamaican,43
funds,43
ay,43
bushes,43
texas,43
isolated,43
worship,43
researcher,43
explains,43
headed,43
sources,43
meow,43
fortunate,43
surrounded,43
favours,43
dim,43
clearer,43
scrub,43
nickname,43
anger,43
sealed,43
objective,43
chats,43
cornish,43
wheelchair,43
springs,42
almond,42
propaganda,42
contribution,42
payments,42
paradise,42
install,42
lions,42
feminism,42
burner,42
tefl,42
parallel,42
foam,42
sneeze,42
durham,42
meatballs,42
substantial,42
tipped,42
backup,42
long-term,42
crunch,42
lipstick,42
eton,42
blows,42
jus-,42
subtitles,42
bury,42
difficulties,42
nuisance,42
worms,42
religions,42
comprehensive,42
wallet,42
parsnip,42
mentioning,42
thirty-first,42
maple,42
cambodia,42
globe,42
ukraine,42
deadline,42
abilities,42
holmes,42
itunes,42
ruins,42
inheritance,42
salads,42
geordie,42
prints,42
slots,42
spectacular,42
dorset,42
storyline,42
gordon,42
outer,42
infected,42
weirdest,42
gi-,42
tales,42
cadets,42
votes,42
seaside,42
logged,42
statements,42
affecting,42
spirits,42
tragic,42
tucked,42
scooter,42
grandson,42
excuses,42
drinker,42
fundamental,42
owed,42
electronic,42
hamsters,42
fog,42
responded,42
highlight,42
tournament,42
emphasis,42
omelette,42
norm,42
travels,42
babysit,42
dedicated,42
builders,42
sor-,42
misses,42
lambs,42
bothering,42
ninety-two,42
mirrors,42
belongs,42
salted,42
pesto,42
noel,42
penises,42
pear,42
denmark,42
pine,42
carer,42
aspects,42
scrap,42
stranger,42
barge,42
organ,42
winds,41
abandoned,41
sparkly,41
tunisia,41
fours,41
registration,41
continued,41
passover,41
fights,41
lush,41
spam,41
default,41
decorate,41
proved,41
operations,41
adapt,41
caravans,41
cheeks,41
recovery,41
mixer,41
strangers,41
isa,41
flavoured,41
insisted,41
aids,41
copying,41
hint,41
masterchef,41
designs,41
wireless,41
fries,41
nightclub,41
sta-,41
exploring,41
prescription,41
hips,41
pray,41
builds,41
varied,41
lancashire,41
angels,41
stripes,41
vulnerable,41
defrost,41
champions,41
kilo,41
waterfall,41
tumblr,41
compulsory,41
freelance,41
pickled,41
hike,41
ashamed,41
marmalade,41
ignorant,41
forgive,41
ninja,41
pigeons,41
currency,41
addiction,41
breakdown,41
evolution,41
fags,41
diamonds,41
techniques,41
elements,41
antique,41
mentality,41
learner,41
glitter,41
imagined,41
legit,41
hairs,41
bullied,41
portfolio,41
yeast,41
pronounced,41
clay,41
basement,41
profession,41
asthma,41
tories,41
wai-,41
portions,41
wandered,41
organs,41
ruining,41
precise,41
appreciated,41
threes,41
adopted,41
tights,41
promotion,41
sprout,41
obscure,41
austria,40
donated,40
ibiza,40
fifty-three,40
basestar,40
yuck,40
classed,40
giraffe,40
terminal,40
jonathan,40
queuing,40
horrified,40
robbed,40
lorries,40
faded,40
dave,40
lens,40
delicate,40
vikings,40
refund,40
plums,40
skull,40
masks,40
objects,40
sting,40
ale,40
gene,40
dee,40
graphics,40
loyalty,40
rocky,40
walnuts,40
co,40
duke,40
foreigners,40
treadmill,40
measuring,40
salon,40
ocd,40
info,40
proven,40
soda,40
fifty-seven,40
mansion,40
smoothie,40
museums,40
fixing,40
thyroid,40
every-,40
aeroplanes,40
turtle,40
counties,40
retro,40
pgce,40
settling,40
rebel,40
twisted,40
truffles,40
arthur,40
bef-,40
evolved,40
lifting,40
seventy-nine,40
handbrake,40
networking,40
dolphin,40
folks,40
balanced,40
harbour,40
dri-,40
attracted,40
smack,40
supports,40
autistic,40
antiques,40
advise,40
regional,40
moors,40
screwdriver,40
pegs,40
vet,40
adorable,40
fa,40
nationality,40
arrest,39
creates,39
calculator,39
tons,39
rains,39
podcast,39
hop,39
interviewing,39
juggling,39
ecuador,39
rhymes,39
albums,39
dolls,39
spark,39
failing,39
believes,39
moodle,39
panicked,39
sunlight,39
ethical,39
highlights,39
employers,39
nations,39
morale,39
interact,39
attendance,39
forty-six,39
hardy,39
gauge,39
kisses,39
mats,39
declare,39
manic,39
revenue,39
literal,39
fiddle,39
requirements,39
shallow,39
refugees,39
romania,39
tupperware,39
petite,39
joe,39
squirrels,39
fond,39
dna,39
reveal,39
scroll,39
toasted,39
pixie,39
stung,39
elderflower,39
fucks,39
fires,39
posts,39
indie,39
roadworks,39
scam,39
subtle,39
pushchair,39
ds,39
tumble,39
x-ray,39
fined,39
finland,39
justin,39
bl-,39
beneficial,39
str-,39
journeys,39
tokens,39
incorrect,39
prick,39
compensation,39
manufacturing,39
cs,39
sip,39
desire,39
emma,39
thingies,39
discover,39
ram,39
employee,39
clubbing,39
coronation,39
truffle,39
watering,39
doll,39
bruce,39
granted,39
litter,39
enemy,39
bubbly,39
islam,39
prejudice,39
undo,39
sue,39
ironic,39
font,39
leadership,39
usb,39
communities,39
attic,39
novels,39
sheds,39
hangs,39
rook,39
newer,39
magnet,39
partnership,39
polar,39
champion,39
titanic,39
shine,39
one-off,39
controlling,39
wednesdays,38
continent,38
possibilities,38
neighbourhood,38
rap,38
activate,38
sponsored,38
orchestra,38
dated,38
hack,38
teaspoon,38
shining,38
rents,38
weighed,38
rackets,38
mouthful,38
requires,38
thirsty,38
regime,38
bras,38
roger,38
rivers,38
hebrew,38
espresso,38
dependent,38
cured,38
residential,38
sector,38
admire,38
redundancy,38
recognition,38
fills,38
gravity,38
reporting,38
secrets,38
octopus,38
upload,38
bouncing,38
ol-,38
slang,38
manners,38
survival,38
disposable,38
dialects,38
command,38
trumpet,38
admitted,38
factories,38
terrorists,38
democracy,38
reminder,38
siri,38
simpsons,38
russians,38
sweep,38
dyslexic,38
darth,38
hiking,38
oyster,38
kicks,38
relying,38
dusty,38
chairman,38
dilemma,38
mining,38
bacteria,38
grain,38
trash,38
precisely,38
dawn,38
karachi,38
flatmates,38
trading,38
adventures,38
couscous,38
interrupt,38
magical,38
electrician,38
ne,38
archer,38
sweetie,38
lamps,38
cartoons,38
pooh,38
postal,38
achievement,38
arrogant,38
punishment,38
dah,38
cer-,38
zombies,38
allergy,38
shades,38
apartments,38
olympic,38
samples,38
ov-,38
hooks,38
rachel,38
mindset,38
detailed,38
textbook,38
gears,38
krakow,38
ease,38
crashing,38
lea-,38
fibre,38
fashionable,38
slowing,38
creep,38
doorstep,38
unis,38
chavvy,38
timber,38
ness,38
hugh,38
sofas,38
disc,37
star-,37
ken,37
pepperoni,37
chewed,37
jigsaw,37
creatures,37
solved,37
varieties,37
tourism,37
workout,37
tonic,37
granada,37
margaret,37
churchill,37
preference,37
carol,37
closely,37
stansted,37
frogs,37
sarcastic,37
rental,37
traditionally,37
sean,37
aqua,37
nominated,37
sugary,37
flooring,37
nappies,37
serves,37
proposed,37
insist,37
lucy,37
tea-,37
pussy,37
les,37
raffle,37
elected,37
lawyers,37
database,37
ongoing,37
mic,37
trim,37
landline,37
medic,37
wan-,37
oz,37
bosses,37
koreans,37
eater,37
saucepan,37
territory,37
hiring,37
interaction,37
blinds,37
attraction,37
instruments,37
presence,37
trunk,37
moses,37
hybrid,37
doorway,37
quantity,37
powers,37
laundry,37
fricking,37
excel,37
peeling,37
buggy,37
urgent,37
lover,37
tweets,37
syndrome,37
stem,37
coffin,37
ribbon,37
governments,37
greggs,37
audition,37
leaking,37
methods,37
imagining,37
reserved,37
confuse,37
academies,37
delight,37
middlesbrough,37
sacrifice,37
vacation,37
allotment,37
involves,37
guides,37
mar-,37
edited,37
sl-,37
casino,37
skirts,37
lentils,37
sieve,37
somewhat,37
dummy,37
mutual,37
floppy,37
blatantly,37
destination,37
brew,37
earrings,37
closes,37
bets,37
extract,37
wetherspoons,37
creoles,37
accessible,37
bottled,37
amber,37
rewrite,37
overtime,37
jackets,37
bom,37
anchovies,37
smelling,37
confirmation,37
shanghai,37
retarded,37
borders,37
epidemic,37
discussions,37
hippy,37
fundamentally,37
christianity,37
fluff,37
cop,37
clutch,37
goi-,37
alert,37
authorities,37
policies,37
assignments,37
astronaut,37
pier,37
agenda,37
existence,37
endless,37
sliding,37
cobra,37
doh,37
textbooks,37
eddie,36
ninety-eight,36
citizens,36
derby,36
attract,36
abused,36
charm,36
jamaica,36
ipads,36
ren,36
destroying,36
mammy,36
spectrum,36
swede,36
op-,36
cola,36
probs,36
heights,36
toss,36
theoretically,36
cutter,36
stalking,36
taiwan,36
dickens,36
seventy-one,36
swore,36
greasy,36
plymouth,36
patronising,36
folded,36
stripy,36
boris,36
barclays,36
renew,36
beginner,36
trusted,36
backpack,36
crisp,36
crab,36
severe,36
onwards,36
businessman,36
concerts,36
lily,36
unhealthy,36
tactics,36
utility,36
halves,36
remotely,36
leak,36
masala,36
spies,36
slagging,36
insects,36
warmed,36
investigate,36
punk,36
mileage,36
kangaroo,36
puppet,36
roundabouts,36
archaeology,36
cockney,36
pricey,36
bronze,36
aircraft,36
guided,36
discrimination,36
--anonemail,36
verse,36
bowie,36
clap,36
zombie,36
outstanding,36
strikes,36
hea-,36
calmed,36
cellar,36
teeny,36
hedgehog,36
sew,36
consideration,36
baguette,36
rebate,36
eyesight,36
bonfire,36
dread,36
cutlery,36
eighty-three,36
condoms,36
promote,36
yea-,36
howard,36
insult,36
hipster,36
steven,36
arena,36
precious,36
tramp,36
transferred,36
jubilee,36
barrel,36
pears,36
fleet,35
portrait,35
pho-,35
singers,35
designing,35
kittens,35
provides,35
act-,35
scenery,35
nation,35
numb,35
diarrhoea,35
twe-,35
blur,35
chickpeas,35
piercing,35
fu-,35
scout,35
blaming,35
experiments,35
layout,35
soaked,35
understandable,35
overtake,35
faced,35
tractor,35
crane,35
intellectual,35
vader,35
chatted,35
def-,35
marrying,35
grown-up,35
shore,35
drown,35
float,35
cod,35
hoodie,35
grate,35
kale,35
latte,35
johnson,35
desktop,35
são,35
volcano,35
strategic,35
importance,35
simpson,35
au,35
dipped,35
largest,35
a1,35
brad,35
int-,35
receiving,35
chalk,35
fraud,35
minority,35
footballers,35
froze,35
dyed,35
females,35
sauna,35
surprises,35
nor-,35
translated,35
loading,35
tit,35
sniff,35
scares,35
occasional,35
studios,35
cyclist,35
romance,35
appears,35
baths,35
immature,35
jaw,35
montenegro,35
tension,35
dome,35
purse,35
raving,35
achieved,35
jay,35
capture,35
blunt,35
joseph,35
playstation,35
hindsight,35
poker,35
goo-,35
gypsies,35
therapist,35
exploded,35
graduates,35
upwards,35
narrative,35
drawings,35
dragging,35
advised,35
camomile,35
melon,35
bridges,35
usa,35
representative,35
restrictions,35
stitches,35
citizen,35
hears,35
labrador,35
mother-in-law,35
addition,35
handing,35
vans,35
foreigner,35
chow,35
tra-,35
hottest,35
melbourne,35
significantly,35
contain,35
brummie,35
snails,35
misty,35
protective,35
ninety-seven,35
analysing,35
tigers,35
dots,35
emily,35
or-,35
boing,35
bonds,35
boyfriends,35
entertain,35
suggests,35
clips,35
naïve,35
volvo,35
tagged,35
dental,35
snoring,35
servants,35
quirky,35
rovinj,35
tu-,35
selected,34
grabbing,34
stinks,34
peg,34
combined,34
bookings,34
insecure,34
commented,34
clicking,34
tapes,34
athens,34
manner,34
electronics,34
im-,34
sickbay,34
chains,34
thumbs,34
landlords,34
regulations,34
bouncer,34
physio,34
boxer,34
consequences,34
brother-in-law,34
mein,34
cleaners,34
satisfying,34
feminist,34
miami,34
integrity,34
affairs,34
thyme,34
chores,34
loudly,34
seventy-four,34
reindeer,34
strips,34
ra,34
bc,34
pretended,34
jordan,34
cape,34
headmaster,34
catherine,34
solving,34
owes,34
traumatic,34
distant,34
pret,34
cynical,34
nude,34
static,34
immigrant,34
sleeves,34
mike,34
extras,34
franchise,34
transplant,34
ur,34
indians,34
gambling,34
decorated,34
skate,34
peach,34
accommodate,34
chickenpox,34
prevent,34
winnie,34
began,34
ee,34
questioned,34
sung,34
gentlemen,34
honour,34
terrorism,34
asos,34
communicating,34
institute,34
revealed,34
naan,34
cheeses,34
mend,34
wrecked,34
titles,34
fewer,34
fillings,34
pedestrian,34
increasing,34
tvs,34
appearance,34
robots,34
leftover,34
arabs,34
heavens,34
acted,34
consistent,34
resent,34
debit,34
peterborough,34
unknown,34
mop,34
demonstrate,34
chim,34
romans,34
publicity,34
kfc,34
executive,34
fatter,34
ei-,34
millennium,34
starbucks,34
vary,34
muffins,34
ofsted,34
marines,34
raped,34
cheer,34
sympathy,34
repeated,34
sporty,34
moody,34
piled,34
confirmed,34
switches,34
dancer,34
rash,34
foreman,34
seals,34
mayor,34
sociable,34
sixty-three,34
bathrooms,34
smoky,34
childish,34
vauxhall,34
arch,34
sixty-two,34
maid,34
scratching,34
punching,34
clapping,34
waffles,34
virtual,34
coleslaw,34
fab,34
fictional,34
bred,34
girlfriends,33
subjective,33
discounts,33
expressions,33
dragons,33
breasts,33
insulting,33
hyper,33
hungary,33
intend,33
individually,33
trainee,33
pate,33
upsets,33
debenhams,33
citizenship,33
ironed,33
accused,33
proposal,33
disappears,33
conversion,33
jumble,33
exotic,33
paws,33
blond,33
macaroni,33
ryanair,33
jellyfish,33
surreal,33
ankles,33
loyal,33
temper,33
mondays,33
murderer,33
sixty-eight,33
icy,33
politician,33
fare,33
pong,33
scope,33
trays,33
referring,33
crocodiles,33
rot,33
keeper,33
toad,33
honda,33
faff,33
burglar,33
missus,33
elastic,33
unions,33
doctorate,33
repaired,33
scandal,33
deeply,33
dubrovnik,33
priced,33
arthritis,33
kim,33
nests,33
lloyds,33
lagos,33
churros,33
versions,33
fairs,33
fantasy,33
hungarian,33
crimes,33
paypal,33
puddle,33
veggie,33
distinct,33
satisfied,33
quantum,33
dock,33
mozzarella,33
ke-,33
responsibilities,33
sentimental,33
madam,33
tk,33
reward,33
countdown,33
welfare,33
tunnels,33
chubby,33
tissues,33
column,33
addictive,33
beams,33
exhausting,33
solicitors,33
blamed,33
tribe,33
calculate,33
researched,33
smashing,33
catering,33
repetitive,33
biased,33
bungalows,33
barbie,33
yawn,33
healing,33
daylight,33
horizon,33
fiddling,33
conservatives,33
mamma,33
elt,33
paulo,33
novelty,33
pharmacy,33
chemist,33
colourful,33
criticism,33
mines,33
agreeing,33
insured,33
uzbekistan,33
sliced,33
horribly,33
tickle,33
framed,33
broom,33
mush,33
reckoned,33
discourse,33
promoted,33
dublin,33
amy,33
sparkling,33
floods,33
jackson,33
brushed,33
maca,33
crucial,33
picky,33
torn,33
confirm,33
babes,33
right-hand,33
treacle,33
daffodils,33
canals,33
fate,33
hammered,33
installed,33
basque,33
comfortably,32
m25,32
tedious,32
exhaust,32
outs,32
quilt,32
diy,32
tills,32
stripped,32
miracle,32
aa,32
submitted,32
sparrows,32
drip,32
paella,32
appetite,32
occur,32
stitch,32
weeds,32
straps,32
bothers,32
shutting,32
monty,32
equality,32
distinction,32
naples,32
aloe,32
shortbread,32
heath,32
loo-,32
insulation,32
saxophone,32
munich,32
graduation,32
hideous,32
dances,32
hazard,32
skirting,32
stool,32
spooky,32
bruges,32
strain,32
producers,32
woolly,32
plague,32
inform,32
boost,32
bypass,32
postage,32
sprayed,32
pr,32
escapes,32
cracks,32
islamic,32
phantom,32
sickness,32
hostels,32
compound,32
beings,32
behaving,32
consultation,32
clinical,32
sevens,32
windowsill,32
certificates,32
decade,32
lands,32
irritated,32
decorations,32
remaining,32
passive,32
dealer,32
baseball,32
chapters,32
outright,32
gim,32
nando,32
milky,32
runners,32
o2,32
privilege,32
pitched,32
warrant,32
butchers,32
cardio,32
donald,32
seeking,32
bland,32
wok,32
snowed,32
cleverer,32
bruises,32
mains,32
sheeran,32
moist,32
parliament,32
varies,32
loser,32
paracetamol,32
experts,32
developers,32
delta,32
tutors,32
disability,32
practicing,32
manageable,32
excess,32
fred,32
ninety-one,32
radical,32
habits,32
protecting,32
naming,32
snog,32
mosquito,32
technic,32
motorways,32
protest,32
dylan,32
sneak,32
ounces,32
remain,32
timed,32
documentaries,32
giggle,32
measures,32
jackie,32
thirds,32
marco,32
fulfilment,32
wipes,32
instruction,32
sophie,32
cholesterol,32
wonky,32
prague,32
superman,32
gesture,32
exclamation,32
platter,32
slightest,32
coco,32
firms,32
grated,32
minions,32
cart,32
standby,32
cookery,32
guinness,32
patches,32
interpretation,32
barry,32
replies,32
pushes,32
don,32
parcels,32
sixty-six,32
phases,32
fifty-four,32
upbringing,32
waffle,32
gra-,32
slaves,32
breeding,31
tropical,31
kelly,31
dicks,31
compass,31
folders,31
timeline,31
nightmares,31
avatar,31
carriageway,31
ruler,31
intensive,31
rosé,31
unexpected,31
drained,31
admittedly,31
uh-oh,31
outcome,31
injuries,31
radar,31
trump,31
packages,31
maxx,31
brushing,31
heater,31
crops,31
rug,31
shells,31
rocking,31
believing,31
flexibility,31
visitor,31
mist,31
exac-,31
suction,31
institution,31
sho-,31
meditation,31
popcorn,31
cliffs,31
kee-,31
du-,31
meh,31
reset,31
biking,31
surfing,31
comma,31
shitloads,31
sinking,31
mainland,31
booster,31
mulled,31
southampton,31
concerns,31
vine,31
sims,31
banker,31
nosy,31
haunted,31
tempting,31
raptor,31
adam,31
specialised,31
overtaking,31
umm,31
scraping,31
theft,31
bri-,31
dribbling,31
harris,31
blob,31
finals,31
jurassic,31
thursdays,31
investing,31
stacked,31
opposition,31
brits,31
observation,31
puppies,31
ru-,31
measured,31
admiral,31
professionals,31
catches,31
workshops,31
hoo,31
expertise,31
wr-,31
alley,31
sixes,31
posture,31
structured,31
airlines,31
construct,31
nepal,31
geek,31
feasible,31
cocaine,31
rehearsal,31
recognize,31
solo,31
tended,31
courgettes,31
permit,31
hogwash,31
blueberry,31
see-,31
ironically,31
surrounding,31
breadcrumbs,31
splitting,31
dissimilar,31
soggy,31
bleurgh,31
cyclists,31
telephones,31
italians,31
senses,31
whisper,31
crosses,31
fascinated,31
rainy,31
topped,31
puzzle,31
cables,31
sub,31
incidentally,31
prisons,31
sussex,31
seminars,31
pula,31
scars,31
strung,31
cleans,31
spitting,31
environmental,31
intermediate,31
rubbed,31
glory,31
fastest,31
se,31
grub,31
hospices,31
ant,31
earns,31
multi,31
bumps,31
stamps,31
detective,31
feeds,31
avon,31
kitty,31
rec-,31
mana,30
bedding,30
mortgages,30
petty,30
pedal,30
bon,30
presenter,30
eagle,30
philosopher,30
bs,30
intimidating,30
camps,30
feta,30
unemployed,30
branches,30
witches,30
flicking,30
sustainable,30
nutella,30
cord,30
tatty,30
ponytail,30
photocopy,30
infect,30
diana,30
busted,30
spatula,30
turner,30
whoo,30
fancies,30
fighter,30
infant,30
ponies,30
vietnamese,30
recycled,30
skittles,30
frequency,30
oils,30
authentic,30
roasting,30
emile,30
stark,30
ja-,30
canterbury,30
academia,30
principal,30
sniper,30
logistics,30
insect,30
m3,30
nouns,30
buddy,30
riots,30
refreshing,30
eyebrow,30
oysters,30
reservoir,30
highway,30
asparagus,30
consciousness,30
wasp,30
williams,30
predict,30
eradicate,30
hash,30
der,30
badges,30
inspector,30
backside,30
kayaking,30
invisible,30
revise,30
width,30
exclusive,30
sam,30
sequence,30
cafe,30
dense,30
dreaming,30
dele,30
qualify,30
indicate,30
couldn't,30
decoration,30
uniforms,30
carpark,30
earliest,30
obese,30
scott,30
terminology,30
canteen,30
scouts,30
circuits,30
industries,30
pa,30
pantomime,30
battered,30
drizzle,30
bruv,30
festivals,30
disgraceful,30
creativity,30
well-known,30
engaging,30
ripe,30
aching,30
overweight,30
energetic,30
dean,30
stepping,30
bec-,30
charts,30
teasing,30
pandas,30
menus,30
horns,30
requirement,30
phil,30
healthier,30
intrigued,30
kosher,30
whipped,30
focusing,30
doable,30
turbines,30
updating,30
arty,30
assess,30
cctv,30
intake,30
awards,30
magnetic,30
czech,30
disturbed,30
comp-,30
rant,30
nets,30
whereby,30
vienna,30
gothic,30
avoiding,30
nugget,30
bowel,30
medal,30
chestnuts,30
seek,30
bombed,30
hacking,30
suppliers,30
crystals,30
kno-,30
softer,30
cringe,30
grants,30
crows,30
bombing,30
brands,30
sushi,30
caves,30
buck,30
ratio,30
knights,30
pointy,30
romeo,30
bolognese,30
concentrated,30
presenting,30
brisbane,30
journalists,30
judged,30
proofreading,30
res-,30
alter,30
pickle,29
waitress,29
lass,29
disrespectful,29
seventy-six,29
thompson,29
tri-,29
tilly,29
flipped,29
humid,29
projector,29
gallon,29
hallway,29
mobiles,29
crowded,29
searched,29
deadly,29
expectation,29
scandinavia,29
programs,29
shag,29
retiring,29
manly,29
civilization,29
tenant,29
tab,29
womb,29
stereotype,29
ethnic,29
ppi,29
eccentric,29
inspiration,29
preferably,29
template,29
sunflower,29
funded,29
mason,29
foster,29
expanding,29
amused,29
pursue,29
purposely,29
undergrad,29
registry,29
anatomy,29
comedians,29
luke,29
mechanical,29
gingerbread,29
mortar,29
weetabix,29
miners,29
warned,29
pikachu,29
vera,29
summary,29
rave,29
buh,29
sm-,29
okey-doke,29
cult,29
trampoline,29
animation,29
airports,29
embassy,29
ins,29
decades,29
mute,29
regard,29
mighty,29
modelling,29
noticing,29
classrooms,29
ripping,29
unable,29
brilliantly,29
tackle,29
convenience,29
sixty-one,29
einstein,29
persuaded,29
flakes,29
remains,29
guacamole,29
praying,29
celtic,29
wary,29
pencils,29
rear,29
eng-,29
peers,29
functional,29
blended,29
visible,29
swept,29
ninety-six,29
cadbury,29
ninety-three,29
mugs,29
binge,29
celebrating,29
contraception,29
genre,29
sabbath,29
sculpture,29
pupils,29
allergies,29
whacked,29
grappa,29
stored,29
forcing,29
cross-country,29
leftovers,29
bog,29
estimate,29
leonardo,29
requested,29
deserved,29
responding,29
optimistic,29
snooze,29
chester,29
savvy,29
hungover,29
downloading,29
hedges,29
ego,29
feminine,29
stonehenge,29
jog,29
quickest,29
mayo,29
stirring,29
tat,29
cone,29
weapon,29
earnings,29
emptying,29
housemates,29
addict,29
genetically,29
smurf,29
heroes,29
chartered,29
swift,29
pidgins,29
te,29
pierced,29
zebra,29
impress,29
mainstream,29
downs,29
palestine,29
amp,29
firing,29
mocks,29
spiral,29
seoul,29
benches,29
tide,29
beards,29
recover,29
pools,28
gammon,28
sprint,28
minimal,28
defensive,28
motorbikes,28
buddhist,28
competitions,28
estuary,28
anaesthetic,28
summers,28
gon-,28
stand-up,28
rails,28
explorer,28
juliet,28
nachos,28
paths,28
attend,28
personalities,28
necklace,28
freeview,28
taped,28
gigabytes,28
whacking,28
tolerate,28
origin,28
chrome,28
lu-,28
peaches,28
debts,28
snob,28
adele,28
resist,28
reactions,28
spill,28
upgrades,28
aimed,28
supplier,28
valentino,28
abs-,28
accidently,28
pri-,28
second-hand,28
pottery,28
oats,28
relates,28
stretched,28
lactose,28
vi-,28
baggage,28
programming,28
bases,28
watery,28
atlantic,28
poisoned,28
scotch,28
hating,28
quad,28
earnt,28
eights,28
thighs,28
madonna,28
shakes,28
wagons,28
rage,28
slam,28
requests,28
nipple,28
leant,28
bends,28
fairies,28
cheerful,28
stalls,28
lolly,28
monsters,28
canary,28
excitement,28
socialist,28
shook,28
mackerel,28
kitchens,28
cumin,28
headaches,28
fountain,28
custom,28
finances,28
slimming,28
gluten-free,28
anglia,28
tikka,28
plough,28
juggle,28
unstable,28
steaks,28
heroin,28
bridget,28
continuous,28
dial,28
skipped,28
superficial,28
grunt,28
pupil,28
leaflet,28
pasties,28
joey,28
hamlet,28
infrastructure,28
seasonal,28
napoleon,28
interpret,28
sheer,28
stainless,28
tram,28
chavs,28
woodland,28
inject,28
tapas,28
tanks,28
openly,28
translating,28
resting,28
census,28
dine,28
bore,28
clarkson,28
appealing,28
programmed,28
shuttle,28
lib,28
hav-,28
stunk,28
whispering,28
components,28
furthest,28
ropes,28
cafés,28
cheryl,28
speeds,28
exhibitions,28
measurements,28
scuba,28
postman,28
grown-ups,28
childcare,28
guts,28
weaker,28
composition,28
mandarin,28
swings,28
eczema,28
make-up,28
spilt,28
half-sister,28
upgraded,28
dow-,28
addresses,28
binding,28
bobble,28
miliband,28
movements,28
privately,28
distracting,28
doc,28
mario,28
hump,28
tendency,28
trucks,28
wished,28
fifa,28
porch,28
stabbing,28
learners,28
candidate,28
bitchy,28
froggy,28
albert,28
carrie,28
goodnight,28
dribble,28
skye,28
rightmove,28
inflation,28
sinister,28
awfully,28
tate,28
valued,28
predominantly,28
enemies,28
au-,28
wii,27
judges,27
aston,27
baron,27
wimbledon,27
homer,27
enthusiasm,27
knocks,27
rival,27
flames,27
resolution,27
adventurous,27
exa-,27
gadgets,27
hobbit,27
syrian,27
priorities,27
steer,27
wanker,27
giggling,27
victim,27
legitimate,27
tile,27
quest,27
methodist,27
capitals,27
bookshelf,27
hostess,27
targeted,27
terabyte,27
conscience,27
archive,27
surviving,27
outlet,27
forgets,27
kazakhstan,27
realises,27
swine,27
occupied,27
championship,27
wahey,27
statistic,27
twenty-,27
philip,27
schooling,27
swinging,27
yogurts,27
puff,27
alternate,27
dominant,27
parkinson,27
deary,27
kay,27
thorough,27
leopard,27
motovun,27
tow,27
competing,27
syllabus,27
watermelon,27
firework,27
restricted,27
oral,27
respected,27
transition,27
query,27
spontaneous,27
blazer,27
cement,27
postcard,27
residence,27
flowing,27
mattresses,27
listens,27
unlock,27
shandy,27
chestnut,27
ward,27
contributing,27
ex-boyfriend,27
rehearsals,27
michelin,27
risotto,27
heap,27
cigar,27
pete,27
shuts,27
flop,27
simpler,27
consuming,27
faculty,27
cowell,27
directed,27
crumpets,27
exec,27
driveway,27
span,27
shitting,27
barbados,27
biting,27
balsamic,27
vip,27
rammed,27
assignment,27
grind,27
communications,27
mechanics,27
versa,27
overseas,27
pregnancy,27
breads,27
kidneys,27
streaming,27
sally,27
bmw,27
barriers,27
pilates,27
yak,27
echo,27
partying,27
kurdish,27
jab,27
signals,27
casserole,27
barlow,27
flute,27
syphilis,27
muddled,27
tripadvisor,27
desks,27
stained,27
canvas,27
trifle,27
abusive,27
of-,27
git,27
interpreter,27
adapted,27
consumer,27
attach,27
volunteered,27
connecting,27
processes,27
ladders,27
suffered,27
spawn,27
grossman,27
misery,27
someth-,27
treatments,27
villain,27
tactical,27
bargains,27
excluded,27
cloves,27
barking,27
underwater,27
tier,27
consequence,27
breeze,27
spanner,27
banged,27
buyer,27
owls,27
two-hour,27
yonks,27
assumption,27
kindly,27
douglas,27
viking,27
maldives,27
spine,27
wa,27
addressed,27
a14,27
nazi,27
cancers,27
hypothetically,27
tutoring,27
shipped,27
op,27
bubbling,27
buyers,27
trials,27
busier,27
sporting,27
notebook,27
sniffing,27
deadlines,27
cheaply,27
auditions,27
ingredient,27
downside,27
zelda,27
widow,27
risks,27
glow,27
literacy,27
morph,27
memorial,27
tottenham,27
aluminium,27
hotmail,27
premise,27
ferries,27
twen-,27
cheques,27
everton,27
kanye,27
gods,27
prefers,27
professors,26
chased,26
imaginary,26
surround,26
pod,26
pers-,26
tur-,26
contains,26
kung,26
perceive,26
historically,26
distract,26
sucking,26
alongside,26
uno,26
linguistic,26
radiators,26
gravel,26
outline,26
receptionist,26
toby,26
copenhagen,26
processing,26
retard,26
marquee,26
resistance,26
assessed,26
lapland,26
ovarian,26
reject,26
craziness,26
hobbies,26
grinder,26
philosophical,26
applies,26
bloated,26
faint,26
labelled,26
geared,26
approval,26
tactic,26
tearing,26
trot,26
gangster,26
lathe,26
teletubbies,26
sleeper,26
netherlands,26
slabs,26
nuggets,26
pakistani,26
batter,26
crate,26
orchard,26
hunters,26
passengers,26
delighted,26
cactus,26
meaty,26
cornflakes,26
disgusted,26
perth,26
ownership,26
transaction,26
castles,26
raid,26
criminals,26
acquired,26
soya,26
generate,26
quorn,26
frankie,26
diabetic,26
husky,26
celta,26
attachment,26
purposefully,26
ivy,26
mall,26
pun,26
darkness,26
approve,26
housewarming,26
ministers,26
tease,26
fisherman,26
imax,26
customs,26
restructure,26
priests,26
tread,26
educate,26
colonel,26
flags,26
bumpy,26
mugged,26
cyber,26
probab-,26
pheasants,26
herd,26
turbine,26
radiation,26
planting,26
mobility,26
moron,26
cocky,26
intimidated,26
lacking,26
pal,26
runway,26
spikes,26
disappointment,26
leaks,26
crafts,26
flask,26
talktalk,26
practised,26
consciously,26
pandora,26
outskirts,26
stella,26
excessive,26
horseradish,26
cherries,26
soundtrack,26
respite,26
whizz,26
sole,26
drummer,26
stalker,26
glove,26
baggy,26
asphalt,26
largely,26
wank,26
locking,26
salvation,26
funky,26
punctuation,26
funnier,26
caesar,26
smoker,26
evidently,26
m1,26
nocturnal,26
passage,26
filing,26
bolognaise,26
egyptian,26
soaking,26
heather,26
drift,26
bumper,26
eighty-six,26
bolt,26
stables,26
floorboards,26
damon,26
e-mails,26
skipping,26
bookcase,26
chile,26
handles,26
witnesses,26
nod,26
fuming,26
slug,26
digest,26
challenges,26
suggestions,26
wonders,26
nicole,26
hedgehogs,26
memorise,26
carvery,26
shrek,26
safely,26
inspiring,26
shrink,26
twilight,26
cranberry,26
oxfam,26
nibble,26
percy,26
sri,26
sprinkle,26
captured,26
thrilled,26
snappy,26
snug,26
bedroomed,26
teen,26
momentum,26
es,26
dyke,26
informed,26
whiskey,26
geese,26
fails,26
prom,26
undergraduates,26
kat,26
scouse,26
wiggle,26
tweeting,25
neil,25
exeter,25
cultured,25
translator,25
rockets,25
evaluate,25
trouser,25
parcs,25
agriculture,25
shaving,25
directing,25
camper,25
cole,25
overwhelming,25
afternoons,25
investigating,25
gospel,25
hugging,25
hymn,25
strongest,25
cork,25
dennis,25
campsite,25
topping,25
diner,25
plank,25
diploma,25
safest,25
embrace,25
pitt,25
mosque,25
liner,25
offend,25
bu,25
nerd,25
clumsy,25
commenting,25
surveyor,25
plugs,25
powered,25
mo,25
fitter,25
swapping,25
herring,25
kiev,25
upright,25
bleed,25
lightweight,25
referendum,25
folding,25
reme-,25
arabia,25
ashes,25
sony,25
potty,25
spying,25
disorder,25
harvard,25
criticising,25
pouch,25
graveyard,25
mouths,25
pews,25
wilde,25
yah,25
stain,25
liberty,25
vampires,25
choke,25
boarded,25
arc,25
chords,25
begging,25
psychiatrist,25
ukulele,25
benedict,25
tulisa,25
manages,25
employees,25
get-,25
leap,25
wraith,25
shipping,25
boar,25
mister,25
racial,25
blackberries,25
ryan,25
distances,25
hart,25
carlisle,25
australians,25
lark,25
boils,25
feather,25
setup,25
warwick,25
desirable,25
uganda,25
scraped,25
sin,25
self-conscious,25
fines,25
hectic,25
legendary,25
slapped,25
dearer,25
clowns,25
wolves,25
skies,25
fireplace,25
males,25
explosion,25
washes,25
buzet,25
bod,25
woodwork,25
doncaster,25
clogs,25
terrific,25
subscription,25
ruthless,25
us-,25
sailed,25
repeatedly,25
bluetooth,25
surveys,25
strapped,25
bridesmaid,25
tuesdays,25
ticked,25
craving,25
promoting,25
argued,25
morgan,25
structures,25
bitches,25
wink,25
dobby,25
freezes,25
squashed,25
glued,25
inventory,25
stockholm,25
culturally,25
equity,25
socialise,25
armed,25
outback,25
palette,25
tracking,25
altitude,25
retreat,25
user,25
suffolk,25
werewolf,25
treaty,25
nutter,25
walkers,25
reversed,25
mosquitoes,25
cryptic,25
premises,25
refusing,25
fresher,25
chav,25
rem-,25
voicemail,25
quo,25
ruby,25
recruit,25
anytime,25
starve,25
rising,25
norton,25
obsession,25
gamble,25
contributed,25
ceramic,25
freshly,25
did-,25
quack,25
rods,25
filters,25
themes,25
finnish,25
riot,25
wizard,25
draining,25
furious,25
coaster,25
import,25
relaxation,25
ch,25
satisfaction,25
reduction,25
wally,25
cones,25
contemporary,25
dire,25
scans,25
hose,25
stereotypical,25
stockings,25
grater,25
diagram,25
shortage,25
brusha,25
absorb,25
marvel,25
buenos,25
slugs,25
butternut,25
initiative,25
clarify,25
portsmouth,25
sloppy,25
impatient,25
slovenia,25
weirdos,25
feminists,25
woohoo,25
promising,25
dries,24
queues,24
criticise,24
dara,24
macmillan,24
tailor,24
suspended,24
oddly,24
carriage,24
naff,24
qi,24
chamber,24
chil-,24
ticks,24
snorkelling,24
returning,24
coo,24
rust,24
temporarily,24
hardware,24
reminding,24
adamant,24
sabotage,24
plato,24
angles,24
el,24
lively,24
ceo,24
recession,24
hsbc,24
lanzarote,24
mussels,24
t'ai,24
organisations,24
gymnastics,24
bangers,24
dipping,24
ratings,24
legoland,24
bir-,24
fu,24
center,24
entering,24
kits,24
ff,24
sanctuary,24
crushed,24
buggered,24
pinched,24
skilled,24
delightful,24
flushed,24
flashed,24
suppo-,24
provider,24
fundraising,24
maniac,24
clipped,24
obligation,24
chai,24
combat,24
seventy-eight,24
tidal,24
bending,24
alaska,24
successfully,24
pea,24
slipping,24
hoped,24
cappuccino,24
containers,24
challenged,24
aches,24
metabolism,24
mow,24
celebrations,24
hippies,24
candidates,24
boundary,24
karma,24
jokers,24
cautious,24
cylons,24
acorn,24
anyways,24
pluck,24
weekday,24
punting,24
deserves,24
bieber,24
opium,24
mucky,24
colin,24
sister-in-law,24
brochure,24
contained,24
extensions,24
pensioners,24
sunbed,24
export,24
coordinator,24
auxiliary,24
consult,24
belonged,24
chakra,24
ser-,24
left-handed,24
bilingual,24
greeks,24
dreading,24
ammo,24
profits,24
anna,24
announce,24
morally,24
mps,24
taxing,24
waters,24
tabs,24
technician,24
notices,24
ricky,24
makers,24
philanthropic,24
tarts,24
fleece,24
holders,24
wagamama,24
prod,24
sodium,24
mia,24
ignorance,24
rises,24
recliner,24
brigade,24
lisa,24
decrease,24
imogen,24
hugs,24
jacks,24
maggie,24
man-,24
loos,24
dicaprio,24
rearrange,24
so-and-so,24
dwarf,24
quoted,24
presumed,24
microwaves,24
nines,24
honesty,24
storing,24
tonsillitis,24
hog,24
yoda,24
casually,24
legislation,24
damaging,24
inverted,24
expects,24
condom,24
glastonbury,24
lager,24
baba,24
statues,24
atlanta,24
spells,24
condensed,24
thoughtful,24
talkative,24
slammed,24
lenny,24
welcoming,24
gogglebox,24
lava,24
brighter,24
retain,24
concentration,24
straighten,24
deleting,24
hymns,24
mis-,24
anthony,24
bookmark,24
historic,24
poppy,24
inspection,24
northumberland,24
adoption,24
strop,24
tones,24
cucumbers,24
bursary,24
thickness,24
exercising,24
cuppa,24
jennifer,24
scots,24
ob-,24
seventy-seven,24
glorious,24
annoyingly,24
asylum,24
cane,24
avoided,24
treasurer,24
mor-,24
coil,24
squeezed,24
coping,24
introducing,24
brewery,24
sandals,24
debating,24
beliefs,24
jean,24
invention,24
melting,24
doughnuts,24
returns,24
napkin,24
frankfurt,24
gloss,24
flashes,24
consistently,24
depp,24
alarms,24
left-hand,24
ie,24
minibus,24
resident,24
psyche,23
jetty,23
stupidly,23
venus,23
inbox,23
contacting,23
courgette,23
foul,23
pose,23
earl,23
asset,23
similarities,23
spun,23
diets,23
selective,23
donation,23
televisions,23
refereeing,23
ageing,23
graham,23
warmth,23
geeky,23
scholarship,23
grazie,23
goggles,23
availability,23
homeland,23
pestle,23
interfere,23
sturdy,23
wogan,23
considerably,23
unicorn,23
posing,23
pandemic,23
rapidly,23
grease,23
eighty-two,23
rally,23
walker,23
pulse,23
jersey,23
forehand,23
photographic,23
verbal,23
exceptional,23
skins,23
wishing,23
describes,23
elaborate,23
electrics,23
manila,23
manoeuvre,23
removal,23
hollow,23
observed,23
accounting,23
airline,23
fro-,23
proxy,23
aires,23
receipts,23
beneath,23
throne,23
smarter,23
sw-,23
rated,23
flannel,23
whom,23
polished,23
megabytes,23
meanwhile,23
teens,23
mockingbird,23
tacky,23
brie,23
peninsula,23
saddle,23
llamas,23
reasoning,23
ridden,23
petersburg,23
clocked,23
closet,23
prep,23
outgoing,23
consonants,23
ancestry,23
ex-girlfriend,23
threshold,23
recharge,23
implications,23
sha-,23
chicks,23
macbeth,23
rs,23
ins-,23
cuckoo,23
fort,23
pollen,23
faults,23
owt,23
jammed,23
accessories,23
turmeric,23
bah,23
instances,23
besides,23
farting,23
waved,23
carbohydrates,23
guitars,23
arrows,23
tibet,23
trusting,23
praise,23
privileged,23
hardback,23
convincing,23
jo-,23
smiled,23
fanny,23
squished,23
smoothies,23
proving,23
dreamt,23
owning,23
nintendo,23
recommendation,23
graffiti,23
lightly,23
assistants,23
hun-,23
pumping,23
med,23
tumour,23
crosswords,23
archers,23
calpol,23
blessed,23
gmail,23
mercedes,23
del,23
tinned,23
sup-,23
iconic,23
plumbing,23
blackbird,23
loa-,23
a66,23
characteristics,23
sequel,23
sued,23
fortieth,23
m6,23
showered,23
genetics,23
corrected,23
thermal,23
opt,23
disruptive,23
finest,23
pilots,23
cashew,23
kip,23
issued,23
groove,23
duties,23
inspect,23
crashes,23
pinky,23
succeed,23
economically,23
argh,23
servant,23
tortoise,23
eco,23
referee,23
fam-,23
fest,23
bart,23
brushes,23
acquisition,23
fame,23
daisy,23
rota,23
respectable,23
ritual,23
enclosed,23
pumpkins,23
rewind,23
dodge,23
paedophiles,23
outlook,23
glamorous,23
determine,23
fulfilled,23
christopher,23
verbs,23
sciences,23
buffy,23
presentations,23
fee-,23
schemes,23
cassettes,23
ano-,23
harvest,23
elf,23
brute,23
reacted,23
stash,23
glowing,23
outsourcing,23
acoustic,23
shou-,23
commas,23
establishment,23
jan,23
warrior,23
roofs,23
vent,23
resigned,23
cava,23
distinctive,23
giggles,23
produces,23
barracks,23
willow,23
drilling,23
eggy,23
oregano,23
councils,23
animated,23
warden,23
twister,22
coastal,22
dancers,22
obsessive,22
tack,22
queens,22
peppa,22
worldwide,22
chennai,22
stripper,22
integrate,22
planner,22
lima,22
godfather,22
cremated,22
sided,22
solutions,22
doyle,22
calais,22
bracelet,22
supplies,22
glazed,22
hosting,22
mourinho,22
policemen,22
residents,22
rifles,22
moisturiser,22
milkshake,22
demographic,22
cunts,22
invade,22
thermostat,22
downton,22
puree,22
hardcore,22
beeping,22
artwork,22
sha,22
nurture,22
squeak,22
eyelashes,22
blink,22
estates,22
encourages,22
tarantino,22
hopes,22
arrives,22
eliminated,22
among,22
travelodge,22
booth,22
pressured,22
shagging,22
suede,22
toenail,22
scenarios,22
fraction,22
pisa,22
inconvenient,22
newsletter,22
weakest,22
porec,22
output,22
defined,22
locations,22
sch-,22
hopping,22
swam,22
bullets,22
weakness,22
fungus,22
tripod,22
peck,22
dahl,22
laughter,22
nun,22
charades,22
tolerant,22
chorizo,22
toulouse,22
employing,22
bucks,22
md,22
factual,22
claire,22
greenwich,22
clash,22
fran,22
publisher,22
gnocchi,22
themself,22
cages,22
pearl,22
hoovered,22
pistachios,22
automated,22
displays,22
practices,22
stingy,22
groom,22
mccartney,22
instructors,22
threaten,22
interior,22
kippers,22
tinker,22
alpha,22
wilderness,22
washer,22
knack,22
moore,22
feeder,22
princesses,22
observing,22
apologising,22
exact-,22
complexity,22
administration,22
moroccan,22
somerset,22
tequila,22
cairo,22
crochet,22
agencies,22
agrees,22
surrey,22
dent,22
cavalry,22
deny,22
implant,22
gadget,22
muesli,22
gathered,22
adviser,22
component,22
heinz,22
iced,22
alcoholics,22
corsa,22
mercy,22
severely,22
unbelievably,22
liqueur,22
brace,22
surf,22
inhaler,22
dominoes,22
handling,22
manipulate,22
friendships,22
christians,22
eurostar,22
armour,22
processor,22
kyle,22
wheelie,22
watered,22
users,22
natwest,22
easyjet,22
nu-,22
functioning,22
pillar,22
allegedly,22
transcribed,22
eighty-eight,22
coupla,22
chewy,22
ad-,22
grilled,22
necessity,22
carnival,22
seventy-three,22
visualise,22
blackcurrant,22
extravagant,22
icon,22
unlocked,22
supporters,22
regarding,22
stats,22
altered,22
sperm,22
dickheads,22
sprite,22
painter,22
reflecting,22
compatible,22
hiv,22
bagel,22
evolving,22
themed,22
slut,22
mead,22
wellbeing,22
denim,22
elementary,22
bambi,22
po,22
releasing,22
nigeria,22
europeans,22
leeway,22
searches,22
cack,22
needy,22
pecking,22
homo,22
tubs,22
appointed,22
mousse,22
referenced,22
pedals,22
rick,22
malaria,22
simplest,22
immaculate,22
manufacturer,22
transcript,22
selfies,22
recovering,22
journals,22
burp,22
full-on,22
peeler,22
shitload,22
mentor,22
societies,22
explicitly,22
uncles,22
nazis,22
consumption,22
booklet,22
bro-,22
commentary,22
deodorant,22
bluh,22
tai,22
noses,22
miller,22
kilometre,22
pâté,22
cinderella,22
redone,22
whiteboard,22
derogatory,22
bankrupt,22
relay,22
cycles,22
hatred,22
skates,22
tails,22
ambitious,22
loner,22
intolerant,22
ministry,22
ludicrous,22
librarian,22
answerphone,22
investigated,22
spotify,22
phobia,22
itch,22
madame,22
am-,22
lasting,22
screams,22
biological,22
waterstones,22
budgets,22
gen-,22
woolworths,22
fats,22
seaweed,22
releases,22
witty,22
dose,22
consistency,22
phenomenon,22
joists,22
weirder,22
austin,22
meaningful,22
t',22
start-up,21
enjoyment,21
branding,21
iranian,21
draws,21
sunk,21
socialising,21
trauma,21
workplace,21
carved,21
examiner,21
rehab,21
tidied,21
purples,21
enable,21
donations,21
diagonally,21
slows,21
preserved,21
croquet,21
harmless,21
homosexual,21
christmases,21
rattle,21
applicable,21
backgrounds,21
rounded,21
fictitious,21
par,21
matilda,21
radius,21
essence,21
balancing,21
serum,21
knots,21
snail,21
gangs,21
pyjama,21
netting,21
cassette,21
israeli,21
humanities,21
functions,21
sums,21
disneyland,21
entertained,21
millimetres,21
irony,21
burton,21
lowered,21
grossing,21
noth-,21
disadvantage,21
tapping,21
madagascar,21
photocopying,21
shredded,21
wayne,21
bicycles,21
reluctant,21
soy,21
poorer,21
eighty-one,21
malaysian,21
oman,21
carve,21
stale,21
jerusalem,21
fluoride,21
sloth,21
humble,21
midweek,21
lanka,21
dramas,21
rescued,21
tenancy,21
temp,21
aquarium,21
seating,21
invariably,21
specsavers,21
consultancy,21
bertie,21
--anondateofbirth,21
urine,21
noted,21
screamed,21
sympathetic,21
cookbook,21
approaching,21
calculated,21
counsellors,21
interrupted,21
was-,21
derbyshire,21
feb,21
comforting,21
lisbon,21
catchy,21
savile,21
absorbed,21
forwarded,21
toenails,21
apocalypse,21
chemo,21
matched,21
sou-,21
granddaughter,21
capers,21
godmother,21
paused,21
competent,21
puddles,21
pitta,21
legged,21
deaths,21
advent,21
yous,21
marching,21
knuckle,21
dramatically,21
dover,21
imported,21
revising,21
weighs,21
distraction,21
colds,21
newton,21
dumplings,21
hannibal,21
destiny,21
terrain,21
vital,21
pva,21
sergeant,21
viper,21
spurs,21
indoor,21
communism,21
traveller,21
newly,21
prisoner,21
distress,21
bolton,21
bing,21
striking,21
char-,21
pyramids,21
idol,21
grips,21
floyd,21
macdonald,21
collapse,21
commuting,21
battlestar,21
carols,21
nissan,21
gran-,21
fellas,21
slips,21
slid,21
representation,21
shovel,21
halo,21
histories,21
maltesers,21
proactive,21
aberdeen,21
valves,21
gm,21
worthy,21
partially,21
enquiries,21
licking,21
nuns,21
ict,21
manufactured,21
explicit,21
communion,21
targeting,21
yey,21
pinned,21
crescent,21
interim,21
developer,21
governor,21
beam,21
flirting,21
hurray,21
facetime,21
hurtful,21
teapot,21
canoe,21
wrinkles,21
deliberate,21
pazin,21
allocated,21
compartment,21
reggae,21
succeeded,21
irritates,21
choking,21
papa,21
cor-,21
unpack,21
doggy,21
lengths,21
seatbelt,21
sci-fi,21
viral,21
trashed,21
em-,21
accommodating,21
snuck,21
headline,21
siam,21
kronenbourg,21
hormone,21
apollo,21
offload,21
exaggerated,21
progression,21
jacuzzi,21
collective,21
performed,21
alternatives,21
meg,21
props,21
stability,21
structural,21
temperatures,21
doc-,21
amen,21
warn,21
germs,21
scarlet,21
quantities,21
convention,21
greed,21
corfu,21
negotiating,21
vomiting,21
reunion,21
katie,21
jazzy,21
nailed,21
gills,21
juicy,21
vin,21
sorbet,21
prospect,21
grin,21
goth,21
strategies,21
georgia,21
poked,21
bendy,21
stationery,21
subscribe,21
substitute,21
principles,21
premiership,21
shuffling,21
inter-,21
manor,21
insulin,21
carp,21
screwfix,21
cervical,21
struggles,21
moose,21
a19,21
prey,21
nutrients,21
chaps,21
faulty,21
rider,21
haired,21
montreal,21
storey,21
sewage,21
pawns,21
kinshasa,21
sarcasm,21
unreal,21
shifting,21
clover,21
thriller,21
headlines,21
inevitable,20
bran,20
suspension,20
editorial,20
catholics,20
swipe,20
cockroaches,20
proofread,20
helmets,20
marijuana,20
handbags,20
vocational,20
astronomy,20
chalet,20
myth,20
smug,20
playlist,20
python,20
undercover,20
say-,20
je,20
networks,20
africans,20
tripped,20
nativity,20
ultrasound,20
silhouette,20
thin-,20
cour-,20
beca-,20
claw,20
tiffany,20
subconscious,20
tipsy,20
spaced,20
halal,20
rig,20
athletic,20
chicago,20
braces,20
juices,20
forbidden,20
breastfeeding,20
considerate,20
enrolled,20
independently,20
mound,20
joins,20
bail,20
hologram,20
des-,20
romanian,20
reed,20
swallowed,20
beckham,20
infrared,20
mortified,20
jamas,20
unwell,20
nuke,20
ali,20
monitoring,20
toronto,20
skeleton,20
sockets,20
alarming,20
unfit,20
leeks,20
swirly,20
tallest,20
vibrate,20
skim,20
staple,20
almonds,20
decaf,20
stalk,20
beetle,20
prosecuted,20
slab,20
advantages,20
trivial,20
highlands,20
lemongrass,20
eminem,20
carriages,20
threads,20
acknowledged,20
constructed,20
lizard,20
calorie,20
pharmaceutical,20
stated,20
monologue,20
upfront,20
cox,20
similarly,20
peoples,20
malta,20
jagger,20
invites,20
demolished,20
problematic,20
chihuahua,20
sceptical,20
diverted,20
olden,20
reuse,20
short-term,20
crematorium,20
arbitrary,20
gram,20
codes,20
chopsticks,20
rewarding,20
thief,20
shetland,20
eligible,20
guiche,20
dragonfly,20
complement,20
stitched,20
dotted,20
beige,20
noticeable,20
garlicky,20
gramps,20
agony,20
barber,20
chord,20
located,20
relieved,20
prone,20
archery,20
jabs,20
interactive,20
expanded,20
renowned,20
index,20
guidance,20
navigate,20
discovery,20
dumping,20
embedded,20
portable,20
seth,20
swears,20
streams,20
blades,20
gumtree,20
heaps,20
leaflets,20
perks,20
wight,20
dictionaries,20
sugars,20
peacock,20
blessing,20
scooby,20
cowboy,20
mai-,20
machete,20
scanning,20
horsey,20
printers,20
capitalism,20
correcting,20
recommendations,20
psychologist,20
flushes,20
trimmed,20
scanned,20
transgender,20
ting,20
croatian,20
shaft,20
tutorials,20
ap-,20
veggies,20
meats,20
cafes,20
er-,20
operator,20
coverage,20
burden,20
hopkins,20
kiwi,20
marbles,20
cumbria,20
lesser,20
violet,20
chuckle,20
noodle,20
anderson,20
lotion,20
antisocial,20
unemployment,20
doug,20
lumpy,20
marketplace,20
richer,20
ceilidh,20
profitable,20
butlins,20
trashy,20
withdraw,20
refresh,20
reservations,20
seasoning,20
lemony,20
wri-,20
triumph,20
flaccid,20
foundations,20
briefing,20
pathfinders,20
pumped,20
obesity,20
weighing,20
overwhelmed,20
grudge,20
academically,20
milton,20
laura,20
she-,20
digits,20
reducing,20
broadcast,20
eas-,20
cakey,20
bud,20
selwyn,20
murderers,20
partridge,20
swans,20
launcher,20
overlooking,20
evolve,20
revenge,20
ape,20
gory,20
assessments,20
hoovering,20
experimental,20
bedsit,20
stamped,20
bar-,20
insides,20
che-,20
nephews,20
marries,20
storms,20
gove,20
dentists,20
bagels,20
cramp,20
stressing,20
drowned,20
stereotypes,20
pretentious,20
peeled,20
dorothy,20
caterpillar,20
unrealistic,20
beyoncé,20
rip-off,20
cunning,20
meaningless,20
civilian,20
okey-dokey,20
fruity,20
morse,20
turtles,20
wuss,20
experiencing,20
mila,20
las,20
framework,20
coffees,20
cognitive,20
verge,20
jammy,20
custody,20
staggering,20
ghana,20
mermaid,20
stepdad,20
plucked,20
suitcases,20
variations,20
importantly,20
bold,20
rep,20
ex-wife,20
terror,20
fist,20
gulliver,20
meles,20
rabies,20
thunder,20
chained,20
frighten,20
visually,20
camped,20
cubicle,20
broader,20
exaggerating,20
watson,20
sweeping,20
comb,20
creeps,20
rib,20
assistance,20
coordinate,20
pinching,20
agricultural,20
idiom,19
raping,19
skimmed,19
abs,19
yawning,19
flawed,19
obscene,19
trailers,19
salaries,19
tantrum,19
flattering,19
yes-,19
liability,19
reiki,19
ct,19
tighten,19
coca-cola,19
descriptive,19
ants,19
asbestos,19
campaigns,19
overheard,19
arou-,19
integrated,19
seller,19
forklift,19
peppery,19
grinding,19
rumour,19
guttering,19
pedestrians,19
northampton,19
sexually,19
inevitably,19
investigation,19
cuddles,19
bedford,19
nieces,19
unaware,19
occupational,19
housework,19
mistress,19
kite,19
samosa,19
tipping,19
professionally,19
rhino,19
athletes,19
mitchell,19
crow,19
coun-,19
tonsils,19
motel,19
spoonful,19
squadron,19
sufficient,19
apparent,19
bales,19
scrum,19
bonded,19
snooker,19
gag,19
sewn,19
steaming,19
binned,19
theatres,19
wetherspoon,19
slaughtered,19
exception,19
circulation,19
itching,19
tetanus,19
branded,19
doodle,19
motive,19
drains,19
hunted,19
stems,19
traditions,19
taboo,19
establish,19
uphill,19
tommy,19
moped,19
wee-,19
maintaining,19
posher,19
racquet,19
equation,19
repeating,19
habitat,19
moderate,19
beads,19
auckland,19
publishers,19
coated,19
diplomatic,19
phonetic,19
pickles,19
artichokes,19
joel,19
doritos,19
crammed,19
rainbows,19
stake,19
shellfish,19
syllables,19
gist,19
awarded,19
snickers,19
arseholes,19
conventions,19
westminster,19
ambassador,19
intriguing,19
antidepressants,19
orville,19
conductor,19
alps,19
rooks,19
swansea,19
carpenter,19
dame,19
sac,19
sensation,19
hiccups,19
pt,19
recovered,19
sat-,19
borough,19
rebellion,19
pringles,19
palate,19
insure,19
dif-,19
oat,19
obstacle,19
heartbeat,19
bums,19
defeat,19
almighty,19
lace,19
greet,19
wahoo,19
rigid,19
day-to-day,19
pebbles,19
reflects,19
helicopters,19
streak,19
equate,19
fro,19
ultra,19
barrett,19
blossom,19
spaniel,19
chippy,19
ss,19
chewbacca,19
trench,19
cumberbatch,19
coral,19
linguist,19
acre,19
mascara,19
expansion,19
councillor,19
shootout,19
sheltered,19
paxos,19
poll,19
onl-,19
carbohydrate,19
limp,19
rhyming,19
scarborough,19
teatime,19
look-,19
aft-,19
doi-,19
toasty,19
fri-,19
dimensions,19
lindt,19
knot,19
parody,19
hah,19
saggy,19
juniors,19
budgie,19
painkillers,19
daunting,19
yarmouth,19
siberia,19
libya,19
boston,19
cheshire,19
singles,19
elections,19
resign,19
alfred,19
hammering,19
heathcliff,19
canoeing,19
sane,19
hinge,19
harrison,19
altar,19
wardrobes,19
squidgy,19
divine,19
fax,19
comparable,19
scripts,19
saga,19
stratford,19
katy,19
revealing,19
mel,19
piccadilly,19
aims,19
wicker,19
carving,19
protesting,19
vein,19
sociology,19
eve-,19
pottering,19
gaga,19
handbook,19
brunch,19
majorca,19
roadblock,19
buds,19
mob,19
razor,19
renaissance,19
cries,19
ramp,19
ci-,19
invasion,19
blurred,19
smallish,19
overpriced,19
intentions,19
goody,19
bluff,19
tuned,19
garages,19
illusion,19
connects,19
unplug,19
bled,19
tenerife,19
crotch,19
marrow,19
stocking,19
rhodesia,19
shadows,19
possession,19
belonging,19
notch,19
hacked,19
stubble,19
discovering,19
dupuytren,19
punish,19
stigma,19
dips,19
demonstration,19
supplied,19
staples,19
bib,19
blouse,19
off-putting,19
savage,19
disappearing,19
hush,19
bashed,19
gray,19
playgroup,19
vino,19
husbands,19
hol-,19
smiles,19
danced,19
ter-,19
isles,19
chris-,19
badgers,19
grabs,19
tribes,19
examine,19
a-levels,19
flaps,19
deficit,19
flirt,19
curl,19
machu,19
extremes,19
digestive,19
rebuilt,19
cul,19
recorders,19
seagulls,19
trades,19
osborne,19
right-click,19
storeys,19
assets,19
gar-,19
shifted,19
ton,19
thorn,19
measles,19
rigged,19
cereals,19
shaggy,18
charismatic,18
bloom,18
ce-,18
embroidery,18
kindness,18
actua-,18
shield,18
regiment,18
quorum,18
trusts,18
scaffolding,18
visibility,18
discs,18
pneumonia,18
als-,18
arguably,18
testament,18
subsequently,18
reaching,18
diverse,18
rou-,18
conkers,18
licked,18
committing,18
coolest,18
lovers,18
barley,18
scrolling,18
dubious,18
cromwell,18
austrian,18
parameters,18
turnip,18
dustbin,18
swelling,18
tattooed,18
conscientious,18
sos,18
corruption,18
gale,18
transylvania,18
corporations,18
weeding,18
mothering,18
sherbet,18
vo-,18
disused,18
saffron,18
stamina,18
grasp,18
curiosity,18
snuggle,18
cellophane,18
spar,18
mri,18
incorrectly,18
cruelty,18
ply,18
thigh,18
nigger,18
touches,18
stocky,18
bet-,18
smacked,18
kebabs,18
ich,18
reflective,18
shouts,18
eiffel,18
winners,18
sixtieth,18
charlotte,18
mathematics,18
aunties,18
muscly,18
indicator,18
sustain,18
waterloo,18
accountants,18
stinging,18
grooming,18
catalonia,18
knowledgeable,18
fittings,18
alight,18
bossy,18
ashtray,18
implies,18
classy,18
funerals,18
sweeties,18
smokers,18
crave,18
gracious,18
nordic,18
intact,18
stoned,18
snore,18
up-,18
possessed,18
itinerary,18
mechanic,18
wrapper,18
wro-,18
vase,18
specials,18
realm,18
flapping,18
rebuild,18
sparrow,18
forge,18
beware,18
confusion,18
overdo,18
grains,18
dartmoor,18
worksheet,18
civilisation,18
whoosh,18
downwards,18
bordeaux,18
jake,18
announcement,18
funnel,18
pressures,18
uploaded,18
queensland,18
adapter,18
nestlé,18
sk-,18
footpaths,18
anyth-,18
hawaii,18
ama-,18
lille,18
transactions,18
aylesbury,18
martian,18
clingy,18
arrival,18
jumanji,18
stately,18
restore,18
flirty,18
contraband,18
intending,18
danish,18
magnum,18
wilson,18
drought,18
verify,18
remarkable,18
bizarrely,18
lighthouse,18
worcestershire,18
planets,18
assured,18
staged,18
riyadh,18
bye-bye,18
notifications,18
inspirational,18
baskets,18
onesie,18
dudes,18
bitching,18
embarrassment,18
poached,18
notorious,18
informal,18
slovakia,18
slant,18
kennedy,18
outsider,18
pdf,18
households,18
nae,18
nasa,18
credibility,18
driverless,18
wavelength,18
sibling,18
spuds,18
louise,18
illegally,18
lentil,18
tolerance,18
institutions,18
spoiled,18
envelopes,18
panicky,18
bliss,18
hopper,18
bluebells,18
definitions,18
bunnies,18
murray,18
cures,18
rake,18
seville,18
bournemouth,18
underpants,18
nettles,18
launched,18
courtesy,18
navigation,18
trustees,18
blu-tack,18
doorbell,18
alex,18
steals,18
grounded,18
inconvenience,18
miscarriage,18
creeping,18
folds,18
elbows,18
experimenting,18
indefinitely,18
tablespoon,18
congo,18
lobster,18
hallelujah,18
tutorial,18
observer,18
ann,18
bolts,18
pitches,18
repairs,18
petrified,18
attitudes,18
drills,18
nelson,18
traumatised,18
dusky,18
stocks,18
hawk,18
yolk,18
obnoxious,18
starlings,18
letterbox,18
pods,18
replying,18
motivate,18
overhead,18
laziness,18
troubles,18
burgundy,18
identified,18
arches,18
viewed,18
eigh-,18
as-,18
aubergines,18
fingerprints,18
manky,18
bailey,18
pretends,18
immense,18
yegg,18
wade,18
collector,18
podcasts,18
lob,18
poot,18
slippery,18
collects,18
browser,18
sh,18
recruiting,18
steroids,18
fuckers,18
situ,18
ancestors,18
tightly,18
horizontal,18
contagious,18
occupation,18
palliative,18
fielding,18
resorts,18
bolivia,18
ethic,18
remit,18
squat,18
lincolnshire,18
threesome,18
believer,18
pancetta,18
continuously,18
lucozade,18
sussed,18
whiskers,18
occurring,18
elder,18
parma,18
hugged,18
sash,18
similarity,18
slowed,18
violets,18
monet,18
forums,18
roar,18
si,18
noughts,18
pic-,18
oslo,18
dealers,18
perceived,18
lethal,18
drags,18
ever-,18
prizes,18
sailor,18
exaggeration,18
fathers,18
questionnaire,18
headquarters,18
ciao,18
ambition,18
innovative,18
moby,18
feral,18
internally,18
lynx,18
uber,18
calamari,18
universal,18
unacceptable,18
buggers,18
ucas,18
scruffy,18
hierarchy,18
eyed,18
tamarind,18
ecstasy,18
bruno,18
campaigning,18
blackpool,18
turkeys,18
headhunted,18
banners,18
specify,18
zagreb,18
flattened,18
implied,18
worlds,18
warsaw,18
highlighted,18
inherit,18
attenborough,18
slaughter,18
antwerp,18
photographed,18
cannes,18
confidential,17
guitarist,17
mythology,17
dusted,17
exposure,17
schedules,17
bladder,17
sunbathing,17
squeamish,17
reviewed,17
roald,17
telescope,17
resistant,17
jade,17
darwin,17
compensate,17
grenades,17
quitting,17
croissants,17
goodies,17
geographical,17
particles,17
sweats,17
under-,17
winters,17
researchers,17
flock,17
strategically,17
dole,17
latitude,17
jester,17
hp,17
gutter,17
stacks,17
toned,17
spraying,17
toothache,17
tt,17
straws,17
sofia,17
decker,17
won-,17
commissioning,17
labyrinth,17
petition,17
acute,17
predictive,17
rubbery,17
harvey,17
sis-,17
trombone,17
sellotape,17
faked,17
crb,17
insulated,17
bummer,17
sec-,17
mower,17
gibraltar,17
rioting,17
isolation,17
disconcerting,17
yoghurts,17
vinyl,17
graves,17
unnatural,17
centred,17
peugeot,17
representing,17
belgian,17
missiles,17
administrator,17
supervision,17
roaming,17
does-,17
grad,17
galleries,17
dogma,17
crowds,17
aspirations,17
parenting,17
mathematician,17
moor,17
readings,17
suss,17
connery,17
screening,17
mao,17
reliant,17
htc,17
patent,17
kiln,17
yelling,17
unconscious,17
vain,17
submarine,17
conservation,17
wechat,17
rouge,17
homebase,17
negotiated,17
minh,17
horace,17
insistent,17
murders,17
strokes,17
larry,17
oily,17
wuh,17
tremendous,17
commonly,17
oscars,17
meerkat,17
prop,17
saddam,17
electron,17
forgiven,17
electrocuted,17
hail,17
combo,17
drilled,17
pidgin,17
outbreaks,17
cho-,17
wizz,17
nationwide,17
pud,17
jenny,17
addressing,17
sworn,17
crutches,17
statistically,17
cuddly,17
bangs,17
salami,17
pickup,17
coherent,17
hyundai,17
economical,17
naruto,17
notification,17
dory,17
massacre,17
comeback,17
garbage,17
sim-,17
salvador,17
curse,17
crates,17
cleverly,17
crabs,17
expectancy,17
clo-,17
nesting,17
staffroom,17
newest,17
bumping,17
ele-,17
brightest,17
overdue,17
tol-,17
minion,17
represents,17
prescribed,17
gaelic,17
chili,17
sixteen-year-old,17
lever,17
tragedy,17
misunderstood,17
scientifically,17
approximately,17
scanner,17
drunken,17
freely,17
designers,17
modified,17
christened,17
chlorine,17
dell,17
overlap,17
sonnet,17
participate,17
sutton,17
contents,17
multiply,17
pop-up,17
decay,17
nicki,17
scratches,17
primarily,17
slimy,17
beginners,17
probation,17
shortest,17
lollipop,17
bling,17
removing,17
operated,17
supervisors,17
lollies,17
tulips,17
extending,17
opted,17
arcade,17
raisin,17
louvre,17
in-depth,17
spec,17
persian,17
spat,17
pi,17
hypocritical,17
brit,17
nostalgic,17
infinite,17
walliams,17
cam,17
tractors,17
maiden,17
tariff,17
comics,17
limbs,17
turf,17
arctic,17
dividing,17
objectives,17
courier,17
placements,17
interval,17
bruised,17
grandchild,17
minging,17
uv,17
pam,17
density,17
can-,17
pinku,17
aero,17
clove,17
conferences,17
chorus,17
derelict,17
julie,17
breeds,17
hazel,17
seafront,17
tracked,17
restart,17
jeep,17
legging,17
voiced,17
trimmer,17
vocal,17
renewed,17
terracotta,17
misc,17
overcome,17
bureaucracy,17
elevens,17
confess,17
icelandic,17
crest,17
entirety,17
clippers,17
miniature,17
matrix,17
horrendously,17
emerald,17
extensive,17
intuitive,17
musicals,17
educating,17
a51,17
dispatcher,17
subsidised,17
explored,17
borrowing,17
luxurious,17
axis,17
spoiling,17
generator,17
slit,17
tweed,17
modest,17
acupuncture,17
earring,17
fen,17
manually,17
transit,17
paving,17
contributions,17
jeff,17
scheduled,17
appliances,17
jaws,17
tortilla,17
venison,17
burial,17
tranny,17
frie-,17
hannah,17
supporter,17
futon,17
mosquitos,17
meanings,17
appreciation,17
charitable,17
trans,17
lizards,17
liable,17
maintained,17
riley,17
ranks,17
jaguar,17
farsi,17
stormed,17
filth,17
coup-,17
volcanoes,17
orientated,17
fears,17
hygiene,17
finely,17
sensibly,17
ag-,17
statutory,17
darn,17
everest,17
dc,17
rogan,17
vets,17
stitching,17
appeals,17
chronic,17
attorney,17
wanking,17
usage,17
siesta,17
logically,17
coastguard,17
kilogram,17
mushy,17
pathway,17
earthquake,17
whizzing,17
macro,17
mortality,17
kane,17
moths,17
eyeballs,17
english-speaking,17
geordies,17
bhaji,17
affection,17
liam,17
fiancé,17
bows,17
wharf,17
barney,17
checkout,17
stilton,17
positively,17
betty,17
flicks,17
kurt,17
diagnosis,17
tracksuit,17
buckingham,17
cosmetic,17
despicable,17
drumming,17
observe,17
spins,17
fade,17
intentionally,17
hnd,17
pope,17
corporation,17
esme,17
plains,17
bracelets,17
supreme,17
populated,17
ensure,17
crockery,17
supplement,16
shittest,16
demolish,16
avengers,16
ron,16
shortened,16
implement,16
stalin,16
stair,16
distributed,16
kinder,16
geology,16
minaj,16
orbs,16
sneaking,16
mocking,16
dirk,16
trapeze,16
barman,16
pits,16
documentation,16
sketchy,16
bor-,16
nanna,16
greeting,16
leon,16
laminate,16
reykjavik,16
tango,16
symbolic,16
stump,16
teaspoons,16
abu,16
predators,16
regions,16
nicking,16
sweeter,16
coordination,16
handmade,16
allotments,16
marsh,16
valleys,16
massages,16
wallace,16
multitask,16
crude,16
wh,16
queries,16
estimated,16
quavers,16
deserted,16
passata,16
booty,16
righ-,16
downloads,16
q-,16
adjacent,16
handlebars,16
medals,16
hosted,16
napa,16
blogs,16
stretches,16
faffing,16
conjunction,16
profiles,16
contracture,16
neatly,16
precedent,16
matey,16
substance,16
joggers,16
orwell,16
nutrition,16
mosaic,16
vipers,16
trout,16
blisters,16
bids,16
divert,16
reassuring,16
buzzard,16
portland,16
tortillas,16
offline,16
falcon,16
ghastly,16
peddling,16
inbetweeners,16
hints,16
ccg,16
armpits,16
rumours,16
os,16
tortoises,16
spotting,16
bikers,16
pavements,16
haul,16
blu-ray,16
toddlers,16
clears,16
venues,16
creation,16
satellites,16
pokemon,16
taupe,16
transferring,16
seasick,16
three-hour,16
presses,16
rested,16
quoting,16
buffer,16
hosepipe,16
gorge,16
transferable,16
hides,16
interfering,16
carton,16
aniseed,16
shooter,16
inconsiderate,16
skint,16
choc,16
blitz,16
personalised,16
survivor,16
reckless,16
dignity,16
detect,16
correlation,16
bobby,16
dedication,16
hazy,16
incompetent,16
inflatable,16
men-,16
dictate,16
fou-,16
disguise,16
jupiter,16
cabbages,16
swimmer,16
arranging,16
moat,16
decline,16
voters,16
triggered,16
col-,16
matzo,16
refugee,16
psychopath,16
juicer,16
inclination,16
prosecute,16
spiced,16
knuckles,16
samuel,16
hemp,16
influential,16
salesman,16
stubborn,16
aerobic,16
chlamydia,16
slogan,16
bradford,16
hon,16
mowing,16
midwife,16
douche,16
timings,16
vault,16
schnapps,16
utilities,16
gulp,16
nipped,16
errors,16
workload,16
tiniest,16
preserve,16
memorable,16
seated,16
defining,16
enquiry,16
crossword,16
annie,16
foolish,16
recruited,16
corridors,16
oblivious,16
frequent,16
psychic,16
twee,16
trai-,16
atrocious,16
wrongly,16
satisfactory,16
bind,16
bursting,16
hollister,16
bp,16
cajón,16
eclipse,16
peek,16
clunk,16
saucers,16
meringue,16
shawl,16
gifted,16
wetsuit,16
staggered,16
flares,16
psychologists,16
ibuprofen,16
sti-,16
array,16
computing,16
rational,16
guatemala,16
translations,16
whisked,16
lister,16
geographically,16
pai-,16
calmer,16
monarchy,16
victims,16
merchant,16
divers,16
trough,16
attracts,16
concussion,16
reserves,16
void,16
schwarzenegger,16
apologised,16
baubles,16
blanc,16
bailed,16
billed,16
refuses,16
tiling,16
loudest,16
freesat,16
flaws,16
instalments,16
cliché,16
buil-,16
harley,16
gromit,16
pensioner,16
convent,16
wells,16
quinoa,16
dominated,16
sparks,16
opticians,16
extortionate,16
reacting,16
samey,16
shrunk,16
unattractive,16
riverside,16
midget,16
slapping,16
what-,16
clutter,16
forming,16
visuals,16
enforced,16
skyfall,16
kinky,16
crete,16
knobs,16
punished,16
generalising,16
shaken,16
muscular,16
nuh,16
browns,16
chaotic,16
cemetery,16
ling,16
cockerel,16
heats,16
badass,16
contest,16
hilly,16
tribal,16
stared,16
rooftop,16
scandinavian,16
frig,16
dynamite,16
cal-,16
paperback,16
polystyrene,16
duvets,16
preschool,16
dab,16
maggots,16
splat,16
miranda,16
bohemian,16
ringtone,16
deliveries,16
jessica,16
manufacturers,16
firmly,16
moans,16
masculine,16
biblical,16
drenched,16
ration,16
rambling,16
galactica,16
leaping,16
pew,16
magnificent,16
grating,16
oncologist,16
adams,16
insight,16
heaters,16
glazing,16
obstacles,16
fawlty,16
cannons,16
haribo,16
consume,16
basing,16
attending,16
nicky,16
grilling,16
contractor,16
travellers,16
abandon,16
wartime,16
hairdressing,16
fairground,16
bankers,16
railing,16
thingamajig,16
alli,16
pumps,16
accuse,16
jewels,16
twenty-fourteen,16
andaman,16
unreasonable,16
mauritius,16
zeppelin,16
mathematical,16
bestival,16
coldplay,16
lecturing,16
slopes,16
troops,16
porsche,16
develops,16
toothbrushes,16
killers,16
postgraduate,16
jealousy,16
variable,16
reel,16
gutting,16
obvious-,16
pulley,16
fencing,16
extrovert,16
debates,16
gosling,16
wasabi,16
reporter,16
press-ups,16
stresses,16
disabilities,16
inc,16
portrayed,16
frustration,16
disconnect,16
descendants,16
goldfish,16
benidorm,16
investments,16
lynched,16
cloned,16
spreadable,16
humidity,16
hooker,16
rips,16
elitist,16
brill,16
yearly,16
aloud,16
whoop,15
fetched,15
prescriptions,15
progressive,15
lords,15
organized,15
lamborghini,15
snowy,15
poppet,15
silicon,15
liquorice,15
haggis,15
moles,15
dartford,15
markers,15
actu-,15
sinatra,15
giants,15
wolverhampton,15
cranberries,15
farts,15
splits,15
fungi,15
rubby,15
showground,15
indication,15
groznjan,15
bachelor,15
sats,15
switching,15
visions,15
reginald,15
rigs,15
kardashian,15
widely,15
plonk,15
hinterland,15
gong,15
teabags,15
handled,15
eric,15
spacious,15
malarkey,15
tempt,15
buckets,15
declared,15
vending,15
gorilla,15
curd,15
relativity,15
slack,15
airing,15
lag,15
motions,15
irresponsible,15
snogging,15
harrods,15
abou-,15
pierce,15
johannesburg,15
iq,15
catalan,15
unprofessional,15
justified,15
curb,15
gigantic,15
bratislava,15
rehearsing,15
arnold,15
refurbished,15
vhs,15
overcrowded,15
shepherds,15
diversity,15
represented,15
accessory,15
chloride,15
zones,15
oj,15
heston,15
explodes,15
maltese,15
scratchy,15
loopy,15
hd,15
colchester,15
haha,15
rapeseed,15
vigilante,15
conversely,15
straighteners,15
deemed,15
continues,15
ethnicity,15
rattling,15
guidelines,15
fillet,15
puns,15
smiths,15
distinctly,15
rink,15
celebrated,15
deed,15
zest,15
bundle,15
crossroads,15
ales,15
bio,15
afield,15
snazzy,15
prominent,15
misunderstanding,15
darcy,15
affluent,15
wobble,15
cbeebies,15
relevance,15
clarks,15
stacking,15
laboratory,15
absolu-,15
a-level,15
cul-de-sac,15
colony,15
clicks,15
backhand,15
regulator,15
phonology,15
sprung,15
handkerchief,15
freddie,15
three-bedroom,15
ladybird,15
dyslexia,15
amateur,15
theoretical,15
dashboard,15
marauder,15
curled,15
cinemas,15
ratatouille,15
surfaces,15
platforms,15
inbuilt,15
escalator,15
gearbox,15
verses,15
lols,15
imperial,15
guru,15
farthing,15
trevor,15
nibbles,15
peeps,15
enterprise,15
cra-,15
calming,15
cele,15
complains,15
bibles,15
defeats,15
trivia,15
tying,15
nonstop,15
exploiting,15
burping,15
ghosts,15
volley,15
thing-,15
overheads,15
sponsors,15
mentions,15
margin,15
stings,15
fiat,15
sauvignon,15
apprenticeships,15
sev-,15
ruled,15
traps,15
rogue,15
measurement,15
sawdust,15
instrumental,15
adhd,15
lobby,15
hare,15
catchment,15
adjective,15
flicked,15
tonne,15
stodgy,15
stripping,15
proves,15
pragmatic,15
arsey,15
bong,15
photocopied,15
diameter,15
hedging,15
caretaker,15
incapable,15
recap,15
splashing,15
daisies,15
gaming,15
cruises,15
beaker,15
upbeat,15
efficiently,15
motors,15
gatsby,15
dbs,15
halve,15
spike,15
clockwork,15
elevator,15
basi-,15
battles,15
smelled,15
convey,15
freezers,15
choirs,15
featured,15
limes,15
paintballing,15
hinges,15
mechanisms,15
shagged,15
je-,15
cartridge,15
whistling,15
ballot,15
smartphones,15
flex,15
revs,15
moods,15
maori,15
afforded,15
taliban,15
unload,15
merit,15
mus-,15
democratic,15
particle,15
picchu,15
necklaces,15
metaphor,15
khan,15
circumstance,15
uzbek,15
punts,15
preston,15
spoof,15
blackadder,15
pasted,15
flapjacks,15
eyeliner,15
sesame,15
aspire,15
aw-,15
tarmac,15
syntax,15
likeable,15
speedy,15
conditioner,15
poop,15
bale,15
disastrous,15
cram,15
niagara,15
thanksgiving,15
halfords,15
bicarbonate,15
predicted,15
five-year-old,15
myspace,15
impressions,15
twickenham,15
lawrence,15
marigolds,15
pas,15
dickinson,15
curved,15
ed-,15
harmony,15
neglected,15
bla-,15
gaining,15
rim,15
robins,15
hairdryer,15
criticised,15
flavouring,15
interrupting,15
absence,15
naturalism,15
mdf,15
jumpsuit,15
slavery,15
stumbled,15
mc,15
urge,15
signpost,15
gracias,15
seagull,15
hurricane,15
sandy,15
ok,15
nicotine,15
steamed,15
influences,15
atlas,15
bedfordshire,15
izzard,15
carne,15
accountable,15
aces,15
solitary,15
burrito,15
touchy,15
scholar,15
encounter,15
quadruple,15
thieves,15
sunbathe,15
oasis,15
intensity,15
solely,15
paints,15
sightseeing,15
autism,15
pleasing,15
windmills,15
lolzy,15
theroux,15
maisonette,15
golly,15
phds,15
easing,15
ka,15
whining,15
puncture,15
generated,15
declined,15
sinks,15
dispute,15
fantastically,15
postcards,15
harmful,15
is-,15
tenuous,15
digs,15
peed,15
drone,15
scramble,15
procedures,15
paralysed,15
start-ups,15
bouquet,15
clooney,15
firsts,15
insecurities,15
mercury,15
alike,15
infantry,15
allen,15
powerpoints,15
lates,15
panasonic,15
prehistoric,15
man-made,15
expressed,15
thou,15
cutest,15
restless,15
caff,15
frankenstein,15
rotation,15
tu,15
bottomless,15
sync,15
kylo,15
enforce,15
indiana,15
apricot,15
discarding,15
depot,15
portray,15
peaks,15
yachts,15
mp4,15
systematic,15
linen,15
attempted,15
velvet,15
increasingly,15
emissions,15
neon,15
evently,15
bucharest,15
resolve,15
sto-,15
wrestle,15
splendid,15
outdated,15
intellectually,15
inter,15
poundland,15
railcard,15
wuthering,15
reacts,15
tofu,15
snowdrops,15
saucepans,15
clogged,15
pepsi,15
choked,15
revolting,15
persona,15
kiddies,15
taster,15
julian,15
downing,15
dt,15
unpaid,15
autobiography,15
gossiping,15
payday,15
murphy,15
swallows,15
sling,15
clapped,15
djokovic,15
shoo,15
squishy,15
achilles,15
robinson,15
surgeries,15
outsource,15
talk-,15
condiments,15
branson,15
tangled,15
trinidad,15
whinging,15
negatives,15
relating,15
psychologically,15
heroine,15
triangles,15
sterilise,15
broadway,15
matalan,15
palmer,15
doe-,15
nosey,14
persistent,14
blister,14
whiter,14
expiry,14
expire,14
scrapbook,14
effing,14
mints,14
agitated,14
intro,14
superdrug,14
miley,14
analogue,14
moaned,14
gazelle,14
fiddled,14
chemically,14
punt,14
crusts,14
use-,14
goddess,14
flickr,14
liners,14
waterfalls,14
irrational,14
surroundings,14
responses,14
bunks,14
wessex,14
sundae,14
jess,14
bernard,14
endangered,14
spock,14
mutant,14
twigs,14
declaration,14
consecutive,14
drips,14
classified,14
hazmat,14
spongebob,14
hysterical,14
capped,14
inclusive,14
spout,14
chappy,14
deprived,14
retards,14
embarrass,14
kylie,14
invading,14
probability,14
polly,14
originals,14
yea,14
ignores,14
flare,14
milking,14
cons,14
rapper,14
dietary,14
stunned,14
machinery,14
panther,14
teal,14
twent-,14
bidding,14
opponent,14
palms,14
trafalgar,14
hitchcock,14
extinguisher,14
hap-,14
que,14
alton,14
raging,14
penicillin,14
overrated,14
trailing,14
hopeful,14
observations,14
quantitative,14
apologies,14
coped,14
acc-,14
endurance,14
chicka,14
handwritten,14
syntactic,14
volleyball,14
festive,14
caster,14
cleft,14
work-,14
flyers,14
sterling,14
inherently,14
armchair,14
calamity,14
enquiring,14
casualty,14
donating,14
speeches,14
perceptions,14
overboard,14
natter,14
travis,14
amazes,14
darjeeling,14
linguists,14
trams,14
koinonia,14
horny,14
foe,14
hum,14
infants,14
brazilian,14
greenland,14
truthful,14
participants,14
princes,14
famously,14
crusher,14
kennel,14
prostitute,14
aftershave,14
maze,14
jalfrezi,14
northeast,14
spoils,14
exp-,14
readers,14
kiwis,14
entitlement,14
peasants,14
damages,14
hysterectomy,14
pancreas,14
poets,14
hench,14
lending,14
passwords,14
tennessee,14
reflectors,14
moo,14
hemingway,14
eyelid,14
blueprint,14
efficiency,14
plausible,14
shotgun,14
jalapeños,14
singular,14
apes,14
scarves,14
repairing,14
moth,14
floral,14
inflection,14
hindley,14
chinois,14
pursuit,14
droopy,14
microscope,14
halved,14
cutie,14
winston,14
multiplayer,14
emphasise,14
appreciating,14
practicalities,14
tiga,14
helper,14
jonah,14
flo,14
youngster,14
ceilings,14
pokey,14
thirteen-year-old,14
konichiwa,14
afro,14
purée,14
advisers,14
squared,14
skips,14
tablespoons,14
barrister,14
reef,14
waxed,14
studious,14
grumble,14
calcium,14
treble,14
whipping,14
bashing,14
doom,14
bowled,14
specialise,14
mormon,14
groceries,14
dam,14
intricate,14
aunts,14
snowdonia,14
mwah,14
physiotherapist,14
soaps,14
banshee,14
smear,14
paperbacks,14
michelle,14
storytelling,14
shields,14
insulted,14
pay-as-you-go,14
sur-,14
beyonce,14
mesh,14
shia,14
freud,14
ab,14
twit,14
disturb,14
googling,14
textile,14
awkwardly,14
witnessed,14
squeaky,14
methodology,14
bosh,14
astroturf,14
plagiarism,14
belts,14
fin-,14
likelihood,14
dedicate,14
highland,14
nigel,14
untrue,14
facility,14
leisurely,14
interns,14
birdie,14
o'briain,14
optician,14
phoenix,14
pg,14
magistrates,14
chipped,14
comprehend,14
daphne,14
didn-,14
approved,14
footsteps,14
ridge,14
prayers,14
qatar,14
barbara,14
questionable,14
cbt,14
clit,14
luscious,14
crawled,14
unsure,14
woodpecker,14
fretting,14
trends,14
flyer,14
curves,14
broth,14
cayenne,14
sectioned,14
4g,14
vents,14
nicknames,14
fig,14
cardamom,14
bookshops,14
cavern,14
visas,14
humming,14
conker,14
archives,14
jolene,14
gains,14
kiki,14
browse,14
bias,14
installation,14
pamplona,14
enamel,14
portal,14
judy,14
stinking,14
pellet,14
politely,14
meters,14
fierce,14
bee-,14
v-neck,14
liquor,14
coastline,14
conned,14
diluted,14
quran,14
burgled,14
remarried,14
asperger,14
refined,14
mapped,14
up-to-date,14
brainstorm,14
brum,14
messenger,14
barbaric,14
considerable,14
touring,14
confession,14
teabag,14
bathing,14
strongbow,14
jets,14
thistle,14
clout,14
reservation,14
a2,14
junctions,14
metals,14
chisel,14
correspond,14
teddies,14
baccalaureate,14
cla-,14
converting,14
cramped,14
battling,14
revolutionary,14
deeds,14
creme,14
admitting,14
attractions,14
saints,14
lesbians,14
domain,14
humorous,14
roa-,14
syllable,14
drive-through,14
warfare,14
adore,14
whey,14
yakutsk,14
emergencies,14
exceptionally,14
historian,14
fingerprint,14
xp,14
monks,14
croissant,14
forgetful,14
clued,14
ref,14
prestige,14
warriors,14
absinthe,14
clause,14
scanners,14
flora,14
tabasco,14
gloucestershire,14
conto,14
aural,14
fifty-sixty,14
minding,14
claus,14
noddy,14
stud,14
canon,14
hound,14
spoiler,14
gingery,14
tighter,14
iffy,14
artificially,14
enables,14
resource,14
benny,14
hamper,14
cylinder,14
shelving,14
sleeved,14
nutty,14
hoo-ha,14
biography,14
rickman,14
protects,14
objectively,14
defrosted,14
loosely,14
endings,14
pedantic,14
whatev-,14
insidious,14
donor,14
preach,14
rupert,14
carling,14
shoving,14
signposted,14
cuddling,14
appearing,14
bung,14
sacks,14
economists,14
mcintyre,14
bulls,14
millilitres,14
sweetness,14
origins,14
parton,14
fracking,14
warped,14
piaget,14
wizards,14
honours,14
bella,14
internationally,14
aging,14
in-between,14
shithole,14
atm,14
sd,14
retweeted,14
acronym,14
peaky,14
optical,14
differ,14
bedside,14
depended,14
proposing,14
revving,14
deers,14
tescos,14
afghan,14
rowling,14
fructose,14
muslin,14
caine,14
vivid,14
provisional,14
burglars,14
leek,14
evacuated,14
piling,14
homely,14
suffers,14
eyelids,14
promises,14
arrogance,14
recollection,14
descend,14
baltic,14
perkins,14
bluey,14
anarchy,14
chocolatey,14
imbalance,14
earphones,14
naive,14
vibrations,14
year-old,14
scr-,14
levi,14
they-,14
hippocampus,14
scooby-doo,14
aspirin,14
grylls,14
tak-,14
pluto,14
abort,14
vic,14
borderline,14
distressed,14
chaplin,14
opinionated,14
hanger,14
eightieth,14
cog,14
trieste,14
catchphrase,14
gloucester,14
happiest,14
magnifying,14
fences,14
topless,14
englishman,14
centuries,14
goblet,14
swell,14
irish-speaking,14
fuzzy,14
neal,14
cheerleading,14
potassium,14
vessel,14
mills,14
pals,14
gruffalo,14
videoed,14
ballare,14
dispatched,14
skyping,14
unpacked,14
wang,14
distinguish,14
marathons,14
onsite,14
pom,14
drifting,14
recognising,14
bistro,14
aisles,14
colon,13
vomited,13
kinnock,13
bureau,13
rapping,13
tame,13
investigator,13
comparatively,13
inventive,13
adaptation,13
queued,13
weir-,13
richest,13
charcoal,13
ounce,13
valve,13
jewellers,13
endometrial,13
dominating,13
orangey,13
lira,13
inception,13
civic,13
linking,13
corrugated,13
perched,13
sailors,13
swallowing,13
repossessed,13
okey,13
assessing,13
bleak,13
linux,13
magnets,13
trooper,13
ruh,13
moisture,13
hatter,13
long-winded,13
courage,13
crouch,13
preaching,13
deci-,13
entries,13
acquire,13
gherkin,13
gherkins,13
cultivated,13
zoomed,13
torrential,13
kl,13
unkind,13
alo-,13
slutty,13
validate,13
stains,13
ourself,13
crept,13
formation,13
suspicion,13
uncertainty,13
laurel,13
los,13
arses,13
reali-,13
predictable,13
brighten,13
macarena,13
trekking,13
merging,13
standardisation,13
supposing,13
screenshot,13
cgi,13
reverie,13
midsummer,13
normality,13
roulette,13
assaulted,13
scooters,13
darlington,13
cia,13
findings,13
impaired,13
morris,13
philadelphia,13
anticipate,13
dominos,13
defenders,13
tubby,13
blanks,13
highways,13
twitch,13
disciplined,13
reproduce,13
courtyard,13
suicidal,13
analogy,13
uploading,13
envy,13
bandage,13
blight,13
dart,13
entrepreneur,13
dashing,13
rotted,13
championships,13
prophet,13
drones,13
businessmen,13
chauffeur,13
orchid,13
thankful,13
donkeys,13
demi,13
parachute,13
minchin,13
colonial,13
wavy,13
chequebook,13
neanderthal,13
spawned,13
banjo,13
traded,13
outing,13
turbulence,13
wellington,13
apparent-,13
sickly,13
charter,13
pleasures,13
settles,13
conan,13
bathtub,13
he'll,13
cashews,13
saracens,13
uhh,13
editors,13
poli-,13
mattered,13
serbia,13
trojan,13
campbell,13
chambers,13
achy,13
va,13
overflow,13
fixes,13
harlequins,13
eith-,13
kaffir,13
chipmunks,13
console,13
thrush,13
everyo-,13
jord,13
patriotic,13
hula,13
photographers,13
illegitimate,13
canaria,13
traces,13
lon-,13
palin,13
mcfly,13
taping,13
pompous,13
manger,13
oval,13
collaboration,13
alw-,13
optimum,13
compartments,13
frodo,13
farmhouse,13
thanking,13
councillors,13
porcelain,13
disgrace,13
panorama,13
rewriting,13
maroon,13
scattered,13
bout,13
eternal,13
contemplating,13
motives,13
adequate,13
gerbil,13
six-,13
one-to-one,13
bandwagon,13
pronouns,13
egyptians,13
spreads,13
stirred,13
uae,13
alarmed,13
containing,13
milligrams,13
ice-cream,13
trans-,13
cypriot,13
busiest,13
victorians,13
meadow,13
infinity,13
tackled,13
dali,13
decimal,13
bagged,13
josh,13
dre-,13
limping,13
out-,13
laps,13
cruising,13
hatch,13
barclaycard,13
etiquette,13
tb,13
waterfront,13
dereham,13
hillside,13
paddle,13
plastered,13
healed,13
infections,13
sourced,13
freebies,13
notion,13
algebra,13
hunch,13
streamed,13
gervais,13
hammers,13
wobbling,13
assist,13
tangent,13
paintball,13
cooper,13
nemo,13
poppins,13
northumbria,13
part-,13
quaint,13
charisma,13
jon,13
worcester,13
lingo,13
railings,13
spaceship,13
godparents,13
façade,13
responds,13
dakota,13
knobhead,13
piper,13
techno,13
retrospect,13
coordinated,13
yapping,13
murdering,13
dentures,13
palaver,13
hepatitis,13
wimp,13
cater,13
nowt,13
draught,13
nominate,13
fulfil,13
remedies,13
lebanon,13
fil-,13
objection,13
consultants,13
orient,13
mcdonalds,13
tetris,13
purchased,13
gala,13
a1m,13
sixpence,13
bullies,13
jury,13
wetting,13
eroded,13
land-line,13
barmy,13
krispies,13
transcribers,13
enabled,13
franco,13
middle-class,13
prostitutes,13
interpreting,13
overflowing,13
toblerone,13
ira,13
nigerian,13
plenum,13
thereabouts,13
tickly,13
th,13
rag,13
six-pack,13
removals,13
bridesmaids,13
associations,13
predator,13
donna,13
preserving,13
continually,13
ts,13
huts,13
demon,13
metaphors,13
pivotal,13
dec-,13
fre-,13
comprehension,13
regarded,13
gyms,13
implication,13
mañana,13
sekers,13
endowment,13
leds,13
uneducated,13
rearranging,13
fridges,13
larder,13
reversing,13
stewart,13
chervil,13
puffs,13
refers,13
disorganised,13
trunks,13
barks,13
paintbrush,13
snotty,13
transpired,13
coventry,13
undecided,13
doubling,13
geneva,13
cooling,13
irritate,13
saucy,13
trenches,13
confined,13
locate,13
straightened,13
whinge,13
yik,13
snaps,13
regimented,13
offs,13
assassin,13
shingles,13
romanians,13
condensation,13
squish,13
rovers,13
loom,13
consumed,13
astonishing,13
bounds,13
discretion,13
defeated,13
tougher,13
don't',13
examining,13
extraordinarily,13
kodak,13
prompt,13
reheat,13
footnotes,13
dingy,13
discriminated,13
il,13
tar,13
keyring,13
thatched,13
continents,13
fragile,13
tres,13
perfection,13
stevie,13
lizzie,13
introvert,13
booths,13
cuttings,13
medway,13
ibs,13
luther,13
baa,13
exploding,13
twisting,13
twang,13
tags,13
motto,13
stocked,13
und-,13
mothercare,13
nivea,13
wasteland,13
congregation,13
constitution,13
shimmer,13
northwest,13
blag,13
mis,13
self-contained,13
organiser,13
demo,13
remake,13
preservative,13
emoji,13
gavin,13
plaque,13
cyrus,13
ringers,13
watt,13
interacting,13
replicate,13
malicious,13
hola,13
intrinsically,13
approaches,13
millimetre,13
buzzed,13
phonetics,13
stray,13
beetles,13
armstrong,13
gogh,13
gunpowder,13
blacked,13
ovaries,13
camels,13
seemingly,13
mincer,13
wiser,13
fallopian,13
prickly,13
tampons,13
uti,13
flog,13
hallucinating,13
tickled,13
yugoslavia,13
decking,13
lookout,13
radcliffe,13
extremists,13
miguel,13
asshole,13
dippy,13
proofs,13
obv-,13
grubby,13
recyclable,13
wills,13
tweezers,13
crafty,13
suffragettes,13
helium,13
bonding,13
altering,13
stripe,13
sheen,13
avocet,13
tripping,13
vocab,13
speciality,13
checkmate,13
stranded,13
blah-blah-blah,13
jill,13
rotterdam,13
takeaways,13
motorcycle,13
staircases,13
indi,13
prerogative,13
blackbirds,13
complications,13
ruling,13
activist,13
laundering,13
pitching,13
wimpy,13
pou-,13
saws,13
jude,13
greeny,13
necks,13
identification,13
newsagents,13
cranes,13
hotdog,13
flips,13
supervised,13
affectionate,13
reform,13
skyped,13
ebb,13
hussein,13
spite,13
compressed,13
chinatown,13
nylon,13
dared,13
croydon,13
poorest,13
complimentary,13
roy,13
assumes,13
soviet,13
tudor,13
tackling,13
servicing,13
two-year-old,13
orleans,13
vibrating,13
grandda,13
westerns,13
abusing,13
seneca,13
fools,13
tailed,13
bipolar,13
spades,13
picturesque,13
dmr,13
contracted,13
accelerator,13
denial,13
toxic,13
forensic,13
recite,13
urgently,13
aerobics,13
hs,13
favoured,13
dwarfs,13
indies,13
jfk,13
rollie,13
nectar,13
deco,13
terrarium,13
hampton,13
destructive,13
tudors,13
gretel,13
nibbling,13
ivory,13
fargo,13
skier,13
cooled,13
mundane,13
marilyn,12
shocks,12
expelled,12
likewise,12
marinade,12
flows,12
prettier,12
diocese,12
solihull,12
athlete,12
argentinian,12
roulade,12
strudel,12
plus-size,12
alwa-,12
subconsciously,12
involvement,12
ledge,12
delivers,12
hubs,12
recurring,12
marina,12
fiddly,12
caricature,12
dew,12
lingerie,12
americano,12
zimbabwe,12
ski-,12
jaffa,12
carson,12
announcing,12
restrictive,12
rex,12
potion,12
royale,12
odyssey,12
swish,12
dem,12
vaseline,12
gays,12
nipping,12
phonetically,12
vaginas,12
minerals,12
ethos,12
debatable,12
ranting,12
chipotle,12
alcatraz,12
kwik,12
sera,12
strimmer,12
spartacus,12
glands,12
sierra,12
hollyoaks,12
raider,12
cowboys,12
skank,12
freeman,12
bra-,12
maga,12
intent,12
tuppence,12
it',12
illustrator,12
sneakily,12
stomachs,12
handouts,12
scripted,12
kiddy,12
pukka,12
factored,12
reboot,12
thunderstorms,12
respectful,12
concerning,12
recor-,12
conversational,12
caroline,12
pros,12
wrappers,12
salisbury,12
providers,12
sitcom,12
tinted,12
cob,12
enquire,12
brixton,12
theatrical,12
carting,12
talker,12
expires,12
fondue,12
demonstrating,12
saab,12
matthew,12
zooming,12
disruption,12
beak,12
sobbing,12
livid,12
polishing,12
alfie,12
haunt,12
hairspray,12
playroom,12
condiment,12
usher,12
stuart,12
nine-,12
horrifying,12
ouzo,12
rhetoric,12
renovated,12
detroit,12
distribution,12
mona,12
jager,12
shakira,12
haircuts,12
extremism,12
mi5,12
cello,12
coincidental,12
trippy,12
desmond,12
contradiction,12
symptom,12
bounty,12
enhance,12
chia,12
snippets,12
pentatonic,12
wheezy,12
brewing,12
jargon,12
macs,12
fisher,12
ronson,12
mtv,12
housewives,12
shaping,12
milkman,12
doomed,12
congestion,12
ear-,12
pinot,12
floats,12
alcoholism,12
ye,12
nutters,12
incorporate,12
staffordshire,12
yaris,12
deposits,12
remover,12
optic,12
kentish,12
caller,12
wintery,12
confuses,12
ms,12
persevere,12
wiring,12
interviewer,12
pittance,12
mildly,12
wel-,12
angular,12
tortured,12
jig,12
nationalities,12
greg,12
disregard,12
nevertheless,12
overdone,12
pliers,12
mnemonic,12
eager,12
fossils,12
pdfs,12
perk,12
superheroes,12
backyard,12
ravioli,12
bulge,12
mod,12
kayak,12
fifty-fifty,12
gagging,12
ni,12
refuge,12
cornflour,12
pillars,12
airfield,12
thurs-,12
munch,12
correction,12
noo,12
dormitory,12
self-raising,12
barcode,12
sunflowers,12
zoella,12
freestyle,12
caesarean,12
discarded,12
lender,12
vegetarians,12
bushy,12
gutters,12
scrubbed,12
venture,12
melts,12
rolly,12
sol,12
vu,12
allah,12
israelis,12
currys,12
aroma,12
anoth-,12
kidman,12
sans,12
harrow,12
crowns,12
boutique,12
shorten,12
patriarchy,12
pomegranate,12
3g,12
accountancy,12
gigabyte,12
compose,12
peruvian,12
manipulated,12
flair,12
claws,12
smarties,12
lawns,12
beaut,12
compliments,12
sacred,12
bombay,12
transported,12
paramedics,12
lamppost,12
theology,12
shat,12
reflex,12
edging,12
piccalilli,12
ja,12
stews,12
eyeball,12
tacos,12
sucker,12
overalls,12
rhodes,12
nutribullet,12
vibes,12
leukaemia,12
ranch,12
crepes,12
ullswater,12
moomin,12
flushing,12
pinterest,12
jerk,12
constructive,12
alternatively,12
publication,12
moderately,12
joburg,12
wiping,12
armpit,12
jeebus,12
fiancée,12
marinated,12
progressed,12
baghdad,12
whitehall,12
frenchman,12
pregnancies,12
eyre,12
dems,12
puberty,12
accusing,12
a47,12
claustrophobic,12
hysterics,12
framing,12
override,12
spears,12
lasers,12
digestion,12
borat,12
terminator,12
turd,12
moi,12
disconnected,12
herne,12
layered,12
pedicure,12
sigh,12
rooibos,12
falklands,12
soporific,12
richmond,12
tal-,12
deckchair,12
farah,12
try-,12
touchscreen,12
tilt,12
mulberry,12
cobbled,12
fluctuate,12
prop-,12
floated,12
branched,12
spencers,12
superhero,12
cavafy,12
airy,12
briefcase,12
hefty,12
examiners,12
himalayas,12
toastie,12
sun-,12
distribute,12
umayyad,12
lunchbox,12
grou-,12
caned,12
dubbed,12
off-,12
hung-over,12
ka-,12
wheats,12
cheddars,12
generals,12
tru-,12
chore,12
ark,12
dictator,12
launchers,12
sixty-seventy,12
entrepreneurial,12
shareholders,12
dismissed,12
biff,12
ranking,12
cubs,12
vq,12
startled,12
natives,12
strengths,12
breadwinner,12
kyoto,12
spectacles,12
min-,12
malt,12
nora,12
sympathiser,12
salmonella,12
footprint,12
technologies,12
prefect,12
entrepreneurs,12
handstand,12
encounters,12
offending,12
skulls,12
cockroach,12
m11,12
bosanquet,12
foremost,12
padded,12
near-,12
scarred,12
pol-,12
dlr,12
cluedo,12
mounted,12
wigs,12
contrary,12
django,12
shoelaces,12
frustrates,12
delays,12
paranormal,12
albanian,12
willis,12
bakeries,12
jackpot,12
dumbledore,12
quota,12
vertigo,12
biopsy,12
upmarket,12
jenna,12
quar-,12
robbing,12
grizzly,12
indecisive,12
huntsman,12
hurrah,12
midfield,12
fright,12
radios,12
piglets,12
assemble,12
pegasus,12
seekers,12
inflammation,12
one-way,12
injected,12
water-based,12
postponed,12
ballroom,12
justification,12
flaming,12
tots,12
gu-,12
demands,12
pistachio,12
glee,12
inability,12
accidental,12
farted,12
planks,12
drainage,12
nurseries,12
solidly,12
fatal,12
mellow,12
baptized,12
positives,12
propped,12
wilkinson,12
tiled,12
talents,12
horseshoe,12
stationed,12
increases,12
organises,12
absurd,12
seized,12
guesses,12
heightened,12
tripled,12
recreational,12
installing,12
minorities,12
ingrained,12
controversy,12
expedition,12
cull,12
shortlisted,12
queer,12
paye,12
hilton,12
profusely,12
poppies,12
curls,12
sentiment,12
rapid,12
graded,12
collectors,12
gooey,12
ditched,12
plait,12
turquoise,12
scatter,12
repercussions,12
averages,12
diced,12
acrylic,12
jacques,12
redid,12
differentiate,12
flaky,12
cheering,12
isbn,12
privatised,12
ambitions,12
bb,12
chairlift,12
quinine,12
commons,12
royalty,12
tue-,12
gambia,12
collapsing,12
metric,12
jason,12
simplified,12
solidarity,12
eerie,12
pushy,12
wat-,12
supervise,12
robbery,12
calibre,12
rounders,12
ladle,12
spielberg,12
griffin,12
intervention,12
calendars,12
motherfucker,12
fettle,12
dimension,12
bas-,12
dominican,12
tina,12
dusk,12
painters,12
consonant,12
hoad,12
evils,12
detour,12
peeing,12
hel-,12
bandsaw,12
markings,12
southwest,12
examinations,12
contexts,12
boredom,12
grouse,12
constrained,12
noir,12
jigsaws,12
exchanges,12
hessian,12
shortcut,12
towed,12
socialism,12
idle,12
angeles,12
tramps,12
pooing,12
homosexuality,12
aristophanes,12
moderation,12
ans-,12
piping,12
blinded,12
adjusting,12
ac,12
evenly,12
starvation,12
regulated,12
balm,12
chipping,12
coo-,12
spreadsheets,12
abundance,12
graft,12
vlad,12
countryfile,12
hearted,12
zinc,12
twelves,12
evicted,12
remainder,12
uppy,12
auschwitz,12
post-it,12
merged,12
futures,12
grammatical,12
vivarium,12
alexander,12
dissertations,12
lavatory,12
istria,12
dispenser,12
davies,12
watts,12
i',12
tore,12
carter,12
accelerate,12
investigative,12
magician,12
mozart,12
caption,12
two-thirds,12
bots,12
aussie,12
dammit,12
cher,12
segregated,12
murcia,12
trod,12
flimsy,12
cashed,12
nighttime,12
filipino,12
regroup,12
moulds,12
honduras,12
smuggling,12
laden,12
districts,12
plastics,12
spotty,12
breakup,12
lids,12
hippie,12
viennetta,12
biologically,12
assigned,12
pilgrim,12
camden,12
emmerdale,12
departure,12
kirk,12
youths,11
susceptible,11
saver,11
sickening,11
illnesses,11
bearded,11
verbally,11
cilantro,11
inequality,11
fregola,11
knackering,11
rowan,11
terraces,11
incidents,11
messes,11
croft,11
vineyard,11
overcooked,11
pox,11
taco,11
null,11
rspb,11
bo,11
housekeeping,11
nuremberg,11
cuisine,11
methodists,11
slate,11
domination,11
rations,11
ramsay,11
shopper,11
sneezing,11
doubtful,11
investors,11
narrower,11
renewal,11
impulse,11
solace,11
bitty,11
freelancers,11
potent,11
groovy,11
astrophysics,11
matinee,11
mythical,11
payback,11
merge,11
slimmer,11
starry,11
surplus,11
offcuts,11
stargate,11
lovo,11
poncho,11
swims,11
latter,11
manuka,11
treading,11
centimetre,11
stumpy,11
kuna,11
reign,11
impromptu,11
clotted,11
patsy,11
vows,11
jenner,11
compact,11
noticeably,11
anonymised,11
executed,11
boleyn,11
vines,11
placid,11
legends,11
birthplace,11
wah,11
apron,11
lighten,11
nay,11
casseroles,11
appreciative,11
bounced,11
steamy,11
significance,11
lawnmower,11
hufflepuff,11
walmart,11
albeit,11
outcomes,11
gerbils,11
capsule,11
memorabilia,11
tomatoey,11
checkpoint,11
sped,11
odey,11
enormously,11
hotspot,11
ranked,11
middle-aged,11
advances,11
muh,11
retrieve,11
shady,11
publicly,11
illustrations,11
goalkeeper,11
biker,11
elsa,11
blinders,11
baccy,11
expose,11
good-looking,11
attracting,11
scandalous,11
undressed,11
barmaid,11
intentional,11
khaleesi,11
paddling,11
keyhole,11
equip,11
pease,11
ripen,11
polluted,11
barren,11
crusty,11
interest-,11
companion,11
trolleys,11
beggar,11
misconception,11
desperation,11
suburb,11
enzymes,11
lovato,11
duel,11
foo-,11
dinky,11
envious,11
toiletries,11
cartridges,11
mended,11
creator,11
conway,11
skinned,11
excellence,11
chri-,11
flavoursome,11
critically,11
appealed,11
underlying,11
hops,11
goosebumps,11
uncommon,11
freshen,11
sighted,11
denied,11
invoices,11
wag,11
oboe,11
everyth-,11
en-suite,11
soundcloud,11
doubts,11
biryani,11
self-sufficient,11
matzah,11
ciabatta,11
summarise,11
exaggerate,11
basin,11
parental,11
sly,11
italics,11
marched,11
weaving,11
demons,11
broadly,11
skied,11
hor-,11
tremendously,11
rugs,11
walkway,11
scenic,11
reeds,11
soccer,11
hovering,11
repetition,11
woodling,11
nighter,11
bribe,11
upgrading,11
locker,11
grantham,11
expands,11
bram,11
dunk,11
agger,11
bearings,11
digit,11
eagles,11
enforcement,11
fingering,11
hammond,11
o',11
baddy,11
glitch,11
bangladesh,11
foetal,11
informative,11
raided,11
fajitas,11
comparisons,11
pebble,11
audible,11
wees,11
awkwardness,11
deluxe,11
kemp,11
eliminate,11
pasteurised,11
eau,11
reaches,11
hens,11
wowsers,11
his-,11
dhabi,11
semitic,11
gallons,11
url,11
wann,11
stupidity,11
bonuses,11
haribos,11
pellets,11
granite,11
carriageways,11
correspondence,11
freebie,11
acknowledgement,11
gems,11
karate,11
sanity,11
gallivanting,11
achievements,11
duff,11
nicks,11
flops,11
skoda,11
hermit,11
reminders,11
sakes,11
forfeit,11
evaporated,11
in-laws,11
sledgehammer,11
indo,11
manicure,11
moussaka,11
dicky,11
rugrats,11
paparazzi,11
instigated,11
reindeers,11
pinks,11
butch,11
midland,11
padlock,11
projection,11
inadvertently,11
workforce,11
ghostbusters,11
gandhi,11
mom,11
infuriating,11
hip-hop,11
breakdowns,11
hugo,11
disagreed,11
fbi,11
nipples,11
convicted,11
axe,11
anonymise,11
ching,11
nasal,11
austen,11
trilogy,11
listing,11
improves,11
snows,11
that-,11
mannerisms,11
cabins,11
realizing,11
whitney,11
strands,11
cafeteria,11
alkaline,11
brook,11
canny,11
hospitality,11
sequences,11
monadnock,11
windsor,11
epiphany,11
villains,11
licensing,11
herriot,11
fourteen-year-old,11
stacey,11
behold,11
vermin,11
weatherspoons,11
kilograms,11
packham,11
regent,11
start-,11
déjà,11
platinum,11
technological,11
ble,11
geeks,11
impetus,11
figuring,11
squeezing,11
yolks,11
smashes,11
jumbo,11
aristocracy,11
yank,11
petals,11
a3,11
regretting,11
boxed,11
twists,11
smudge,11
sal-,11
decks,11
fighters,11
accurately,11
poss-,11
treasures,11
toner,11
triathlon,11
one-,11
mecca,11
swells,11
poos,11
ipa,11
dengue,11
gathers,11
urdu,11
effeminate,11
face-to-face,11
tuning,11
isolate,11
pursued,11
defended,11
clocking,11
practiced,11
tapped,11
zara,11
frugal,11
tangible,11
nutcracker,11
sardine,11
graph,11
bea-,11
interpreted,11
groupon,11
bragging,11
fodder,11
havisham,11
judgemental,11
francis,11
packaged,11
burglary,11
suburbs,11
partial,11
suing,11
nonetheless,11
continental,11
medicines,11
wriggling,11
bogey,11
existential,11
warranted,11
mocha,11
oswald,11
depressive,11
sadiki,11
eeyore,11
balances,11
coating,11
intern,11
pyramid,11
es-,11
ivf,11
telomeres,11
acquaintances,11
starved,11
territories,11
mandatory,11
straits,11
nairn,11
escaping,11
rapist,11
voldemort,11
spitfire,11
gre-,11
apparen-,11
lennon,11
weld,11
etching,11
delish,11
loadsa,11
brag,11
mysterious,11
cordoned,11
extractor,11
corrie,11
snuff,11
kidnapped,11
glittery,11
georgian,11
ciders,11
classify,11
beavers,11
mg,11
miffed,11
confessed,11
recognises,11
exhibit,11
jams,11
nescafé,11
funfair,11
pixies,11
franchises,11
unheard,11
prix,11
conquer,11
preliminary,11
cyst,11
trophy,11
shred,11
multimedia,11
tsunami,11
slaughterhouse,11
muted,11
fingernails,11
soju,11
trait,11
ravens,11
thermometer,11
tightrope,11
cotswolds,11
tunisian,11
syndicate,11
savour,11
logos,11
parlour,11
mcdiarmid,11
partition,11
rangers,11
vibrant,11
regulate,11
somerfield,11
beeps,11
diva,11
grunting,11
violins,11
diagrams,11
breakfasts,11
pixels,11
tiananmen,11
raises,11
hans,11
das,11
beta,11
territorial,11
intensely,11
sn-,11
jobseeker,11
z-,11
plumbers,11
cavtat,11
flabby,11
morbid,11
skinnier,11
unpredictable,11
kettles,11
traits,11
paneer,11
fathom,11
rehearse,11
juts,11
plainly,11
burberry,11
bursts,11
adder,11
fibres,11
erasmus,11
agas,11
loophole,11
cheered,11
peeta,11
fester,11
dunkirk,11
anythi-,11
drake,11
hazards,11
lo,11
harper,11
swung,11
mutation,11
schumacher,11
fern,11
ashford,11
sol-,11
clark,11
mystical,11
four-by-four,11
carphone,11
phillips,11
boosh,11
electricians,11
adrenalin,11
stretchy,11
paragraphs,11
placing,11
martyr,11
scum,11
thinker,11
stra-,11
lordy,11
btec,11
wriggle,11
cumberland,11
fun-,11
futurama,11
toolkit,11
can't,11
forbid,11
atom,11
hotpot,11
multicultural,11
elijah,11
twitching,11
raincoat,11
skyline,11
disks,11
poppadum,11
dwelling,11
hammock,11
cervix,11
racks,11
clouded,11
hyde,11
chit,11
saturated,11
winehouse,11
analysed,11
hangers,11
grinch,11
nightclubs,11
julius,11
pianos,11
beverage,11
acknowledging,11
recreate,11
dunes,11
ima-,11
merely,11
supervising,11
snaffle,11
overheat,11
pistol,11
mumps,11
flaw,11
pixar,11
vaccine,11
nile,11
inbreeding,11
pimms,11
pearls,11
napkins,11
norman,11
elgar,11
dove,11
jeggings,11
warnings,11
collapses,11
dorm,11
contractors,11
wal-,11
bookmarks,11
airplane,11
chives,11
ottoman,11
nigella,11
pics,11
anticipating,11
stumble,11
slum,11
long-,11
waits,11
statins,11
lurpak,11
cert,11
preposition,11
shiraz,11
overland,11
rigmarole,11
nifty,11
vulgar,11
charmed,11
applicants,11
glucose,11
rays,11
blogger,11
hypothesis,11
snapping,11
ideology,11
non-alcoholic,11
muppet,11
symphony,11
m62,11
rom,11
confessions,11
somalia,11
conventional,11
casting,11
busting,11
carr,11
devastating,11
uh-uh,11
ow-,11
toads,11
set-up,11
quentin,11
cig,11
legitimately,11
examination,11
yellowy,11
warms,11
chicky,11
advocate,11
morals,11
divisions,11
peking,11
distressing,11
versatile,11
imdb,11
halogen,11
waltz,11
profound,11
healthily,11
begrudge,11
glühwein,11
kon'nichiwa,11
vogue,11
wheeled,11
za,11
originate,11
confetti,11
apology,11
harrelson,11
clan,11
flea,11
palestinians,11
possessive,11
camouflaged,11
bakes,11
calzone,11
rut,11
fallacy,11
viewpoint,11
snowmen,11
ugliest,11
conviction,11
bulldog,11
oka-,11
retailers,11
pleasantly,11
improvise,11
spiked,11
dallas,11
che,11
turnout,11
secular,11
residue,11
religiously,11
slipper,11
stint,11
bikeability,11
squirtle,11
advising,11
maximise,11
squeezy,11
detox,11
lynch,11
vicinity,11
inventions,11
yamaha,11
queueing,11
lara,11
trimming,11
merlot,11
calcutta,11
accessed,11
austerity,11
macedonia,11
grammatically,11
ashley,11
thus,11
plath,11
nodding,11
gooseberries,11
fajita,11
julia,11
bouldering,11
performances,11
collie,11
subtly,11
scarecrow,11
drowning,11
impoverished,11
gimp,11
sights,11
manipulative,11
unc-,11
knits,11
squirt,11
otter,11
renegotiate,11
cropped,11
keith,11
gdp,11
rotting,11
ally,11
nattering,11
ada,11
so-called,11
rump,11
fishes,11
burlesque,11
monarch,11
maracas,11
shuffled,11
dangling,11
pavilion,11
artillery,11
specification,11
kaufland,11
mongolian,11
sadness,11
selecting,11
undertake,11
sank,11
serviettes,11
dismiss,11
equator,11
rivalry,11
sikh,11
nostalgia,11
wham,11
rooting,11
zoe,11
coop,11
anthem,11
cleanser,11
spleen,11
snores,11
raven,11
at-,11
taxable,11
spilled,11
rooney,11
rollercoaster,11
hairiest,11
qualifies,11
whisking,11
gump,11
economies,11
hampi,11
bassist,11
taxpayer,11
stinky,11
houston,11
blip,11
crayon,11
dvla,11
victory,11
appar-,11
trustworthy,11
blackmail,10
wording,10
avian,10
ohhh,10
dystopian,10
melody,10
pappa,10
persons,10
shroud,10
springtime,10
protests,10
sicilian,10
sunbeds,10
tambourine,10
hormonal,10
wattage,10
gree-,10
instincts,10
sudan,10
noughties,10
hinted,10
exorcist,10
inspectors,10
bandages,10
tartar,10
lapping,10
nudity,10
etymology,10
unhelpful,10
dynamics,10
mast,10
overkill,10
patterned,10
helsinki,10
chr-,10
nba,10
carcass,10
capabilities,10
squinting,10
unravel,10
conform,10
appalled,10
daughter-in-law,10
doubly,10
insert,10
won't,10
copywriting,10
haven,10
alligator,10
lice,10
capitalist,10
constable,10
intervals,10
indigestion,10
justifying,10
hun,10
bombers,10
meltdown,10
becker,10
acceptance,10
jeweller,10
babble,10
encouragement,10
wont,10
lagoon,10
wisely,10
defender,10
mid-twenties,10
scrubs,10
mummies,10
piercings,10
harissa,10
cluster,10
filed,10
alhambra,10
clef,10
transcriber,10
santander,10
cary,10
stoke,10
postgrad,10
cartons,10
joked,10
ledger,10
admits,10
berk,10
presentable,10
nato,10
rolf,10
loon,10
e45,10
snp,10
sermon,10
nutritious,10
carat,10
plughole,10
clamp,10
grav,10
iota,10
caviar,10
redundancies,10
beefy,10
monastery,10
technicians,10
rosie,10
wrinkle,10
piglet,10
faceless,10
weekdays,10
cha,10
calves,10
grouped,10
alphabetical,10
cogs,10
self-study,10
fiasco,10
paternity,10
cataracts,10
mistaken,10
chiminey,10
ninetieth,10
binoculars,10
chimmi,10
chant,10
thrust,10
calvin,10
naval,10
exclude,10
thrive,10
treason,10
paxman,10
composed,10
marcus,10
shaded,10
collision,10
flipper,10
puffy,10
chomsky,10
disliked,10
fares,10
escort,10
campervan,10
lodger,10
sophia,10
curvy,10
anyw-,10
synced,10
cradle,10
harming,10
millionaires,10
anticipated,10
digesting,10
graze,10
aggressively,10
milka,10
xylophone,10
colgate,10
ramps,10
promotions,10
brambles,10
reapply,10
geranial,10
phrased,10
gla-,10
proceeded,10
stationary,10
rollers,10
pjs,10
collections,10
exempt,10
patrol,10
plywood,10
troy,10
sympathise,10
stringing,10
knidos,10
cliquey,10
marie,10
forthcoming,10
robotic,10
agm,10
converse,10
participating,10
parallels,10
krav,10
flappy,10
womble,10
uterus,10
fishermen,10
coached,10
duo,10
megabyte,10
doris,10
abso-,10
seasoned,10
umming,10
lifestyles,10
innovation,10
sit-,10
migrant,10
antihistamine,10
lacks,10
potted,10
ttp,10
trillion,10
kipling,10
cursed,10
pai,10
moons,10
tagliatelle,10
frisbee,10
someti-,10
spi-,10
cleanse,10
flake,10
eleven-year-old,10
benzoin,10
stricter,10
commitments,10
backstage,10
tongs,10
secateurs,10
grotesque,10
bosom,10
periphery,10
boo-,10
sexiest,10
krampus,10
finite,10
stroll,10
mailbox,10
zen,10
eap,10
reflected,10
trajectory,10
upheld,10
fowl,10
redoing,10
backpacks,10
backlash,10
phased,10
virginia,10
anime,10
qualities,10
camouflage,10
wounds,10
escalate,10
barrels,10
consequently,10
sonic,10
claudia,10
banquet,10
eo,10
improvements,10
regretted,10
innuendo,10
tickles,10
orientation,10
murdoch,10
tanzania,10
tartan,10
elitism,10
grieving,10
mods,10
podium,10
childlike,10
armageddon,10
scrubbing,10
electronically,10
dorrington,10
rephrase,10
ex-husband,10
clio,10
alma,10
servery,10
typewriter,10
lilies,10
weighty,10
cse,10
sleaford,10
org,10
origami,10
wallets,10
grumbling,10
clergy,10
satnavs,10
somalis,10
cosmetics,10
facetimed,10
ribbons,10
lola,10
avu,10
sculptures,10
watercress,10
sprays,10
iceberg,10
bulky,10
organization,10
supervisions,10
transporter,10
revival,10
persecuted,10
fiji,10
mushed,10
creeper,10
mouthing,10
shameless,10
beginnings,10
pictured,10
butler,10
floss,10
scouted,10
mermaids,10
cruiser,10
cognac,10
squatting,10
rationale,10
lilac,10
whee,10
clot,10
ketamine,10
bennett,10
unnecessarily,10
demonstrations,10
jointly,10
maranatha,10
midi,10
photographing,10
halifax,10
resolved,10
kamchatka,10
ten-,10
breaths,10
agai-,10
poof,10
culinary,10
syrians,10
historians,10
coughed,10
sen-,10
lizzy,10
butty,10
blackboard,10
tickling,10
orthodox,10
latched,10
deceased,10
expressing,10
cites,10
tangfastics,10
sp,10
cannabis,10
twenty-year-old,10
sow,10
settlement,10
bramble,10
illustration,10
zigzag,10
explanations,10
mumma,10
summery,10
thinly,10
sylvia,10
registrar,10
ariel,10
schoolboy,10
joan,10
cottoned,10
youse,10
causeway,10
prevented,10
glaswegian,10
seam,10
ooo,10
headlamp,10
catfish,10
flashback,10
densely,10
ew,10
delegate,10
prestigious,10
caliphate,10
professions,10
tad,10
wired,10
fan-,10
bonsai,10
warrington,10
assize,10
vibration,10
citrus,10
filler,10
pelvic,10
chime,10
stoker,10
sli-,10
twigged,10
slowy,10
epilepsy,10
undateables,10
extremist,10
freehold,10
ploy,10
beggars,10
audiences,10
guantanamo,10
farmed,10
stasi,10
creatively,10
therapeutic,10
slung,10
importing,10
mckellen,10
wichi,10
oath,10
devote,10
judaism,10
downwind,10
coasters,10
verdict,10
windmill,10
dismantle,10
urgency,10
morons,10
kentucky,10
trowel,10
circling,10
summertime,10
proposition,10
flip-flops,10
adjusted,10
vanished,10
bulging,10
faggot,10
roo-,10
loosen,10
droppings,10
improv,10
occurrence,10
batches,10
invaded,10
prerequisite,10
drifted,10
traced,10
basestars,10
regeneration,10
leaked,10
hamilton,10
subdued,10
bombarded,10
modernised,10
thanked,10
comply,10
dreadlocks,10
recognisable,10
sheepskin,10
four-bedroom,10
fungal,10
aqa,10
noon,10
developments,10
cambourne,10
beer-battered,10
cobain,10
shack,10
cannelloni,10
risking,10
dangerously,10
unwrapped,10
bunting,10
fez,10
repeats,10
semantics,10
check-up,10
damien,10
coppers,10
shines,10
top-up,10
hereford,10
bouncers,10
brecon,10
koala,10
carte,10
rift,10
stools,10
muchness,10
stroking,10
sweeteners,10
environments,10
davis,10
ten-year,10
buzzards,10
babysitter,10
regrets,10
shreds,10
prospects,10
daffodil,10
bulgarian,10
shrinks,10
limbo,10
defer,10
there-,10
liars,10
governors,10
digger,10
presley,10
marriages,10
lounging,10
grieve,10
quiff,10
creases,10
ipods,10
cue,10
botox,10
yell,10
spear,10
admissions,10
plonker,10
blockage,10
would-,10
anecdote,10
penguins,10
cringey,10
parted,10
documented,10
swooped,10
fingertips,10
browny,10
cushy,10
pressurised,10
wiki,10
clauses,10
emerged,10
ribena,10
homophobia,10
gravitate,10
unclear,10
fundamentals,10
three-day,10
federal,10
galore,10
coward,10
shellac,10
mammals,10
canned,10
id-,10
forrest,10
agreements,10
swag,10
cri-,10
han-,10
chemotherapy,10
multimillion,10
snapchats,10
pugs,10
twelve-year-old,10
outspoken,10
disguised,10
want-,10
inspire,10
saloon,10
zulu,10
on-site,10
eucalyptus,10
teased,10
three-quarters,10
leia,10
twenty-sixteen,10
segregation,10
mink,10
eighteen-year-old,10
cents,10
commissions,10
elegant,10
extracts,10
outs-,10
intonation,10
faithful,10
gardeners,10
two-bedroom,10
sulk,10
clea-,10
wrists,10
spanners,10
profiteroles,10
specialism,10
wildly,10
plump,10
concepts,10
sips,10
gradual,10
miner,10
pungent,10
banning,10
outwards,10
meta,10
triggers,10
broadcasting,10
deferred,10
coca,10
monoxide,10
half-brother,10
intestine,10
shocker,10
notepad,10
sma-,10
twix,10
influencing,10
pre-diabetic,10
minge,10
yoke,10
edp,10
safeway,10
prettiest,10
hertfordshire,10
neville,10
thrill,10
variables,10
fabrics,10
loops,10
sift,10
tolkien,10
homophobic,10
annoyance,10
primate,10
souvenirs,10
consensus,10
nationally,10
bonk,10
coulis,10
alerts,10
mid-,10
realisation,10
divergent,10
upped,10
varying,10
sabotaging,10
woo-hoo,10
delicacy,10
popularity,10
inverness,10
weaknesses,10
hooves,10
immunity,10
brandon,10
southeast,10
snobby,10
beheaded,10
grotty,10
spa-,10
housed,10
cancelling,10
conquered,10
percentages,10
hmrc,10
hughes,10
franklin,10
klopp,10
goldilocks,10
coldest,10
phot-,10
overlapping,10
trackies,10
acne,10
royalties,10
graduating,10
dom,10
vue,10
initials,10
glimpse,10
joyce,10
testicles,10
joys,10
burka,10
amer-,10
accepts,10
coalition,10
boating,10
pest,10
sufficiently,10
hercules,10
wonka,10
diesels,10
descriptions,10
lone,10
marvin,10
cancellation,10
discreet,10
dalmatian,10
fam,10
frail,10
seater,10
southerner,10
striped,10
handout,10
hoodies,10
progressing,10
thunderstorm,10
pronouncing,10
collaborative,10
seedy,10
headlights,10
amnesty,10
kats,10
physicist,10
ref-,10
colander,10
duchess,10
readily,10
aikido,10
marginalised,10
discards,10
torches,10
stroppy,10
chevrons,10
transmitted,10
rhapsody,10
macchiato,10
omg,10
coincidences,10
osaka,10
gem,10
beet,10
transparent,10
publications,10
cloakroom,10
secondhand,10
headlight,10
retweet,10
spiderman,10
jewel,10
nero,10
plasma,10
submitting,10
wacky,10
non-stop,10
daring,10
jo,10
breaker,10
björk,10
sheila,10
riddle,10
ridi-,10
faux,10
warts,10
stringy,10
offshore,10
masterpiece,10
polka,10
--anonfinancialdetails,10
welder,10
aback,10
login,10
ventilation,10
hepburn,10
limoncello,10
commando,10
gir-,10
pra-,10
call-,10
wen-,10
durable,10
plurals,10
keynes,10
conjuring,10
midway,10
ostrich,10
plots,10
cutters,10
objected,10
sterilised,10
brightness,10
nook,10
lear-,10
expats,10
scallops,10
costcutter,10
klein,10
invalid,10
muttering,10
vibrator,10
migrants,10
rustle,10
inflated,10
lipsy,10
snapshot,10
dep-,10
grange,10
upkeep,10
bugging,10
brash,10
clockwise,10
acceleration,10
islington,10
hague,10
emirates,10
zed,10
dadda,10
remedy,10
closure,10
migration,10
ninny,10
reinforce,10
westerners,10
translates,10
karaoke,10
discounted,10
absorbing,10
charmer,10
loony,10
jedi,10
galvanised,10
overlaps,10
leagues,10
pre-int,10
toyota,10
precarious,10
communicative,10
dribbled,10
computerised,10
tre-,10
ar,10
hangar,10
stronghold,10
simplistic,10
prostate,10
lauren,10
margherita,10
teething,10
priory,10
wallis,10
baffled,10
alibaba,10
tussauds,10
founded,10
vicars,10
multicolours,10
timetables,10
dimmer,10
catnip,10
textiles,10
taming,10
quotation,10
inset,10
venetian,10
restrict,10
mucking,10
barbecues,10
gro-,10
nat-,10
schalke,10
hiroshima,10
nudge,10
see-through,10
hazelnut,10
moorhen,10
overdose,10
bureaucratic,10
nisa,10
yap,10
protestant,10
yanks,10
digestives,10
sanctions,10
left-click,10
fiona,10
fens,9
alleyway,9
threats,9
handmaid,9
malaga,9
majorly,9
nqt,9
reduces,9
electrons,9
prompted,9
scar-,9
gregory,9
scarlett,9
ravenclaw,9
voluntarily,9
catcher,9
gangsters,9
firth,9
rucksacks,9
seb,9
gloopy,9
weirdness,9
specialists,9
novice,9
neuron,9
strangest,9
underfloor,9
gratitude,9
handset,9
merchandise,9
artefacts,9
pasting,9
recalled,9
birdy,9
slapstick,9
edl,9
audit,9
appropriately,9
bnp,9
psychedelic,9
brunel,9
photocopier,9
rankings,9
engineered,9
bien,9
chic,9
clone,9
reflexology,9
whitewash,9
fluorescent,9
uncertain,9
genres,9
roadshow,9
administrative,9
rey,9
crowned,9
destitute,9
gateway,9
mba,9
cheery,9
rubs,9
freelancer,9
personable,9
exploit,9
tailoring,9
trawl,9
ups-,9
juan,9
hudson,9
airbed,9
weighted,9
flowery,9
westernised,9
geezer,9
civilians,9
thetford,9
dep,9
forwarding,9
limitations,9
planners,9
dandelion,9
complication,9
sulphate,9
surrogate,9
underage,9
occurs,9
ginsters,9
exploration,9
insider,9
tribute,9
dench,9
fai-,9
shrine,9
cro-,9
anorexic,9
crone,9
brest,9
headmistress,9
anecdotes,9
newsagent,9
proteins,9
tolls,9
brittle,9
scarce,9
salford,9
knobbly,9
imply,9
ploughing,9
miscarriages,9
morn-,9
ashton,9
maul,9
generalisation,9
trannies,9
liquids,9
greatly,9
conversa-,9
war-,9
dm,9
bourbons,9
know-how,9
stagecoach,9
adaptable,9
englishes,9
aga,9
porto,9
guarantor,9
gummy,9
trotters,9
redwood,9
beagles,9
blush,9
bourbon,9
ailments,9
lanterns,9
volcanic,9
monocle,9
faculties,9
suckling,9
fittest,9
acquitted,9
messi,9
clinton,9
devoted,9
cabs,9
catalogues,9
tracker,9
greyhound,9
złoty,9
ridley,9
dermot,9
navigating,9
ocarina,9
labs,9
groin,9
spurt,9
brainy,9
disillusioned,9
tee,9
south-east,9
lucas,9
collaborate,9
shrew,9
isaac,9
oiled,9
who-,9
tcp,9
polytechnic,9
scaring,9
plagiarised,9
fitbit,9
pur-,9
refuel,9
paraffin,9
informally,9
initiated,9
houmous,9
shootings,9
etsy,9
boobies,9
inwards,9
tire,9
poignant,9
tarzan,9
pep,9
rationing,9
stalled,9
misleading,9
charms,9
execution,9
tanned,9
reservoirs,9
phrenology,9
sill,9
rectify,9
bibliography,9
mutton,9
disorders,9
giddy,9
grindr,9
quizzes,9
shrewsbury,9
clumps,9
perfectionist,9
oaty,9
how-,9
turing,9
vastly,9
obrigado,9
refurbishment,9
airbag,9
judgements,9
cuddled,9
beech,9
nether,9
deteriorate,9
chiefed,9
high-rise,9
byrne,9
dentistry,9
snowflake,9
meowing,9
ungrateful,9
moisturizer,9
ket,9
dishwashers,9
blurry,9
longevity,9
fluke,9
restored,9
octopuses,9
conveniently,9
empirical,9
peelie-wally,9
commuter,9
paddy,9
tapestry,9
rela-,9
tahini,9
forty-,9
quiche,9
telecom,9
indulgent,9
pas-,9
unto,9
docile,9
cringing,9
hyphen,9
cant,9
punnet,9
mammoth,9
inks,9
edie,9
learns,9
groomed,9
rihanna,9
leche,9
gassy,9
poste,9
sloping,9
wrestler,9
brûlée,9
upcoming,9
ruskin,9
navigator,9
penalties,9
squeaking,9
insular,9
recognized,9
owing,9
ashkenazi,9
insecurity,9
tomb,9
emotive,9
freecycle,9
polio,9
leathers,9
taxman,9
sacrifices,9
fixtures,9
crooked,9
shambles,9
expired,9
hatchback,9
friendlier,9
dud,9
cuban,9
coordinates,9
monument,9
pike,9
scribbled,9
scoops,9
retires,9
inhale,9
robust,9
one-eyed,9
premature,9
oxfordshire,9
berkeley,9
offside,9
coren,9
saddles,9
five-star,9
soppy,9
proposals,9
year-olds,9
overs,9
manpower,9
splattered,9
throats,9
girth,9
vanish,9
marrakesh,9
gums,9
para-,9
gooseberry,9
f1,9
danny,9
midlife,9
neglect,9
deathbed,9
quays,9
reverend,9
cameraman,9
m5,9
build-a-bear,9
preview,9
timothy,9
selfless,9
tot-,9
seuss,9
minty,9
gib,9
integration,9
roasts,9
imitate,9
olaf,9
conveyor,9
rearranged,9
inventing,9
empathise,9
clarke,9
mammal,9
advisory,9
taipei,9
snare,9
motherboard,9
bearable,9
resets,9
frenzy,9
lumped,9
surly,9
fuerteventura,9
buddhism,9
menace,9
sifter,9
damned,9
distractions,9
reputable,9
roadside,9
synopsis,9
halloumi,9
offenders,9
accuracy,9
dumps,9
usable,9
shamed,9
beefeater,9
ty-,9
psychiatric,9
inherent,9
asians,9
kudos,9
penultimate,9
dehydrated,9
pembrokeshire,9
realist,9
coals,9
grimms,9
forensics,9
leyland,9
fenced,9
nostril,9
owen,9
concord,9
reciprocal,9
weasel,9
spirulina,9
likeness,9
sleigh,9
esol,9
sensory,9
baptised,9
angela,9
streaky,9
app-,9
hibernating,9
critique,9
gingers,9
chockers,9
istrian,9
martens,9
collins,9
assurance,9
humanist,9
coded,9
basic-,9
devious,9
fuller,9
disappoint,9
nutmeg,9
rags,9
butchered,9
swoop,9
tyler,9
ques-,9
sagacity,9
poach,9
calf,9
nutritional,9
chanting,9
sin-,9
cody,9
underst-,9
fjords,9
min,9
zambia,9
jerky,9
shivering,9
cordial,9
sprinting,9
holi-,9
reunited,9
bessie,9
pimp,9
martial,9
wasteful,9
coupons,9
shadowing,9
dieppe,9
orchards,9
lps,9
bus-,9
kerb,9
pennines,9
ferris,9
robbie,9
kensington,9
northerners,9
spartan,9
alienating,9
glen,9
screensaver,9
synonymous,9
absent,9
flagged,9
dido,9
bobbing,9
mid-thirties,9
backdoor,9
numeracy,9
skinner,9
medicinal,9
foyer,9
dogging,9
bisto,9
uncanny,9
norms,9
snape,9
bronx,9
wer-,9
believable,9
hydrated,9
dapper,9
sexuality,9
mystic,9
contentious,9
kabaddi,9
farty,9
registering,9
pcc,9
diagnose,9
bmi,9
sunni,9
missions,9
thirsk,9
cheetah,9
motherfuckers,9
seventeen-year-old,9
praline,9
queers,9
veteran,9
alicante,9
trails,9
transcripts,9
va-,9
inserted,9
understandably,9
manoeuvres,9
pitfalls,9
illiterate,9
clientele,9
anchor,9
snorkel,9
offspring,9
witchcraft,9
harold,9
stupidest,9
wangle,9
youtuber,9
holocaust,9
missguided,9
adapting,9
swords,9
aired,9
sizeable,9
hon-,9
relocate,9
presuming,9
stereo,9
tomboy,9
chipmunk,9
gorky,9
gershwin,9
mormons,9
cools,9
blames,9
wellingtons,9
constraints,9
sous,9
stroked,9
think-,9
lov-,9
attempts,9
observant,9
tabloid,9
sellers,9
morty,9
powdered,9
blouses,9
grossed,9
discomfort,9
appendix,9
antinomy,9
compiled,9
limb,9
ph,9
dozing,9
mastered,9
pleasurable,9
decisive,9
epq,9
mouthwash,9
argues,9
kennels,9
baptist,9
reinforcement,9
ultraviolet,9
brightly,9
aggression,9
calms,9
blancmange,9
bartender,9
barbarians,9
ner,9
carb,9
honoured,9
inexperienced,9
overrun,9
thump,9
pan-,9
snapseed,9
addicts,9
encountered,9
miniscule,9
flatten,9
naps,9
glamorgan,9
barbed,9
impractical,9
gallagher,9
whammy,9
kestrel,9
vertical,9
colloquial,9
optional,9
scarab,9
coche,9
insanely,9
sarnie,9
liaison,9
losses,9
invincible,9
dou-,9
tetley,9
suspected,9
tampon,9
serbian,9
strenuous,9
fooled,9
bait,9
kneel,9
didgeridoo,9
registers,9
sicily,9
sweetest,9
attachments,9
gotcha,9
serviced,9
relish,9
photoshopped,9
u2,9
halt,9
year-,9
responsive,9
snapchatted,9
remarkably,9
implants,9
landfill,9
soz,9
rescheduled,9
midges,9
pastries,9
horned,9
kos,9
stig,9
spares,9
rants,9
negotiation,9
notre,9
counters,9
bowels,9
stalks,9
steeper,9
chandelier,9
clipper,9
mahjong,9
ernest,9
ivan,9
bleep,9
unethical,9
behavioural,9
prevalent,9
smoothly,9
notoriously,9
iike,9
swerve,9
weeny,9
noticeboard,9
bruising,9
confrontation,9
logging,9
intimate,9
cheltenham,9
risen,9
liberated,9
hear-,9
jokingly,9
backward,9
suspense,9
bonny,9
westlife,9
exclusively,9
infinitely,9
flapjack,9
yums,9
caution,9
fla-,9
llama,9
segments,9
fomo,9
zurich,9
disclaimer,9
kensit,9
mumble,9
goodie,9
thicken,9
cisco,9
sayings,9
pouf,9
atmospheric,9
commentators,9
rochester,9
apologetic,9
footings,9
lyric,9
yolo,9
gigging,9
otters,9
communicated,9
magpie,9
co-worker,9
abattoir,9
ponds,9
temperamental,9
supplying,9
dysfunctional,9
chihuahuas,9
speculation,9
meritocratic,9
clerk,9
rosy,9
envisage,9
err,9
caged,9
kindling,9
gawd,9
paddock,9
frantic,9
jute,9
quay,9
showy,9
remained,9
misheard,9
ipswich,9
shank,9
discos,9
soonish,9
deceiving,9
destruction,9
eurovision,9
invitations,9
raking,9
minimalist,9
underestimate,9
slicing,9
paces,9
populations,9
chases,9
vista,9
tadpoles,9
wafer,9
restoration,9
dodo,9
scot,9
harness,9
dora,9
belie-,9
straightening,9
transformed,9
pfeiffer,9
earlyish,9
puffing,9
conclusions,9
highs,9
dictaphone,9
fifty-year-old,9
jules,9
masturbate,9
house-sitting,9
butters,9
rakehell,9
jean-claude,9
veneers,9
nada,9
excused,9
bleached,9
noble,9
beautician,9
extinct,9
hippo,9
golfing,9
privatized,9
strippers,9
barnham,9
editions,9
clare,9
heimlich,9
saliva,9
teaser,9
warp,9
roaring,9
whate-,9
restriction,9
alway-,9
rememb-,9
spontaneously,9
teacake,9
poltergeist,9
mittens,9
heaving,9
perpetuate,9
inf-,9
winking,9
eek,9
sledging,9
greetings,9
retreats,9
iliad,9
manufacture,9
rrr,9
lays,9
hearty,9
bodge,9
whistles,9
snowboarding,9
vapour,9
illustrate,9
bobbles,9
reams,9
fifteen-year-old,9
glycerine,9
behaviours,9
combining,9
creased,9
relied,9
ecotricity,9
practitioner,9
descended,9
ambiguous,9
mor,9
studs,9
hibernate,9
vibrates,9
afar,9
appliance,9
blasted,9
punches,9
shopped,9
duct,9
blurb,9
confront,9
octopi,9
poppers,9
implemented,9
suffragette,9
sapiens,9
hauschka,9
mixtures,9
frantically,9
anglo-saxon,9
strive,9
braking,9
adverbs,9
suet,9
gullible,9
flustered,9
manning,9
accomplished,9
vandalised,9
streaks,9
bomber,9
mumbling,9
catapult,9
hundre-,9
christ-,9
paradigm,9
squatters,9
shrove,9
twiddly,9
crowe,9
neh,9
equitable,9
uneven,9
cleese,9
giraffes,9
stilts,9
plasticy,9
christchurch,9
rhone,9
referrals,9
roly-poly,9
demonstrated,9
capability,9
num-,9
onstage,9
ten-year-old,9
prank,9
narrowed,9
osbourne,9
humongous,9
abba,9
chocolat,9
viaduct,9
boxers,9
growers,9
slippy,9
mcguire,9
achieving,9
scariest,9
zapped,9
leapt,9
allowances,9
beethoven,9
terrier,9
cses,9
sought,9
chimneys,9
turnaround,9
teletext,9
fetching,9
paedophilia,9
nus,9
villas,9
incorporated,9
jasmine,9
shi-,9
impala,9
excluding,9
heartbroken,9
swirl,9
surgeons,9
pinning,9
antiseptic,9
dra-,9
fave,9
twill,9
bali,9
essentials,9
boudoir,9
escalators,9
rationed,9
biro,9
slaving,9
son-in-law,9
protector,9
churning,9
formulaic,9
cascada,9
stanley,9
surrender,9
looser,9
chins,9
dioxide,9
mountainous,9
redecorate,9
absolut-,9
fainted,9
receptive,9
tabby,9
trophies,9
soupy,9
listeners,9
dieting,9
wholesale,9
clegg,9
comple-,9
badoo,9
charlton,9
warner,9
dictates,9
mai,9
reread,9
pdr,9
colloquialisms,9
occupy,9
potters,9
hardbacks,9
crunching,9
farage,9
lingering,9
tipple,9
bridal,9
chucks,9
executioner,9
coniston,9
jenithon,9
wordsworth,9
dokey,9
nutcase,9
tom-,9
pixel,9
twats,9
headspace,9
reg-,9
hounds,9
crossover,9
uproar,9
grantchester,9
edgy,9
jeffrey,9
barrage,9
corona,9
underdog,9
outsourced,9
deirdre,9
mouthpiece,9
distorted,9
untoward,9
emigrate,9
fulfilling,9
cul-,9
que-,9
attended,9
edgbaston,9
paraphrase,9
barbers,9
hesitant,9
ning,9
soften,9
cantonese,9
axle,9
mccoy,9
ger-,9
dykes,9
por,9
demurrage,9
nerdy,9
databases,9
blondie,9
croquettes,9
scholarships,9
brr,9
para,9
manga,9
synonyms,9
crisscross,9
kipper,9
severance,9
discriminate,9
muppets,9
nn,9
neptune,9
fingered,9
melissa,9
kickboxing,9
tiptoe,9
thatch,9
chatter,9
whacky,9
lug,9
aesthetic,9
rapists,9
coincidentally,9
ordinarily,9
growl,9
architects,9
simmer,9
wayside,9
refill,9
blasting,9
accompanying,9
americanisms,9
lockers,9
brutes,9
bollards,9
peckish,9
left-wing,9
empathy,9
woe,9
minimise,9
ko-,9
win-,9
well-being,9
destined,9
paedo,9
waitressing,9
tardis,9
ddt,9
ngo,9
highlighting,9
toothless,9
overtaken,9
dar-,9
twig,9
beret,9
macbook,9
scousers,9
instinctively,9
spacing,9
duracell,9
heavyweight,9
niño,9
schmooze,9
meese,9
focuses,9
buzzcocks,9
rocked,9
gladiator,9
precision,9
gushing,9
spur,9
laces,9
remorse,9
stomped,9
soho,9
autograph,9
referral,9
exchanged,9
tobago,9
rotating,9
first-time,9
youngish,9
hanks,9
lollipops,9
bergen,9
guidebook,9
hype,9
beanbag,9
conduct,9
cromer,9
hundredth,9
standardised,9
chink,9
finer,9
multicoloured,9
strengthen,9
deported,9
contempt,9
plexus,8
keyboards,8
bootleg,8
lightbulb,8
off-licence,8
sanding,8
fascia,8
cheerleaders,8
comparative,8
moneys,8
doss,8
monica,8
shire,8
mindless,8
stilettos,8
fore,8
lexical,8
footy,8
quinn,8
dungeons,8
mendelsohn,8
powering,8
niggers,8
overexcited,8
adama,8
silky,8
pitiful,8
batshit,8
participation,8
vinnie,8
not-,8
great-grandfather,8
bengal,8
ethnically,8
jun,8
rizla,8
cath,8
starch,8
winky,8
gourmet,8
devils,8
bentley,8
nippy,8
yen,8
stylish,8
short-sighted,8
prototype,8
deterrent,8
three-month,8
back-to-back,8
creditors,8
mal-,8
ciroc,8
money-making,8
tenterhooks,8
lincoln,8
buckwheat,8
assert,8
cons-,8
polling,8
piri,8
clil,8
ropey,8
guarantees,8
waterpark,8
bounces,8
quicksilver,8
t-mobile,8
bei-,8
hartlepool,8
amstell,8
revised,8
gyros,8
dissolved,8
shoddy,8
hoist,8
bethlehem,8
crèche,8
binary,8
lunatic,8
controllers,8
attempting,8
oba,8
wei-,8
abbreviations,8
half-way,8
gestures,8
boggy,8
hanged,8
monaco,8
photoshoot,8
avid,8
dialysis,8
masts,8
begun,8
fortuna,8
like-minded,8
transformers,8
retweets,8
curtis,8
compu-,8
n-trance,8
crank,8
reformed,8
proceed,8
calculations,8
amuses,8
viewers,8
concise,8
canusa,8
rife,8
cowbell,8
injecting,8
coordinating,8
vladimir,8
randomers,8
prams,8
minstrels,8
neurotic,8
pickford,8
harrowing,8
periodically,8
monochronic,8
guardiola,8
busking,8
mem-,8
sarc,8
co-create,8
over-fifties,8
schrdinger,8
choc-,8
commemorative,8
wallpapered,8
unbreakable,8
grimm,8
hai-,8
hobo,8
indirect,8
latvia,8
boof,8
boilers,8
cripple,8
chimpanzees,8
skrtel,8
sphere,8
conscription,8
microchip,8
spiky,8
commentator,8
shrinking,8
lathes,8
boner,8
bakers,8
matron,8
begged,8
farrell,8
massaging,8
rejects,8
forte,8
audrey,8
batty,8
banoffee,8
clarification,8
conducted,8
hourly,8
generalist,8
awa-,8
aligned,8
quebec,8
lang-,8
genghis,8
seychelles,8
't,8
hermione,8
cheflet,8
slinky,8
magnesium,8
anaconda,8
antlers,8
goves,8
swelled,8
contributes,8
gwyneth,8
timeframe,8
typhoo,8
unsafe,8
denzel,8
intervene,8
ganache,8
alleviate,8
oui,8
patisserie,8
differentiation,8
roofer,8
hive,8
aider,8
equipped,8
shisha,8
venomous,8
savages,8
pertinent,8
non-native,8
flecks,8
melancholy,8
liquidy,8
chiang,8
stringent,8
norwegians,8
broads,8
carriers,8
mu,8
andorra,8
mitts,8
rac,8
yates,8
sustained,8
drastic,8
flexi,8
creosote,8
softly,8
handheld,8
prioritising,8
liaise,8
smirnoff,8
emperors,8
swegway,8
triangular,8
browsing,8
guardians,8
pakistanis,8
intolerance,8
merkel,8
mouthfuls,8
fc,8
polythene,8
positioned,8
downfall,8
thrower,8
shelters,8
nomadic,8
swimwear,8
shaun,8
mycock,8
perha-,8
yazid,8
liquorish,8
avenues,8
canapés,8
cornell,8
delia,8
coa-,8
tasteless,8
opposites,8
granola,8
skeletons,8
discoveries,8
scribble,8
contend,8
five-year,8
representatives,8
probe,8
admired,8
sewer,8
chas,8
tourette,8
enfield,8
timid,8
rinsed,8
brittany,8
glance,8
bel-air,8
anita,8
impacted,8
survives,8
lube,8
klan,8
clarity,8
simplify,8
illusions,8
adopting,8
sochi,8
eu-,8
rebels,8
explosives,8
porky,8
pursuing,8
throttle,8
vom,8
mending,8
gawk,8
welcomed,8
nausea,8
emmett,8
haye,8
situated,8
shoves,8
tubular,8
rendang,8
yew,8
suntan,8
perm,8
español,8
scheduling,8
couriers,8
kraft,8
stotty,8
blackburn,8
snagging,8
sabbatical,8
obey,8
chrysanthemum,8
conception,8
dislocated,8
connector,8
weaning,8
hover,8
paired,8
hilary,8
wanders,8
irregular,8
zoos,8
clutching,8
enlarge,8
rajasthan,8
repent,8
aviv,8
whatsits,8
streetcar,8
federation,8
insists,8
poses,8
enslaved,8
hosts,8
surveillance,8
standstill,8
modes,8
nonsensical,8
wits,8
rustling,8
ornate,8
contaminated,8
bombings,8
archaic,8
hallucinations,8
ornaments,8
centrally,8
samosas,8
pres-,8
ambulances,8
detectors,8
jest,8
annex,8
overtook,8
slick,8
snot,8
weeing,8
peacocks,8
dissect,8
uruguay,8
anglo-saxons,8
telegram,8
twizzlers,8
sun-dried,8
reconsider,8
canvassing,8
morecambe,8
patron,8
puffed,8
tinny,8
partic-,8
quits,8
sluggish,8
concussed,8
studenty,8
after-school,8
cuneiform,8
suns,8
muffled,8
familiarity,8
accusations,8
flatter,8
time-consuming,8
dubstep,8
furore,8
chee-,8
hassling,8
ru,8
mensa,8
twenty-seventeen,8
explosive,8
remark,8
mocked,8
sump,8
fur-,8
upheaval,8
bartering,8
shallots,8
assassinated,8
balti,8
offense,8
hookah,8
bournville,8
schmidt,8
listener,8
mincemeat,8
c'est,8
dears,8
grafting,8
hypothetical,8
induced,8
rolls-royce,8
aka,8
maritime,8
spilling,8
fillets,8
cannibal,8
centurion,8
wrens,8
combi,8
mayb-,8
glanced,8
streetlife,8
ccgs,8
hysteria,8
hearth,8
preservatives,8
ombudsman,8
blending,8
resilient,8
idealistic,8
humanitarian,8
stor-,8
ballantine,8
aerosol,8
apricots,8
fellowship,8
lodgers,8
with-,8
heron,8
lenient,8
housewife,8
spatial,8
charade,8
cheerio,8
ceilidhs,8
willingly,8
ot,8
scouser,8
migraine,8
stoves,8
royce,8
bidder,8
designated,8
wilko,8
excavated,8
meerkats,8
submarines,8
hastings,8
blower,8
halving,8
whitebait,8
peephole,8
veins,8
mailing,8
macafem,8
chews,8
shittiest,8
zoned,8
brolly,8
postpone,8
cigars,8
benjamin,8
hardened,8
repulsive,8
shanty,8
syringe,8
integral,8
corkscrew,8
certified,8
pancreatic,8
elliot,8
pleases,8
hoody,8
pyrenees,8
centipede,8
ilk,8
bishops,8
shropshire,8
tracy,8
climbs,8
turbo,8
fatigue,8
figaro,8
arrondissement,8
actresses,8
sods,8
dismantled,8
repossession,8
glaze,8
germanic,8
spo-,8
imaginative,8
speculating,8
apprehensive,8
prevents,8
canberra,8
swaffham,8
seraphim,8
delve,8
euphemism,8
perseverance,8
kindles,8
chuckie,8
skewed,8
weeping,8
localised,8
flutes,8
mingling,8
dir-,8
gob,8
d-ream,8
resin,8
clipping,8
dumbed,8
biggish,8
eubank,8
jinxed,8
bareback,8
pvc,8
democrats,8
cre-,8
fuzz,8
mayday,8
columns,8
undercut,8
abbreviate,8
lieutenant,8
exported,8
figuratively,8
cemented,8
seven-,8
transporting,8
mou-,8
disheartened,8
waiters,8
gecko,8
tournaments,8
swindon,8
viewings,8
stance,8
defo,8
revert,8
walkable,8
allegations,8
whiting,8
stereophonics,8
kindergarten,8
vw,8
shatter,8
chronological,8
breather,8
cubicles,8
cy-,8
fiery,8
radish,8
staffed,8
hock,8
grit,8
ratty,8
horse-riding,8
moonshine,8
vaccines,8
canes,8
focal,8
corps,8
reps,8
zap,8
novigrad,8
prodigy,8
sadistic,8
deduct,8
commerce,8
tiredness,8
jehovah,8
violently,8
resented,8
u-turn,8
laurie,8
artisan,8
fraser,8
levers,8
sixth-form,8
pipework,8
elongated,8
aspiring,8
len,8
watercolour,8
dun,8
keema,8
muse,8
hydro,8
routines,8
cops,8
superstitions,8
entails,8
reliability,8
e-mailed,8
roadkill,8
hamburg,8
enrol,8
hyperactive,8
anfield,8
barnsley,8
carmen,8
hemisphere,8
landings,8
tinnitus,8
laid-back,8
pubes,8
longitude,8
ça,8
condemned,8
waterproofs,8
contemplate,8
brat,8
bennetts,8
woof,8
six-week,8
teesside,8
pop-,8
speckled,8
tran-,8
idyllic,8
enrichment,8
unbearable,8
vodnjan,8
t-rex,8
hateful,8
rustic,8
erotic,8
swiped,8
bribes,8
uncut,8
bunsen,8
squidge,8
sipping,8
lucius,8
molten,8
declining,8
senegal,8
qualitative,8
langkawi,8
skanky,8
grates,8
elites,8
norse,8
rooster,8
annotate,8
chanel,8
somethi-,8
freckles,8
aspiration,8
nukes,8
janet,8
cheapo,8
traders,8
umpiring,8
petra,8
moustaches,8
ox,8
licences,8
klux,8
missionaries,8
alumni,8
dro-,8
cathedrals,8
digitally,8
eden,8
mailboxes,8
sensors,8
blockbuster,8
headteacher,8
edu-,8
caved,8
cafod,8
twisty,8
snorks,8
colonise,8
zipped,8
charleston,8
nettle,8
inadequate,8
gibbons,8
deux,8
motivates,8
disadvantaged,8
nelly,8
matthews,8
tombs,8
rebecca,8
laurence,8
pineapples,8
welding,8
spag,8
wormy,8
unpacking,8
crippled,8
cardigans,8
resisted,8
edmonds,8
ample,8
non-existent,8
suicides,8
fallout,8
tyrant,8
analytical,8
scaffold,8
yale,8
midst,8
conv-,8
ballerina,8
bollywood,8
modify,8
denying,8
nicaragua,8
drastically,8
postbox,8
avery,8
hauled,8
ranger,8
splinter,8
sparkle,8
cannibalism,8
ulysses,8
dealership,8
pen-,8
mfi,8
ollie,8
trolls,8
cleansing,8
hyeongnim,8
yorkie,8
impaled,8
margarita,8
masturbation,8
conditioned,8
lairy,8
minefield,8
hoity-toity,8
mas-,8
settlers,8
crumbles,8
windfall,8
presenters,8
bavarian,8
crickey,8
genocide,8
m2,8
unusually,8
jacob,8
smartboard,8
dorky,8
pentagon,8
your-,8
velma,8
oxbridge,8
crumbly,8
phish,8
edwards,8
breakthrough,8
operatives,8
margins,8
muhammad,8
furnished,8
nanas,8
freelancing,8
homeschooled,8
negate,8
dwell,8
strait,8
warcraft,8
shovelling,8
overground,8
std,8
changeover,8
wd,8
sambuca,8
memento,8
prof-,8
plasters,8
burma,8
collectively,8
unsuccessful,8
milkshakes,8
negotiations,8
marten,8
zane,8
architectural,8
spits,8
antony,8
alexandria,8
eyeing,8
daredevil,8
abrupt,8
federer,8
costings,8
ii,8
timescale,8
unsubscribe,8
martins,8
chernobyl,8
prodding,8
reclaim,8
bot-,8
extraction,8
bawling,8
vardy,8
berko,8
twinkle,8
isas,8
temptation,8
gusta,8
molasses,8
kampf,8
gaddafi,8
sunburnt,8
piss-up,8
interbreeding,8
stakes,8
dreamy,8
gîte,8
suspend,8
erectile,8
formulas,8
eamonn,8
advertisement,8
exorcism,8
tongues,8
tannoy,8
travolta,8
ludo,8
blasphemy,8
skippy,8
rigorous,8
cooperative,8
zoopla,8
slamming,8
fearne,8
incinerator,8
dived,8
footstool,8
solves,8
leningrad,8
fairer,8
poly,8
four-,8
noah,8
receives,8
tumours,8
enquired,8
pegged,8
buttery,8
solos,8
helpers,8
philanthropy,8
moneymaker,8
tally,8
wedged,8
three-point,8
combos,8
corpse,8
grafted,8
unfamiliar,8
chancellor,8
flinging,8
fraîche,8
kin,8
crumpled,8
primates,8
replay,8
ageist,8
mag-,8
anticipation,8
spe-,8
commentate,8
snuggled,8
meme,8
buddleia,8
scent,8
stills,8
establishing,8
disproportionate,8
oriented,8
rampant,8
atoms,8
ousted,8
ferrell,8
latch,8
slated,8
renovating,8
churned,8
sharon,8
sponges,8
proportional,8
ms-dos,8
congregate,8
viruses,8
canola,8
stares,8
squats,8
dissolve,8
ovens,8
sponsoring,8
vineyards,8
scarring,8
aniston,8
politeness,8
benefitting,8
hep,8
implode,8
seven-year-old,8
guiding,8
oxide,8
flab,8
craze,8
blends,8
roadblocks,8
tacked,8
alaskan,8
math,8
monarchs,8
distributing,8
extender,8
workmen,8
labelling,8
push-ups,8
psychometric,8
wendy,8
transcription,8
romany,8
righto,8
blasé,8
beau-,8
unwrap,8
toppings,8
unopened,8
airbus,8
multiples,8
severed,8
bruschetta,8
dishing,8
internships,8
activated,8
famine,8
backfired,8
bsl,8
senile,8
adjoining,8
brides,8
constructions,8
afloat,8
favor,8
assure,8
prob,8
aromatic,8
bansko,8
magaluf,8
revisit,8
repay,8
drummed,8
shaker,8
realms,8
ecology,8
bookcases,8
sea-,8
geographic,8
operative,8
chimes,8
accountability,8
wipers,8
felixstowe,8
fm,8
republicans,8
notebooks,8
jailed,8
spooning,8
attribute,8
furthermore,8
weakened,8
fav-,8
miaow,8
hindu,8
beaming,8
squeal,8
totem,8
grocery,8
recount,8
nec-,8
bloomsbury,8
nagging,8
sociolinguistics,8
fleshy,8
undoubtedly,8
rodent,8
bollard,8
gruesome,8
mat-,8
critic,8
meself,8
nuances,8
calculating,8
linear,8
plucking,8
accumulated,8
compulsive,8
curing,8
pristine,8
gaza,8
manure,8
noose,8
admiring,8
rechargeable,8
nevis,8
balconies,8
enthusiast,8
konoba,8
hark,8
hoof,8
bernays,8
crucifixion,8
cremation,8
rivals,8
sacrificed,8
peasant,8
averse,8
microwaving,8
lunchtimes,8
nev,8
inserts,8
grenache,8
huskies,8
dressage,8
herby,8
vale,8
sanded,8
mcvitie,8
morino,8
remix,8
ten-hour,8
stickleback,8
commissioned,8
howl,8
possessions,8
twel-,8
matured,8
gripping,8
humungous,8
hijacked,8
bunged,8
orlando,8
payroll,8
paddington,8
tendons,8
betrayed,8
roden,8
felix,8
ang-,8
stapler,8
kidston,8
wheelbarrow,8
scorsese,8
baptism,8
locomotion,8
sopranos,8
conversions,8
livestock,8
evelyn,8
balkans,8
disjointed,8
deadpool,8
ads,8
heir,8
stile,8
humiliation,8
dummies,8
smokeless,8
attributes,8
yemen,8
migh-,8
calculation,8
joanna,8
drinkers,8
slush,8
sleepovers,8
diphthong,8
brewer,8
bel-,8
connotations,8
urals,8
environmentally,8
wembley,8
paved,8
hyped,8
shaves,8
weymouth,8
futuristic,8
stalling,8
draughts,8
stride,8
mauled,8
allsorts,8
todd,8
trellis,8
axel,8
disasters,8
trudy,8
saucer,8
weirded,8
wye,8
impersonator,8
viber,8
fyi,8
proximity,8
open-minded,8
wildest,8
confu-,8
batting,8
involving,8
pearson,8
imagery,8
unloading,8
mere,8
braille,8
disposal,8
webber,8
earpiece,8
bolted,8
wilds,8
camilla,8
insurances,8
cancerous,8
renault,8
atomic,8
librarians,8
puppets,8
shortcuts,8
mineral,8
shutters,8
gotham,8
candies,8
bigot,8
differ-,8
warhol,8
chatterbox,8
anaemia,8
glossy,8
undefined,8
smudged,8
litt-,8
teamwork,8
pulses,8
spec-,8
clara,8
smidgen,8
showering,8
supernatural,8
sponsorship,8
munching,8
fazed,8
preventing,8
brașov,8
scratchings,8
dopey,8
resume,8
fusion,8
sob,8
glamping,8
strapline,8
galangal,8
stimulate,8
oesophagus,8
padding,8
eaters,8
implying,8
elderberry,8
strikers,8
impose,8
indicators,8
foggy,8
apparatus,8
convoy,8
blake,8
secretarial,8
limo,8
snoozing,8
mysteries,8
frosty,7
queasy,7
stashed,7
reminiscing,7
chuckling,7
lambert,7
interfered,7
humpty,7
groupies,7
intricacies,7
overbite,7
bargainous,7
composing,7
brosnan,7
cau-,7
castilian,7
lousy,7
boobage,7
replaces,7
productivity,7
generates,7
flogging,7
taobao,7
radiotherapy,7
horlicks,7
paolo,7
bailiffs,7
acknowledges,7
melbourn,7
dreary,7
legible,7
requesting,7
colossal,7
lemsip,7
toying,7
lessened,7
penal,7
changeable,7
two-week,7
cont-,7
micky,7
seduce,7
rubies,7
toilette,7
curlers,7
seizures,7
chichester,7
ella,7
narky,7
medically,7
trialling,7
hashtags,7
abducted,7
über,7
snuggling,7
clashed,7
dia-,7
fair-,7
bravo,7
surge,7
janitor,7
unscrew,7
giles,7
sweetened,7
slotted,7
stiletto,7
swarm,7
evacuate,7
alt,7
rev,7
unfairly,7
scalability,7
diffuse,7
laso,7
mourning,7
kew,7
splashed,7
accumulate,7
sequels,7
trending,7
repaint,7
reopened,7
outgoings,7
contrived,7
fuck-,7
bikinis,7
stiles,7
organize,7
islamophobia,7
merton,7
attention-seeking,7
work-out,7
marge,7
millican,7
indoctrinated,7
sit-ups,7
yarm,7
ibis,7
piste,7
nosebleeds,7
efforts,7
minis,7
secretaries,7
scruff,7
walk-in,7
formerly,7
marseille,7
hustle,7
blokey,7
thorpe,7
erection,7
photocopies,7
foxtrot,7
feeders,7
alistair,7
wren,7
shaver,7
puss,7
cockpit,7
constipation,7
empties,7
excu-,7
screech,7
uncover,7
hesitate,7
arrears,7
d'y-,7
florentine,7
http,7
coffee-mate,7
miscellaneous,7
hone,7
sundial,7
phili,7
father-in-law,7
curfew,7
non-stick,7
nutrient,7
lev,7
ferret,7
lotus,7
pastor,7
walled,7
promiscuous,7
pollinate,7
manifesto,7
cooch,7
hovercraft,7
doses,7
devolution,7
snowball,7
divvy,7
trimmings,7
albatross,7
diffi-,7
brokeback,7
pied,7
riders,7
shin,7
regency,7
grounding,7
run-,7
d'lacey,7
outcast,7
lebanese,7
myths,7
prism,7
bi,7
vincent,7
buffalo,7
gurgling,7
punto,7
poirot,7
ornament,7
tri,7
chicane,7
mahout,7
lampshade,7
unpasteurised,7
whopping,7
self-inflicted,7
misconstrued,7
northerner,7
align,7
cam-,7
dearest,7
ditto,7
resolutions,7
glace,7
jammies,7
leotard,7
fra-,7
if-,7
diplomats,7
intr-,7
keypad,7
dawkins,7
cocks,7
overdrive,7
drugged,7
wrinkly,7
hackney,7
tiresome,7
assessor,7
catholicism,7
jetpack,7
wheeler,7
fennel,7
misconceptions,7
sesh,7
overrule,7
sketches,7
dalek,7
dermatitis,7
brentwood,7
italia,7
inactive,7
beeped,7
mov-,7
douchebag,7
cen-,7
volt,7
duddle,7
appreciates,7
shillings,7
wickes,7
extinguishers,7
overworked,7
comical,7
carl,7
fillers,7
bestest,7
underfoot,7
e-yes,7
foetus,7
criminology,7
weave,7
insuring,7
inhumane,7
crouching,7
liquidation,7
figs,7
attlee,7
excursion,7
signalling,7
insulate,7
refilled,7
facilitate,7
vegans,7
unilateral,7
polenta,7
uni-,7
rheumatism,7
hiit,7
marley,7
strangle,7
translators,7
toolbox,7
mears,7
tracing,7
noisier,7
bunched,7
monstrosity,7
rodney,7
rar,7
sharpest,7
morpurgo,7
indeedy,7
emojis,7
pear-shaped,7
strained,7
supernova,7
highchair,7
columbus,7
peen,7
piped,7
blowy,7
johansson,7
withnail,7
obliterated,7
scooping,7
avoids,7
bbc4,7
kwanzaa,7
sheriff,7
barrow,7
guncles,7
complementary,7
lawson,7
martini,7
squirty,7
poaching,7
byjo,7
elocution,7
insisting,7
reg,7
regulars,7
calorific,7
gue-,7
bastille,7
one-on-one,7
lettuces,7
sixt-,7
sawing,7
frowning,7
plastering,7
veer,7
spills,7
posterity,7
foraging,7
horrors,7
get-together,7
sahara,7
jcr,7
weasley,7
dougal,7
fantasia,7
berkshire,7
standalone,7
ricotta,7
gondola,7
dashed,7
quilting,7
troublesome,7
defrosting,7
trav-,7
insurmountable,7
softens,7
riddance,7
gino,7
congress,7
utilise,7
derwent,7
menthol,7
separation,7
cockerels,7
whicabim,7
orion,7
craziest,7
naturalistic,7
pipeline,7
macadamia,7
sprinkles,7
laced,7
comet,7
horoscopes,7
victor,7
amateurish,7
deem,7
redecorating,7
lobe,7
booting,7
novelist,7
balkan,7
arrests,7
olivia,7
tricking,7
scabs,7
greengrocer,7
limiting,7
sharpened,7
maguire,7
gated,7
nine-year-old,7
resentment,7
somet-,7
londoner,7
nibbled,7
three-week,7
cornered,7
orchids,7
flamboyant,7
chan-,7
hairbrush,7
depicting,7
secluded,7
aright,7
lou,7
fondle,7
refreshments,7
adidas,7
hanukkah,7
mercenary,7
earplugs,7
newborn,7
clint,7
aria,7
vroom,7
pigsty,7
exes,7
von,7
downed,7
peeping,7
iams,7
ramblas,7
wordy,7
reciting,7
lau-,7
puget,7
youthful,7
hairier,7
cleanliness,7
'un,7
chargers,7
mugabe,7
adjectives,7
sleeveless,7
lah,7
titled,7
neanderthals,7
ensemble,7
decadent,7
slob,7
tactically,7
bosch,7
primrose,7
nervy,7
all-day,7
conjoined,7
renewing,7
sloe,7
insensitive,7
strangled,7
krank,7
restrained,7
upward,7
zips,7
warmers,7
trickling,7
lambie,7
harrogate,7
write-off,7
widespread,7
sigourney,7
demographics,7
siren,7
billboard,7
cranked,7
qualifying,7
biographies,7
nob,7
nudged,7
ely,7
gaye,7
monitors,7
tang,7
cush-,7
deducted,7
outraged,7
flopping,7
myfanwy,7
compress,7
ryvita,7
mcqueen,7
armrest,7
moneybox,7
burped,7
offset,7
numbered,7
gee,7
puking,7
nina,7
dimple,7
leopards,7
pesky,7
nasturtiums,7
gnarly,7
economist,7
memorising,7
cnoc,7
repertoire,7
ameri-,7
leathery,7
outsiders,7
widen,7
costed,7
becca,7
starling,7
royals,7
friction,7
cleavage,7
firemen,7
brickwork,7
excursions,7
diddle,7
quince,7
dreaded,7
wheelchairs,7
viva,7
deranged,7
congrats,7
hallmark,7
brea-,7
apprentices,7
dirtier,7
cameo,7
differs,7
michel,7
yucky,7
commuted,7
buzzfeed,7
oof,7
spikey,7
hereditary,7
rewiping,7
toward,7
gah,7
paced,7
wyvern,7
psoriasis,7
prescribe,7
corned,7
piracy,7
haggle,7
macmilla,7
celebratory,7
nippers,7
loneliness,7
canyon,7
pricks,7
cowbag,7
earthquakes,7
manipulation,7
baxter,7
frigate,7
mooning,7
alpen,7
goofy,7
dozens,7
seasonings,7
concoction,7
lash,7
slums,7
anon,7
captive,7
tamam,7
distinguishing,7
decency,7
displaying,7
plimsolls,7
traction,7
clipboard,7
ghee,7
creaky,7
fiend,7
sachets,7
girlie,7
zooey,7
snatched,7
shafted,7
scooting,7
marica,7
hawaiian,7
thoroughfare,7
sampling,7
assertive,7
terr-,7
contactless,7
punctured,7
soll,7
cabinets,7
merci,7
invasive,7
phantoms,7
maddie,7
grove,7
scania,7
cramming,7
combinations,7
progressively,7
keegan,7
fascinate,7
adored,7
ahhh,7
bantam,7
rogen,7
vatican,7
rhetorically,7
wheth-,7
teethed,7
defines,7
blinding,7
disrupt,7
counteract,7
drumsticks,7
cargo,7
wie,7
off-piste,7
inquiry,7
limousine,7
abhorrent,7
puzzles,7
eviction,7
baton,7
printout,7
beverley,7
bogota,7
threaded,7
fertility,7
vanity,7
bahamas,7
lieu,7
fiestas,7
angelina,7
roma,7
alison,7
continuity,7
tito,7
brainwashed,7
alec,7
demanded,7
breastfeed,7
marital,7
gynaecologist,7
cc,7
craftsmen,7
spiel,7
hangout,7
spellings,7
kimi,7
replacements,7
mahogany,7
lateral,7
incubator,7
shay,7
slams,7
fortified,7
boycott,7
cookbooks,7
indonesian,7
scotsman,7
daniels,7
countless,7
quesadillas,7
amicable,7
spindly,7
slurred,7
crumbled,7
coding,7
slashed,7
mexicans,7
chesil,7
cashpoint,7
frizz,7
dangle,7
osiris,7
acidic,7
insomnia,7
thermos,7
doner,7
poetic,7
sakho,7
attaching,7
munched,7
injunction,7
thinning,7
lunar,7
snipped,7
bullshitting,7
bez,7
prose,7
kenyan,7
mil-,7
biologist,7
attacker,7
spire,7
cords,7
destinations,7
ban-,7
richness,7
toon,7
paren-,7
borderlands,7
fountains,7
sediment,7
scarier,7
gynaecological,7
busker,7
conceive,7
formative,7
pany,7
laz,7
fromage,7
preservation,7
cushty,7
cordelia,7
leo,7
recommending,7
ducking,7
separates,7
peters,7
windermere,7
bachelors,7
defective,7
molly,7
harvester,7
wensleydale,7
verification,7
conflicts,7
quantify,7
silences,7
prequel,7
facetious,7
scole,7
bossing,7
nancy,7
trapdoor,7
bores,7
kingfisher,7
forget-me-not,7
resulted,7
praised,7
hurdle,7
tum,7
erratic,7
burnham,7
kuh,7
stinson,7
cormorant,7
actual-,7
tret,7
attire,7
retaliate,7
dominate,7
daytona,7
seldom,7
aromatherapy,7
lumber,7
tricked,7
complacent,7
nevada,7
rubble,7
heartbreaking,7
statistical,7
yester-,7
withdrew,7
endearing,7
retina,7
panelling,7
frowned,7
knock-on,7
promotional,7
presidency,7
accompaniment,7
caucasian,7
caitlyn,7
condense,7
liberties,7
honourable,7
capsules,7
gradient,7
stimulates,7
aladdin,7
scalpel,7
blackout,7
baddie,7
spanking,7
hind,7
dunlop,7
stating,7
definitive,7
plugging,7
harding,7
roped,7
lanced,7
porters,7
mangoes,7
dildos,7
productions,7
astute,7
unloaded,7
capri,7
sorrel,7
fracture,7
basingstoke,7
secondment,7
magpies,7
bonneville,7
laborious,7
moorhens,7
entity,7
robson,7
waffling,7
cov-,7
haemorrhage,7
boxy,7
dodgeball,7
kin-,7
officials,7
converge,7
province,7
prediction,7
vh,7
pokes,7
youtubers,7
teak,7
uhuh,7
oar,7
a64,7
typhoons,7
blowhole,7
metropolis,7
two-day,7
rathers,7
hairdo,7
expenditure,7
seventieth,7
imprisoned,7
snuggly,7
brody,7
li,7
blobs,7
flee,7
chock-a-block,7
hezbollah,7
clermont,7
agnes,7
glockenspiel,7
orchestras,7
bulletproof,7
lucrative,7
resignation,7
symbolise,7
organisational,7
redeveloped,7
serotonin,7
childminder,7
ex-army,7
constitutes,7
christie,7
airbags,7
fannying,7
tele,7
steelworks,7
extracurricular,7
peggy,7
flyover,7
volatile,7
staunch,7
spotlight,7
trickle,7
toi-,7
petal,7
oomph,7
plaice,7
gaudi,7
trident,7
betterware,7
unisex,7
crook,7
huff,7
explosions,7
rumali,7
retriever,7
appearances,7
revelation,7
debits,7
accustomed,7
rasta,7
manslaughter,7
transient,7
shoebox,7
aberystwyth,7
nightingale,7
streamlined,7
fort-,7
armoured,7
articulated,7
defaulted,7
dunstable,7
var-,7
heatwave,7
photo-,7
buffets,7
organically,7
sharia,7
adrenaline,7
high-speed,7
rhythmic,7
transportation,7
methodical,7
glaring,7
tandem,7
utilised,7
apri,7
wodge,7
las-,7
jessie,7
homosexuals,7
ottolenghi,7
would',7
paddles,7
capita,7
antidote,7
ne-yo,7
fgm,7
antibiotic,7
costly,7
asses,7
stairway,7
takeout,7
sinensis,7
monotone,7
faroe,7
founding,7
blimmin,7
bakewell,7
summit,7
fryer,7
alignment,7
wean,7
rascal,7
goths,7
prongs,7
educator,7
ucl,7
strolling,7
indulge,7
dec,7
winnings,7
pathways,7
eon,7
nosh,7
pauper,7
doubted,7
sedated,7
dungarees,7
quadrant,7
categorically,7
fyne,7
rotis,7
gina,7
churn,7
plasterboard,7
marshall,7
darlings,7
gilbert,7
paediatrician,7
lapse,7
tab-,7
chica,7
ricardo,7
reese,7
panini,7
header,7
trimester,7
undoing,7
substandard,7
brookside,7
meningitis,7
hod,7
placenta,7
trainees,7
merciful,7
snatch,7
correlate,7
fancying,7
forged,7
pistols,7
overgrown,7
donde,7
bruiser,7
programmer,7
etchings,7
formally,7
bulletin,7
graphical,7
tact,7
fob,7
bulked,7
proba-,7
rarer,7
distasteful,7
dumbing,7
incriminating,7
pre-sessional,7
darl,7
boathouse,7
sewers,7
porno,7
coot,7
sensor,7
shazam,7
frosts,7
spacey,7
mesen,7
mess-,7
undertaking,7
muscat,7
reap,7
superpowers,7
walter,7
chiefs,7
opus,7
tot,7
exhaustion,7
doghouse,7
grinning,7
unsuitable,7
interface,7
three-and-a-half,7
numbness,7
socrates,7
simone,7
teejay,7
purcell,7
micra,7
nano,7
appa-,7
inflict,7
whist,7
swamp,7
pharmacist,7
souls,7
plc,7
fattest,7
perry,7
aftertaste,7
buttermilk,7
kant,7
ulterior,7
lactose-free,7
psst,7
comforts,7
sewed,7
accompany,7
tink,7
jetting,7
loathing,7
sulphur,7
gobsmacked,7
housekeeper,7
shipment,7
anagram,7
after-,7
newark,7
crumb,7
tor-,7
whatevers,7
bluewater,7
wicket,7
stamping,7
institutionalised,7
monitored,7
distillery,7
pagan,7
guillotine,7
hydrogen,7
tenon,7
remnants,7
gowns,7
go-to,7
jap-,7
mono,7
annoy-,7
consortium,7
snuffed,7
thumping,7
esoteric,7
roost,7
homesick,7
cheater,7
shute,7
princeton,7
orthodontist,7
fleas,7
frasier,7
getaway,7
fete,7
pedagogy,7
chirpy,7
titicaca,7
beater,7
pos-,7
intrepid,7
ming,7
uninstall,7
wart,7
expletives,7
insoles,7
aretha,7
extends,7
all-round,7
metropolitan,7
fluently,7
emigrating,7
buskers,7
negates,7
leaps,7
simba,7
inefficient,7
filtered,7
londis,7
reassess,7
brothel,7
icons,7
deflated,7
shortcrust,7
pip,7
reopening,7
stank,7
crumpet,7
jack-in-the-box,7
intere-,7
writings,7
eaves,7
pilgrimage,7
leprechauns,7
mid-forties,7
loaned,7
cadence,7
wiggly,7
shampoos,7
stewie,7
salaried,7
alouette,7
twenty-twenty,7
evaluating,7
duplicates,7
cosies,7
multimeter,7
mersey,7
airs,7
cordon,7
dando,7
expe-,7
graces,7
picasso,7
marx,7
sads,7
zloty,7
rethink,7
metaphorical,7
wankers,7
apostrophe,7
rallies,7
roberts,7
gareth,7
intrusive,7
philosophers,7
sincere,7
minu-,7
irritable,7
feathered,7
flowed,7
cineworld,7
flocks,7
yaks,7
exodus,7
feline,7
grapefruit,7
carlsberg,7
qs,7
whitsun,7
dusseldorf,7
frizzy,7
high-pitched,7
unstoppable,7
unreliable,7
diplodocus,7
dime,7
lucid,7
smacking,7
marigold,7
templates,7
covenant,7
hulk,7
resentful,7
scrawny,7
undermine,7
satisfy,7
disclosure,7
muddle,7
holey,7
allotted,7
baskervilles,7
subscribers,7
rejection,7
earner,7
allo,7
horr-,7
becks,7
interrailing,7
riled,7
ah-,7
frightens,7
granddaughters,7
frown,7
gritted,7
compute,7
satin,7
paradox,7
deluded,7
sheepish,7
segway,7
ranges,7
spans,7
steph,7
tow-,7
adores,7
adolf,7
hone-,7
abouts,7
firearms,7
sy-,7
casing,7
non-physical,7
burying,7
artichoke,7
booming,7
chard,7
mins,7
discontent,7
narnia,7
impacts,7
obtain,7
sars,7
treasuring,7
doves,7
elliott,7
simile,7
gabriel,7
crises,7
intéressant,7
pastoral,7
dis,7
bonne,7
forage,7
contracting,7
winkle,7
fumes,7
beamish,7
guernsey,7
pious,7
moran,7
softy,7
botanist,7
infrasound,7
jose,7
oppose,7
dat,7
catastrophe,7
swum,7
pict-,7
hazelnuts,7
salve,7
exports,7
giros,7
ammonia,7
collarbone,7
half-eaten,7
bursaries,7
footprints,7
wain,7
brutally,7
admission,7
evans,7
interflora,7
snowballs,7
beehive,7
hygienist,7
gynae,7
hindi,7
wounded,7
raves,7
iglesias,7
one-sided,7
grannies,7
wea-,7
minted,7
compromised,7
ruse,7
ordnance,7
psych,7
trillions,7
saddest,7
operates,7
loyd,7
suites,7
trio,7
outlets,7
vases,7
endorsement,7
auctions,7
wholly,7
next-door,7
thieving,7
fearless,7
traitor,7
kingsley,7
completion,7
smog,7
refreshed,7
starring,7
temp-,7
sidekick,7
emerging,7
investor,7
gentry,7
courteous,7
andes,7
propeller,7
strand,7
theo,7
somali,7
sixty-sixty,7
wapping,7
drunks,7
walsh,7
telescopes,7
snoop,7
avoidance,7
twi-,7
glamour,7
lagged,7
errands,7
her-,7
sonar,7
pacifist,7
roadie,7
satan,7
obligated,7
stags,7
barefoot,7
harassment,7
courting,7
stirrer,7
hawthorn,7
proficiency,7
definit-,7
dreamed,7
med-,7
mindful,7
mockingjay,7
vertically,7
barack,7
ritz,7
hebrides,7
bros,7
exits,7
steadily,7
doodling,7
fi,7
gnome,7
godsend,7
neo,7
diaphragm,7
coe,7
tweak,7
issuing,7
thous-,7
make-,7
jonze,7
congeniality,7
dismissive,7
emulate,7
gibson,7
quids,7
obligations,7
flared,7
murals,7
transformation,7
befo-,7
ferrari,7
nairobi,7
dongle,7
pinpoint,7
wishy-washy,7
cooped,7
dale,7
trampolining,7
lazing,7
doggie,7
deathstroke,7
ginormous,7
succinct,7
congratulate,7
finale,7
harassed,7
characterisation,7
depths,7
pendulum,7
tas,7
pisces,7
dialling,7
stewing,7
rye,7
euston,7
all-,7
sapien,7
eastwood,7
blatant,7
yarn,7
morphine,7
dau-,7
liv-,7
bodybuilding,7
panama,7
smallholding,7
brno,7
congested,7
picturing,7
waistcoat,7
granda,7
orig-,7
destroys,7
chan,7
benefited,7
divides,7
materialistic,7
rulers,7
hooking,7
sherzinger,7
playpen,7
crufts,7
indirectly,7
indicated,7
goalie,7
checkouts,7
bandaged,7
mackies,7
shaman,7
geological,7
yoyo,7
tyne,7
satire,7
gateshead,7
segal,7
preventative,7
mamas,7
clearance,7
gsce,7
pup,7
prolonged,7
two-man,7
pecked,7
aviation,7
committees,7
covonia,7
hitch,7
expat,7
reas-,7
cumbrian,7
sledge,7
directional,7
atkinson,7
algerian,7
empathetic,7
day-,7
eternity,7
mhairi,7
fug,7
revolutionised,7
woos,7
colonised,7
pounding,7
surnames,7
venga,7
danzig,7
winchester,7
woodlings,7
poi-,7
jp,7
sardinia,7
buddies,7
trou-,7
simplicity,7
loaves,7
exceptions,7
ream,7
borscht,7
fingerspelling,7
chariots,7
five-bedroom,7
seve-,7
veterinary,7
rituals,7
breathed,7
hampshire,7
underpass,7
panics,7
putty,7
schizophrenia,7
lyon,7
ripened,7
sonnets,7
bunches,7
hasselhoff,7
spelled,7
awf-,7
araña,7
rumbling,7
hogmanay,7
quarantined,7
fobs,7
parting,7
butties,7
enou-,7
dilated,7
whispers,7
dragonflies,7
cameroon,7
crews,7
two-storey,7
residency,7
skincare,7
dividend,7
greys,7
cine,7
snacking,7
aristotle,7
castro,7
contingency,7
camellia,7
idioms,7
unionist,7
judicial,7
mmr,7
diddy,7
primal,7
wookey,7
sus-,7
nepalese,7
cues,7
yelled,7
grainy,7
eight-,7
granary,7
cartilage,7
steve-o,7
fin,7
emulsion,7
classicist,7
transmission,7
helpline,7
summaries,7
unfriended,7
teeside,7
mummified,7
plaid,7
blo-,7
terri-,7
untangle,7
ss-,7
non-fiction,7
lexifier,6
luxembourg,6
compilation,6
currants,6
palaces,6
pinnacle,6
reminisce,6
flowering,6
commercials,6
venezuela,6
gok,6
proms,6
state-of-the-art,6
cataract,6
zhivago,6
screwing,6
sluts,6
currencies,6
puked,6
cub,6
hasty,6
richards,6
write-up,6
compares,6
gatherings,6
spores,6
blahdy,6
dimbleby,6
colle-,6
evolutionary,6
defy,6
frontières,6
concourse,6
biedronka,6
mandolin,6
sociopath,6
warmness,6
recluse,6
unequivocally,6
unfinished,6
sins,6
tuk,6
marzipan,6
raccoon,6
sealant,6
bollocking,6
beachy,6
kneed,6
sportsman,6
cecil,6
pringle,6
bulgarians,6
paralytic,6
basques,6
tailored,6
attuned,6
barbeques,6
goo,6
modal,6
kind-,6
minced,6
counterfeit,6
angling,6
diabolical,6
manana,6
rai-,6
shrug,6
coogan,6
deteriorating,6
takings,6
mare,6
folic,6
mozilla,6
vocation,6
sparse,6
qantas,6
soot,6
romantically,6
built-in,6
eth-,6
bui-,6
survivors,6
dosses,6
jacking,6
backlog,6
nfl,6
attackers,6
stampy,6
execute,6
steamer,6
palatable,6
frère,6
habitable,6
anywhos,6
buttock,6
rt,6
decaying,6
explicitness,6
fren-,6
behaves,6
perm-,6
nobby,6
allow-,6
fosters,6
antz,6
staplers,6
smiler,6
jugs,6
compensated,6
disa-,6
grandkids,6
monotonous,6
rickets,6
symmetrical,6
shrub,6
highness,6
frees,6
rebelled,6
cravat,6
ana,6
doping,6
disagreement,6
lifelong,6
staining,6
four-wheel,6
macho,6
scuppered,6
jodie,6
replayed,6
coughs,6
earnest,6
posi-,6
aphrodite,6
calypso,6
accelerated,6
prada,6
higgins,6
extradition,6
onesies,6
overcast,6
barred,6
tou-,6
tasteful,6
crud,6
steward,6
anagrams,6
shao,6
dcc,6
inky,6
mooch,6
quarry,6
faggots,6
bayonet,6
wheeze,6
categorise,6
puke,6
tippex,6
leash,6
oppression,6
relational,6
scully,6
oceans,6
fades,6
shaky,6
stoner,6
emai-,6
dolomites,6
lp,6
nationalism,6
ops,6
wi,6
dawned,6
doorstop,6
topical,6
fractional,6
fret,6
ned,6
autopilot,6
barked,6
flourish,6
too-,6
horatio,6
chested,6
erudite,6
plaques,6
sgroppino,6
flagship,6
porter,6
hooch,6
longish,6
whittled,6
exci-,6
chassis,6
sidetracked,6
renovation,6
optics,6
dodging,6
mid-week,6
a30,6
piss-take,6
factions,6
off-white,6
scrapped,6
nct,6
salons,6
paternal,6
zhuzh,6
healthiest,6
auf,6
ahing,6
sourcing,6
tosh,6
double-check,6
bronchitis,6
rapids,6
stush,6
hostage,6
duckling,6
springer,6
narration,6
janice,6
greenery,6
lookfantastic,6
crushing,6
anneka,6
dyes,6
mischief,6
ok-,6
rooves,6
accredited,6
formats,6
advocaat,6
camembert,6
outcry,6
inane,6
tahoe,6
brunt,6
cas-,6
pb,6
rufus,6
lilt,6
whips,6
spr-,6
refurbishing,6
barrymore,6
helmsley,6
cb,6
reebok,6
motif,6
acquisitions,6
execs,6
tinsel,6
appallingly,6
pillock,6
excavate,6
malamute,6
justifies,6
baffles,6
births,6
covent,6
vle,6
huston,6
dial-up,6
flippers,6
tristram,6
rickety,6
sca-,6
calgary,6
nastiness,6
overcook,6
everlasting,6
standoffish,6
madly,6
dibley,6
cru-,6
abnormal,6
cubby,6
affirmation,6
burners,6
mandela,6
rafters,6
wiggling,6
greengages,6
limelight,6
delaying,6
ultrasonic,6
selfridges,6
reciprocated,6
other-,6
mannequin,6
purply,6
whittard,6
gor,6
mangos,6
tuner,6
carver,6
medusa,6
apartheid,6
multitasking,6
copes,6
losers,6
virtue,6
vow,6
hogwarts,6
upping,6
robber,6
descent,6
dai-,6
chippie,6
wonderfully,6
flopped,6
physiology,6
cohorts,6
reoffending,6
nuance,6
coleen,6
evasion,6
formatted,6
savers,6
attaches,6
plasticine,6
pheromones,6
burroughs,6
chacos,6
tasters,6
molehills,6
blazers,6
hobbs,6
adaptor,6
wiper,6
equations,6
scons,6
breadwin,6
west-,6
hankering,6
fini-,6
readable,6
bitchin',6
bannatyne,6
temples,6
long-tailed,6
looming,6
fatboy,6
batons,6
brightened,6
shaven,6
softball,6
wholesaler,6
dearie,6
cum,6
keywords,6
marlon,6
completing,6
conciseness,6
tricorn,6
peacefully,6
confirming,6
sprinkler,6
unle-,6
reviewer,6
hamburger,6
anorak,6
racer,6
dumpty,6
fickle,6
nei-,6
all-inclusive,6
sys-,6
withdrawal,6
rote,6
slade,6
pastel,6
interchangeable,6
hiked,6
macaroons,6
hoots,6
gmt,6
facilitated,6
dysfunction,6
est,6
sharper,6
sails,6
dispose,6
giv-,6
nationalistic,6
indicating,6
regurgitate,6
tangents,6
scoff,6
icloud,6
pansy,6
idiotic,6
incest,6
muamba,6
hypochondriac,6
subsidiary,6
bribery,6
rp,6
vilnius,6
oddbins,6
imessage,6
endeavour,6
planter,6
sienna,6
reassurance,6
webb,6
narrator,6
showman,6
finalised,6
stalingrad,6
cockles,6
blackcurrants,6
bilbao,6
panto,6
remaking,6
liter-,6
circuses,6
tin-,6
adentro,6
distributors,6
sourdough,6
tiki,6
colonies,6
reassured,6
rib-eye,6
raced,6
statute,6
anvil,6
shenanigans,6
catered,6
vaccination,6
algorithm,6
breakers,6
bossed,6
wetter,6
penned,6
redeem,6
workable,6
farewell,6
novem-,6
multistorey,6
britney,6
deviate,6
gerrard,6
captains,6
dispersed,6
lynn,6
apologize,6
su,6
mentors,6
boar-,6
albanians,6
lisp,6
parole,6
cambridgeshire,6
elizabethans,6
scams,6
overused,6
scabies,6
venn,6
there',6
adultery,6
depriving,6
drier,6
montezuma,6
ftl,6
reproduction,6
baftas,6
spasm,6
fords,6
stirrups,6
bupa,6
cloches,6
slowest,6
pausing,6
brassed,6
eccles,6
synthetic,6
inspected,6
cent-,6
zootropolis,6
repayments,6
sightings,6
dredged,6
passages,6
competency,6
bric-a-brac,6
toughen,6
pay-,6
yokohama,6
shebang,6
scrumpy,6
wholesome,6
blackberrys,6
drunkards,6
anoraks,6
taffy,6
yalla,6
end-,6
parliamentary,6
nilly,6
tendencies,6
legalisation,6
westphalia,6
flippant,6
separating,6
encore,6
edexcel,6
cert-,6
prefab,6
organism,6
bongos,6
motivating,6
kendrick,6
koran,6
taker,6
receptacle,6
arne,6
irons,6
lat-,6
babyish,6
diverge,6
damme,6
washing-up,6
self-harming,6
freed,6
flan,6
goldmine,6
hurricanes,6
orphans,6
waddling,6
bumbling,6
worthless,6
anti-depressants,6
exponential,6
ulan,6
compelling,6
pricing,6
hamburgers,6
veil,6
super-duper,6
lis-,6
tasked,6
capricorn,6
mauritian,6
sweatshops,6
confrontational,6
phallic,6
om,6
tagging,6
oatcakes,6
indicative,6
conspiracies,6
georgie,6
superiors,6
microphones,6
dolcis,6
inst-,6
pashing,6
mythological,6
spectacularly,6
dwight,6
guarding,6
hopped,6
stan,6
bullingdon,6
silt,6
earlies,6
cellular,6
goji,6
multimillionaire,6
coastlines,6
morcilla,6
welded,6
dodos,6
clamped,6
mopped,6
colt,6
troubled,6
wannabe,6
venezuelan,6
arresting,6
siamese,6
pagoda,6
silhouettes,6
hands-on,6
incentives,6
russ,6
worktop,6
foxgloves,6
means-tested,6
harden,6
dresden,6
numbering,6
groundwork,6
birches,6
thiam,6
missile,6
corn-,6
polygamous,6
fronted,6
inns,6
maulstick,6
fasten,6
weir,6
pallet,6
pleading,6
irishman,6
gents,6
laddie,6
probabl-,6
birdsong,6
horizons,6
hippos,6
sustenance,6
axminster,6
omega,6
hometown,6
wicks,6
snowboard,6
perf-,6
sway,6
circulate,6
giveaway,6
situa-,6
atticus,6
oxo,6
bitters,6
acclaimed,6
monetary,6
lino,6
realizes,6
non-,6
uncultured,6
eclair,6
liberate,6
tuddenham,6
nettos,6
nixon,6
patterson,6
huddled,6
enrolment,6
incline,6
tumnus,6
extracted,6
synagogue,6
bic,6
faze,6
snout,6
utrecht,6
secs,6
decorators,6
cadiz,6
to-do,6
sarajevo,6
ethically,6
dishcloth,6
fend,6
skunk,6
numpty,6
simmering,6
demerara,6
boosting,6
ballistic,6
warring,6
frilly,6
wept,6
underline,6
jesu,6
stud-,6
flipside,6
malware,6
lurch,6
del-,6
instruct,6
six-year-old,6
cavemen,6
revel,6
didicoy,6
sneezed,6
legalised,6
engrossed,6
turrets,6
cosmopolitan,6
phys-,6
thrillers,6
hyphenated,6
negro,6
self-help,6
racquets,6
avocados,6
blacksmith,6
gryffindor,6
testosterone,6
aesthetically,6
druggie,6
soles,6
reliving,6
bicarb,6
tosser,6
gels,6
severn,6
cloak,6
bugbear,6
reviewing,6
interes-,6
pickings,6
excludes,6
allies,6
circumcision,6
alligators,6
aftermath,6
coincide,6
spas,6
tech-,6
potions,6
disputed,6
fatima,6
bricklayer,6
multipack,6
verified,6
willy-nilly,6
nt,6
tingly,6
disconnecting,6
rel-,6
tending,6
hardship,6
eloquent,6
sweated,6
tossing,6
ronan,6
auburn,6
playmobil,6
shakespearean,6
chickpea,6
blessings,6
one-and-a-half,6
immortal,6
stork,6
headless,6
thirt-,6
arlette,6
gamestop,6
sorrell,6
scab,6
regimental,6
foxy,6
korfball,6
jarred,6
trafford,6
subliminal,6
reflexes,6
somme,6
msg,6
beco-,6
dripped,6
transpires,6
accessing,6
succession,6
briefs,6
witchy,6
whippet,6
vous,6
saviour,6
togeth-,6
yosemite,6
progresses,6
incas,6
clunky,6
imprint,6
hoi,6
wishbone,6
constipated,6
tomodachi,6
dagenham,6
colombia,6
sifting,6
trumps,6
cos-,6
riser,6
bloggers,6
resurrection,6
fleeces,6
figurative,6
curiouser,6
mooching,6
boobedy,6
swimmers,6
teckers,6
swaying,6
bul-,6
ornamental,6
pianist,6
seeded,6
asterisk,6
discerning,6
pritt,6
two-year,6
tonga,6
declutter,6
binning,6
jägerbombs,6
nuit,6
farrier,6
meticulous,6
sulking,6
farmy,6
wiedersehen,6
inquest,6
strobe,6
gambler,6
orienteering,6
miming,6
guildhall,6
howling,6
cramps,6
saigon,6
tempered,6
dei,6
moored,6
two-tone,6
berth,6
saucisson,6
ducky,6
literate,6
poe,6
outdoorsy,6
doorman,6
salute,6
physiotherapy,6
carnivore,6
vacant,6
fascists,6
childbirth,6
guetta,6
monogamy,6
phoenician,6
bindis,6
projected,6
taxation,6
cheesed,6
rigging,6
retaliation,6
arcades,6
specs,6
tablecloth,6
weeverfish,6
projectile,6
suburban,6
pairing,6
oldfield,6
fondness,6
dam-,6
sinus,6
mon,6
glide,6
rummage,6
ott,6
profanity,6
diagnostic,6
one-hour,6
unfold,6
js,6
simultaneously,6
countess,6
una,6
eridium,6
webinar,6
logan,6
cir-,6
tanning,6
heave,6
crypt,6
hebdo,6
dodgers,6
connoisseur,6
disciplines,6
nostrils,6
swastika,6
interstellar,6
cadburys,6
pers-inf,6
augustus,6
classmates,6
desired,6
verona,6
tantrums,6
bogged,6
anomaly,6
toda-,6
juno,6
celebrates,6
fieldwork,6
recommends,6
avalanche,6
grasped,6
meteor,6
tammy,6
fraiche,6
detrimental,6
mortgaged,6
sunrise,6
storylines,6
slags,6
savlon,6
ligament,6
volumes,6
organist,6
fassbender,6
l'oréal,6
cots,6
air-conditioned,6
como,6
hey-ho,6
kneeling,6
majors,6
squaddies,6
sinuses,6
breathering,6
turin,6
a12,6
distraught,6
kiefer,6
azerbaijan,6
deport,6
munchies,6
ellen,6
gasp,6
wed-,6
swishing,6
nickel,6
bungee,6
suis,6
nur-,6
sussing,6
camber,6
semi-detached,6
wilder,6
lurking,6
revamp,6
ligh-,6
planer,6
sealing,6
rioja,6
maids,6
entertainer,6
heeled,6
all-time,6
gunk,6
ullapool,6
grafts,6
punctuality,6
communions,6
originality,6
kosovo,6
possess,6
sains-,6
dozy,6
bullion,6
psychopathic,6
mime,6
ewb,6
accommodations,6
dietician,6
managerial,6
rebuilding,6
a38,6
flemish,6
pref-,6
milling,6
extendable,6
deficiency,6
imminent,6
drin-,6
alpaca,6
do-do-do,6
decorative,6
archaeologist,6
bandits,6
hillsborough,6
compelled,6
overload,6
montage,6
inductions,6
joshua,6
csi,6
statuses,6
volvos,6
filtering,6
theta,6
trotter,6
reynolds,6
memoirs,6
fibroids,6
showroom,6
salzburg,6
widdle,6
sparked,6
mimic,6
handyman,6
jackman,6
monopolies,6
urinals,6
handlebar,6
scandals,6
paige,6
'uns,6
affiliation,6
sartre,6
unstuck,6
zhe,6
chijeu,6
coll-,6
div,6
landmine,6
x-men,6
bisects,6
condone,6
wiltshire,6
awe,6
shoulda,6
havoc,6
retainer,6
ook,6
lefty,6
uptight,6
constantinople,6
allegiances,6
pledge,6
peppercorn,6
kobol,6
kicker,6
kitkat,6
conclude,6
yest-,6
madison,6
vying,6
backdrop,6
fleeting,6
serco,6
thrills,6
glows,6
formers,6
corresponds,6
tester,6
reagan,6
tel,6
brow,6
struts,6
sanitary,6
cahoots,6
overlapped,6
maxi,6
stuffs,6
acquiring,6
moreish,6
ewe,6
exceedingly,6
everett,6
stoning,6
exhilarating,6
demeaning,6
backpacking,6
nondescript,6
revolved,6
bosnia,6
callaghan,6
bur-,6
prioritise,6
timeless,6
clive,6
jpeg,6
cheerios,6
cornetto,6
fractured,6
effluvia,6
burgess,6
surgical,6
knödeln,6
hmv,6
rialto,6
normalised,6
littler,6
grids,6
greenhouses,6
fractions,6
othello,6
amanda,6
wad,6
dusting,6
declan,6
slytherin,6
raptors,6
scotty,6
disowned,6
pathetically,6
triplets,6
engraved,6
ceremonies,6
username,6
carroll,6
memorised,6
wraiths,6
leverage,6
rem,6
hippopotamuses,6
superfood,6
kiera,6
overview,6
belongings,6
paltrow,6
shekiar,6
fazioli,6
behead,6
metapod,6
acrylics,6
sasha,6
performers,6
steroid,6
trackers,6
sands,6
welshman,6
penalised,6
seriousness,6
commodity,6
ruth,6
originated,6
borassic,6
djing,6
sg-1,6
picnics,6
disintegrated,6
theresa,6
vodaphone,6
maria,6
passionately,6
annuity,6
tatties,6
dresser,6
bric,6
envisaged,6
commander,6
caddy,6
despair,6
numchucks,6
poole,6
salts,6
pharaoh,6
it's-,6
experimented,6
coff-,6
goulash,6
nannies,6
odeon,6
crunched,6
blobby,6
aagh,6
hotdogs,6
samba,6
hedgerow,6
seabed,6
dangers,6
secured,6
asap,6
plop,6
assemblies,6
consulting,6
porcupine,6
papas,6
eighteen-year-olds,6
purchasing,6
clinging,6
currents,6
maximising,6
spaff,6
compassion,6
limescale,6
fairytale,6
gi,6
mosques,6
stimulating,6
proportions,6
guesthouse,6
handicap,6
heals,6
paintwork,6
hoverboard,6
intestines,6
weever,6
infamous,6
cluttered,6
apt,6
pervert,6
botanic,6
oppressive,6
ugg,6
hairpin,6
featuring,6
crayons,6
bricking,6
withheld,6
freudian,6
mechanically,6
orangutan,6
horticultural,6
scorpion,6
guildford,6
goer,6
skrillex,6
vuitton,6
verde,6
bypassed,6
footballing,6
antarctic,6
ransom,6
mille-feuille,6
rapey,6
applause,6
fertile,6
marlboro,6
parson,6
montana,6
laboured,6
leonard,6
submachine,6
but-,6
esther,6
vested,6
fulham,6
pennsylvania,6
absorbs,6
intermittent,6
barton,6
echelons,6
moorish,6
thorntons,6
phrasing,6
lun-,6
sleazy,6
greener,6
casinos,6
levelled,6
gorse,6
mcavoy,6
catwalk,6
ielts,6
examined,6
superstitious,6
quarantines,6
jot,6
even-,6
turds,6
banked,6
spate,6
electric-start,6
psalm,6
geriatrics,6
leeches,6
wallop,6
fine-tuning,6
chino,6
overpowered,6
geiger,6
metered,6
bellend,6
looping,6
chillis,6
deceptive,6
rub-,6
skyflower,6
mid-november,6
carts,6
soldering,6
umtali,6
dewalt,6
tracksuits,6
credentials,6
thee,6
mozambique,6
perching,6
toughest,6
experian,6
signposts,6
ben-,6
commonplace,6
swirling,6
kop,6
t-junction,6
ushers,6
refine,6
nudist,6
mater,6
infertile,6
springsteen,6
that',6
yorkshires,6
love-,6
shi,6
tobogganing,6
paramedic,6
jacksy,6
parmo,6
stumbles,6
twirl,6
corgi,6
turnips,6
greengage,6
flinch,6
planing,6
horsepower,6
lido,6
hallows,6
iraqi,6
immoral,6
copycat,6
foodie,6
clichés,6
dunny,6
pronoun,6
weaver,6
canadians,6
savaged,6
obituary,6
niggling,6
perch,6
plodding,6
guarded,6
bangles,6
aerials,6
roslin,6
carnivorous,6
rabin,6
misbehaving,6
gidiyorum,6
magimix,6
szechuan,6
vulva,6
taters,6
benefiting,6
nutritionist,6
dweeb,6
gent,6
susan,6
slur,6
eww,6
obtained,6
mantelpiece,6
diem,6
highwaywoman,6
sincerely,6
raids,6
deathly,6
paula,6
hallucination,6
toothpick,6
phwoar,6
adjustment,6
tellies,6
dictated,6
dulux,6
eightish,6
elsac,6
bunion,6
severity,6
groping,6
brydon,6
lineage,6
doughy,6
overruled,6
scraper,6
piero,6
spellbound,6
rspca,6
marginally,6
miraculously,6
unrelated,6
distinguished,6
sirens,6
dumbbells,6
injure,6
médecins,6
teach-,6
whatnots,6
dal,6
shaw,6
influx,6
insanity,6
grassed,6
racers,6
phablet,6
hipsters,6
jedward,6
consumers,6
braised,6
hermes,6
unexpectedly,6
trodden,6
wheezing,6
flashy,6
skew,6
proddy,6
innate,6
reels,6
walkman,6
birth-,6
kitchenette,6
centenary,6
shackle,6
tsar,6
scalable,6
costco,6
stru-,6
necessities,6
formality,6
cohort,6
purdey,6
single-handedly,6
specifics,6
commercially,6
agatha,6
hockney,6
welly,6
hershey,6
serrated,6
tele-,6
postgrads,6
dispersion,6
hypnotised,6
wastage,6
reluctantly,6
slog,6
frequencies,6
icicles,6
ot-,6
warwickshire,6
sitcoms,6
boney,6
commonwealth,6
hard-core,6
intercultural,6
finder,6
fundraiser,6
shavings,6
exploited,6
ravilious,6
imports,6
blanked,6
pub-,6
mangle,6
shedloads,6
implicit,6
skewers,6
chit-chat,6
nacho,6
catastrophic,6
sachet,6
clothed,6
tornado,6
ceos,6
i'll,6
sciatica,6
stir-fry,6
nationalists,6
gazebo,6
schwimmer,6
cuffs,6
sweater,6
psychiatry,6
besh,6
spotless,6
telegrams,6
hostile,6
droids,6
clappy,6
vacate,6
ajo,6
middles,6
sark,6
groggy,6
ridic-,6
mortal,6
gawp,6
handicapped,6
armchairs,6
striving,6
primed,6
filmmaking,6
intensively,6
drafted,6
seas,6
orgy,6
bravas,6
cantabs,6
loveliest,6
lowers,6
weeke-,6
refunds,6
carpentry,6
inv-,6
inaccessible,6
phrasal,6
abc,6
skiers,6
erupting,6
lametta,6
rad,6
ramallah,6
lallana,6
wowzers,6
algorithms,6
pfalz,6
locksmith,6
hotpoint,6
disparity,6
greengrocers,6
pirated,6
fists,6
wind-up,6
hams,6
resonate,6
woozy,6
tepid,6
harmonies,6
ravaged,6
grooves,6
mussel,6
fahrenheit,6
naturel,6
crea-,6
archway,6
almo-,6
moonwalk,6
stagger,6
abundant,6
soulcalibur,6
receiver,6
multi-coloured,6
overlooked,6
goss,6
quaker,6
bunions,6
meatloaf,6
wholemeal,6
savoy,6
fleecing,6
parvenu,6
mascot,6
cohen,6
pedometer,6
foresee,6
chopstick,6
whooping,6
phlegm,6
dday,6
knapsack,6
seams,6
performer,6
weightlifting,6
regulation,6
negatively,6
crones,6
taxidermy,6
typo,6
polloi,6
inoffensive,6
ran-,6
grinds,6
jenson,6
curried,6
budgens,6
jagermeister,6
cacao,6
propensity,6
arson,6
undone,6
sweetener,6
judi,6
béchamel,6
watchers,6
mas,6
bonnets,6
down-,6
crawls,6
inventor,6
achoo,6
nos,6
you'll,6
devalued,6
tailors,6
retrievers,6
enigma,6
disheartening,6
raki,6
harshly,6
subscribed,6
foal,6
bering,6
japenese,6
dependency,6
bitterness,6
tees,6
pigging,6
certainty,6
hiccup,6
polychronic,6
fascinator,6
dissection,6
darkest,6
brooks,6
rectangle,6
tether,6
polperro,6
pushbike,6
self-,6
surveying,6
loathe,6
betw-,6
dyas,6
mul-,6
deli,6
reall-,6
ventriloquist,6
dudley,6
specious,6
betrayal,6
convoluted,6
poppadums,6
slo-,6
operators,6
typhoon,6
hoarders,6
lef-,6
interpretations,6
she'll,6
surfer,6
tintin,6
disciplinary,6
afghanistani,6
buddhists,6
terminally,6
thrushes,6
shotguns,6
plaza,6
prat,6
risked,6
lindsay,6
supermodel,6
soothing,6
vancouver,6
bletchley,6
ashad,6
four-day,6
heathen,6
cloths,6
interruption,6
mots,6
frumpy,6
pelican,6
articulating,6
storming,6
fairtrade,6
persuading,6
carrefour,6
cointreau,6
awww,6
oi-,6
coincided,6
shane,6
substantially,6
herbie,6
shirley,6
epson,6
raucous,6
wee-wee,6
scholars,6
dictating,6
replaceable,6
waterworks,6
dollop,6
byzantine,6
articulation,6
vpn,6
genies,6
removes,6
serendipity,6
mphil,6
minuses,6
magistrate,6
absolute-,6
segment,6
shaba,6
tug,6
sog,6
moseley,6
stalked,6
aus-,6
permits,6
bsa,6
auto-,6
militant,6
baklava,6
woop,6
enterprising,6
belfry,6
wardens,6
nepotism,6
manuscript,6
analyst,6
londoners,6
basins,6
thug,6
dissing,6
twiddling,6
lust,6
supremacy,6
signage,6
hendrix,6
desires,6
painfully,6
craic,6
swahili,6
haway,6
pluses,6
inscription,6
pacing,6
painless,6
beck,6
mondegreen,6
weary,6
compounds,6
chipolatas,6
restructuring,6
ringo,6
plead,6
at-ats,6
rummy,6
foamy,6
tar-,6
rewards,6
gnashers,6
premonition,6
argumentative,6
milo,6
yuk,6
abacus,6
spectator,6
globalisation,6
compassionate,6
perpetrator,6
oft-,6
starred,6
olay,6
andrews,6
sparrowhawk,6
sis,6
panna,6
remembrance,6
businesswoman,6
tenor,6
chimichanga,6
secondaries,6
edgar,6
tox,6
mingle,6
beloved,6
objections,6
bratwurst,6
fizzled,6
uggs,6
sax,6
punnets,6
wards,6
behi-,6
cleopatra,6
brrr,6
forearm,6
conducting,6
east-,6
cyclops,6
grime,6
dub,6
advertises,6
onus,6
antioxidants,6
euripides,6
ellis-bextor,6
umbrellas,6
thy,6
tainted,6
genie,6
comp,6
rebellious,6
linkin,6
hajj,6
redecorated,6
hinder,6
offender,6
putter,6
harmonica,6
perky,6
courtney,6
bootcuts,6
focussed,6
snobbery,6
varifocals,6
goner,6
smolensk,6
roasties,6
southerners,6
ori-,6
tyranny,6
deceived,6
poultry,6
unanimous,6
retake,6
wagging,6
eff-,6
sing-,6
maurice,6
britons,6
vengeance,6
grassy,6
retained,6
tulip,6
crutch,6
gremlins,6
www,6
voyage,6
tomorr-,6
cyanide,6
milked,6
dermatologist,6
conflicting,6
demonstrates,6
feat,6
chara-,6
ignition,6
rite,6
continual,6
unreleased,6
activists,6
perspectives,6
yorker,6
edged,6
tigger,6
eastbourne,6
cellulite,6
eta,6
blobster,6
herald,6
slurring,6
competitively,6
reggie,6
pushover,6
lymph,6
linger,6
gateau,6
mit,6
jet-lagged,6
correspondent,6
phillip,6
antarctica,6
electoral,6
zimmer,6
undid,6
prostitution,6
narrating,6
uniformity,6
blindly,6
thingybob,6
semi-final,6
jolie,6
tides,6
punchline,6
regal,6
hoovers,6
suitably,6
albania,6
creations,6
newcomer,6
barratt,6
wash-,6
4od,6
carlo,6
decant,6
customise,6
conked,6
mils,6
lithium,6
ks,6
gangly,6
sell-by,6
circuitous,6
generating,6
pampering,6
self-discipline,6
plea-,6
tingle,6
armada,6
eradicating,6
hypocrite,6
chronically,6
sandpit,6
sterile,6
weighting,6
judderman,6
cli-,6
troop,6
nauseous,6
ridings,6
transfers,6
falcons,6
bal-,6
migrated,6
stretcher,6
prescott,6
differential,6
joyous,6
paranoia,6
timbre,6
appl-,6
spirituality,6
cavities,6
chowmein,6
crem,6
ons,6
lampard,6
flicker,6
shreddies,6
quizás,6
enlarged,6
lectern,6
impartial,6
vicariously,6
wading,6
matcha,6
goblins,6
accep-,6
barter,6
preconceived,6
nother,6
dan-,6
redemption,6
solvent,6
wristband,6
austral-,6
esl,6
ravel,6
aesthetics,6
consigliore,6
downsize,6
quail,6
dislikes,6
complimenting,6
commotion,6
dalai,6
mokpo,6
petrograd,6
fecking,6
fled,6
lan-,6
faro,6
europa,6
diminished,6
funk,6
heavenly,6
berkoff,6
lampoon,6
quacks,6
dossiers,6
frien-,6
monsieur,6
snip,6
burglaries,6
wheeling,6
escalated,6
scamming,6
mousy,5
generators,5
nine-ish,5
yaas,5
lu,5
henman,5
uprated,5
drummers,5
sladefield,5
substances,5
chelmsford,5
laxative,5
tnt,5
draco,5
concreted,5
caterpillars,5
belted,5
bayko,5
were-,5
germanium,5
reck-,5
gook,5
recapping,5
loeb,5
fingerbobs,5
galas,5
blindfold,5
achievable,5
dune,5
jordanian,5
plumstead,5
biodegradable,5
plasticky,5
tugging,5
hatched,5
sound-proof,5
bravado,5
wrath,5
mee-,5
convertible,5
precaution,5
mirna,5
desensitised,5
wrenching,5
whitby,5
dirham,5
grinned,5
alliance,5
rewarded,5
leander,5
brite,5
forestry,5
upstate,5
huddersfield,5
doric,5
monte,5
dea-,5
assassinate,5
ha'penny,5
organi-,5
blubber,5
cardle,5
pipelines,5
watercolours,5
bonnie,5
sass,5
gees,5
serviette,5
wom-,5
cystic,5
e-bike,5
mm-,5
racially,5
shrines,5
drab,5
mallet,5
psy-,5
truss,5
endure,5
dysmorphia,5
webpage,5
eight-hour,5
headship,5
jejune,5
grouping,5
chucky,5
teacup,5
twitchy,5
rounder,5
bre-,5
trudge,5
yo-yo,5
spinner,5
ox-,5
otherwi-,5
ig-,5
payers,5
madras,5
astrology,5
josephine,5
aquarius,5
stevens,5
pegging,5
christi,5
contr-,5
pranks,5
harem,5
tao,5
in-house,5
ambidextrous,5
mites,5
tilted,5
farmland,5
skinhead,5
choreographed,5
squads,5
conceptual,5
hadn't,5
nec,5
tobias,5
rnli,5
castrated,5
ef-,5
paraphrasing,5
scallions,5
bathed,5
hy-,5
platt,5
recruiter,5
paintballs,5
braintree,5
temping,5
blurt,5
passively,5
coy,5
positivity,5
nuzzling,5
hotspots,5
preacher,5
prezzo,5
onset,5
fizzle,5
mani,5
chin-,5
build-up,5
cadet,5
americanised,5
inundated,5
megapixel,5
pelts,5
molehill,5
carcasses,5
revoir,5
connectivity,5
dioceses,5
cortisone,5
relatable,5
napoleonic,5
compiling,5
sandpaper,5
awk-,5
stampede,5
pota-,5
halfpenny,5
grimness,5
free-,5
skimming,5
maplin,5
evaporates,5
middleton,5
stratford-upon-avon,5
proceedings,5
afoot,5
retsina,5
mozzie,5
misspelt,5
compacted,5
inhabitable,5
collateral,5
hrt,5
sustainability,5
sniffed,5
fizziness,5
negativity,5
strum,5
chu-,5
overqualified,5
ku,5
ex-pat,5
superiority,5
rest-,5
retention,5
lobotomy,5
androids,5
keddle,5
oo-ah,5
lunging,5
etched,5
lunch-time,5
columbian,5
manifest,5
footfall,5
wealthiest,5
furs,5
hilltop,5
fledged,5
go-between,5
surveyed,5
fli-,5
doesn-,5
unti-,5
phony,5
nicholson,5
gaal,5
rafting,5
moccasins,5
jefferson,5
antonio,5
talki-,5
shrapnel,5
drinkable,5
lengthy,5
oreos,5
virtues,5
babs,5
alsatian,5
tightening,5
buzzer,5
selnec,5
enabling,5
clavicle,5
defenestrate,5
twiddle,5
inedible,5
faxes,5
inc-,5
woot,5
haven-,5
masking,5
kidnap,5
spender,5
wretched,5
pizzeria,5
scuffed,5
motown,5
e-bay,5
fading,5
arundel,5
sperling,5
crass,5
int,5
stuffy,5
censor,5
scurvy,5
zanzibar,5
renamed,5
goldfinches,5
exhibits,5
umpire,5
sacrilege,5
arabian,5
complete-,5
boody-boom,5
off-peak,5
grr,5
lyle,5
unproductive,5
ville,5
fivers,5
allo-,5
rhythms,5
wainwright,5
convicts,5
rationality,5
maclary,5
fift-,5
uncomfy,5
peckham,5
unnerving,5
lie-in,5
sachs,5
dandy,5
creepers,5
altruistic,5
portico,5
chappelle,5
scriptwriter,5
mustardy,5
keyed,5
wares,5
dremel,5
yuppie,5
bureaucrats,5
educa-,5
cache,5
payoff,5
panesar,5
two-headed,5
cin,5
polluting,5
relieve,5
gliding,5
unmarried,5
clinique,5
cornet,5
racists,5
decorator,5
jethro,5
derivatives,5
guano,5
deli-,5
whistled,5
manmade,5
acoustics,5
warehouses,5
peppercorns,5
instructed,5
pullman,5
cooperatively,5
handstands,5
pot-,5
uncool,5
plantain,5
screenshotted,5
holster,5
silica,5
ipana,5
off-road,5
runt,5
cove,5
overrides,5
cinder,5
bead,5
frustrations,5
chilterns,5
guild,5
spinney,5
vindictive,5
sudoku,5
vell,5
prancing,5
broaden,5
recharging,5
cgp,5
henderson,5
milligram,5
nabokovian,5
waltzed,5
mattishall,5
backflip,5
riveting,5
ing,5
tibetan,5
nin-,5
syllabuses,5
resigning,5
varnished,5
tanked,5
full-length,5
astronauts,5
viola,5
chairperson,5
tomlinson,5
slaps,5
oh-,5
stranraer,5
gravitational,5
lukewarm,5
agoraphobia,5
fudgy,5
wombs,5
coincides,5
battersea,5
policewoman,5
pragmatics,5
drunkenness,5
shrugged,5
purpley,5
mildew,5
wailing,5
schoolwork,5
convener,5
über-mum,5
quartz,5
commune,5
ramble,5
bookbub,5
bhutan,5
bono,5
exposing,5
aca-,5
meritocracy,5
kells,5
voicemails,5
composer,5
helter-skelter,5
five-hour,5
uploads,5
spinal,5
leases,5
samoa,5
mar-in,5
pickering,5
pratchett,5
unite,5
mealworms,5
stutter,5
mansions,5
andrex,5
stubbs,5
occa-,5
stalky,5
neve-,5
cocker,5
fainting,5
wealthier,5
cheaters,5
hoe,5
personnel,5
sleepwalk,5
booker,5
cuff,5
confirms,5
carotinin,5
rooted,5
doub-,5
aspirational,5
goldeen,5
gq,5
luis,5
miso,5
silos,5
hernia,5
bagpipes,5
mysteriously,5
dorian,5
swigging,5
maasai,5
apar-,5
septic,5
anti-inflammatory,5
flucamp,5
pedalling,5
alrea-,5
mandarins,5
shifty,5
nunnington,5
asters,5
malignant,5
chilean,5
brawn,5
sternum,5
annihilated,5
vlc,5
hatches,5
ihg,5
moji,5
haulage,5
discovers,5
overzealous,5
bates,5
tschüss,5
boozing,5
nlp,5
stimulation,5
backstory,5
goin-,5
denouement,5
socratic,5
seaman,5
budge,5
meridian,5
cop-,5
afters,5
redesigned,5
stunted,5
oodles,5
scrimp,5
smarty,5
aggy,5
latterly,5
a10,5
liberals,5
riff,5
sel-,5
breweries,5
boleg,5
silicone,5
resemblance,5
upholstery,5
cowardly,5
saxons,5
humping,5
customize,5
swab,5
chill-out,5
stakeholders,5
immersed,5
scandalised,5
refinery,5
dicalcium,5
lovey,5
casa,5
drumstick,5
hailstorms,5
epitome,5
disturbs,5
tgi,5
rattled,5
two-way,5
disloyal,5
rejecting,5
cornstarch,5
tagline,5
discharge,5
jimi,5
embossed,5
lattes,5
highers,5
convictions,5
lancet,5
cred,5
gasping,5
demise,5
spectators,5
midwives,5
karl,5
gluing,5
frontiers,5
enchanting,5
pretzels,5
strimming,5
teats,5
righty-ho,5
stopper,5
floaty,5
bullmastiff,5
whiskies,5
vince,5
illy,5
blogging,5
acidity,5
annihilation,5
smutty,5
cicely,5
shortlist,5
cyril,5
sectors,5
grubs,5
six-month,5
sauerkraut,5
hacker,5
espressos,5
dustbins,5
cock-a-doodle-doo,5
south-west,5
pontus,5
euthenesia,5
maz,5
dodged,5
swayed,5
prepositions,5
hamas,5
m'aidez,5
sandhurst,5
sherman,5
jeeves,5
luego,5
regimes,5
predicament,5
grudges,5
seventeen-year-olds,5
overturned,5
eat-,5
affiliated,5
sullivan,5
cahill,5
labradors,5
yedi,5
edwardian,5
grasping,5
wednes-,5
mangetout,5
capitalists,5
diagonal,5
unconventional,5
riv-,5
tomo-,5
ora-,5
f-ing,5
supersize,5
shading,5
authoritative,5
fins,5
carpeted,5
newt,5
conk,5
kruger,5
fastened,5
livery,5
encompasses,5
imitation,5
hallo,5
neurons,5
treizième,5
jabberwocky,5
pitbull,5
inspires,5
compl-,5
five-minute,5
stimulus,5
uncontrollably,5
shabu,5
minidex,5
vegetation,5
robshaw,5
classier,5
obsolete,5
thong,5
physicality,5
provisionally,5
embankment,5
chalets,5
pips,5
nikki,5
pinocchio,5
mommy,5
reci-,5
unsurprisingly,5
kid-,5
herons,5
homogeneous,5
hunts,5
lounges,5
truro,5
hobnobs,5
israelites,5
adios,5
brecht,5
rand,5
dildo,5
kites,5
winded,5
stabilised,5
cardiologist,5
sprawl,5
sassy,5
airlift,5
seize,5
chrissie,5
infecting,5
nominal,5
ramen,5
doosh,5
double-booked,5
faking,5
societal,5
fresno,5
lumpur,5
jd,5
executives,5
whenev-,5
ana-,5
dormant,5
parading,5
magics,5
longing,5
paraphrased,5
meccano,5
rata,5
incremental,5
reschedule,5
grrr,5
dettol,5
abraham,5
judo,5
zillions,5
detract,5
littlest,5
jogger,5
complexion,5
landmark,5
whirring,5
olivier,5
cartwheel,5
desolate,5
pothole,5
radicals,5
scrapes,5
stern,5
copping,5
wishful,5
migrate,5
quizzing,5
pikey,5
three-bed,5
lasagna,5
levitate,5
post-its,5
municipal,5
tarde,5
repellent,5
constituency,5
wrench,5
bebo,5
qua-,5
panpipes,5
culkin,5
indestructible,5
astronomer,5
neurological,5
plummet,5
disintegrate,5
restock,5
chevy,5
protagonist,5
sacrificing,5
turks,5
throbbing,5
rory,5
industrialisation,5
intercontinental,5
monologues,5
predicting,5
millet,5
maypole,5
coupon,5
ambiguity,5
vices,5
amstrad,5
nov-,5
cluck,5
shipwrecked,5
harbours,5
mari-,5
ports,5
caramelised,5
footloose,5
pacemaker,5
camphill,5
routinely,5
mentoring,5
yess,5
two-minute,5
concluded,5
vinci,5
palermo,5
nag,5
discounting,5
bronfenbrenner,5
bream,5
phenomena,5
symbolism,5
variants,5
nightlife,5
dribbles,5
ayi,5
kuh-a-tuh,5
fibrosis,5
constricting,5
steels,5
gilded,5
variant,5
spinster,5
forecourt,5
labourer,5
filmmakers,5
haematoma,5
plotline,5
lends,5
republican,5
accelerating,5
enriching,5
lec-,5
scarily,5
spliff,5
joi-,5
ingrid,5
brooklyn,5
flo-,5
ufc,5
tinie,5
cordless,5
enj-,5
fixated,5
mentalist,5
stans,5
dinghy,5
dues,5
ozujsko,5
skimpy,5
dandelions,5
pow-,5
externally,5
extensively,5
ives,5
papua,5
projections,5
bot,5
squiggly,5
freeport,5
shoppers,5
browned,5
fraudulent,5
archivist,5
aga-,5
hu,5
breach,5
knocker,5
gov-,5
clink,5
warren,5
unsociable,5
strewth,5
conversing,5
polyester,5
wright,5
incurred,5
endorse,5
flutter,5
reclusive,5
monde,5
hunk,5
cobweb,5
ol,5
lgbt,5
snippet,5
oatcake,5
disgust,5
rounding,5
hatton,5
visualisation,5
hitchhiker,5
dyson,5
wibbly,5
despise,5
yankee,5
skirmishers,5
devise,5
minors,5
illegitimacy,5
southwestern,5
landscapes,5
alterations,5
pjj,5
alpacas,5
megamind,5
cloisters,5
foot-,5
lowering,5
lacked,5
salchow,5
check-in,5
cliques,5
nosebleed,5
crawlies,5
impressionable,5
flavourless,5
huw,5
lapis,5
keel,5
lagers,5
contradicting,5
willem,5
classing,5
perpetual,5
ware,5
liveable,5
flawless,5
limerick,5
angled,5
follower,5
scheiße,5
painkiller,5
revamped,5
boyle,5
fritz,5
x-rays,5
ko,5
bpa,5
underlined,5
bergerac,5
bergman,5
histon,5
cleaving,5
balding,5
mirroring,5
swi-,5
dieciocho,5
tyson,5
ancestor,5
knitter,5
summon,5
bookshelves,5
crucified,5
inbred,5
zonked,5
bigs,5
stadiums,5
polls,5
rotated,5
atms,5
ferngully,5
midriff,5
diaspora,5
adriatic,5
frugally,5
coldy,5
paloma,5
wolverine,5
nothi-,5
read-,5
groucho,5
lech,5
gchq,5
uprising,5
nightie,5
beeb,5
threepenny,5
llanelli,5
beacons,5
frayed,5
maize,5
meteorology,5
cricketer,5
sovereign,5
scarers,5
campsites,5
lakeside,5
inhaled,5
sil-,5
drowsy,5
pooed,5
contemplated,5
accommodates,5
aimlessly,5
budgies,5
sweaters,5
monroe,5
oozing,5
stovies,5
oxidised,5
kuala,5
hinting,5
grandparent,5
rebook,5
magnums,5
gl-,5
wyatt,5
tempah,5
pelvis,5
fidgeting,5
reli-,5
reacher,5
slacking,5
receding,5
captivity,5
forstner,5
peripheral,5
bodily,5
alteration,5
dorms,5
rotary,5
grand-,5
overseeing,5
wrecking,5
bods,5
worksheets,5
bavaria,5
flack,5
cie,5
nike,5
waft,5
sith,5
worktops,5
technicalities,5
bluebottles,5
monk,5
unused,5
jeepers,5
muggy,5
ubiquitous,5
ainsley,5
two-year-olds,5
snowdrop,5
striker,5
prim,5
treehouse,5
deadwood,5
weddingy,5
vandalism,5
mal,5
gallbladder,5
boogie,5
mak-,5
equivalents,5
parishes,5
vacancy,5
spurious,5
carluccio,5
cyclical,5
watership,5
unclip,5
cafetière,5
musically,5
lovefilm,5
withstand,5
sandman,5
knowingly,5
portraits,5
reincarnation,5
blanche,5
breadth,5
stir-fries,5
resembles,5
bakhramov,5
bottomed,5
tues-,5
enthused,5
bulldozing,5
lunchboxes,5
frothy,5
glenn,5
jacobson,5
zlotys,5
ortolan,5
babylon,5
purge,5
ocr,5
grande,5
duplicating,5
mag,5
archived,5
generational,5
voi,5
abolished,5
tearful,5
elec-,5
experia,5
tell-tale,5
sub-,5
zapper,5
complicates,5
revenant,5
praising,5
relive,5
flagstones,5
fished,5
delirious,5
resonates,5
southend,5
ayers,5
tee-shirt,5
peachy,5
doomsday,5
eradicated,5
corporal,5
clitoris,5
rudolf,5
beached,5
weevils,5
coconuts,5
eurozone,5
boroughs,5
madden,5
biggie,5
ret-,5
edits,5
scalded,5
sneaked,5
inhabited,5
reflector,5
nosebag,5
thur-,5
neglecting,5
masturbated,5
twenty-four-year-old,5
nodded,5
cocoon,5
woodlands,5
specialty,5
deduction,5
pesach,5
cashier,5
bowler,5
anus,5
invigilating,5
twinny,5
completes,5
vingt,5
noam,5
transvestite,5
brummell,5
prefects,5
brexit,5
rennie,5
scripture,5
gravestones,5
disclose,5
gouda,5
broomstick,5
confectionary,5
dredge,5
promenade,5
brainer,5
lik-,5
furnishing,5
hos-,5
backstreet,5
flavourings,5
robe,5
lightening,5
amenable,5
redhead,5
marketed,5
necked,5
biceps,5
choi-,5
deutsche,5
nur,5
gagged,5
one-day,5
teacakes,5
kayaks,5
smuggle,5
toga,5
dungeon,5
hooligans,5
contractions,5
ligaments,5
dichotomy,5
bbq,5
practitioners,5
stirling,5
radiating,5
boop,5
hedgerows,5
willows,5
swat,5
cumulative,5
semi-retired,5
gristle,5
membrane,5
vividly,5
brawl,5
exquisite,5
asthmatic,5
associates,5
dependence,5
invi-,5
booklets,5
swirls,5
antisemitism,5
pre-war,5
olde,5
quotas,5
dog-eared,5
visionary,5
napping,5
bahnhof,5
projecting,5
mc-,5
arise,5
shorthand,5
sentenced,5
re-use,5
malawi,5
kitted,5
banshees,5
allan,5
facilitating,5
yorgenspere,5
amaz-,5
poodle,5
thumbprint,5
internalise,5
slop,5
virginity,5
all-rounder,5
inline,5
soprano,5
missy,5
niki,5
colorado,5
spea-,5
squint,5
coc-,5
acqua,5
boppit,5
diplomacy,5
gazelles,5
movember,5
instinctive,5
mean-,5
ganged,5
carburettor,5
elevenish,5
wheedling,5
clueless,5
faves,5
watchable,5
boardroom,5
ventured,5
plunge,5
corelli,5
screenplays,5
autonomy,5
sci-,5
devalue,5
fondly,5
kitkats,5
armitage,5
eucharist,5
sci,5
brightening,5
self-catering,5
loosens,5
carpe,5
deviation,5
sideburns,5
elders,5
persevered,5
skid,5
goldeneye,5
restful,5
spines,5
zahara,5
four-year-old,5
jousting,5
birdseed,5
bab,5
ponder,5
fooling,5
tootle,5
astra,5
reeves,5
scrapping,5
saturn,5
whiz,5
beth,5
phonics,5
concubines,5
sensationalist,5
ursula,5
diver,5
armenian,5
teller,5
geoffrey,5
leans,5
clough,5
resits,5
shucks,5
naught,5
headset,5
reload,5
totes,5
thaw,5
jittery,5
lineker,5
deepest,5
cheekbones,5
whispered,5
ulan-ude,5
tangy,5
shutter,5
boosted,5
lure,5
pobol,5
everyb-,5
tia,5
quirks,5
kara,5
taxidermist,5
lowe,5
mowed,5
vulture,5
lest,5
nearing,5
determination,5
infill,5
compromising,5
epsom,5
gameboy,5
spokes,5
prescribing,5
gpo,5
nissen,5
instilled,5
revelations,5
bottleneck,5
bagging,5
seeming,5
scrambling,5
a303,5
revoked,5
visor,5
grumbled,5
ai-,5
lifeguard,5
pessoa,5
turban,5
backdated,5
recce,5
embargo,5
oop,5
labeouf,5
transistors,5
unfounded,5
zeppelins,5
glorified,5
functionality,5
roswell,5
collared,5
bode,5
insurers,5
pictionary,5
ordained,5
questionnaires,5
help-,5
publicising,5
protestants,5
spokesperson,5
plume,5
resear-,5
fattening,5
homing,5
shitter,5
humphrys,5
telstar,5
incomes,5
gravestone,5
tod-,5
cartel,5
crimean,5
oversized,5
anxieties,5
offends,5
lazza,5
vacancies,5
bac-,5
crowdfunding,5
anorexia,5
seo,5
rowdy,5
relayed,5
belittling,5
sau-,5
clinics,5
firsthand,5
stowford,5
antibacterial,5
seeker,5
aautumn,5
lazier,5
unfairness,5
blenders,5
aspirated,5
cray,5
endearment,5
rebelling,5
eels,5
hectares,5
suspicions,5
manifested,5
abdicated,5
antidepressant,5
ramadan,5
smugglers,5
gtl,5
chopper,5
slanted,5
healy,5
dundee,5
folky,5
dokers,5
kernville,5
ninjago,5
confiscate,5
thawed,5
ventana,5
babel,5
ahhing,5
footwear,5
scampi,5
alternating,5
hindus,5
derivative,5
tel-,5
heart-shaped,5
bobbly,5
chandeliers,5
irritation,5
riches,5
suppress,5
ken-,5
jumpy,5
joyful,5
patronus,5
prolong,5
serengeti,5
spirally,5
sled,5
scourer,5
birthstone,5
overheating,5
macaulay,5
primitive,5
tarantula,5
mezzanine,5
angus,5
herpes,5
yearbook,5
illogical,5
betwee-,5
quieten,5
randolph,5
maccy,5
upstream,5
excruciating,5
cabaret,5
ambient,5
inappropriately,5
ther-,5
cleverness,5
creators,5
waterways,5
toadie,5
measly,5
thematically,5
slayer,5
yobs,5
high-end,5
poshest,5
topps,5
passable,5
bluebell,5
buckle,5
playgrounds,5
chugging,5
aussies,5
bayern,5
lurker,5
launches,5
duet,5
restraining,5
facials,5
wasn-,5
hangman,5
callers,5
bellies,5
panis,5
prayed,5
introductions,5
rhetorical,5
megalomaniac,5
regi-,5
maternal,5
relearn,5
smokey,5
jockeys,5
ze-,5
dmi,5
tipp-ex,5
mid-life,5
dismantling,5
revolve,5
flailing,5
groundbreaking,5
enhancing,5
cookers,5
rasputin,5
participant,5
apologized,5
brevity,5
thorns,5
analogies,5
stephenson,5
ymca,5
chartreuse,5
dollops,5
dares,5
mousses,5
a-line,5
mclaren,5
plasterers,5
korma,5
inward,5
burnley,5
keepers,5
hispanic,5
physicists,5
venom,5
ditzy,5
redub,5
candlelit,5
fizzing,5
coffins,5
ticklish,5
mayfair,5
dealings,5
meatball,5
rafts,5
haddock,5
offshoot,5
bays,5
foiled,5
thre-,5
sari,5
executions,5
vis,5
cheeseboard,5
sensed,5
pauses,5
marxist,5
licenses,5
pamphlet,5
guitarists,5
earl-,5
roderick,5
rightful,5
hogging,5
spoilers,5
tie-tie,5
hi-vis,5
tenish,5
bacterial,5
danone,5
trigonometry,5
scarrow,5
invigilate,5
thrushcross,5
mccloud,5
smallpox,5
precautions,5
mastery,5
socio,5
miriam,5
specialises,5
relies,5
mansell,5
miele,5
hearse,5
promotes,5
boaty,5
outrage,5
unsupervised,5
danes,5
heffalump,5
kilimanjaro,5
agile,5
footballs,5
imperfect,5
pathfinder,5
caribou,5
seem-,5
playstations,5
stroud,5
displayed,5
narratives,5
carbonated,5
doggies,5
interiors,5
a61,5
osprey,5
thrash,5
gummidge,5
americas,5
redbush,5
spicier,5
thank-,5
well-paid,5
hangovers,5
enhanced,5
anti-social,5
techy,5
elevation,5
satirical,5
dashes,5
twelve-year-olds,5
lard,5
toasting,5
have-,5
specialities,5
outward,5
mistletoe,5
bolshy,5
bacton,5
playoffs,5
espec-,5
clangers,5
hot-desking,5
merchants,5
rapport,5
opp-,5
trader,5
depress,5
valerie,5
emigrated,5
fav,5
uninteresting,5
partaking,5
rendered,5
decreasing,5
ronnie,5
skilful,5
chaucer,5
hattie,5
practicality,5
detachment,5
eid,5
elli,5
zafira,5
booties,5
yippee,5
plaits,5
snorlax,5
deactivate,5
spruce,5
curricula,5
campo,5
unnamed,5
cheapskate,5
torrent,5
faeces,5
pallets,5
terrors,5
foresight,5
scriptwriting,5
incre-,5
cwm,5
fasting,5
monseen,5
birkenhead,5
antenna,5
iranians,5
pitfall,5
inflicted,5
forests,5
minogue,5
soo-,5
obsessively,5
vitro,5
light-hearted,5
ey,5
frock,5
cheeseburger,5
democrat,5
boi-,5
quitter,5
all-night,5
blink-182,5
a11,5
matzos,5
cusp,5
accompanied,5
kiddie,5
bamm-bamm,5
extracting,5
bacardi,5
waldo,5
furnish,5
self-destructive,5
metamorphoses,5
gazette,5
snowdon,5
rashers,5
honeysuckle,5
smartie,5
servers,5
spf,5
bol,5
hovis,5
jape,5
defect,5
contrasting,5
hirsch,5
posthumous,5
easy-peasy,5
sniffer,5
permitted,5
royally,5
stepdaughter,5
greenish,5
monuments,5
downsides,5
genital,5
blanking,5
juggernaut,5
proportionally,5
houseboy,5
brasshouse,5
sideshow,5
genealogy,5
junkie,5
hydrofoil,5
oracle,5
aeg,5
visibly,5
chaplain,5
deter,5
electrocute,5
merrier,5
overtired,5
import-,5
windpipe,5
post-,5
eruption,5
nerf,5
malfunctioning,5
twain,5
patchy,5
yanked,5
mid-april,5
grout,5
strewn,5
terrestrial,5
csa,5
all-in-one,5
cle-,5
germinate,5
eunuch,5
anglican,5
half-marathon,5
squirted,5
sexes,5
dosh,5
gnawed,5
imploded,5
choo-,5
vernon,5
skeletal,5
brideshead,5
belle,5
marseilles,5
diseased,5
estranged,5
angelicus,5
debris,5
curvature,5
numerical,5
bodied,5
rowed,5
limey,5
dionysia,5
jgerbombs,5
auditioning,5
jock,5
titian,5
publicised,5
crossings,5
gonzales,5
fraught,5
architecturally,5
vaginal,5
showrooms,5
disagrees,5
faraway,5
colliery,5
petit,5
chalky,5
frivolous,5
strangling,5
unicycle,5
dysentery,5
orla,5
intrinsic,5
humps,5
cartwheels,5
missionary,5
cappella,5
neutered,5
formulated,5
rev-,5
they',5
disgruntled,5
e-cigarette,5
bellyache,5
henna,5
consolation,5
majora,5
happ-,5
inanimate,5
amenities,5
throwaway,5
finnair,5
passions,5
basterds,5
contradictory,5
rampage,5
outgrown,5
gta,5
remotes,5
bigamy,5
moly,5
sadder,5
hypno,5
verne,5
fiftee-,5
lambda,5
petri,5
dossier,5
gentrified,5
wiry,5
repainted,5
dismal,5
thirst,5
catch-up,5
meandering,5
pimples,5
islanders,5
hypnotic,5
thalberg,5
non-religious,5
hoard,5
boycie,5
moult,5
icky,5
mung,5
iris,5
goldie,5
repairable,5
musta,5
orphanage,5
physique,5
bogart,5
fixings,5
realities,5
priceless,5
typewriters,5
baddies,5
lasses,5
lifespan,5
enlighten,5
birch,5
skittle,5
bonjela,5
fritters,5
draped,5
provoking,5
thirteens,5
resp-,5
kutcher,5
phy-,5
rehearsed,5
doofer,5
prune,5
sublime,5
double-barrelled,5
traceable,5
intimacy,5
backslide,5
spooned,5
dhss,5
cohesion,5
bunker,5
crackling,5
leprechaun,5
igloo,5
formulate,5
interconnected,5
right-wing,5
four-hour,5
heartless,5
conning,5
havana,5
solitude,5
appraisal,5
cease,5
acacia,5
glare,5
embracing,5
hires,5
justifiable,5
häxan,5
tma,5
pussycat,5
gumbo,5
squashes,5
squirting,5
dynasty,5
bli-,5
milkmaids,5
strains,5
beetlejuice,5
vernacular,5
shedding,5
revelator,5
betted,5
flanagan,5
ferguson,5
birdshit,5
gales,5
appendicitis,5
overdid,5
yob,5
wit,5
kernel,5
queenie,5
normans,5
casts,5
self-defence,5
fuelled,5
premiere,5
zing,5
facilitator,5
thicke,5
ghetto,5
hassled,5
yawned,5
abbot,5
instalment,5
hounding,5
ta-da,5
midgets,5
punctures,5
kia,5
terrifies,5
unconvincing,5
chippies,5
logistical,5
colonialism,5
rudolph,5
freehand,5
cobble,5
dippers,5
employs,5
docs,5
tir-,5
m4,5
bronte,5
circumcised,5
revered,5
garment,5
obvio-,5
glistening,5
chippings,5
gung,5
hotplate,5
enhancement,5
ir-,5
reins,5
boyd,5
distemper,5
sliver,5
oxymoron,5
administer,5
forearms,5
imagi-,5
worzel,5
harmed,5
dustpan,5
e-cigarettes,5
arwac,5
explorers,5
impor-,5
2cv,5
patty,5
cleggy,5
zumbathon,5
omen,5
quibble,5
orwellian,5
kaplan,5
wontons,5
oreo,5
deletes,5
unintended,5
bitey,5
tre,5
imp-,5
humane,5
uh-uh-uh,5
pastiche,5
lazuli,5
nissans,5
extr-,5
scoot,5
underestimated,5
coils,5
formatting,5
stipulate,5
caters,5
prematurely,5
triples,5
chandler,5
durex,5
ultimatum,5
shoal,5
chick-,5
permissions,5
cumbersome,5
malcolm,5
perked,5
abbreviation,5
sparkles,5
bongs,5
beano,5
geometry,5
chubbier,5
jamming,5
sideboard,5
forewarned,5
manned,5
perfumes,5
cas,5
outings,5
blow-up,5
derek,5
insights,5
interpreters,5
grasshopper,5
argate,5
droop,5
hadrian,5
toddy,5
biggles,5
hummingbird,5
echinacea,5
exclusion,5
interpersonal,5
cotta,5
withdrawn,5
cote,5
artisanal,5
bane,5
bant,5
mesmerised,5
nigh,5
detentions,5
tanabata,5
derived,5
play-,5
cutty,5
bollocked,5
westie,5
parisian,5
ayia,5
ditches,5
squeezes,5
greatness,5
chattering,5
asbo,5
barges,5
illustrated,5
oc-,5
bumder,5
minnie,5
appetit,5
dumpster,5
self-confidence,5
pret-,5
swig,5
durden,5
repayment,5
occupier,5
jasper,5
troll,5
glug,5
hanky,5
whiff,5
arises,5
planetside,5
evaluations,5
televise,5
relapse,5
launching,5
toos,5
rotas,5
brisk,5
barons,5
alvin,5
six-hour,5
refrigerator,5
suspiciously,5
bodice,5
frites,5
collapsible,5
ideological,5
iwatch,5
ep,5
prevention,5
accord,5
booted,5
leone,5
orthodontics,5
confinement,5
mortise,5
conforming,5
operas,5
imposing,5
isserlis,5
scissor,5
furnishings,5
provision,5
estonia,5
mayhem,5
meteorite,5
dill,5
bradbury,5
perpetually,5
tull,5
masturbating,5
buddha,5
nicola,5
paraphernalia,5
shingle,5
hot-,5
grouchy,5
concessions,5
skillset,5
eleanor,5
aaron,5
overjoyed,5
mdma,5
goddamn,5
lucan,5
kimono,5
farc,5
tendon,5
fitzgerald,5
senator,5
understa-,5
msc,5
salut,5
lunges,5
structurally,5
could-,5
edf,5
flowey,5
lorraine,5
jamaicans,5
vouchercloud,5
zilch,5
bumbo,5
ufos,5
faraday,5
cronies,5
diffused,5
goebbels,5
resilience,5
lay-by,5
lpc,5
scrooge,5
hetty,5
quietened,5
sometime-,5
twine,5
reinforced,5
tradesman,5
generalise,5
fluids,5
wrestlers,5
stunningly,5
melodramatic,5
sparklers,5
defeatist,5
night-night,5
disadvantages,5
signwriting,5
epileptic,5
semis,5
silencer,5
testify,5
smally,5
connotation,5
fusilli,5
mutter,5
chun,5
pests,5
emu,5
cruz,5
chimp,5
establishments,5
barr,5
massachusetts,5
tasmania,5
retailer,5
somebo-,5
tupac,5
octopussy,5
accosted,5
whine,5
waxing,5
facto,5
momentous,5
ballpark,5
dictators,5
sarcastically,5
thatcherism,5
warmup,5
norm-,5
magnified,5
broil,5
anaemic,5
flagging,5
sublet,5
adverse,5
narrates,5
suckers,5
packer,5
marriott,5
sleepless,5
fabricated,5
herefordshire,5
frontal,5
droid,5
wrecks,5
bleu,5
izgara,5
underhand,5
wine-glasses,5
dolittle,5
ats,5
dibs,5
portree,5
miscarriaged,5
swooping,5
sunburn,5
all-out,5
everybo-,5
marty,5
darkroom,5
tassels,5
radicalisation,5
flux,5
superglue,5
astounding,5
slopey,5
sprouted,5
neutralised,5
ether,5
brunette,5
galicia,5
ndubz,5
unplugged,5
gratuitous,5
immensely,5
neverland,5
rikknen,5
attributed,5
uninterested,5
foxglove,5
improvisation,5
burgle,5
incorporating,5
focussing,5
trestle,5
horri-,5
groaning,5
geniuses,5
grea-,5
cotes,5
thor,5
humanly,5
bravissimo,5
fantasies,5
molecules,5
parker,5
shop-bought,5
wafting,5
deacon,5
tax-free,5
rutland,5
refunded,5
covert,5
coarse,5
univer-,5
deteriorated,5
gopro,5
pecks,5
four-bedroomed,5
infestation,5
slogging,5
vultures,5
reeled,5
memes,5
judgment,5
goodman,5
markhor,5
haiti,5
gregg,5
fru-,5
sapphire,5
enid,5
swinton,5
beheading,5
bator,5
unconditionally,5
whene-,5
ip,5
backbone,5
waitresses,5
three-year-old,5
bindweed,5
softening,5
galley,5
yahoo,5
sampras,5
backchat,5
informs,5
mismatching,5
lamington,5
resell,5
apu,5
vid-,5
perc-,5
babysitters,5
refusal,5
downloadable,5
dempsey,5
mos-,5
worded,5
chloe,5
hopscotch,5
interference,5
awhile,5
hesitation,5
postcodes,5
goodbyes,5
spaniels,5
developmental,5
ten-minute,5
skyscraper,5
ille-,5
daggers,5
scruples,5
peat,5
swanning,5
malibu,5
segregate,5
speeded,5
av,5
ethereal,5
hms,5
buttering,5
pessimistic,5
broached,5
springwatch,5
ethnographic,5
conceived,5
rougher,5
smurfs,5
inuits,5
footing,5
homeware,5
splatter,5
slicer,5
crapper,5
munchkin,5
spasms,5
we'll,5
non-english,5
weirdy,5
bagsy,5
zeus,5
mosh,5
oblong,5
detergent,5
mcclaren,5
newsletters,5
arthritic,5
duration,5
usua-,5
typeface,5
ee-,5
heaviest,5
reminiscent,5
ein,5
attentive,5
happe-,5
duress,5
interferes,5
saddling,5
bonfires,5
beaks,5
ramipril,5
exaggerates,5
hawks,5
pleated,5
brussel,5
confronted,5
scorching,5
no-no,5
straightens,5
modification,5
roughest,5
stakeholder,5
blackness,5
marshland,5
flip-flop,5
loosening,5
fletcher,5
feddie,5
contemporaries,5
unwanted,5
thundering,5
postlethwaite,5
aol,5
bowed,5
cauliflowers,5
viennese,5
wirral,5
assumptions,5
secon-,5
intellect,5
transformational,5
jabbed,5
superann,5
geoff,5
santiago,5
banger,5
criticisms,5
brewed,5
all-bran,5
hells,5
shoreditch,5
oncoming,5
eur-,5
supplements,5
advertisements,5
succeeding,5
partridges,5
dup,5
luvvy,5
kerplunk,5
ble-,5
accessorize,5
adders,5
amateurs,5
obligatory,5
prosperity,5
fitzwilliam,5
rumble,5
roofing,5
exemption,5
headscarf,5
twenty-minute,5
straighter,5
chapels,5
constellations,5
sintra,5
gerontology,5
makeover,5
sindys,5
half-sisters,5
kubrick,5
sui-,5
tryi-,5
gramophone,5
likable,5
jukebox,5
opponents,5
cantering,5
fantastical,5
sinai,5
boggling,5
forgiving,5
shish,5
unorganised,5
mounting,5
transpose,5
transsexual,5
encrypted,5
incidental,5
pierre,5
turntable,5
encyclopaedia,5
prescriptive,5
autumnal,5
minimap,4
superstition,4
epicentre,4
cullen,4
heidi,4
quizzed,4
mohican,4
foils,4
moms,4
book-,4
anachronistic,4
ios,4
o'leary,4
demoralising,4
plast-,4
begat,4
zealander,4
chimera,4
niceness,4
playwright,4
pass-,4
plummy,4
lullaby,4
wrexham,4
ripples,4
felching,4
harbin,4
anhui,4
non-organic,4
denture,4
beefburger,4
obvs,4
ida,4
entrances,4
silks,4
diversions,4
unfolded,4
churchyard,4
contradict,4
load-,4
feasibly,4
affiliate,4
commandments,4
jonny,4
karin,4
curvaceous,4
stepsisters,4
departed,4
dishwashing,4
spluttering,4
sayi-,4
flashheart,4
escapism,4
quarrel,4
ash-,4
preferences,4
shabby,4
balderdash,4
taint,4
thinnest,4
alleged,4
jaipur,4
interacts,4
didsbury,4
glitches,4
staffies,4
hovel,4
subordinate,4
titchmarsh,4
booby,4
abandoning,4
no-brainer,4
effie,4
malted,4
speedboat,4
lim,4
pointers,4
pronunciations,4
rarity,4
thinned,4
ratchet,4
lacto,4
receptions,4
imam,4
farce,4
vacated,4
flyweight,4
nevil,4
pala,4
weedy,4
crony,4
breezed,4
medications,4
whizzed,4
campari,4
pollard,4
toning,4
disable,4
prev-,4
foreseeable,4
celeb,4
malleable,4
presbyterian,4
fancier,4
birthd-,4
footwork,4
assimilation,4
siding,4
reactive,4
disorientating,4
resourceful,4
enters,4
referees,4
optimism,4
wheed,4
asics,4
psych-,4
pre-intermediate,4
clematis,4
vendetta,4
ethnicities,4
kathmandu,4
educators,4
toddling,4
evaluated,4
tod,4
displacement,4
nationals,4
seatbelts,4
calistoga,4
obe,4
smears,4
heisenberg,4
censoring,4
bfg,4
locket,4
disgust-,4
earmuffs,4
pounce,4
jive,4
rekindle,4
shikamon,4
glancing,4
appetising,4
unclog,4
html,4
blithe,4
concerted,4
uz-,4
dwellings,4
den-,4
sleepers,4
kournikova,4
goodison,4
archaeological,4
dirtiest,4
samantha,4
cotten,4
amaretto,4
malty,4
tvb,4
acumen,4
droplets,4
rhinos,4
gripe,4
schama,4
veracity,4
tightened,4
berserk,4
vapours,4
cobwebs,4
higson,4
pili,4
caffeinated,4
collin,4
landmarks,4
workaway,4
ironmongers,4
audis,4
stalemate,4
crumbling,4
hablo,4
delights,4
he',4
ethiopian,4
kimbap,4
inferior,4
devised,4
comf-,4
radox,4
infused,4
sillier,4
mops,4
standpoint,4
holyhead,4
plagues,4
air-,4
crib,4
heffers,4
perpetuated,4
gemini,4
grouted,4
pdas,4
contestants,4
founder,4
wd-40,4
allocate,4
disregarding,4
ranging,4
douse,4
thetis,4
bleh,4
checklist,4
beady,4
smuggler,4
herod,4
pau-,4
tagine,4
differe-,4
outrun,4
untold,4
scho-,4
tempest,4
moshed,4
accrue,4
magnolia,4
alanis,4
teppanyaki,4
exfoliator,4
juventus,4
unloved,4
comme,4
occupying,4
lanky,4
imposed,4
yodelling,4
electromagnetic,4
mt,4
lantern,4
hoyle,4
budgeted,4
culprit,4
sherrif,4
roam,4
accumulation,4
plantagenet,4
gorillas,4
bouillon,4
abbreviated,4
rugged,4
land-lines,4
enchanted,4
siestas,4
spunk,4
concede,4
summoned,4
collide,4
paco,4
mudlarking,4
ul-,4
patchwork,4
hucknall,4
threepence,4
snacky,4
jobless,4
overpowering,4
feds,4
leased,4
scrolled,4
iridescent,4
heroic,4
frostbite,4
super-combine,4
compositions,4
fronts,4
randoms,4
lauda,4
decipher,4
absorbent,4
cactuses,4
captions,4
gor-,4
glimmer,4
sporca,4
finalists,4
paracetamols,4
saxomophone,4
phoenicians,4
uncompromising,4
hund-,4
tomat-,4
analyses,4
gaius,4
rhododendron,4
lar-,4
brom,4
gymnasium,4
corrosive,4
earlobes,4
drawbridge,4
trafficking,4
crabbing,4
gots,4
marnier,4
tornadoes,4
orbit,4
paraplegic,4
als,4
ker-knackers,4
salopettes,4
pattinson,4
recipient,4
interrogate,4
nativities,4
volleying,4
upholsterer,4
kneading,4
campground,4
pioneertown,4
fused,4
whiteboards,4
queensberry,4
put-,4
klum,4
inhabit,4
décor,4
n-grams,4
stiffness,4
stuttering,4
readiness,4
critics,4
greenpeace,4
undertaker,4
cardiovascular,4
ripper,4
genesis,4
afterthought,4
dismembered,4
doer,4
mucks,4
natures,4
capone,4
wordpress,4
anti-semitism,4
high-tech,4
macbooks,4
ids,4
diacritic,4
cologne,4
nerds,4
potentials,4
terriers,4
millilitre,4
elsie,4
transla-,4
overdoing,4
frosted,4
sop,4
intertwined,4
trippers,4
vesuvius,4
globes,4
tummies,4
unspeakable,4
ribbit,4
chomping,4
billy-o,4
calculates,4
backache,4
bafta,4
bogs,4
safeguarding,4
stormy,4
lusu,4
universes,4
quart-,4
tires,4
eec,4
hitchhikers,4
breathable,4
eromenos,4
fragrant,4
sequin,4
yip,4
pinches,4
unquote,4
thought-provoking,4
iwbs,4
marbella,4
retir-,4
disliking,4
manipulating,4
unruly,4
money-wise,4
considerations,4
skateboard,4
metabolisms,4
inhuman,4
fru,4
cellist,4
mcvey,4
jacklin,4
penile,4
montserrat,4
scampering,4
printouts,4
hat-,4
advisors,4
boasting,4
basmati,4
oldies,4
punjab,4
headsets,4
northamptonshire,4
fusspot,4
tux,4
shindig,4
balmy,4
uppity,4
boeing,4
unfolding,4
kedgeree,4
thrived,4
bongo,4
smo-,4
epsn,4
compaq,4
crow-,4
dumpling,4
souvenir,4
resemble,4
tsb,4
azkaban,4
cordoba,4
taut,4
quantised,4
topple,4
ep-,4
war-torn,4
scilly,4
boulevard,4
mirrored,4
diplomatically,4
reaper,4
heya,4
terminate,4
bollinger,4
avicii,4
dfid,4
mortuary,4
lather,4
dented,4
coleman,4
tome,4
nabbed,4
gassed,4
plunger,4
laka,4
firefox,4
nuncle,4
portillo,4
rein,4
mooing,4
exert,4
tgv,4
enjo-,4
threading,4
puffer,4
illustrates,4
complicate,4
maisie,4
snogged,4
protestors,4
averaged,4
syncing,4
comrie,4
lighthearted,4
considers,4
terrariums,4
emoticon,4
boatman,4
opals,4
jugglers,4
wholefoods,4
publicise,4
truths,4
potholing,4
thtm,4
katrina,4
pull-along,4
sadiq,4
diminishing,4
probable,4
unclean,4
noi-,4
cutesy,4
birdies,4
aloo,4
downtown,4
orthography,4
stiches,4
stabilisers,4
gearing,4
quotable,4
lamar,4
citroen,4
garth,4
unscrupulous,4
stroganoff,4
clothe,4
knuckled,4
bugle,4
beamed,4
sas,4
morphemes,4
ska,4
educa,4
laureate,4
vinton,4
hikes,4
flummox,4
unimpressed,4
pika,4
merrily,4
upturned,4
aveda,4
stevenson,4
babadook,4
mane,4
impatience,4
sprayer,4
mouthy,4
humility,4
uneasy,4
cabling,4
vinegary,4
minestrone,4
prepares,4
preeclampsia,4
headhunters,4
bae,4
electrified,4
cores,4
insignificant,4
emp-,4
blahs,4
domes,4
foghorn,4
mashy,4
headstands,4
chickened,4
watcher,4
phhhoto,4
suv,4
quito,4
unprecedented,4
drat,4
hyacinth,4
degu,4
thugs,4
snowdrift,4
theorem,4
festivities,4
leech,4
gwelo,4
confucius,4
stewed,4
mali,4
nu,4
pipped,4
oppressed,4
rework,4
regain,4
two-bed,4
improvised,4
clamps,4
treks,4
governed,4
gaunt,4
bru-,4
anti-,4
polaroid,4
unequivocal,4
schirokko,4
warfarin,4
reciprocating,4
sado,4
yours-,4
bereavement,4
rumoured,4
sultana,4
ningboese,4
nebuliser,4
firefighter,4
reused,4
motivations,4
illigator,4
eureka,4
configuration,4
sycamore,4
twinings,4
meditate,4
buts,4
rickshaw,4
black-,4
rectangular,4
tilts,4
doubting,4
peered,4
cursory,4
podge,4
bourgas,4
rockery,4
box-,4
militias,4
obviousl-,4
equinox,4
canopies,4
crunches,4
darbyshire,4
exercised,4
efl,4
matchmaking,4
ringer,4
gal,4
pterodactyl,4
josé,4
redcurrants,4
euthanasia,4
dilute,4
securely,4
botched,4
blizzard,4
stealth,4
edgeways,4
raft,4
crasher,4
scoundrel,4
ablaze,4
sce-,4
athenian,4
circumference,4
spawning,4
crucially,4
90s,4
tuberculosis,4
billionaires,4
handmaiden,4
blackwall,4
racecourse,4
greaseproof,4
bombshell,4
competitors,4
elton,4
baloney,4
pea-,4
yoshi,4
hippopotamus,4
organisers,4
refurb,4
prays,4
fath-,4
vodkas,4
festering,4
gelatine,4
vetted,4
transference,4
empowerment,4
causation,4
foyle,4
slt,4
southerly,4
senate,4
titans,4
reichenbach,4
levelling,4
nemesis,4
microsystem,4
addictions,4
wigan,4
gestapo,4
insults,4
señora,4
sulked,4
cross-stitching,4
prequels,4
courtaulds,4
confronting,4
chariot,4
overcharge,4
petitions,4
prized,4
welbourne,4
ductile,4
warship,4
discrepancy,4
ipsy,4
waay,4
blackbeard,4
newnham,4
shooters,4
denise,4
calico,4
grandads,4
tactile,4
chilford,4
matrons,4
prefilled,4
masse,4
unwillingly,4
counterproductive,4
cancan,4
boer,4
netto,4
jilbab,4
chests,4
vermillion,4
pee-pee,4
cuticles,4
offcut,4
valet,4
three-quarter,4
what-not,4
superstar,4
clearest,4
tandy,4
screwdrivers,4
repost,4
multinational,4
should-,4
waistband,4
seniors,4
crohn,4
decanting,4
contingent,4
cavity,4
vaping,4
branching,4
privets,4
mcgregor,4
bumbum,4
begs,4
immunisations,4
bangle,4
folkestone,4
objecting,4
philanthropist,4
grunge,4
evanescence,4
glaxosmithkline,4
groome,4
albans,4
dowsers,4
tuba,4
woodward,4
spareroom,4
granules,4
stoic,4
fondant,4
deviant,4
ridiculed,4
veered,4
pus,4
imminently,4
motorboat,4
golfers,4
villagers,4
pap-,4
pleasantries,4
scraps,4
mezze,4
ta-ra,4
provocative,4
styled,4
caravanning,4
yanking,4
plantations,4
tweaks,4
boulders,4
bish,4
made.com,4
humiliating,4
blacklist,4
narrow-minded,4
leonhard,4
jacobian,4
precedents,4
guillotined,4
porsches,4
reversible,4
ephemeral,4
inverter,4
graaff,4
bootcut,4
vicarage,4
nord,4
sugge-,4
westerly,4
franc,4
polishes,4
burr,4
maine,4
tenses,4
mentalists,4
hearst,4
snoozed,4
esp-,4
tiverton,4
pre-drinks,4
extradite,4
averaging,4
consulate,4
hank,4
jungling,4
iguana,4
e-distribution,4
dickie,4
jailor,4
lohan,4
monogamous,4
livers,4
martha,4
swanky,4
monk-,4
onerous,4
falcao,4
zucchini,4
divorcing,4
predictions,4
dominates,4
plotinus,4
hebe,4
generalisations,4
resolves,4
engl-,4
boulder,4
mckeithan,4
baize,4
standardise,4
shockingly,4
rsvp,4
cynicism,4
vladivostok,4
solidified,4
technologically,4
barns,4
grog,4
candlestick,4
odour,4
womanly,4
merc,4
decrepit,4
pedestal,4
that'd,4
penchant,4
sawn,4
growbags,4
southpaw,4
sindy,4
prolific,4
amibo,4
hogweed,4
moccasin,4
trav,4
strapless,4
milkybar,4
ram-,4
pfi,4
non-bio,4
fac-,4
fleeing,4
eno-,4
handel,4
presidential,4
otto,4
ellison,4
fostering,4
bobbies,4
compos,4
dun-,4
prejudices,4
waypoint,4
hither,4
ent-,4
handler,4
cultivating,4
rbs,4
epis-,4
interbreed,4
brining,4
arduous,4
tracky,4
kilo-,4
persisting,4
amble,4
cumber,4
genotype,4
immortality,4
bridging,4
unison,4
saville,4
por-,4
depart,4
exchanging,4
directory,4
bullcrap,4
majestic,4
lawes,4
collaboratively,4
characterful,4
glider,4
geo-,4
prosecutor,4
accusative,4
holistic,4
recreating,4
flaxton,4
exile,4
parliaments,4
girl-,4
reek,4
snapbacks,4
playmates,4
dolce,4
baler,4
wedn-,4
curling,4
fermented,4
inconsistent,4
unhygienic,4
decreased,4
someday,4
fallas,4
blowtorch,4
suc-,4
eighteens,4
cemeteries,4
remission,4
emp,4
degrading,4
misquoted,4
rejoice,4
innocence,4
provisions,4
linda,4
raincoats,4
protectors,4
dishonest,4
bans,4
chronicles,4
botticelli,4
sequins,4
pervy,4
unpopular,4
bap,4
communicator,4
adès,4
thrilling,4
filings,4
discourage,4
ramifications,4
philips,4
flatulence,4
one-handed,4
toed,4
confiscating,4
bygone,4
delightfully,4
seas-,4
benign,4
shhh,4
vegetarianism,4
chaffinches,4
humiliated,4
drooping,4
caffè,4
portrays,4
asterisks,4
tiers,4
tombola,4
crazies,4
immerse,4
fazana,4
revolt,4
plenary,4
imag-,4
adulthood,4
dumbest,4
scientology,4
panned,4
healey,4
winery,4
bop,4
belize,4
rijeka,4
faust,4
pincer,4
chevron,4
aspinall,4
careless,4
toffees,4
corns,4
punishing,4
sedentary,4
hypersensitive,4
petroleum,4
gypos,4
hem,4
hairdryers,4
sum-,4
proviso,4
tentacle,4
bach,4
falafel,4
espionage,4
gobby,4
circulating,4
debacle,4
machining,4
hinging,4
silently,4
olé,4
semi-skimmed,4
take-,4
maimed,4
emote,4
again-,4
pussies,4
jan-,4
discharged,4
haywire,4
parapet,4
penetrate,4
memorize,4
jubbly,4
knead,4
grammys,4
umbrage,4
tarred,4
lg,4
law-,4
hombre,4
hawk-guy,4
fea-,4
adhere,4
evergreen,4
illuminated,4
dodd,4
kazoo,4
detectives,4
patiently,4
witted,4
tergiversations,4
hour-and-a-half,4
selves,4
urinal,4
chocka,4
coleridge,4
animosity,4
re-tweet,4
fearful,4
chenin,4
all-boys,4
counsel,4
disapproved,4
aun-,4
humerus,4
self-made,4
cocking,4
right-handed,4
dzhizak,4
combed,4
whitbread,4
thinki-,4
ide-,4
anglicised,4
newish,4
enriched,4
zac,4
three-bedroomed,4
febru-,4
poxy,4
deposited,4
overcrowding,4
wooster,4
pts,4
benefitted,4
cricketers,4
bumpkin,4
lam,4
fable,4
simulation,4
snowshoeing,4
anomalies,4
picamoles,4
warmish,4
kneecap,4
sabotaged,4
cal,4
inhaling,4
scummy,4
inciting,4
hermaphrodite,4
mutations,4
soundproof,4
smudges,4
corsica,4
targaryen,4
nebula,4
rastamouse,4
truffled,4
sag,4
ladbrokes,4
fellows,4
aramaic,4
constructing,4
hoy,4
lithuania,4
furrowed,4
bewitched,4
commun-,4
euphoria,4
limestone,4
clump,4
charringtons,4
relentless,4
jazeera,4
sensational,4
accommodated,4
sweeten,4
neeson,4
foun-,4
calla,4
beansprouts,4
watermill,4
bequeathed,4
teetering,4
poppleton,4
sautéed,4
beriberi,4
donors,4
sittings,4
uplifting,4
hove,4
bursa,4
worser,4
sacha,4
embarking,4
cotswold,4
putt,4
resurrect,4
argan,4
acrobatics,4
pincers,4
pith,4
saatchi,4
premeditated,4
evince,4
clogging,4
motorcycles,4
clip-on,4
abdominal,4
care-,4
stimulated,4
pimpernel,4
counter-intuitive,4
hasselblad,4
exude,4
competed,4
billionaire,4
cag,4
downgrade,4
plasterer,4
oscillation,4
barista,4
stunt,4
quotations,4
stiller,4
interv-,4
astley,4
mod-,4
indifferent,4
gab,4
hurtling,4
four-star,4
foliage,4
oldie,4
net-,4
subwoofer,4
time-,4
hajimemashite,4
maggot,4
berthed,4
dixons,4
diagnostics,4
double-jointed,4
lycra,4
weakening,4
facebooking,4
ayoade,4
competencies,4
disgustingness,4
itinerant,4
papier,4
vendors,4
remi-,4
statutes,4
eskimo,4
fibrous,4
lopsided,4
septicaemia,4
glottal,4
tearoom,4
exterior,4
nineteen-year-old,4
vicks,4
over-,4
lakka,4
catamaran,4
brownish,4
aloof,4
chrissy,4
swatches,4
bouffant,4
self-esteem,4
moping,4
vivienne,4
quandary,4
pierrot,4
ma'am,4
render,4
go-go,4
long-distance,4
sidelines,4
dissecting,4
opaque,4
defin-,4
paisley,4
collaborating,4
impeding,4
lemurs,4
translucent,4
divisive,4
expendables,4
willpower,4
ocho,4
lull,4
shredding,4
tadpole,4
scrabbling,4
non-binary,4
counterintuitive,4
sunnier,4
christina,4
curdled,4
misdemeanour,4
westgate,4
uncooked,4
digestif,4
prolapse,4
soas,4
jcb,4
subs,4
geriatric,4
three-legged,4
clarissa,4
luc-,4
subtitle,4
path-,4
bluffing,4
suffocate,4
silversmithing,4
preferable,4
penalise,4
pores,4
yaga,4
talon,4
specifications,4
unsettling,4
wispy,4
spotters,4
suffocating,4
construed,4
shaming,4
microchipped,4
mymaths,4
y'all,4
rots,4
singled,4
extravagance,4
m54,4
projectors,4
purses,4
arithmetic,4
primroses,4
reactivate,4
photon,4
velux,4
speculate,4
successive,4
sweeps,4
oaks,4
forgiveness,4
versailles,4
yodel,4
wotsits,4
investigations,4
druids,4
lingua,4
amiibo,4
himalaya,4
janae,4
snide,4
virtuoso,4
frisbees,4
hupf,4
globally,4
wraf,4
pomp,4
collies,4
hookers,4
curley,4
ju,4
freight,4
ray-bans,4
outposts,4
bollock,4
what's-her-name,4
burgeoning,4
trent,4
preceded,4
bacca,4
dente,4
a-la-carte,4
trawling,4
hijab,4
artemis,4
cur-,4
unvoiced,4
clasp,4
bunyan,4
stunner,4
underactive,4
anglais,4
hoarder,4
changers,4
run-up,4
briefed,4
babymetal,4
hierarchical,4
bravery,4
babysat,4
tenga,4
stabs,4
forwar-,4
ripple,4
unintentionally,4
two-letter,4
lassie,4
legless,4
propagator,4
precinct,4
combustion,4
immersion,4
subtlety,4
mackem,4
amazi-,4
woodpeckers,4
mid-fifties,4
chesty,4
grosvenor,4
entitle,4
where-,4
squealing,4
après,4
sistine,4
pre-empt,4
somerville,4
autonomous,4
bandicoot,4
shaka,4
typey,4
luge,4
idris,4
wes,4
low-,4
pratt,4
tutu,4
cokes,4
biscuity,4
pinged,4
inverse,4
morpheme,4
deafening,4
peroni,4
dispatch,4
sorn,4
sleet,4
sylvanian,4
castling,4
recoil,4
firearm,4
feasibility,4
sie,4
necrotic,4
sloped,4
vowed,4
happenings,4
decidedly,4
intercourse,4
ronaldo,4
houseboats,4
perverse,4
scissorhands,4
summarising,4
trinian,4
jihadists,4
arable,4
clones,4
disagreeing,4
chea-,4
mish,4
homonipo,4
ste-,4
alliances,4
coolness,4
reptile,4
landlines,4
arguable,4
kestrels,4
ri,4
procurement,4
four-bed,4
tock,4
cocked,4
galloway,4
evolves,4
blagged,4
exam-,4
magically,4
patronised,4
pacify,4
medea,4
implanted,4
copperfield,4
sig-,4
im,4
wifey,4
virgil,4
velcro,4
genders,4
beckinsale,4
gangrene,4
trundle-wheel,4
seeding,4
philosophically,4
poldark,4
smuggled,4
they'll,4
photogra-,4
graphs,4
tweaking,4
narrated,4
snored,4
oldman,4
mart,4
puma,4
nave,4
chrysler,4
emeli,4
trotted,4
jonson,4
argo,4
cashing,4
increment,4
calmly,4
britannia,4
pickets,4
snowflakes,4
overloaded,4
chiming,4
menial,4
naturist,4
praises,4
johns,4
layman,4
schizophrenic,4
strauss,4
laminated,4
stingray,4
lugging,4
deflate,4
moneyed,4
handcuffed,4
jsa,4
madeley,4
hornpipe,4
whopper,4
toupee,4
lunge,4
despises,4
infusion,4
freedoms,4
muscley,4
antispasmodic,4
palpitations,4
agr-,4
lodges,4
skivvy,4
regrow,4
undergrads,4
wind-,4
qpr,4
regs,4
skater,4
fonts,4
miraculous,4
rambled,4
greene,4
migrating,4
validated,4
gumdrop,4
skyscrapers,4
anonymously,4
jockey,4
imf,4
dp,4
prosciutto,4
entwined,4
dagger,4
rocker,4
hypnotherapy,4
lotions,4
ult,4
batten,4
highlighter,4
smartarse,4
elves,4
trois,4
prowess,4
succulents,4
chloroform,4
jez,4
knightley,4
hotness,4
dicey,4
incongruous,4
monsoon,4
boba,4
tron,4
velvety,4
celeste,4
hellish,4
bog-standard,4
eroding,4
oatibix,4
zoetropolis,4
acupressure,4
cayman,4
handshake,4
prospective,4
fowler,4
expen-,4
corrections,4
bragg,4
amethyst,4
aggregate,4
slow-op,4
tinchy,4
belittle,4
possum,4
deadshot,4
bembom,4
shwaya,4
minimised,4
mentis,4
años,4
moisturise,4
fishpond,4
nestle,4
sect,4
howell,4
voodoo,4
quietest,4
dustbuster,4
gatecrashing,4
croque-en-bouche,4
tha,4
mankini,4
lomu,4
outdo,4
broomsticks,4
optimistically,4
persia,4
sophistication,4
annihilate,4
muncher,4
airbrushed,4
horticulture,4
diners,4
sender,4
gust,4
sidings,4
x-factor,4
phlebitis,4
obamacare,4
finches,4
nihilist,4
stints,4
hedonistic,4
broker,4
roquefort,4
uncross,4
skydiving,4
besties,4
pat-,4
szechuans,4
dung,4
cnn,4
identifying,4
unclipped,4
financing,4
gb,4
greenspan,4
bezzy,4
sherries,4
mancunian,4
cringeworthy,4
flirtation,4
piers,4
thrift,4
outreach,4
audacity,4
oust,4
disinterested,4
aristocrats,4
jumbalani,4
level-headed,4
provoked,4
semicolon,4
free-for-all,4
healthiness,4
infographic,4
peu,4
creek,4
understaffed,4
splint,4
twisters,4
wholesalers,4
drifts,4
continuation,4
wałęsa,4
cupping,4
anti-stress,4
wilt,4
said-,4
rallied,4
crouched,4
assassination,4
dnas,4
keg,4
vs,4
south-facing,4
highwayman,4
orsham,4
tonal,4
gui-,4
decompose,4
moulted,4
aquafit,4
suspects,4
infringement,4
interacted,4
rino,4
teachering,4
phone-,4
pumbaa,4
povo,4
filmography,4
nadal,4
borovets,4
mcphee,4
banal,4
downsized,4
ter,4
kni-,4
planetarium,4
three-wheeler,4
patriarchal,4
fairgrounds,4
clean-up,4
arvon,4
postnatal,4
fleming,4
huffing,4
thunk,4
specialising,4
substitutions,4
diego,4
metaphorically,4
percussionist,4
medics,4
excite-,4
strim,4
blackwood,4
bisexual,4
chlorate,4
daffy,4
privatisation,4
awol,4
downward,4
retrace,4
exactamundo,4
compliance,4
licensed,4
complexities,4
misuse,4
falkland,4
disproportionately,4
accrued,4
typecast,4
pagans,4
opal,4
veto,4
beakers,4
incestuous,4
tradesmen,4
aerodrome,4
beeswax,4
stymied,4
scripting,4
fartiest,4
mashing,4
binky,4
squaddie,4
dens,4
monophthong,4
attendant,4
hectare,4
cursor,4
monochrome,4
everythi-,4
ontario,4
feely,4
outlines,4
ifs,4
sudafed,4
amphitheatre,4
anaesthetist,4
ex-girlfriends,4
bitmoji,4
spiritually,4
infrequently,4
gobbledygook,4
chine-,4
mexical,4
sociological,4
doze,4
erect,4
three-,4
cancún,4
bahn,4
othe-,4
afterbirth,4
silverstone,4
marjoram,4
madman,4
malls,4
identities,4
foreseen,4
ostensibly,4
vandalising,4
plumbed,4
imprinted,4
hodge,4
chiropractor,4
bryan,4
stre-,4
somewh-,4
kristen,4
carves,4
ecuadorian,4
rainwater,4
hooligan,4
aslan,4
matriculate,4
looms,4
stumps,4
gleb,4
macabre,4
exxon,4
javelin,4
howdy,4
scre-,4
footed,4
cooperate,4
stu,4
hounslow,4
overuse,4
hughie,4
sup,4
gravelly,4
unchanged,4
scooped,4
pall,4
naira,4
opera-,4
gesticulating,4
morality,4
couture,4
skinniest,4
wombats,4
jobbing,4
creepiest,4
ultra-violent,4
voltage,4
go-carting,4
bemused,4
splitter,4
hurdles,4
vege-,4
evocative,4
selfridge,4
plodge,4
jammie,4
acquiesce,4
crafting,4
gunge,4
linguistically,4
strops,4
eased,4
knicker,4
challenger,4
uvula,4
prin-,4
nerja,4
boxset,4
adjustable,4
ethel,4
univers-,4
roamed,4
sentient,4
chaperone,4
flashlight,4
sander,4
parrots,4
hankie,4
brezhnev,4
sociolinguistic,4
contactable,4
concealed,4
riga,4
pyrex,4
abajo,4
pornographic,4
serene,4
estimates,4
giglio,4
timers,4
ferment,4
kor-,4
breadsticks,4
monad,4
nots,4
trachea,4
prosperous,4
clamping,4
gatherer,4
tubers,4
totting,4
petunia,4
kunis,4
pained,4
irrigation,4
autowrappers,4
easyfood,4
blottoed,4
adapts,4
trinkets,4
privatise,4
inspections,4
smyths,4
parkie,4
bearers,4
resolving,4
specifying,4
admirer,4
amaretti,4
emotionless,4
patrols,4
let-,4
jobshare,4
sep-,4
nth,4
underlay,4
bumf,4
poodles,4
dockyards,4
unmanly,4
mans,4
gian,4
embellish,4
guise,4
khaki,4
stent,4
airspace,4
trampled,4
ascertain,4
celsius,4
agave,4
backups,4
masochist,4
roll-ups,4
civs,4
unconstructive,4
reassure,4
handrail,4
oedema,4
collectable,4
violated,4
devoid,4
verper,4
growths,4
installations,4
lama,4
stup-,4
karen,4
launderette,4
kiosk,4
spider-man,4
mannequins,4
mull,4
beddgelert,4
worki-,4
aerospace,4
voltmeter,4
skiving,4
nimbus,4
bauble,4
din-,4
dexterity,4
wholeheartedly,4
correctness,4
très,4
bum-tiddle,4
corsetry,4
bosie,4
ruck,4
mondeo,4
swaps,4
canister,4
anarchist,4
k2,4
picoult,4
runnings,4
self-interest,4
worri-,4
laze,4
geez,4
brioche,4
mast-,4
enzyme,4
rostov,4
defini-,4
medlars,4
ural,4
sodden,4
gaylord,4
tangibly,4
knebworth,4
toadstool,4
produc-,4
intrigue,4
abersoch,4
bony,4
amend,4
kilts,4
kamal,4
julien,4
ordeal,4
vocabularies,4
microteaching,4
tugboat,4
interject,4
andalucía,4
civvies,4
offa,4
baby-led,4
collagen,4
tingling,4
ooch,4
spiker,4
needler,4
tell-,4
shmeat,4
cov,4
frazzled,4
bbc2,4
hungrier,4
barricade,4
sprained,4
detained,4
deception,4
cowparsley,4
strepsil,4
bioterrorist,4
tormenting,4
sackable,4
fascist,4
woollen,4
ind-,4
sombrero,4
dartmouth,4
ergo,4
wry,4
assad,4
rad-,4
yelp,4
statius,4
overplayed,4
event-,4
leg-,4
divulge,4
raclette,4
fiancee,4
reproductive,4
demeanour,4
maximus,4
mislead,4
narrows,4
fenugreek,4
poin-,4
manuals,4
uea,4
taramasalata,4
phosphate,4
tati,4
doogles,4
scented,4
presidents,4
typology,4
destroyer,4
clear-,4
hanky-panky,4
philatelist,4
scrimmage,4
wriggly,4
edna,4
reco-,4
unsuccessfully,4
holidaying,4
krug,4
daddies,4
repressive,4
misogyny,4
pre-reading,4
motorola,4
neater,4
conundrum,4
weetos,4
streamline,4
four-year,4
juggled,4
appoint,4
askhole,4
caf-,4
down-to-earth,4
manhattan,4
vers-,4
strengthening,4
curses,4
blab,4
chesters,4
airshow,4
visualising,4
wand,4
beverages,4
ist,4
balaclava,4
gracie,4
overspill,4
desiccated,4
retweeting,4
ten-week,4
distinctions,4
tacks,4
sunbury,4
middleman,4
springboard,4
seep,4
pre-order,4
pcs,4
bespoke,4
marengi,4
sous-chef,4
diane,4
pre-op,4
chitchat,4
tibbs,4
mass-produced,4
evacuees,4
neighbouring,4
adaptations,4
bursar,4
twocked,4
racoon,4
oriental,4
whis-,4
sty,4
diluting,4
perugia,4
commodities,4
affleck,4
sutherland,4
specified,4
betray,4
overtly,4
wimpey,4
anaphylactic,4
undermining,4
bracing,4
dents,4
succeeds,4
embellishment,4
twenty-one-year-old,4
lafayette,4
forking,4
cobras,4
hydrangeas,4
entourage,4
slovakian,4
mishear,4
comatose,4
notable,4
civili-,4
nips,4
self-service,4
rancid,4
denier,4
shitbag,4
kiehl,4
partnerships,4
smacks,4
frittata,4
reimbursed,4
ryobi,4
accordingly,4
flowerpot,4
a5,4
steinway,4
patronise,4
excelled,4
nuclei,4
revolves,4
half-life,4
nudging,4
trinity,4
schnappys,4
automa-,4
eritrean,4
boneless,4
alexandra,4
mississippi,4
begin-,4
keats,4
waverly,4
kath,4
dictatorship,4
skewing,4
fetish,4
et-,4
cunnis,4
rests,4
harping,4
contenders,4
cripes,4
affluence,4
earwig,4
pituitary,4
mid-semester,4
multitude,4
mongol,4
moulded,4
complicit,4
hs2,4
boursin,4
poisson,4
loveliness,4
puzzling,4
fertiliser,4
benzene,4
grandfathers,4
selfishness,4
livingstone,4
panes,4
assam,4
bran-,4
whatcha,4
bodysurfing,4
trudes,4
blasphemous,4
shearer,4
gomez,4
eg,4
newsworthy,4
cuenta,4
conjurer,4
popstars,4
aviva,4
tarted,4
recline,4
perrins,4
donut,4
uninhabitable,4
disrespecting,4
sharpen,4
jls,4
ostracised,4
placard,4
chronology,4
wittering,4
whooshing,4
mystique,4
spitalfields,4
pates,4
marquees,4
alexis,4
pally,4
finch,4
wiseman,4
thirty-,4
devour,4
spectacle,4
outwardly,4
gratification,4
flynn,4
banjaxed,4
coasts,4
graveyards,4
katniss,4
red-handed,4
cowards,4
ledgers,4
docu-,4
newman,4
dehydration,4
rio,4
live-in,4
orkney,4
airborne,4
buckinghamshire,4
undercoat,4
discrete,4
proofing,4
subspecies,4
liquidator,4
wwoofing,4
mi6,4
tutting,4
underscore,4
peron,4
burps,4
scythe,4
compere,4
wrecker,4
streetwise,4
countr-,4
weaken,4
servicemen,4
dialectology,4
rivets,4
solidarność,4
cpu,4
pugwash,4
deduced,4
cribbage,4
pantry,4
heckling,4
philan-,4
adrian,4
hi-de-hi,4
calibrate,4
convict,4
bloating,4
counterterrorism,4
unbalanced,4
asphalting,4
pre-med,4
kitsch,4
pruned,4
amoeba,4
jellies,4
nidd,4
palestinian,4
hoot,4
restoring,4
retrospectively,4
tucker,4
palatial,4
bona,4
eia,4
earmarked,4
bulldozed,4
chummy,4
budgeting,4
absorption,4
regenerate,4
twerking,4
headbutting,4
beverly,4
tomtom,4
battlefront,4
insightful,4
anise,4
people-watching,4
melty,4
phall,4
hourani,4
rudely,4
rectified,4
premiums,4
lockwood,4
montessori,4
clammy,4
jour,4
shorty,4
mandeville,4
gs,4
one-bedroom,4
copywriter,4
ghettos,4
primer,4
uddle,4
bes-,4
morose,4
fender,4
temperance,4
corn-on-the-cob,4
goon,4
volver,4
chem,4
dwindling,4
huey,4
gage,4
stone-curlews,4
gasman,4
sham,4
maradona,4
draughtsman,4
exten-,4
proofed,4
grappling,4
interchange,4
laos,4
codeism,4
stryder,4
grassland,4
cephalonia,4
huhh,4
rebound,4
probate,4
résumé,4
hydrate,4
defences,4
garmin,4
fingernail,4
equidistant,4
highbrow,4
stomp,4
clog,4
erne,4
tumbler,4
twerk,4
pane,4
refit,4
alr-,4
ducklings,4
prosecution,4
domineering,4
fortunes,4
sulphates,4
hange,4
amoxicillin,4
squabbling,4
haka,4
titanium,4
spaceman,4
abide,4
handover,4
s'il,4
amendment,4
newmarket,4
cook-,4
momentarily,4
nex-,4
paedos,4
keane,4
surpassed,4
canvass,4
syringed,4
corrupted,4
troublemaker,4
fide,4
manhandle,4
shelled,4
jackals,4
overpaid,4
segue,4
rotter,4
freshened,4
dest-,4
reptiles,4
distortion,4
cortina,4
amplifier,4
farrow,4
inventors,4
tans,4
hydroelectric,4
startle,4
penne,4
bigotry,4
retrospective,4
invert,4
freeholder,4
mardy,4
fly-,4
emo,4
downtime,4
locust,4
erin,4
bewildered,4
boomers,4
baratin,4
olympia,4
subversive,4
caked,4
replica,4
lethargic,4
veneer,4
assisted,4
maliciously,4
bree,4
rewired,4
unearth,4
dope,4
scarcity,4
ven-,4
consulted,4
imaging,4
delving,4
constitute,4
gunpoint,4
smirk,4
stodge,4
whitey,4
instantaneously,4
protractor,4
hinty,4
barclay,4
flybe,4
frosting,4
stopover,4
movable,4
curricular,4
aztecs,4
blackmailing,4
hysterically,4
repressed,4
gabbling,4
industrialised,4
carey,4
gritty,4
footlights,4
dreamweaver,4
annum,4
rop,4
fran-,4
resit,4
dividends,4
doe,4
connelly,4
warburtons,4
justine,4
escalations,4
canisters,4
warmest,4
bibopsy,4
gin-,4
ladybirds,4
openers,4
left-footed,4
furnace,4
calor,4
pasture,4
mcclane,4
haverhill,4
stardust,4
censuses,4
hankies,4
saruman,4
limpet,4
risqué,4
twitcher,4
pdp,4
cataloguing,4
moisturising,4
gyp,4
anti-semitic,4
cass,4
bento,4
hutton,4
zephyr,4
al-qaeda,4
tee-,4
pings,4
bedspread,4
calpurnia,4
rwanda,4
mountaineering,4
thatching,4
agape,4
fluffed,4
sporadic,4
madeleine,4
unsatisfied,4
elba,4
handkerchiefs,4
groves,4
complet-,4
barbershop,4
alders,4
persuasion,4
kendall,4
rid-,4
sacre,4
by-product,4
hoya,4
tampax,4
socialised,4
licks,4
naturalist,4
diplomat,4
hasta,4
jilly,4
rabanne,4
ragged,4
diabetics,4
atheist,4
peaty,4
subset,4
prise,4
sieved,4
cistern,4
downsizing,4
vulnerability,4
prides,4
citron,4
airer,4
bookworm,4
thinners,4
ex-policeman,4
alsatians,4
assembled,4
scallop,4
debenture,4
sirloin,4
galway,4
outrageously,4
barristers,4
abou,4
voyager,4
amphetamine,4
stunts,4
earthy,4
eight-year-old,4
eggshell,4
cajun,4
respective,4
restarting,4
minidisc,4
sęp,4
binmen,4
menopausal,4
pronounces,4
innards,4
rubella,4
ia,4
canaries,4
aurora,4
adverb,4
mum-,4
signatures,4
tinky-winky,4
immaculately,4
stuttgart,4
télévision,4
florist,4
seinfeld,4
watchman,4
mcdreamy,4
toge-,4
erased,4
cheats,4
easton,4
participle,4
chuff,4
offal,4
tes-,4
barbecued,4
self-cleaning,4
abysmal,4
squawk,4
decor,4
skateboarding,4
varnishes,4
blah-blah-blah-blah-blah,4
hairband,4
inlet,4
rebrand,4
seagal,4
muttered,4
superinjunction,4
intranet,4
cubic,4
jaden,4
just-,4
mugging,4
billing,4
ideologically,4
bloomers,4
navs,4
tinkers,4
cottingham,4
violinist,4
turners,4
aron,4
marlowe,4
kardashians,4
restricts,4
whitechapel,4
stopwatch,4
paragliding,4
financier,4
haight-ashbury,4
harriet,4
verging,4
chums,4
chianti,4
sheker,4
institutional,4
strasbourg,4
yeast-free,4
favourable,4
caskets,4
ozones,4
cleverest,4
flintstones,4
slee-,4
galaxies,4
sds,4
mating,4
randomness,4
motels,4
haw,4
adorbs,4
commands,4
contributor,4
autobiographical,4
sketching,4
carcinogenic,4
totty,4
ludicrously,4
blepharoplasty,4
lexicalisation,4
twenty-five-year-old,4
hailing,4
suppers,4
tricolore,4
bake-off,4
tarmacked,4
incheon,4
provincial,4
frontline,4
tweaked,4
sf,4
tastefully,4
motivational,4
flashbacks,4
panning,4
armbands,4
hiab,4
fanning,4
surreptitiously,4
typesetter,4
focaccia,4
blindfolded,4
grazing,4
vigorous,4
matting,4
cuatro,4
jewishness,4
relisio,4
vill-,4
admiration,4
fling,4
sharpness,4
parfait,4
hairline,4
willies,4
latex,4
soaks,4
ghostly,4
instil,4
initiation,4
rooftops,4
tool-room,4
mousetrap,4
brics,4
grouting,4
small-scale,4
gulls,4
mads,4
preoccupied,4
pastah,4
rescuing,4
remarks,4
user-friendly,4
four-month-old,4
hgv,4
denigrate,4
trucker,4
cliffhanger,4
haemoglobins,4
formulating,4
adenoids,4
provincialism,4
culling,4
macarons,4
introverted,4
nicknamed,4
yeti,4
branwen,4
totalled,4
originates,4
flit,4
'n',4
voila,4
crocheted,4
expansive,4
itemised,4
vasco,4
mounds,4
chills,4
rappers,4
doke,4
resonance,4
overshot,4
wick,4
persevering,4
a6,4
certo,4
walt,4
preserves,4
grievances,4
siena,4
pingyao,4
co-teachers,4
toured,4
peta,4
amuse,4
ber-,4
cbs,4
rainforest,4
crease,4
drawbacks,4
voiceover,4
leprosy,4
abdomen,4
bermuda,4
hollande,4
lashed,4
kizzy,4
organizing,4
stefan,4
voil,4
absol-,4
decimated,4
ready-made,4
overthink,4
toulon,4
gamblers,4
makeshift,4
chew-,4
calibrated,4
week-,4
whirl,4
readymade,4
transform,4
camcorder,4
ballad,4
denomination,4
vaunt,4
didi,4
thea-,4
quartet,4
tabletop,4
revive,4
arrabiata,4
turnings,4
backpackers,4
exasperated,4
and-,4
truthfully,4
lows,4
pow,4
patatas,4
elven,4
revolving,4
bakelite,4
piggies,4
indigo,4
brodie,4
brando,4
mulberries,4
infects,4
muzzled,4
gayler,4
anthropology,4
corden,4
podscast,4
fibs,4
censorship,4
abominable,4
bedded,4
jericho,4
stylistics,4
tilting,4
buttocks,4
heli-,4
fiddy,4
cher-oo,4
self-control,4
woes,4
therapists,4
alluding,4
lucian,4
merch,4
presumptuous,4
ryman,4
hostility,4
chez,4
demoted,4
danielle,4
cerveza,4
caving,4
headbutt,4
reinforcing,4
centralised,4
liquidiser,4
connectors,4
succumbed,4
brita,4
slating,4
neighbors,4
rubik,4
woodlice,4
full-blown,4
altaic,4
evangelical,4
indulgence,4
clashing,4
waddle,4
malik,4
paralegal,4
augusten,4
gandalf,4
theorist,4
fringes,4
guidebooks,4
supertax,4
workbooks,4
plated,4
perspex,4
oversee,4
nagasaki,4
recital,4
fce,4
chocolaty,4
wallpapers,4
obedience,4
stencil,4
piddly,4
exasperating,4
facets,4
shu-,4
fir,4
adrien,4
scalding,4
weatherist,4
ravenglass,4
resides,4
specialized,4
fetishes,4
ppt,4
nursed,4
ballooned,4
thro-,4
watershed,4
leticia,4
horoscope,4
generically,4
vessels,4
rac-,4
gloom,4
mutiny,4
gascoigne,4
mudblood,4
rerouting,4
hist-,4
whirlwind,4
cowpox,4
humus,4
monies,4
knackers,4
woodworm,4
pastilles,4
subsidies,4
dishonesty,4
pedigree,4
catalyst,4
partitioning,4
whizzy,4
furthering,4
leus,4
incision,4
capitalising,4
dismay,4
scrunched,4
baited,4
headroom,4
park-and-ride,4
jordon,4
pro-europe,4
mel-,4
expertly,4
consolidate,4
philosophies,4
recreation,4
bernieres,4
tactful,4
springing,4
stagnant,4
hobbyhorse,4
newbuild,4
yurt,4
self-improvement,4
cumberbitches,4
jc,4
stockbroker,4
grafton,4
bodyguard,4
tts,4
nobility,4
sloshed,4
colic,4
motoring,4
deckers,4
meth,4
christma-,4
alias,4
rw,4
collaborated,4
battleships,4
swalec,4
pulitzer,4
compile,4
hdmi,4
scrappy,4
teetotal,4
hous-,4
pisser,4
kiddo,4
thickos,4
paperless,4
dementor,4
procession,4
stat-,4
borneo,4
expressive,4
denote,4
inflammatory,4
tectonic,4
visalia,4
braun,4
caterers,4
anthroposophical,4
realplayer,4
kick-boxing,4
scabby,4
cerebral,4
subtract,4
cotter,4
exceed,4
garnet,4
objectionable,4
spree,4
poacher,4
balamory,4
devine,4
lagging,4
houdini,4
mucker,4
rearing,4
valuer,4
nans,4
perimeter,4
sinner,4
ebooks,4
unaccompanied,4
adulter,4
corny,4
socialite,4
shortening,4
unescorted,4
wager,4
outnumbered,4
nvq,4
hodor,4
crushes,4
strai-,4
clarified,4
ped,4
aboriginal,4
balsa,4
momentary,4
when-,4
crossovers,4
underprivileged,4
thirlmere,4
caramelise,4
fait,4
schooled,4
goldsmiths,4
entailed,4
stro-,4
wonder-,4
malala,4
overheated,4
norma-,4
dimensional,4
inflamed,4
tapered,4
mcboatface,4
lexus,4
unfaithful,4
undercrackers,4
similes,4
counter-strike,4
insurer,4
cravendale,4
zoverstocks,4
fifteen-minute,4
streaking,4
announcer,4
tintern,4
argu-,4
ozzy,4
hushabye,4
sunken,4
torte,4
exacerbated,4
uht,4
aligning,4
gastric,4
hailstones,4
cringy,4
dazzle,4
scapegoat,4
memberships,4
bunter,4
putin,4
tiramisu,4
chug,4
deceitful,4
dwarves,4
punters,4
brava,4
stead,4
virulent,4
six-foot,4
quest-,4
aviary,4
seconded,4
conch,4
graunching,4
rinsing,4
championing,4
prepaid,4
copyrighted,4
undercook,4
trunchbull,4
pamper,4
one-to-ones,4
jodhpurs,4
climates,4
nits,4
gite,4
omani,4
alarmingly,4
floaters,4
rep-,4
opposing,4
hotchpotch,4
excessively,4
unannounced,4
jumbled,4
sedate,4
baldwin,4
boon,4
cex,4
belting,4
cherry-pick,4
proudly,4
pretzel,4
tongue-in-cheek,4
cana-,4
vitriolic,4
unforgiving,4
co125,4
blas-,4
rescuer,4
tourney,4
pre-recorded,4
giver,4
timely,4
branflakes,4
gases,4
widows,4
hypnotherapist,4
lidls,4
vestry,4
lode,4
unconsciously,4
sheldon,4
gayist,4
trustee,4
unwind,4
tiddlywinks,4
tuxedo,4
clutterbuck,4
swallowers,4
runways,4
let-down,4
daf,4
gti,4
himalayan,4
mccarthy,4
tekkers,4
logographic,4
infantilisation,4
austrians,4
high-,4
needless,4
blackmailed,4
rotund,4
well-to-do,4
leominster,4
fulsome,4
chomp,4
mindsets,4
antelope,4
antenatal,4
yikes,4
eli-,4
champ,4
chronologically,4
nirvana,4
fuck-head,4
half-heartedly,4
cashmere,4
no-go,4
mural,4
birthmark,4
leafy,4
automobiles,4
oniony,4
jalapeño,4
ovid,4
deconstructed,4
crowbar,4
incarnate,4
accusation,4
tackles,4
staffie,4
span-,4
capitalise,4
frusli,4
vanessa,4
terkel,4
agin,4
alabama,4
hinduism,4
buffoon,4
soulmates,4
underpaid,4
apostrophes,4
descending,4
intimidation,4
mucked,4
richardson,4
baps,4
phenomenally,4
licen-,4
brung,4
rocha,4
proprietor,4
expansions,4
lax,4
ike,4
malnourished,4
mid-nineties,4
mass-,4
bbc1,4
sparring,4
icefire,4
cascades,4
shone,4
hacksaw,4
shibuya,4
outta,4
subjected,4
systematically,4
panelled,4
don''t,4
newsbeat,4
valium,4
mazda,4
brooches,4
sozzled,4
sss,4
koh,4
grammarians,4
moley,4
impart,4
fabrication,4
consign,4
ta-dah,4
tragedies,4
gama,4
wond-,4
blackjacks,4
guangzhou,4
requiem,4
humphrey,4
rabbi,4
awry,4
jour-,4
stupor,4
2d,4
pout,4
sizing,4
keeled,4
somalian,4
patties,4
blackery,4
woul-,4
plateau,4
condescending,4
thermals,4
beatboxing,4
mails,4
misused,4
untidy,4
slosh,4
trims,4
unfriend,4
horseback,4
fixodent,4
furiously,4
cultivate,4
mourn,4
situ-,4
whizzer,4
thunderclap,4
clinically,4
clapton,4
kick-start,4
passageway,4
xenophobic,4
wallstreet,4
dumper,4
spiteful,4
softcore,4
tandoori,4
excitable,4
repulsed,4
sandpiper,4
dimsey,4
sunsets,4
penzance,4
oppress,4
boyf-,4
aggravation,4
engages,4
heavy-duty,4
puerto,4
mainline,4
souped-up,4
steeple,4
breathes,4
settees,4
racehorse,4
voudrais,4
benefica,4
toxins,4
columbia,4
sevent-,4
dicing,4
tangerine,4
gerard,4
befriended,4
rectangles,4
crepe,4
doorframes,4
matchstick,4
mestre,4
one-upmanship,4
torquay,3
mica,3
sugared,3
prezzie,3
relat-,3
jollies,3
doubtfire,3
old-school,3
evened,3
value-added,3
unread,3
macros,3
gloria,3
cruiserweight,3
michaela,3
hume,3
baroque,3
bulldozer,3
scaffolders,3
icebergs,3
gentile,3
badness,3
plausibly,3
neurology,3
underway,3
doha,3
chiquitos,3
maybs,3
remorseful,3
singed,3
defiance,3
prefixes,3
happen-,3
swoosh,3
dib,3
inkling,3
metrics,3
metabolise,3
mamadou,3
rocher,3
grimy,3
ruddy,3
bangor,3
traumatise,3
bull-,3
sixty-year-old,3
moulin,3
effe-,3
troughs,3
downer,3
habitually,3
massaman,3
patrolling,3
grapevine,3
runoff,3
lavish,3
escarpment,3
padre,3
jojo,3
left-tenant,3
herrings,3
hammonds,3
buster,3
perv,3
a308,3
conven-,3
histrionics,3
spewed,3
crowdfunder,3
jailbreak,3
wouldn't',3
ezra,3
stand-out,3
sun-blush,3
iguanas,3
digitalised,3
mig,3
binman,3
commercialized,3
marnie,3
mudguard,3
laburnum,3
sonia,3
mediator,3
wettest,3
ftp,3
gracefully,3
throaty,3
patois,3
chest-,3
brontosaurus,3
pylon,3
fraise,3
antioxidant,3
erections,3
tau-,3
ashtanga,3
virol,3
ribbing,3
sudden-,3
treatable,3
nutt,3
ital-,3
pozidrive,3
digibox,3
toasters,3
kitchari,3
positi-,3
chorusy,3
sin-free,3
socialize,3
brutus,3
lendl,3
tonbridge,3
dabbled,3
enthusiastically,3
goldfinger,3
economise,3
veering,3
gov,3
sonisphere,3
pestered,3
redneck,3
broncos,3
retasked,3
man-crush,3
dermick,3
dowsing,3
makro,3
mopeds,3
pre-cut,3
vod-,3
transmits,3
hannalee,3
water-,3
futile,3
novella,3
stallone,3
numerically,3
blah-blah,3
lsd,3
radishes,3
conceivably,3
freeloader,3
chlor-,3
tossed,3
lerwick,3
monin,3
j2o,3
raa,3
environs,3
boccia,3
heathers,3
3c,3
niches,3
subsequent,3
abled,3
emphasising,3
forev-,3
impr-,3
reproducing,3
newsom,3
pre-diabetes,3
wrought,3
bigged,3
authorized,3
haggling,3
greyed,3
ris-,3
flexing,3
botulism,3
metalwork,3
lexis,3
coined,3
erupted,3
asteroid,3
birra,3
aerosols,3
holidaymakers,3
coupling,3
strife,3
alri-,3
restructured,3
half-hour,3
nee,3
unfunded,3
prophecy,3
greyish,3
senseless,3
watford,3
est-,3
mostest,3
thursd-,3
lotta,3
principled,3
tanya,3
theses,3
payslips,3
newbie,3
offloading,3
soylent,3
mathematically,3
orcs,3
donates,3
quintessentially,3
corpora,3
greased,3
unlit,3
fisty,3
untreated,3
winer,3
sudocrem,3
forecasts,3
bmx,3
cubism,3
somethings,3
avant-garde,3
goatee,3
knacker,3
garfield,3
ize,3
log-book,3
incubated,3
equine,3
showerhead,3
woolies,3
ices,3
googly,3
carlos,3
fared,3
babber,3
bumpers,3
splutter,3
quatre,3
forty-year-old,3
brookings,3
arden,3
lankan,3
hiatus,3
mid-eighties,3
antennae,3
shabs,3
e4,3
unspoken,3
siphoning,3
oddity,3
go-cart,3
bron-,3
texan,3
transiting,3
hairstyles,3
engrained,3
anti-sickness,3
breathtaking,3
sikhs,3
raleigh,3
veterans,3
taunton,3
freshening,3
uncovered,3
sumi,3
uneaten,3
weaned,3
nai-,3
woks,3
broth-,3
constitutional,3
openings,3
worldy,3
boggle,3
sikorski,3
twiglets,3
prestos,3
haste,3
minivan,3
friezes,3
mater-,3
fashions,3
gnarled,3
ancillary,3
lampshades,3
nectarines,3
daps,3
defends,3
plod,3
own-,3
nottinghamshire,3
umbria,3
discernible,3
vaghole,3
hygienic,3
torment,3
saccharin,3
introdu-,3
ignacio,3
dms,3
madeinusa,3
temeraire,3
non-profit,3
whitehouse,3
impossibility,3
refrain,3
sap,3
waterborne,3
sound-,3
sinita,3
dragonforce,3
twenty-odd,3
maturity,3
addled,3
deadlock,3
sobbed,3
laterally,3
u-ey,3
reintroduce,3
postmodern,3
japane-,3
pleats,3
scavenge,3
trainspotting,3
physalis,3
sacraments,3
disciplinarian,3
self-taught,3
profe-,3
goldsmith,3
vigil,3
refresher,3
conservationist,3
triggering,3
chiropractors,3
cham-,3
cheapy,3
bedknobs,3
persist,3
aftercare,3
suppose-,3
slidey,3
nathan,3
wooly,3
rath-,3
funshack,3
ammunition,3
folklore,3
pof,3
feelers,3
erase,3
ancelotti,3
binger,3
lingus,3
pesticide,3
ohhhh,3
dothraki,3
first-hand,3
ballum-ballum,3
boisterous,3
kalamata,3
alf,3
acer,3
pelops,3
inroads,3
uncertainties,3
trapping,3
welford,3
kitties,3
thwarted,3
undifferentiated,3
mossies,3
swindonian,3
miage,3
impregnated,3
glock,3
tawny,3
dreadfully,3
olly,3
compromises,3
debunk,3
kwon,3
four-hours,3
moisturizers,3
anthology,3
shandong,3
frais,3
anticlockwise,3
reich,3
doolally,3
deckchairs,3
bigamist,3
der-,3
mistreated,3
pummel,3
braid,3
mindcraft,3
comfier,3
cedar,3
colluding,3
sharpish,3
dray,3
byes,3
plos,3
garlics,3
aldrin,3
conducts,3
tada,3
bonaparte,3
foray,3
displaced,3
darl-,3
chu,3
beba,3
picket,3
adultier,3
empty-handed,3
keating,3
şey,3
deductions,3
chunder,3
samgyeopsal,3
webcam,3
housekeepers,3
memorisation,3
inglorious,3
swa-,3
gymnast,3
spouse,3
nitty,3
bmws,3
recuperate,3
buckley,3
unwise,3
handcuffs,3
boromir,3
gramophones,3
geocaching,3
anonymity,3
campanology,3
paler,3
perceptive,3
chin-up,3
poopy,3
denver,3
makaton,3
sarkozy,3
compendium,3
bullseye,3
discolour,3
origin-,3
t'pau,3
pietersen,3
dodgem,3
witherspoon,3
sharking,3
sleight,3
glint,3
fuckity,3
javert,3
teletubby,3
saline,3
invalidate,3
megan,3
hypermarkets,3
brunei,3
infamy,3
shamefully,3
pillowcase,3
planishing,3
two-thousand,3
pigster,3
saloons,3
allocation,3
fezel,3
elle,3
righty,3
downturn,3
pros-,3
masked,3
eleven-year-olds,3
sabby,3
extradited,3
multimillionaires,3
well-educated,3
dlc,3
euthanised,3
repre-,3
marooned,3
redcurrant,3
reddy,3
moneywise,3
tofiq,3
recoat,3
lina,3
snarky,3
slurping,3
manston,3
meanie,3
unrecognisable,3
leaned,3
fortuitous,3
o'neal,3
wetransfer,3
crescendo,3
turmoil,3
asus,3
parasite,3
capaldi,3
fortnum,3
campuses,3
ummed,3
casuals,3
listings,3
reconstituted,3
briton,3
scatty,3
cheekily,3
hospi-,3
implementing,3
maslow,3
keynesian,3
bricked,3
mumsy,3
brandi,3
veg-,3
curriculums,3
principally,3
catalonians,3
hellenistic,3
drape,3
slumberland,3
butterscotch,3
sse,3
kitch-,3
swivel,3
dished,3
bender,3
copyrighting,3
scald,3
crick,3
decimating,3
malice,3
fragments,3
contamination,3
armaments,3
whiny,3
masteries,3
valuation,3
downey,3
companionship,3
coordinators,3
bribed,3
endorphins,3
pissy,3
chemi-,3
three-prong,3
obsolescence,3
crayfish,3
musty,3
vick,3
regrouped,3
end-all,3
schoolteacher,3
crusades,3
dix,3
wormtail,3
renders,3
chargrilled,3
t'oven,3
woodworking,3
hosing,3
pedi,3
enduring,3
atta-,3
kinney,3
superinjunctions,3
non-smoking,3
anglian,3
interspersed,3
hooded,3
bondage,3
scoured,3
corman,3
boardwalk,3
veal,3
conquests,3
kosovans,3
henchman,3
cautiously,3
theological,3
rename,3
moe,3
pioneers,3
buttercup,3
semi-finals,3
oblivion,3
mcilroy,3
gener-,3
sprechen,3
clays,3
checker,3
intelligibility,3
dopamine,3
sniffle,3
hang-,3
withered,3
tampa,3
kne-,3
gould,3
ppe,3
beli-,3
delegation,3
incomers,3
gregas,3
beeline,3
flays,3
signings,3
sal,3
commercialised,3
eejit,3
a59,3
creeped,3
peloponnese,3
trudging,3
vocals,3
stony,3
headstone,3
climber,3
gimmick,3
autobahn,3
noggin,3
sarko,3
lulu,3
tumbledown,3
roadies,3
webbed,3
dogz,3
talula,3
gratin,3
hesitated,3
gizzards,3
orangina,3
non-refundable,3
cassiopeia,3
workplaces,3
adventurers,3
greats,3
utc,3
blatta,3
diddly,3
goers,3
larch,3
confide,3
gibbed,3
unmentionable,3
honk,3
jarvis,3
linings,3
choccy,3
misinterpreted,3
tellers,3
naffed,3
well-meaning,3
participated,3
centric,3
purify,3
moules,3
milder,3
rubberwood,3
deutsch,3
restarts,3
jails,3
bishy,3
uphold,3
competitiveness,3
sss-,3
negligent,3
shortlisting,3
montrose,3
confidentiality,3
detecting,3
femininity,3
originale,3
docking,3
slovenly,3
beneficiary,3
scroungers,3
spritz,3
hi-fi,3
jays,3
confucian,3
shalom,3
magenta,3
millionth,3
pre-planned,3
hamstring,3
press-,3
sucubi,3
tak,3
over-the-top,3
hutch,3
doorframe,3
pippy,3
farscape,3
wonderfulness,3
schelpen,3
modesty,3
presessional,3
roller-skating,3
encapsulates,3
straggly,3
bert,3
midfielders,3
adoring,3
disorientated,3
spindle,3
sultanas,3
laverne,3
grovelling,3
annuals,3
gurgle,3
fido,3
jerez,3
grandmothers,3
gerund,3
fragmented,3
asbestosis,3
wangers,3
antics,3
sequined,3
northwards,3
hiddleston,3
coffeeless,3
spectating,3
spontaneity,3
adieu,3
sst,3
neverbeast,3
milker,3
transistor,3
sweltering,3
ps4,3
hobos,3
eke,3
stokes,3
paw-,3
timetabled,3
caca,3
striding,3
andersen,3
spineless,3
criticizing,3
annotations,3
refundable,3
forges,3
vajayjay,3
whisperer,3
restrain,3
north-east,3
tuolumne,3
michelangelo,3
undercharges,3
cleanest,3
authorhouse,3
septem-,3
ulcers,3
pleads,3
perpetuating,3
circled,3
norther,3
mustang,3
ambrosia,3
larey,3
generalised,3
bloun,3
health-,3
trinket,3
peeved,3
clippings,3
hawking,3
marmaris,3
mallinder,3
millisecond,3
upwind,3
bobbins,3
swanny,3
softener,3
acrossed,3
brainstorming,3
harmonal,3
whatevs,3
comeuppance,3
scalp,3
heaped,3
paramilitary,3
zdrowie,3
spidery,3
thematic,3
antiquated,3
bannister,3
dexter,3
dousing,3
two-seater,3
utilising,3
pcts,3
two-and-a-half,3
seba-,3
stomping,3
mdp,3
idolise,3
lascivious,3
plagiarise,3
snooty,3
guineas,3
denominators,3
pictorial,3
insu-,3
ad-libbing,3
diligent,3
technicality,3
ecf,3
centrifugal,3
negligence,3
recalculate,3
ello,3
flaunt,3
self-preservation,3
rug-,3
childminders,3
reimbursement,3
croc,3
eth,3
whol-,3
inexpensive,3
electrically,3
impairment,3
strep,3
milf,3
oversleep,3
ire-,3
prr,3
doused,3
repast,3
looky-likey,3
sodding,3
kool-aid,3
rhymed,3
plotlines,3
cogenhoe,3
overthrow,3
trea-,3
ikb,3
snakeskin,3
unassuming,3
disrespect,3
moany,3
clear-out,3
award-winning,3
clu-,3
fury,3
cursing,3
mismatch,3
ghibli,3
dunst,3
reserving,3
substitutes,3
peek-a-boo,3
proliferating,3
preferential,3
nucleus,3
fes,3
sleep-over,3
sleep-overs,3
apéritif,3
bellinis,3
a166,3
spesh,3
kirsten,3
horrocks,3
partied,3
salbutamol,3
face-,3
neckline,3
you',3
candlesticks,3
conceited,3
sleek,3
rhotacism,3
armoury,3
barnardo,3
cyphers,3
botch,3
getter,3
creeks,3
deflating,3
sumatra,3
contraceptive,3
tijuana,3
designate,3
smartly,3
stroller,3
interruptions,3
self-referral,3
misplaced,3
dahlias,3
spillage,3
eco-,3
asp-,3
unrefined,3
doth,3
gaping,3
crit-,3
tortuous,3
cylinders,3
gastro,3
pgc,3
bravoes,3
rakewell,3
motorised,3
flamenco,3
tippling,3
slings,3
rapide,3
gucci,3
unsavoury,3
rpm,3
supple,3
dialogues,3
heretic,3
aced,3
advocating,3
steadman,3
safeguard,3
swarms,3
rusk,3
valuing,3
collocations,3
xl,3
deliverer,3
preface,3
brickweave,3
conceded,3
wheat-free,3
abscess,3
dormouse,3
oregon,3
seventy-seventy,3
yachting,3
flabbergasted,3
tarnishing,3
legwork,3
mark-,3
self-publish,3
geog-,3
mosaics,3
sulphites,3
parachutes,3
mutilation,3
mockery,3
talken,3
devout,3
duxford,3
fatten,3
uplift,3
umpteen,3
girder,3
kn,3
foreground,3
overwork,3
rejections,3
reverts,3
sexting,3
electr-,3
infatuated,3
spr,3
xc90,3
impolite,3
adept,3
recog-,3
tensions,3
dawson,3
haloumi,3
grassroots,3
tara,3
showdown,3
tennant,3
deflect,3
lifeline,3
reclaiming,3
swan-road,3
centigrade,3
coves,3
knowles,3
dings,3
unicorns,3
lapin,3
avoi-,3
pushkar,3
unsympathetic,3
immediacy,3
div-,3
jargle,3
ploughed,3
opshop,3
ns,3
feckless,3
slanket,3
mitsubishi,3
handball,3
innocuous,3
elect-,3
callipygous,3
disrupting,3
blitzed,3
by-,3
flits,3
leic-,3
pawned,3
octonauts,3
harwich,3
bandwidth,3
beddy,3
orderly,3
objectors,3
professionalism,3
matric,3
errm,3
moofan,3
torturing,3
hurled,3
da-da-da-da,3
undertaken,3
ladylike,3
vetoed,3
dotty,3
sidekicks,3
uneventful,3
sunning,3
corresponding,3
omission,3
patched,3
mate-,3
blue-eyed,3
wastepaper,3
lellow,3
campers,3
pre-drinking,3
versace,3
mahal,3
joh,3
bylaw,3
halabot,3
discriminatory,3
confer,3
tombstone,3
loveseat,3
phoebe,3
subscript,3
hasidic,3
drea-,3
whir,3
sovereigns,3
lansbury,3
eclectic,3
pansies,3
five-prong,3
obeying,3
unravelled,3
dyer,3
sandoz,3
characteristic,3
purde,3
culpable,3
unmanned,3
percussion,3
mutty,3
friendliness,3
bodybuilders,3
fanatic,3
raring,3
aniseedy,3
gullet,3
murky,3
dawning,3
synch,3
incase,3
netanyahu,3
commie,3
fen-,3
glaucoma,3
beatle,3
daunted,3
superpower,3
slow-twitch,3
mosley,3
druggy,3
torques,3
invertebrate,3
disbanded,3
liqueurs,3
bugged,3
brilliance,3
laughable,3
pinafore,3
ings,3
styling,3
retort,3
antigua,3
foams,3
indigenous,3
inseparable,3
wowcher,3
easel,3
dangled,3
rumford,3
sixty-seventy-eighty,3
giovanni,3
outlawed,3
bat-,3
hilda,3
pollock,3
barbican,3
briefest,3
detonator,3
ping-pong,3
nourish,3
smartest,3
schnauzer,3
champex,3
hopalong,3
tob,3
contractually,3
dachshund,3
gemmologist,3
trolleyed,3
stupider,3
reincarnated,3
riveted,3
bustling,3
envi-,3
bagful,3
aggravate,3
archiving,3
skinless,3
gandhis,3
fabreze,3
covertly,3
bandy,3
lived-in,3
ultron,3
interestinger,3
hopeful-,3
booed,3
duh-duh,3
snaffles,3
memo,3
hotline,3
point-,3
wikihow,3
tearooms,3
scree-,3
slumber,3
dufus,3
elimination,3
apres,3
bis-,3
happeni-,3
squealed,3
seafaring,3
evict,3
radioactive,3
kansai,3
ewan,3
slavic,3
alto,3
neurosurgeon,3
tris,3
alastair,3
paramore,3
pampered,3
libyans,3
worshiped,3
actuarial,3
applauded,3
magnification,3
invigilators,3
sudanese,3
maximize,3
termly,3
unbolt,3
aqueduct,3
pre-prepared,3
radiate,3
fellah,3
reheating,3
compensating,3
asymmetric,3
eventful,3
bumming,3
eva-,3
hvala,3
vermouth,3
cincinnati,3
sixish,3
jesse,3
rubbishy,3
dressy,3
popula-,3
loot,3
decathlons,3
buggering,3
quattro,3
facetiming,3
inhalers,3
directorship,3
cinnamony,3
knowsley,3
deprive,3
gregarious,3
lovin',3
woodsman,3
overlook,3
jenga,3
winging,3
matures,3
moriarty,3
schrodinger,3
g4s,3
analytics,3
stubbed,3
sommat,3
aplin,3
pootling,3
self-imposed,3
monroe-bot,3
immersive,3
evel,3
martina,3
kosice,3
goliards,3
fe,3
approves,3
washers,3
bathory,3
planking,3
opportunism,3
petrol-driven,3
detects,3
scarer,3
trey,3
idiomatic,3
disinfectant,3
miny,3
sweatshirt,3
no-man's-land,3
sickie,3
splodge,3
skittish,3
praw-,3
wreath,3
rainfall,3
altruism,3
tutankhamen,3
traitors,3
tentacles,3
frui-,3
rupees,3
persisted,3
reid,3
discreetly,3
pencilled,3
melee,3
biatch,3
generosity,3
scrappy-doo,3
captures,3
invents,3
nakedness,3
cropper,3
underwhelming,3
broody,3
cacti,3
latvian,3
superficially,3
bukhara,3
derivation,3
muddier,3
lta,3
renee,3
buttoned,3
burt,3
quixote,3
fastidious,3
treasury,3
easygoing,3
transfixed,3
butted,3
delicatessen,3
cossie,3
westerner,3
homeschooling,3
damian,3
rapunzel,3
mariposa,3
aliaune,3
patternation,3
ducting,3
mazuma,3
ursa,3
pornography,3
salmond,3
sco-,3
kick-started,3
subtleties,3
metástasis,3
bickering,3
klu,3
ardrossan,3
underestimating,3
iwb,3
oligarchs,3
ster-,3
spick,3
stepsister,3
e-learning,3
ferrety,3
wherefore,3
caste,3
excruciatingly,3
devilment,3
stich,3
hal-,3
rob-,3
bigoted,3
agro,3
one-armed,3
lockable,3
fontana,3
embryo,3
zeron,3
overdrafts,3
dip-,3
recruits,3
inputting,3
rien,3
harassing,3
plutarch,3
ardent,3
bolster,3
aardvark,3
blazing,3
wobbles,3
syllogism,3
motts,3
motherhood,3
ue,3
hurried,3
shock-,3
conf-,3
harbouring,3
ici,3
sackfuls,3
jag,3
industrious,3
screenings,3
teems,3
fina-,3
sporks,3
chapattis,3
outset,3
brindisi,3
moretti,3
garnett,3
aura,3
forg-,3
fett,3
punter,3
jetlagged,3
wiz,3
multilingual,3
low-cut,3
puh,3
bordered,3
aspartame,3
ain''t,3
morrissey,3
harmonium,3
privatising,3
hares,3
drea,3
waaa,3
quaffle,3
worl-,3
future-proof,3
kfcs,3
snipe,3
dobbed,3
cree-,3
bluster,3
lecky,3
tet,3
jpegs,3
herbivore,3
pureed,3
restring,3
brotherly,3
lock-,3
pocketing,3
firefighters,3
run-of-the-mill,3
textspeak,3
arisen,3
fetches,3
thumped,3
powders,3
knievel,3
oaf,3
il-,3
advantageous,3
deprivation,3
plankton,3
exorcisms,3
ericsson,3
downy,3
recogni-,3
anaesthetics,3
boardman,3
macaron,3
yuan,3
memos,3
quilts,3
five-ish,3
playful,3
gentrification,3
closures,3
interviewers,3
lumley,3
sturridge,3
shimmy,3
jaggedy,3
hf,3
eggshells,3
cottenham,3
swatch,3
convenor,3
top-notch,3
greatcoat,3
thereof,3
grayson,3
pesca,3
perfumy,3
gonn-,3
misread,3
retribution,3
ice-skating,3
noti-,3
unseating,3
swirlies,3
milestone,3
bodes,3
purr,3
rebates,3
morphing,3
twelve-hour,3
saleable,3
scunthorpe,3
astronomical,3
ticky,3
cubical,3
fugu,3
linesman,3
renege,3
mumnesia,3
talkie,3
smarmy,3
reverting,3
alcoves,3
decider,3
bergin,3
manche-,3
daylights,3
voluminous,3
opel,3
cheerleader,3
eaty,3
purchases,3
exceeded,3
what's-his-face,3
smelliest,3
juvie,3
whitespace,3
evermore,3
month-,3
tramping,3
kirsty,3
opulence,3
gollum,3
immobile,3
regina,3
pf,3
mcgann,3
x-rayed,3
caitlin,3
extrapolation,3
druid,3
mis-sold,3
alters,3
overslept,3
kibbutz,3
deutschland,3
frequents,3
blaspheme,3
bodged,3
distrust,3
toni,3
shakeup,3
funders,3
sodbury,3
biod,3
bestie,3
decani,3
knobheads,3
anton,3
pact,3
vur,3
sarong,3
soulmate,3
tea-pot,3
abbott,3
interactions,3
lacquer,3
someo-,3
spaniard,3
lupin,3
puckered,3
kimberley,3
blenheim,3
unleavened,3
culpa,3
thu-,3
din,3
collars,3
hoods,3
harnesses,3
bodyboarding,3
hassidic,3
harpenden,3
marlborough,3
unimportant,3
famil-,3
organizations,3
quie-,3
comm-,3
passives,3
falsely,3
beansprout,3
proportionately,3
touchscreens,3
come-,3
horizontally,3
administrators,3
undervalued,3
tour-,3
grandstand,3
carpetright,3
lakeland,3
existent,3
tortures,3
c-section,3
inmates,3
twanged,3
wags,3
folly,3
poinsettia,3
assu-,3
skidded,3
nasties,3
arndale,3
orson,3
thriving,3
insinuating,3
leith,3
rejigged,3
athletico,3
panoramic,3
experiential,3
laminator,3
crossbars,3
precursor,3
rummaged,3
cthulhu,3
taiwanese,3
lectured,3
tight-knit,3
ruts,3
tvr,3
ooze,3
institutes,3
crusade,3
hesitating,3
photobox,3
rices,3
gungy,3
suffocated,3
aztec,3
impington,3
ca125,3
legroom,3
spaceships,3
minibuses,3
hobbling,3
lance,3
piddle,3
deadest,3
qvc,3
fourish,3
fascination,3
les-,3
harvesting,3
rassic,3
insistence,3
midge,3
dementors,3
epidural,3
spiffing,3
digress,3
marginal,3
aru,3
beered,3
spar-,3
directs,3
benedictine,3
moony,3
genitals,3
lapsang,3
anybo-,3
mondelli,3
aro-,3
taxiing,3
renaming,3
hurling,3
unconditional,3
caverns,3
reluctance,3
escalation,3
longwinded,3
pastels,3
earthing,3
pestering,3
ciggie,3
zig,3
debauched,3
imac,3
adobe,3
lois,3
cost-effective,3
epc,3
stroopwafels,3
failures,3
weeded,3
heav-,3
sent-,3
lopped,3
self-centred,3
refrigerated,3
cravings,3
poms,3
banished,3
sherang,3
unconfirmed,3
coyote,3
fevery,3
invaluable,3
blabbing,3
seizure,3
non-sale,3
sear-,3
second-favourite,3
katsu,3
chapatti,3
pricking,3
indicates,3
lanched,3
disputing,3
seething,3
swimmingly,3
burrowing,3
sizzle,3
traipsing,3
andirons,3
satsuma,3
aggravating,3
pozole,3
dignitary,3
syrupy,3
incur,3
precook,3
fifths,3
canine,3
shelton,3
hounded,3
psychotic,3
shar-,3
rafael,3
andreas,3
uncoordinated,3
patents,3
brisket,3
mesosystem,3
salady,3
minimalism,3
snowstorm,3
sapete,3
cheetahs,3
steakhouse,3
chromatic,3
yor-,3
prepping,3
writ,3
checkers,3
po-po,3
blondes,3
valencian,3
shirtless,3
ioana,3
interprets,3
br,3
ibm,3
interrupts,3
taybrite,3
warburton,3
procreate,3
wilkos,3
contaminate,3
sculptural,3
encyclopaedic,3
safaris,3
longstanding,3
peeking,3
hisses,3
vacuumed,3
pec-,3
slathered,3
patrolled,3
tucks,3
sub-wardens,3
pecs,3
libdems,3
settlements,3
mac-,3
avram,3
smooch,3
benjamina,3
boater,3
oompa,3
leukemia,3
excavating,3
diverting,3
horan,3
buckfast,3
caliph,3
retirees,3
ssanyong,3
creaminess,3
detector,3
sideline,3
hereby,3
productively,3
percentile,3
trance,3
entail,3
gyllenhaal,3
americanism,3
celine,3
meghan,3
vauxhalls,3
locomotives,3
shirty,3
breadcrumb,3
inseminated,3
eight-ish,3
hatha,3
laboratoire,3
milks,3
whaling,3
charlatan,3
exce-,3
lic,3
superbly,3
exited,3
christies,3
impersonal,3
atchoo,3
resents,3
zack,3
meeny,3
miracles,3
gen,3
gaiman,3
spectre,3
quartered,3
ham-,3
mrsa,3
set-top,3
gail,3
soared,3
paranormality,3
experi-,3
melanoma,3
mentalness,3
proletariat,3
purist,3
dor-,3
pfennig,3
abut,3
forty-something,3
sensations,3
watch-,3
iodine,3
stub,3
ray-ban,3
soar,3
modifying,3
osteopath,3
degus,3
saltsa,3
nationalist,3
widening,3
holdalls,3
ice-,3
ideologies,3
strengthened,3
skinny-dipping,3
rescored,3
marion,3
civics,3
descartes,3
callinicus,3
undercooked,3
vengeful,3
suzannah,3
divider,3
sea-front,3
spirited,3
privet,3
splinters,3
oneness,3
loader,3
ass-,3
jovial,3
mimosa,3
nurs-,3
somebodies,3
erotica,3
dollies,3
andean,3
merciless,3
scurrying,3
crawley,3
blossomed,3
hallowed,3
shrimp,3
contradicts,3
musketeers,3
hibiscus,3
sangria,3
revaluate,3
coulter,3
romanticising,3
frattura,3
jeopardy,3
neds,3
picker,3
ploughs,3
daredevils,3
parachuting,3
jihadist,3
downmarket,3
concertina,3
notepads,3
adjourned,3
senegalese,3
child-friendly,3
wesleyan,3
vantage,3
agendas,3
lodging,3
fay,3
scavenger,3
bibs,3
ahm,3
shrivelled,3
busway,3
frickin,3
solent,3
ached,3
precocious,3
vida,3
commu-,3
tout,3
scathing,3
godly,3
stonework,3
cleanly,3
beauti-,3
hearings,3
bussed,3
pitted,3
audited,3
archibald,3
bonin,3
thirdly,3
hertz,3
exhibiting,3
antisemitic,3
engli-,3
butane,3
philosoph-,3
step-by-step,3
cavi-,3
claustrophobia,3
dooby,3
credited,3
delicately,3
pepys,3
disgustingly,3
margate,3
kremlin,3
complementing,3
masonic,3
samarra,3
nor-folk,3
mana-,3
boldon,3
denominations,3
hummingbirds,3
drabs,3
drizzling,3
rentboy,3
serbians,3
enjoy-,3
boonie,3
keystone,3
nothingness,3
puccini,3
zoology,3
euromillions,3
bestiality,3
clouding,3
boast,3
astray,3
bertolli,3
famalam,3
hegner,3
munchausen,3
admi-,3
context-free,3
pippa,3
laurels,3
uninterrupted,3
utensil,3
landscaping,3
selena,3
reckoning,3
powell,3
orn-,3
sprinkled,3
holloway,3
delegated,3
quintessential,3
chunkier,3
jeanette,3
toil,3
duni,3
resurface,3
dissatisfied,3
exploratory,3
shiv,3
norris,3
breezy,3
blu-,3
holed,3
cascade,3
mach-,3
bullock,3
screenwriter,3
tax-,3
cin-,3
joanie,3
detach,3
timewise,3
anakuma,3
what's-his-name,3
impressionist,3
nebuchadnezzars,3
rupaul,3
pinboard,3
sidestep,3
talkies,3
vitesse,3
uranus,3
two-bedroomed,3
lickers,3
ti,3
turnoff,3
astounded,3
samara,3
dehumidified,3
subarus,3
grabbers,3
larkyites,3
instructive,3
reflections,3
iberian,3
freestanding,3
melba,3
replanted,3
düsseldorf,3
innocently,3
dieticians,3
tahira,3
meth-,3
sculptured,3
announcements,3
abo-,3
welch,3
larsson,3
boozy,3
racking,3
overthinking,3
turn-ups,3
customary,3
list-,3
tonics,3
boastful,3
pontoon,3
durban,3
slumdog,3
hammerite,3
whiteley,3
magnetised,3
oddball,3
skateboards,3
pups,3
ame-,3
sq-,3
teaspoonful,3
tembo,3
enrichments,3
björn,3
child-minder,3
bisect,3
aromantic,3
cartagena,3
conspiring,3
feeble,3
novus,3
speedo,3
liberating,3
crispies,3
bops,3
arid,3
quarterly,3
moneybags,3
past-,3
mozzies,3
gammy,3
docked,3
honest-,3
tmi,3
champs,3
springy,3
bombastic,3
claptrap,3
tacit,3
lexicon,3
estás,3
depots,3
gash,3
circleometry,3
panting,3
cassius,3
chang,3
cori-,3
tinto,3
chequers,3
surefire,3
ballpoint,3
organizer,3
travelzoo,3
courageous,3
stewardess,3
accor-,3
erosion,3
tottering,3
floury,3
gyrocopter,3
purees,3
jk,3
whippy,3
non-finite,3
knockout,3
gable,3
gingerly,3
tolerated,3
purring,3
ambassadors,3
pedant,3
cantoris,3
powdery,3
rosetta,3
backtrack,3
poppadoms,3
mankind,3
til,3
neuroscience,3
flitting,3
flung,3
bod-,3
puritan,3
oestrogen,3
fle-,3
taxonomy,3
authorised,3
kerala,3
villeneuve,3
teat,3
klemperer,3
heavies,3
kal-,3
minster,3
unobtainable,3
motivator,3
hurst,3
visualised,3
unfriendly,3
cte,3
hynde,3
initiatives,3
turkmenistan,3
macclean,3
mencap,3
thermodynamics,3
dialogued,3
legalise,3
volts,3
bromwich,3
tls,3
docklands,3
bushmills,3
sifted,3
needlework,3
infested,3
raison,3
pedestrianised,3
sleepwalking,3
lang,3
cobbles,3
pince-nez,3
circulated,3
runhall,3
banknotes,3
tricycles,3
deviations,3
utensils,3
ecstatic,3
deficient,3
codeine,3
spooked,3
birdlike,3
meredith,3
gaffer,3
peri-peri,3
walki-,3
basset,3
partisan,3
welled,3
kilowatt,3
h2o,3
expel,3
longmarsh,3
rediscovering,3
balanceability,3
bundles,3
candlelight,3
artisans,3
stabat,3
nexus,3
conversant,3
amaze,3
allegation,3
appare-,3
inde-,3
glo-,3
pyrethrum,3
sliverine,3
taverham,3
shameful,3
pecan,3
tzatziki,3
kuwait,3
demean,3
everglades,3
ulcer,3
overridden,3
snag,3
bronowski,3
consumerism,3
robbers,3
qwirkle,3
lambing,3
buttercream,3
coving,3
reffing,3
panniers,3
suked,3
hagrid,3
marmot,3
roosevelt,3
mascleta,3
endorsed,3
glossed,3
dissolves,3
clts,3
undercurrents,3
booxes,3
dehumidifier,3
fritter,3
fixer,3
sergeants,3
mea,3
gooseberryflower,3
vats,3
open-plan,3
bnb,3
residual,3
aznavour,3
outweigh,3
bails,3
staid,3
toners,3
armani,3
messa-,3
resetting,3
cowardice,3
bedstead,3
outfitters,3
purbeck,3
mcdo-,3
bab-yeah,3
cuppas,3
abided,3
additionally,3
real-life,3
slythindor,3
cashiers,3
portakabin,3
coulson,3
izmir,3
excite,3
pah-,3
ruptured,3
cankles,3
determiner,3
mosul,3
daz,3
ides,3
self-checkout,3
galapagos,3
obscurity,3
weli,3
rams,3
daydreaming,3
serfs,3
cae,3
ren-,3
essensuals,3
arnie,3
leyburn,3
aspall,3
constraint,3
saunas,3
weston,3
rehouse,3
fresheners,3
dunmurry,3
beg-,3
upshot,3
subsidising,3
congealed,3
interrogation,3
might',3
hapless,3
lipsticks,3
toma,3
hardening,3
bana-,3
provenance,3
flanimals,3
absent-minded,3
resisting,3
stench,3
alternator,3
corrosion,3
lubricant,3
detours,3
maligned,3
interlinked,3
relisted,3
chamberlain,3
amends,3
woo-,3
carlton,3
disabling,3
ditsy,3
whim,3
met-,3
wint-,3
triffid,3
scabbing,3
psyduck,3
rookery,3
stds,3
cena,3
scaffolder,3
bobbin,3
darren,3
dev-,3
invigilated,3
acrophobia,3
regist-,3
poe-,3
spani-,3
majesty,3
pistons,3
elysium,3
colonising,3
slender,3
propelled,3
els-,3
electro,3
frosties,3
teamed,3
kazan,3
araucaria,3
eeny,3
cartoony,3
tan-,3
rimmel,3
machined,3
faul-,3
ljubljana,3
grimoldsby,3
serviceman,3
unnaturally,3
hitchhiked,3
echoes,3
kangaroos,3
diff'rentstrokes,3
firmer,3
cara-,3
linton,3
thinkers,3
cami,3
co-ordinate,3
royston,3
pellegrino,3
incredulous,3
milli-,3
bandit,3
well-connected,3
jordie,3
lea,3
gritting,3
roux,3
wellie,3
heartburn,3
house-sit,3
recei-,3
acton,3
drainpipes,3
commits,3
woolf,3
competitor,3
proctor,3
smyrna,3
gypo,3
shh-,3
piggott,3
doormats,3
purposeful,3
coherence,3
sandwiched,3
eraser,3
reverted,3
commencing,3
holdups,3
fruition,3
beckett,3
viewer,3
epicurus,3
deus,3
phenomenological,3
tornados,3
incessantly,3
duelling,3
tenuously,3
mantiques,3
burrell,3
cowshed,3
wilfully,3
vita,3
fixers,3
matted,3
swayze,3
hit-and-miss,3
glean,3
ducked,3
mascarpone,3
xmas,3
grump,3
oct-,3
ketch,3
ignite,3
livelihood,3
spoke-,3
clydesdale,3
geologist,3
constricture,3
sparky,3
retrain,3
garibaldi,3
donnie,3
baldrick,3
extroverted,3
hung-,3
dignitaries,3
minolta,3
revved,3
toppling,3
femur,3
adaptors,3
diss-,3
self-disciplined,3
scooted,3
forty-minute,3
nat,3
playsuit,3
tributes,3
newsnight,3
mott,3
adc,3
smoggy,3
tunisians,3
glas-,3
chromosome,3
evertonians,3
stricken,3
swee-,3
de-iced,3
culprits,3
bizzle,3
bamboozled,3
jingle,3
wilting,3
hubris,3
budweiser,3
spall,3
fronting,3
pushback,3
tuber,3
angkor,3
imposter,3
parler,3
kawasaki,3
ej,3
brilli-,3
dors,3
emerge,3
knightly,3
duckworth,3
pf-,3
headband,3
bombarding,3
timberlake,3
scriptwriters,3
structuring,3
decked,3
materialise,3
mphils,3
sa,3
whiskys,3
evading,3
yha,3
esse-,3
alum,3
foreskin,3
tamiflu,3
lofts,3
erupt,3
raiding,3
pakis,3
loc-,3
misdiagnosed,3
princessy,3
arjo,3
dogtown,3
authorise,3
binks,3
chromosomes,3
plug-ins,3
franny,3
sandé,3
swarovski,3
isaacs,3
intents,3
respectfully,3
break-down,3
disassociate,3
positioning,3
spouted,3
sniffy,3
botanical,3
naturaller,3
walkie,3
jojoba,3
cackling,3
richie,3
appetites,3
far-,3
coul-,3
penélope,3
dealerships,3
tinkerbell,3
amazonian,3
get-out,3
celestial,3
cubans,3
toget-,3
fundraisers,3
manically,3
removable,3
hisself,3
lovey-dovey,3
shunned,3
zacharias,3
finger-,3
quicksand,3
great-grandmother,3
mini-,3
tasha,3
dynamo,3
pha-,3
kefalonia,3
sores,3
bridleway,3
dank,3
modifications,3
elective,3
usain,3
smouldering,3
ingenious,3
healthful,3
epidemics,3
hostelling,3
moisturisers,3
hawk-lad,3
labour-intensive,3
pre-book,3
gentlemanly,3
blocker,3
pacino,3
squiggles,3
parsons,3
agonising,3
biscotti,3
mumbles,3
paperbound,3
grading,3
patting,3
underhanded,3
tingles,3
monotony,3
rhine,3
combines,3
optimisation,3
beefs,3
conta-,3
crafted,3
mullet,3
ruffled,3
inflected,3
creamed,3
iso,3
gatecrashed,3
raved,3
gymnee,3
underhang,3
mastermind,3
osama,3
divvied,3
wood-,3
uptown,3
conceal,3
dreamland,3
ope-,3
aah,3
billboards,3
mazel,3
soundscape,3
extravagantly,3
residues,3
medowsweet,3
shittier,3
limitation,3
trawled,3
handbrakes,3
overarching,3
consist,3
moffat,3
sensitivity,3
procrastinating,3
lucretius,3
apocalypto,3
praxiteles,3
mala-,3
whimsical,3
homey,3
tapestries,3
calluses,3
harp,3
griffon,3
fel-,3
underbite,3
underwhelmed,3
regis,3
alleyways,3
hijack,3
veers,3
stumbling,3
da-da-da,3
burrow,3
contention,3
confiscated,3
foof,3
tiddle,3
scafell,3
stirs,3
frightfully,3
unequal,3
mediums,3
welter,3
notches,3
honorary,3
piri-piri,3
impo-,3
activates,3
generously,3
roomy,3
paraglide,3
abi,3
refuelling,3
champs-lysées,3
turk,3
kit-,3
pussyfooting,3
digression,3
clits,3
tristan,3
nestling,3
pioneer,3
rabbiting,3
peake,3
keepsake,3
narrate,3
sinclair,3
wipeout,3
alas,3
entertainers,3
niet,3
invigilator,3
converter,3
juke,3
hanoi,3
kroni,3
muscotel,3
entranced,3
fibreglass,3
goodfella,3
philanthropists,3
pre-medieval,3
waisted,3
trier,3
windbreak,3
palaeolithic,3
demonstrative,3
transcriptions,3
condoning,3
clai-,3
remarry,3
anti-ageing,3
brutalist,3
dissipated,3
3ds,3
mashup,3
unspoilt,3
steinbeck,3
profoundly,3
carbuncle,3
unbroken,3
five-0,3
monkees,3
nicolson,3
naz-,3
juncture,3
malone,3
mooses,3
stylised,3
millennia,3
shacks,3
trickles,3
pape-,3
landslide,3
brek,3
kerrang,3
non-chocolate,3
doi,3
drunker,3
orchestral,3
louisiana,3
blubbed,3
withholding,3
haze,3
overpopulation,3
propagate,3
gaily,3
speedily,3
lounger,3
bluth,3
marg,3
headrest,3
unjust,3
deployed,3
touché,3
bargy,3
funn-,3
plotting,3
flaring,3
tuc,3
worthing,3
uprisings,3
well-travelled,3
rowntree,3
bachelorette,3
thor-,3
crs,3
rallying,3
jabbering,3
zellweger,3
poops,3
bants,3
provable,3
mortimer,3
headmistresses,3
ord-,3
perilous,3
enforcing,3
cormac,3
acrolect,3
engenders,3
northumbriashire,3
curio-,3
foolishness,3
platters,3
motorists,3
textured,3
refurbish,3
inhibiting,3
tentatively,3
fruitcake,3
easil-,3
trebled,3
choo-choo,3
monstrous,3
aboard,3
bloat,3
percolate,3
contributors,3
pit-bull,3
overlord,3
handgun,3
cypriots,3
faisal,3
contractual,3
ticklers,3
tehran,3
dosage,3
garter,3
sweeney,3
unpicked,3
dragony,3
cinque,3
doxford,3
monopolise,3
inactivity,3
cloaks,3
tlr,3
fad,3
harsher,3
iri-,3
usted,3
hand-me-downs,3
kerry,3
townhouse,3
instigate,3
blackest,3
paperchase,3
santorini,3
relegated,3
brafield,3
rsj,3
synchronise,3
semantic,3
nite,3
untie,3
dappy,3
stylistic,3
romancing,3
vou-,3
coupé,3
savorgnan,3
xinjiang,3
ugandia,3
draguc,3
swamped,3
gri-,3
indulging,3
euler,3
selfishly,3
americ-,3
fidget,3
lengthways,3
winks,3
clasping,3
imparted,3
integrates,3
sleety,3
maniacs,3
kenwood,3
airship,3
regress,3
tidier,3
window-sills,3
unofficially,3
suvs,3
executing,3
epistemologically,3
monbiot,3
homelessness,3
christa,3
embellished,3
daleks,3
piloted,3
railroad,3
follicles,3
gloomy,3
pester,3
cellulose,3
ramsey,3
cornucopia,3
exquisitely,3
nicholas,3
theakston,3
solitaire,3
sewerage,3
waylaid,3
neutralise,3
flaxseed,3
slats,3
fergal,3
suspenders,3
knifed,3
torso,3
g20,3
sprouting,3
transatlantic,3
dni,3
retur-,3
garnacha,3
superintendent,3
noo-,3
alimentum,3
idea-,3
disinfect,3
sharey,3
sand-,3
pyre,3
traumatising,3
countrywide,3
sippy,3
rile,3
ankara,3
instructional,3
cask,3
caiman,3
tim-,3
bright-,3
snowdog,3
retaining,3
tlc,3
gamma,3
ex-students,3
archbishop,3
geronimo,3
meddling,3
extrapolate,3
athena,3
coup,3
reciprocate,3
vape,3
elect,3
adorabable,3
scorer,3
medium-sized,3
busta,3
northanger,3
megabus,3
equalled,3
childless,3
inflexible,3
slither,3
annexe,3
great-grandparents,3
watergate,3
sta,3
ji-,3
distracts,3
sriracha,3
pats,3
fuchsias,3
recessed,3
reword,3
scorpio,3
bearer,3
asti,3
haps,3
hardwick,3
slay,3
geraldine,3
tamagotchi,3
culpability,3
direc-,3
impinge,3
drapes,3
sired,3
genisys,3
tiebreak,3
totalitarian,3
dampness,3
affe-,3
rollies,3
loungers,3
yogis,3
vma,3
tiller,3
frills,3
rumbly,3
enhancer,3
goalpost,3
garotte,3
genealogical,3
derestricted,3
imaginable,3
poddle,3
part-timer,3
induce,3
garlicy,3
lynchings,3
fatties,3
cropwell,3
mandelson,3
e-cigs,3
twit-twoo,3
unsolicited,3
capfuls,3
normandy,3
ganglions,3
skirmisher,3
pepe,3
moocs,3
sorbitol,3
galloping,3
thinky,3
squirts,3
libby,3
yule,3
quake,3
rpg,3
grenada,3
hooliganism,3
promiscuity,3
perpetuates,3
squadcast,3
eye-opener,3
barging,3
lapsed,3
publically,3
arteries,3
españa,3
got-,3
jumpsuits,3
outlaw,3
dingaling,3
bedridden,3
hablame,3
popeye,3
lowdown,3
beni,3
omelettes,3
yahtzee,3
brink,3
pagodas,3
diggers,3
cucu-,3
uglier,3
suppressed,3
flow-,3
eras,3
vax,3
impaler,3
nigh-,3
low-level,3
bravest,3
proverb,3
asnacs,3
self-perpetuating,3
possi-,3
keener,3
scie-,3
weasely,3
kakuna,3
jerseys,3
pronation,3
salza,3
qe,3
avatars,3
slurp,3
fol-,3
sear,3
blacktip,3
mediocre,3
prestwick,3
jackal,3
transmitter,3
g-star,3
modernist,3
rebranded,3
tic-tac-toe,3
trooped,3
hoc,3
springu,3
amin,3
sylvester,3
alibi,3
squirrelling,3
fascinates,3
wesley,3
septum,3
tweeds,3
permanganate,3
impediment,3
skink,3
cyclamen,3
insipid,3
bribing,3
scouting,3
crossfit,3
hypnosis,3
art-,3
preggers,3
ayurvidic,3
plopped,3
ringland,3
overriding,3
parva,3
pigmentation,3
ninivar,3
amalgamate,3
avg,3
blinis,3
currant,3
hunched,3
informing,3
jui-,3
zzzz,3
uh-mm,3
tsh,3
unkempt,3
anima-,3
shaquille,3
shortish,3
filmmaker,3
aroused,3
languaging,3
bisc-,3
pinging,3
credence,3
countered,3
gout,3
inaccurate,3
loombands,3
cobblestones,3
concave,3
hislop,3
darkened,3
obsidian,3
moth-,3
overstretched,3
wrongs,3
fleur,3
pageants,3
sauté,3
scammed,3
scrummy,3
appro-,3
citi,3
kiely,3
tienes,3
tesla,3
jawn,3
drowns,3
cassidy,3
astonished,3
bombsite,3
masc-,3
working-class,3
johnnie,3
joinery,3
etc,3
rediscovered,3
reverses,3
barometer,3
recruit-,3
mixes,3
tiber,3
mys-,3
unsexy,3
consi-,3
sidewalk,3
amos,3
freezed,3
clapham,3
policing,3
remedial,3
proclaiming,3
aggravated,3
vie-,3
antagonise,3
earn-,3
wench,3
flammable,3
thereafter,3
intangible,3
thomson,3
merges,3
screenplay,3
cush,3
trucking,3
nitty-gritty,3
dulcolax,3
houghton,3
re-evaluate,3
crooner,3
farnham,3
throating,3
wolfing,3
reusable,3
torturous,3
nadiya,3
obituaries,3
dainty,3
sprinklers,3
harleston,3
psyco,3
rudiments,3
backstreets,3
ushered,3
mercadona,3
croyde,3
babushka,3
trashes,3
unattended,3
hag,3
lubricate,3
kielder,3
contra,3
patronizing,3
mercenaries,3
complimented,3
fuels,3
one-year,3
brillig,3
all-girls,3
jolt,3
leavenworth,3
conflating,3
beh-,3
swathes,3
fanatical,3
schumer,3
teachings,3
exothermic,3
eighteen-month-old,3
canoeists,3
maj-,3
angler,3
strachan,3
jimmies,3
electrocuting,3
alky,3
occupies,3
eulogy,3
polygamy,3
wante-,3
valeted,3
qaida,3
auditioned,3
benigno,3
multi-billion,3
exceeding,3
birdman,3
ernie,3
seri-,3
surrounds,3
boobidy,3
kinks,3
pastie,3
payout,3
stockpiling,3
stepdown,3
hilar-,3
mobbed,3
fs,3
embroiled,3
blueprints,3
maysie,3
irate,3
forgo,3
strata,3
matchsticks,3
fb,3
quranic,3
walkabout,3
evade,3
ragging,3
polysemy,3
inhibitions,3
twits,3
rosehip,3
pretence,3
laggy,3
reza,3
hicks,3
vomitty,3
sikhism,3
pennine,3
deodorants,3
vie,3
svalbard,3
hubba,3
lurid,3
redeemer,3
cronism,3
introductory,3
pont,3
duper,3
streptosil,3
overdosing,3
ruffians,3
manifestation,3
convergence,3
watertight,3
subsidized,3
journ-,3
workbook,3
overmix,3
yorick,3
mcewan,3
indentation,3
temporal,3
interpretive,3
sportswear,3
nicknacks,3
bennie,3
briain,3
nominations,3
reared,3
koko,3
knave,3
toa-,3
travel-,3
bordering,3
flirted,3
más,3
elizabethan,3
bloggs,3
corsets,3
assortment,3
bitched,3
scarpetta,3
mccann,3
civilisations,3
drambuie,3
encompassing,3
overhang,3
build-,3
anastasia,3
compooter,3
prac-,3
hip-,3
cockling,3
vandalise,3
writ-,3
fission,3
browning,3
intis,3
morphed,3
perpetuity,3
jordans,3
scupper,3
lookin,3
tov,3
froyo,3
stalkers,3
chipboard,3
intermittently,3
applicator,3
fuchsia,3
glacier,3
escorted,3
favouring,3
vouch,3
scholes,3
volition,3
undersell,3
ramped,3
starte-,3
'em,3
muugh,3
swingy,3
depicted,3
clarins,3
temps,3
lauder,3
seizing,3
playback,3
thousandths,3
c2,3
duty-free,3
ante,3
kimbra,3
gladiatorial,3
cheng,3
ple-,3
memphis,3
hustling,3
especi-,3
archetypal,3
hallmarks,3
beacon,3
aer,3
sabrina,3
mayall,3
callie,3
ex-sun,3
fobbing,3
goslings,3
orally,3
dives,3
high-flyer,3
c1,3
non-lazy,3
tiddly,3
grungy,3
coraline,3
infinitive,3
daal,3
ngel,3
octopodes,3
frenchie,3
basilect,3
obsessional,3
skillet,3
propellers,3
hallmarked,3
commanded,3
irradiated,3
sledges,3
reporters,3
obriga,3
downright,3
efron,3
derren,3
parky,3
kaiser,3
starmix,3
belch,3
sí,3
cavat,3
cornets,3
exiting,3
chico,3
pedagogue,3
metadata,3
mischievous,3
drawback,3
begomy,3
triage,3
mooted,3
personas,3
meadows,3
millie,3
promptly,3
claudius,3
forging,3
materialises,3
anthropologist,3
laboratories,3
cornfield,3
compiler,3
houseboys,3
cooperatives,3
distanced,3
desi-,3
eight-five,3
liberalisation,3
gophers,3
ganglike,3
liverpudlian,3
pizzery,3
seki,3
stylus,3
outsi-,3
mid-year,3
yoo-hoo,3
dunnes,3
rewritten,3
skive,3
bellamy,3
boyce,3
pingo,3
televised,3
glenridding,3
inflections,3
mortifying,3
rehaul,3
wkd,3
sokovia,3
wavelengths,3
deborah,3
kidnapping,3
two-piece,3
incontinent,3
fenchurch,3
swerved,3
gomera,3
devotion,3
ketchups,3
polytunnel,3
inte-,3
honeycomb,3
cps,3
plonked,3
layering,3
rebounded,3
clusters,3
gridlocked,3
constricted,3
authoritarian,3
amplifies,3
synchronic,3
combover,3
raffles,3
underestimates,3
hypocrisy,3
simpering,3
superseded,3
floater,3
candelabra,3
kievs,3
hole-punch,3
constellation,3
bhs,3
disengagement,3
skidding,3
impressing,3
blurgh,3
kippur,3
conformity,3
shard,3
stevia,3
jong-un,3
back-,3
nectarine,3
hatpins,3
eighty-eighty,3
drool,3
s',3
narrowboat,3
fertilised,3
goujons,3
toss-up,3
favouritism,3
occupations,3
pebbly,3
lifeboat,3
necking,3
narcissistic,3
godson,3
mouthed,3
inpatient,3
hoisted,3
ula,3
bodyweight,3
learnings,3
krona,3
blockbusters,3
flexes,3
almodvar,3
jameses,3
blankety,3
egotistical,3
flogged,3
gallop,3
bookie,3
accommoda-,3
defensively,3
foody,3
cuantos,3
fanfare,3
disarray,3
dcg,3
dweller,3
dowry,3
whittle,3
esteem,3
dogfish,3
sheik,3
babbling,3
thornberry,3
ur-,3
rathaus,3
exterminate,3
enlargement,3
fixable,3
repealed,3
enzo,3
thameslink,3
seeps,3
alta,3
enthralling,3
swifts,3
missouri,3
jalapenos,3
compatibility,3
highbury,3
quarter-final,3
requisite,3
rom-com,3
farcical,3
piquant,3
contestant,3
thorax,3
debrief,3
bell-ringing,3
4k,3
filtration,3
hierbas,3
modernise,3
crocheting,3
permeate,3
add-on,3
moonlight,3
liptone,3
psychos,3
molar,3
unavailable,3
long-haired,3
detested,3
grisly,3
doxycycline,3
treadmills,3
elena,3
battled,3
readjust,3
vehicular,3
grovnjan,3
typ-,3
alsac,3
northeasterly,3
skil,3
basses,3
protocol,3
glu-,3
rece-,3
bourne,3
cinco,3
amplifiers,3
dursley,3
bulgy,3
dink,3
gloop,3
empires,3
chastity,3
ouija,3
fantast-,3
tucking,3
discontinued,3
columnist,3
gripes,3
eros,3
transformer,3
gillian,3
lange,3
tweeter,3
alienate,3
beehives,3
pylons,3
ak47,3
predatory,3
assisi,3
borrowers,3
emeralds,3
orphan,3
shit-faced,3
maltravers,3
margot,3
touran,3
flinched,3
slinging,3
privileges,3
cancels,3
egos,3
spitfires,3
crimson,3
juvenile,3
leu,3
whingey,3
llandudno,3
larynx,3
lighters,3
bloc,3
antithesis,3
marr,3
haywards,3
snipers,3
incense,3
amended,3
mottled,3
laundrette,3
sandler,3
deadening,3
lolita,3
liquidators,3
piloting,3
neuro,3
cuboid,3
couches,3
cymbals,3
three-eyed,3
meditative,3
keepvid,3
colo-,3
silliest,3
selby,3
mournful,3
methodologies,3
brou-,3
mingey,3
slatted,3
prunes,3
knotted,3
austere,3
glam,3
interconnecting,3
hexagonal,3
mill-,3
jobby,3
toasts,3
buena,3
ointment,3
one-hit,3
marginalising,3
4d,3
bullfighter,3
henning,3
jem,3
incentivise,3
glaxo,3
townies,3
cesspit,3
disgraced,3
rabid,3
mervyn,3
ingest,3
photogenic,3
sevilla,3
centralism,3
toshiba,3
sucky,3
curiously,3
redubbed,3
aborted,3
teguise,3
gregorian,3
sufyan,3
controversially,3
rendition,3
apex,3
mathematicians,3
depr-,3
credible,3
busby,3
bayonets,3
keiller,3
butthead,3
age-,3
crusoe,3
s60,3
pinochet,3
incoming,3
exhortation,3
scuff,3
self-build,3
solder,3
inuit,3
throw-off,3
infer,3
hackers,3
aparter,3
hom-,3
sao,3
orb,3
sekis,3
shoelace,3
showbiz,3
meds,3
salesmen,3
proulx,3
wholegrain,3
rat-arsed,3
multipacks,3
murdock,3
shhhh,3
farmacia,3
folio,3
sprig,3
roseberry,3
stand-,3
parenthood,3
leggy,3
zombling,3
immortals,3
stomper,3
tilde,3
cyc-,3
swabs,3
porks,3
eventualities,3
confines,3
crimewatch,3
whoopee,3
tranquil,3
looki-,3
hoo-,3
udi,3
dilapidated,3
wine-glass,3
mercilessly,3
grievance,3
kibosh,3
glitzy,3
quelle,3
ze,3
receptionists,3
whatsapped,3
neigh,3
chisels,3
birthing,3
paperclip,3
analyze,3
dickensian,3
terminates,3
weenie,3
giro,3
intuition,3
orgasm,3
predisposition,3
yoursel-,3
cry-,3
agitators,3
downtrodden,3
sperms,3
taj,3
wooses,3
ouchy,3
eventuality,3
wildfire,3
monsoons,3
admires,3
oprah,3
caw,3
snubbed,3
arsy,3
tilney,3
thermometers,3
drop-,3
ali-,3
channelled,3
brit-,3
gloated,3
darvill,3
piggery,3
ivfs,3
tote,3
wasty,3
pop-ups,3
catchphrases,3
incubi,3
gongs,3
pro12,3
summoning,3
leigh,3
mania,3
convincingly,3
hods,3
segmented,3
repossess,3
outhouse,3
albarn,3
congregationalist,3
bueno,3
figgy,3
feud,3
hartbeat,3
hdr,3
keep-,3
possibles,3
placebo,3
swedes,3
olympus,3
bour-,3
yom,3
salvo,3
dymo,3
dancey,3
ceramics,3
corsas,3
lancelot,3
froom,3
gazing,3
jamboree,3
do-da,3
ira-,3
canopy,3
teamtalk,3
de-fragging,3
estimation,3
effectiveness,3
belty,3
wallys,3
backstabbing,3
lastly,3
morgue,3
oap,3
fannington,3
clattering,3
keenly,3
plushies,3
nosed,3
deteriorates,3
simples,3
marbling,3
recollections,3
boyzone,3
hawkgirl,3
obtuse,3
duplicity,3
saltpetre,3
punctual,3
illuminating,3
lashes,3
prosit,3
corrects,3
stupi-,3
schoenberg,3
healer,3
breadwins,3
crux,3
jaded,3
tentative,3
wwe,3
sar-,3
thai-,3
abe,3
hampstead,3
sigmund,3
boarder,3
rapes,3
nicolas,3
uncharted,3
multiplying,3
westfield,3
rik,3
mi,3
admirable,3
norbert,3
inflating,3
mitford,3
psychopaths,3
unders-,3
furness,3
racey,3
jogged,3
wheelbase,3
distr-,3
urinary,3
cathartic,3
pernod,3
vacuuming,3
widget,3
bianca,3
qual-,3
summative,3
emphasised,3
brill-,3
polyfilla,3
dartboard,3
clop,3
start-rite,3
casablanca,3
feuds,3
annotating,3
mudflats,3
loggia,3
brac,3
shins,3
omar,3
concorde,3
rhode,3
dribs,3
msn,3
boundless,3
roache,3
sowing,3
boos,3
fernet-branca,3
exonerated,3
dampening,3
naomi,3
gargling,3
beaver,3
seventy-eighty,3
descendant,3
burny,3
fortnightly,3
troubling,3
quo-,3
nega-,3
doers,3
channing,3
plas-,3
oversubscribed,3
plush,3
documenting,3
adhered,3
gospels,3
arrivals,3
scien-,3
florescent,3
modulates,3
bf,3
dissected,3
zooms,3
subletting,3
ensnare,3
yell-,3
attest,3
hardwearing,3
aqueducts,3
indesign,3
prognosis,3
advertiser,3
heartily,3
blaze,3
be-all,3
reactionary,3
hellraiser,3
reser-,3
depe-,3
micro-,3
xs,3
prickles,3
snipping,3
muttley,3
sprinted,3
mulch,3
redwings,3
pp,3
clumpy,3
overran,3
boy-,3
coliseum,3
interdisciplinary,3
wim,3
envied,3
jet-skiing,3
routed,3
three-year,3
prehistory,3
aroun-,3
magnifique,3
gozzy-eyed,3
griddle,3
scra-,3
gunman,3
honorifics,3
complements,3
enter-,3
rohypnol,3
hotshot,3
masculinity,3
duffy,3
unofficial,3
joffry,3
bubblegum,3
velociraptor,3
haves,3
polyphotos,3
applauding,3
flak,3
luigi,3
slogans,3
luncheon,3
grimsby,3
ellie,3
cory,3
applicant,3
cherbourg,3
parasols,3
goatier,3
favouritest,3
swished,3
ill-,3
strainer,3
eighths,3
equestrian,3
exponentially,3
rolexes,3
portaloos,3
pressurising,3
reorganise,3
classicists,3
ladrones,3
payee,3
chinos,3
cloning,3
unix,3
electra,3
ant-,3
speckles,3
sandra,3
worrier,3
smothered,3
flowerbeds,3
pilgrims,3
darning,3
airbnbs,3
leav-,3
punchlines,3
6s,3
secretive,3
hee,3
gooding,3
unsick,3
bertrand,3
copious,3
obamas,3
sizzling,3
circlip,3
armeen,3
cba,3
ryder,3
cosmo,3
duncan,3
forewarning,3
pushchairs,3
fairyland,3
mgm,3
haunting,3
surpri-,3
quai,3
theorising,3
alcove,3
sorrento,3
subterranean,3
tankard,3
beastly,3
biscwits,3
renovations,3
festina,3
crickets,3
playsuits,3
vide-,3
oxtail,3
pariah,3
unfollow,3
mindfulness,3
conjures,3
strapping,3
älska,3
teapots,3
hinged,3
tim-a-jig,3
agms,3
indus-,3
sjp,3
winch,3
far-fetched,3
bellini,3
minx,3
cross-over,3
keyrings,3
assimilate,3
dredging,3
surer,3
fakes,3
cavalier,3
antara,3
garments,3
goldfinch,3
gracing,3
mondrian,3
approximate,3
biggy,3
k-pop,3
introduces,3
sweared,3
consecutively,3
slander,3
clawing,3
todge,3
squeaked,3
claude,3
boaters,3
anthems,3
record-,3
bovine,3
sculptor,3
gemma,3
self-referrals,3
demos,3
qashqai,3
walters,3
perros,3
maxed,3
triceratops,3
retinas,3
horriblest,3
huddle,3
gremlin,3
biggun,3
susp-,3
soured,3
wildcard,3
embolism,3
bottegon,3
half-hearted,3
stormtrooper,3
legality,3
all-encompassing,3
vibrato,3
symposium,3
penalising,3
nurofen,3
wino,3
conducive,3
mousar,3
hum-,3
apostilled,3
hideously,3
double-book,3
commissioner,3
ruff,3
pours,3
spreche,3
aff-,3
defrosts,3
doso,3
udder,3
deft,3
win-win,3
gere,3
show-,3
eng,3
cantankerous,3
capturing,3
nimby,3
un-pc,3
produ-,3
photosynthesis,3
elevated,3
conflicted,3
disorientation,3
heterosexual,3
bulgar,3
phelps,3
constantine,3
damascus,3
genitalia,3
superskinny,3
citations,3
radically,3
lee-,3
superv-,3
oran-,3
yog-,3
catheter,3
configurations,3
litera-,3
mid-july,3
analchat,3
sectarian,3
zings,3
moleskin,3
nameplate,3
supersavvyme,3
swinger,3
shegare,3
seker,3
doodah,3
pappy,3
whitley,3
squib,3
disgu-,3
thalidomide,3
pander,3
everwood,3
odi,3
task-based,3
tums,3
nationalized,3
lardons,3
phhhotos,3
asleepy,3
adver-,3
rockers,3
jowl,3
eighty-eighty-one,3
enrique,3
sulky,3
mms,3
negotiable,3
maintains,3
dinga,3
soapy,3
oneself,3
know-,3
arriba,3
tavern,3
irr-,3
double-checking,3
brochures,3
tog,3
mutated,3
soaker,3
caro,3
babbino,3
manking,3
freer,3
pigtails,3
kettlebell,3
lock-in,3
x-wing,3
ufo,3
han,3
ibn,3
transmitting,3
underworld,3
pre-recession,3
pandering,3
trufflely,3
topples,3
logistically,3
compounded,3
davidson,3
chamomile,3
accomplice,3
marth,3
built-up,3
rands,3
abode,3
baltar,3
failings,3
ak,3
portaloo,3
wildcats,3
hoick,3
surfaced,3
overfeed,3
coi-,3
combustible,3
temüjin,3
arbitrarily,3
trussed,3
dire-,3
e-books,3
waging,3
nosepiece,3
antonym,3
dangles,3
malphite,3
goa,3
inca,3
tota-,3
oner,3
eyelash,3
fusty,3
houseboat,3
commendable,3
rial,3
rumsfeld,3
superfast,3
medivac,3
incompatibility,3
spud,3
sort-,3
corks,3
borger,3
aslee-,3
absurdly,3
pullover,3
geo,3
utis,3
mid-wales,3
beagle,3
squashing,3
moomins,3
filthiest,3
carefree,3
e-reader,3
mikkelsen,3
lingonberries,3
digressing,3
florists,3
profiled,3
defendant,3
spats,3
staines,3
lifeguards,3
infernal,3
whereabout,3
sentencing,3
hibernation,3
salesperson,3
stepmum,3
pron-,3
degenerative,3
punitive,3
mohammed,3
tariffs,3
intergenerational,3
storyboarding,3
feel-,3
infa-,3
discouraged,3
gully,3
electricals,3
crossrail,3
maybes,3
alchemy,3
companions,3
flexitarianism,3
kors,3
sug-,3
exmoor,3
whitening,3
departmental,3
pseudo,3
anglo-nubian,3
irresistible,3
zachary,3
flossing,3
blackstock,3
macleans,3
swill,3
cinq,3
sharply,3
sporadically,3
diphthongs,3
malarone,3
lemonasco,3
poser,3
slime,3
skids,3
reclines,3
humouring,3
vlog,3
summing,3
lettering,3
luck-,3
childs,3
turntables,3
silliness,3
hyena,3
obedient,3
conserv-,3
evidenced,3
scaremongering,3
spiralling,3
gobelins,3
prezi,3
smee,3
jong,3
evaporate,3
cuttlefish,3
rotavator,3
swerving,3
hornet,3
silvery,3
reinforces,3
ex-council,3
dearly,3
lobsters,3
sneezy,3
fly-tipping,3
gannin',3
witless,3
ringtones,3
dissed,3
invest-,3
twirly,3
inheriting,3
unity,3
phobe,3
imbecile,3
ec-,3
sparingly,3
barring,3
quietness,3
requiring,3
querying,3
commissioners,3
baddiel,3
hangi-,3
pounder,3
notified,3
irreversible,3
prejudiced,3
old-,3
teammates,3
house-sits,3
longed,3
dehydrate,3
shareholder,3
romanticism,3
investigators,3
spotlights,3
bell-end,3
periodic,3
gork,3
glutton,3
scrag,3
tranquillity,3
burpy,3
mists,3
bonios,3
extra-large,3
re-grouting,3
resurfaced,3
eradication,3
chuseok,3
omgwt,3
quant,3
farmyard,3
jolson,3
iou,3
teleport,3
tuh,3
forklifts,3
evensong,3
puter,3
slopped,3
squiffy,3
warrants,3
soir,3
mule,3
moussey,3
unimaginative,3
minicab,3
cuter,3
wallies,3
injustice,3
materialised,3
metabo,3
austr-,3
tensioner,3
sordid,3
odysseus,3
kavos,3
incessant,3
retract,3
idiosyncrasies,3
troopers,3
gravitated,3
underrated,3
bustle,3
pillaging,3
gubbins,3
ushankas,3
entomologist,3
lengthen,3
finzi,3
homophobes,3
statistician,3
friary,3
merlin,3
ha-ha-ha-ha,3
patted,3
anniversaire,3
intervened,3
sweety,3
bowing,3
golfer,3
palabrotas,3
affording,3
observatory,3
groundnut,3
scholarly,3
ce,3
dials,3
hus-,3
des,3
intrude,3
predmety,3
franca,3
midl-,3
obvi-,3
typer,3
practicals,3
duggan,3
jazzed,3
misbehaved,3
hardworking,3
houblon,3
choppy,3
biscay,3
savannah,3
cited,3
kelp,3
bonjour,3
jackass,3
maturing,3
stockport,3
deg-,3
benn,3
ec,3
dislodge,3
mir,3
tarnishes,3
tonguing,3
inept,3
colombian,3
ges-,3
seonsaengnim,3
janua-,3
cutch,3
ugandian,3
westwood,3
knit-,3
aggro,3
idi,3
low-key,3
rehabilitated,3
shoals,3
ahem,3
acetone,3
woh,3
incarceration,3
gassing,3
assuring,3
miserably,3
telsa,3
ib,3
delusions,3
vouched,3
bettered,3
immobilised,3
storytellers,3
kindest,3
beningbrough,3
fallback,3
twelvety,3
zero-hour,3
wriggled,3
mojitos,3
goodo,3
spring-like,3
sixteens,3
muffet,3
nitwit,3
flaking,3
unpick,3
schoo-,3
rah-rah-rah,3
tortellini,3
gruelling,3
kenco,3
browner,3
exc-,3
blunkett,3
samenya,3
wrinklies,3
const-,3
pilkington,3
gara-,3
rind,3
whitstable,3
gliders,3
bell-ringers,3
pac-man,3
checkmated,3
righteous,3
los-,3
lem-,3
tariq,3
ibid,3
gt6,3
akureyri,3
rottweiler,3
incubating,3
pathé,3
canute,3
dogtanian,3
chipsticks,3
convex,3
car-banana,3
trimmers,3
mooring,3
ethylene,3
unbeknown,3
sief,3
miquel,3
vanishing,3
rickie,3
surrealist,3
multi-storey,3
nudism,3
ducksworth,3
walrus,3
axes,3
fallible,3
glides,3
rowers,3
staging,3
rattlesnakes,3
chitty,3
kofte,3
jerome,3
buggies,3
sheftali,3
winged,3
hooters,3
flattest,3
satay,3
barrelled,3
mind-set,3
forma,3
elusive,3
acquaintance,3
b70,3
beau,3
proc-,3
lts,3
depresses,3
sandbank,3
landb,3
penknife,3
redirected,3
onboard,3
scrapyard,3
duplicate,3
blacklisted,3
new-,3
poss,3
russel,3
hoisin,3
dermatologists,3
decora-,3
ventura,3
kickers,3
acrobat,3
spruced,3
mojo,3
stillborn,3
leipzig,3
befor-,3
dominance,3
weegie,3
wined,3
saudis,3
pshe,3
dauphinoise,3
shrugging,3
audiologist,3
terabytes,3
exhausts,3
theirselves,3
yankees,3
modelled,3
burro,3
fireball,3
inauguration,3
fuji,3
twittering,3
inkstand,3
eliminating,3
chimpanzee,3
varifocal,3
carted,3
gerry,3
surfboard,3
bargaining,3
harriott,3
tempts,3
roland,3
djs,3
weh,3
skinflint,3
daze,3
rom-coms,3
smithsonian,3
natio-,3
adv-,3
chants,3
ya-,3
daffies,3
perplexed,3
kermit,3
fossilised,3
grandmas,3
reunite,3
beirut,3
has-,3
timetabling,3
beaut-,3
krone,3
heresy,3
whatchamacallit,3
rusks,3
fullerenes,3
ga,3
cathodic,3
farriers,3
mur-,3
steepest,3
tae,3
tail-wagger,3
switchover,3
showcase,3
penthouse,3
fearing,3
sheftalia,3
ezpass,3
vendor,3
niland,3
ingesting,3
gravitas,3
die-,3
perrault,3
absorbency,3
pantomimey,3
radiologist,3
finn,3
fluoxetine,3
sprinters,3
alienated,3
puffball,3
kimmy,3
elbulli,3
floyds,3
facebooks,3
espn,3
reel-to-reel,3
jessops,3
chic-,3
td,3
ballsy,3
coptic,3
welcomes,3
synergy,3
broccolis,3
dabble,3
tinkle,3
ferric,3
horrifically,3
bow-legged,3
usi-,3
pah,3
trickster,3
jangling,3
drop-in,2
forgery,2
mock-orange,2
inquisition,2
drummies,2
contented,2
hidey,2
teen-,2
tats,2
relic,2
disarranged,2
interchangeably,2
slates,2
dowelling,2
off-duty,2
umbray,2
motogp,2
oneish,2
nihilism,2
fresco,2
beekeeping,2
hands-free,2
molesey,2
hud,2
illustrators,2
tyrannosaurus,2
voicing,2
reintroducing,2
aud-,2
thumps,2
chrysanthemums,2
choosy,2
cagoules,2
roscoff,2
double-decker,2
appetizing,2
groundhog,2
voter,2
duchamp,2
modals,2
nanomedicine,2
thwack,2
appetisers,2
cosmetically,2
dll,2
toothl-,2
philomena,2
refreshers,2
q-bot,2
qualifiers,2
kalil,2
incurable,2
pieroth,2
bewitching,2
penney,2
duh-duh-duh-duh,2
retaking,2
diffic-,2
evap-,2
emphysema,2
coolant,2
beckoning,2
internalizing,2
urinate,2
over-capacity,2
shimmied,2
peres,2
housebound,2
incompetence,2
chima,2
guilts,2
debated,2
angola,2
resale,2
cuties,2
regen-,2
seabass,2
funny-shaped,2
widthwise,2
unblock,2
impale,2
anyo-,2
townspeople,2
reworking,2
weil,2
euronews,2
raoul,2
stickiness,2
ninety-minute,2
cauterised,2
thur,2
maui,2
good-,2
thins,2
pruning,2
warmly,2
biad,2
cocteau,2
transcri-,2
grolsh,2
tongue-tied,2
grandm-,2
posers,2
feb-,2
tarting,2
seeders,2
colonisation,2
saracen,2
ethicy,2
fishcake,2
davy,2
roc-,2
twenty-something,2
prowling,2
has-beens,2
asy-,2
know-it-all,2
leftie,2
runcle,2
wres-,2
tremens,2
trainer-,2
twattish,2
pay-out,2
fobbed,2
metallic,2
fastening,2
ethiopia,2
conspicuously,2
dungeness,2
dubs,2
wher-,2
balbao,2
gyrometer,2
aberration,2
bialetti,2
ironie,2
earlobe,2
meagre,2
under-stair,2
werther,2
shleepy,2
self-catered,2
plac-,2
high-fived,2
mistakenly,2
ermerm,2
moggy,2
fluency,2
bough,2
bifocals,2
overplay,2
farety,2
doogle,2
fiendish,2
withering,2
tiddlers,2
chartership,2
suspender,2
sandcastles,2
middlesborough,2
dithering,2
bogeys,2
merger,2
renters,2
cappadocia,2
legina,2
exacting,2
wrangle,2
giveaways,2
adven-,2
locacines,2
egging,2
enticing,2
boars,2
constituencies,2
dignitas,2
leapfrog,2
disqualify,2
henpecked,2
sunroom,2
annoyi-,2
liaising,2
fiddlesticks,2
livewire,2
smarty-pants,2
abundantly,2
deadeye,2
rogers,2
saul,2
wrinkled,2
touchy-feely,2
spl-,2
broked,2
adas,2
quiches,2
forty-fives,2
mercifully,2
regu-,2
evacuating,2
elasticated,2
verbatim,2
kidder,2
spoon-fed,2
freddo,2
mackay,2
extramarital,2
percolator,2
whys,2
documentar-,2
kyrgyzstan,2
twoer,2
novices,2
nagipoor,2
katla,2
over-populated,2
christenings,2
numan,2
dispu,2
tint,2
backy,2
ellis,2
wagnerian,2
disagreeable,2
heartache,2
tarpaulin,2
invoke,2
ieb,2
harriers,2
jerking,2
clobbered,2
glaz-,2
hemming,2
reroute,2
recy-,2
ner-,2
shatterproof,2
cockneys,2
primani,2
pars-,2
dorking,2
prevalence,2
showery,2
finishable,2
mid-sixties,2
rematch,2
patronisingly,2
pouting,2
dairies,2
blan-,2
abandonment,2
playable,2
mounts,2
belo-,2
chocolatier,2
interwoven,2
microcosm,2
bearwood,2
unparalleled,2
duly,2
texty,2
chivalry,2
intensify,2
customized,2
marbled,2
pda,2
recurrence,2
witnessing,2
pre-tax,2
artsy,2
shunting,2
depict,2
yakking,2
wellingborough,2
selectively,2
telephony,2
sweetly,2
lastminute,2
longman,2
non-runner,2
dru-,2
safeways,2
wark,2
ten-year-olds,2
subcontract,2
speculated,2
yappy,2
flatulent,2
serie-,2
islamists,2
mycheck,2
skodas,2
justly,2
emancipate,2
deuce,2
diagonalise,2
yoi,2
minti,2
barfed,2
portrayal,2
lightest,2
janpan,2
rubinetto,2
ambushed,2
panoramas,2
bugloss,2
fagtopia,2
maccoll,2
uninvited,2
eradi-,2
waiver,2
runnier,2
vivacious,2
allium,2
grits,2
responsibly,2
decaffeinated,2
termed,2
eee,2
snowmanned,2
concoct,2
a4s,2
multi-,2
empower,2
leinster,2
che-che-che,2
greyer,2
gaskets,2
wil-,2
sweetbread,2
parents-in-law,2
larkin,2
brassieres,2
creditor,2
estimations,2
deleuze,2
twiggy,2
ionian,2
churlish,2
shudder,2
shoed,2
grasshoppers,2
habitats,2
touchpad,2
synagogues,2
chinoise,2
bulges,2
carca,2
airo-,2
mariah,2
batters,2
conductive,2
hyperactivity,2
wooh,2
cheesie,2
davros,2
renegade,2
derailment,2
hotting,2
conc-,2
gras,2
overspend,2
tremor,2
nazca,2
fricative,2
ima,2
angelic,2
likey,2
bein,2
pail,2
jenkins,2
perper,2
horrib-,2
ulloa,2
koruna,2
never-ending,2
serbs,2
jemaine,2
tombstones,2
turtleneck,2
dislikeable,2
apocalyptic,2
particular-,2
terminals,2
okra,2
trampy,2
fill-,2
pacey,2
rudeness,2
bm,2
matobo,2
compote,2
piñatas,2
onc,2
synthesis,2
administrate,2
sabzi,2
purer,2
calment,2
hurley,2
street-,2
forerunner,2
wood-burner,2
girders,2
predecessor,2
exploitation,2
dakar,2
flours,2
stang,2
saki,2
upsilon,2
guarantors,2
restauranty,2
marrows,2
billington,2
fulbright,2
unglamorous,2
posed,2
self-destruct,2
thermal-lined,2
phonemes,2
unp-,2
jigging,2
butts,2
placards,2
donnington,2
dinklage,2
back-to-backs,2
ere,2
anti-climax,2
tartars,2
remakes,2
diaby,2
fleshier,2
nine-inch,2
decoy,2
seasonably,2
agonisingly,2
intercept,2
astronomers,2
paparazzo,2
magnify,2
buongiorno,2
undivided,2
dutchman,2
ric,2
ba-ba,2
scuttering,2
gruel,2
peelers,2
jecko,2
mutate,2
forthright,2
semesters,2
hetla,2
twitched,2
jacquetta,2
shepherded,2
kuwaiti,2
lockdown,2
likened,2
geonbae,2
substituting,2
reconcile,2
all-over,2
parma-,2
gotye,2
t-bone,2
incensed,2
breached,2
all-clear,2
hushed,2
satur-,2
filmer,2
camus,2
ruh-ruh-ruh,2
acula,2
ex-wives,2
watermark,2
stratton,2
birdwatchers,2
micros-,2
potent-,2
play-doh,2
touting,2
zappers,2
mediciny,2
jades,2
somewhe-,2
normalish,2
cadaver,2
handedly,2
tappee,2
peshwari,2
freckle,2
baffling,2
raggedy,2
bigamously,2
wielding,2
shatters,2
dena,2
greeter,2
life-threatening,2
repainting,2
absinth,2
truckers,2
sombre,2
ato,2
curr-,2
flurry,2
patios,2
gy-,2
firenze,2
grovinj,2
ineffectual,2
bleugh,2
unglossed,2
stavanger,2
balling,2
scirocco,2
luna,2
kingpin,2
acquit,2
energies,2
roasters,2
inglaterra,2
thirty-year,2
weoo,2
powerless,2
motorist,2
amah-zing,2
jeju,2
gynaecologists,2
favourably,2
saturates,2
floodlights,2
minder,2
timesed,2
bicentenary,2
sea-level,2
erectus,2
probiotic,2
spor-,2
orinoco,2
scooch,2
unwinnable,2
save-,2
lionel,2
wons,2
splay,2
fhm,2
offsets,2
high-profile,2
chīzu,2
tranquilo,2
unblocked,2
seniority,2
bertha,2
ringgit,2
apprec-,2
awaiting,2
sheathed,2
recognizes,2
movey,2
off-shore,2
one-liner,2
stenographers,2
outgrow,2
shysters,2
reinstalled,2
costuming,2
sidney,2
brooms,2
kazam,2
montepulciano,2
bickies,2
ex-servicemen,2
fluctuation,2
one-bar,2
ridgy,2
trusses,2
oup,2
repository,2
career-wise,2
granger,2
whined,2
chequebooks,2
tamworth,2
rheinland,2
levy,2
synth,2
commentaries,2
veneration,2
loulé,2
joist,2
cut-out,2
y'are,2
sensitised,2
bivouac,2
isolating,2
expresses,2
carrey,2
creasing,2
kurdistan,2
phasing,2
ava,2
assemb-,2
irritant,2
lumpia,2
tamal,2
disenfranchised,2
clydebank,2
differentiating,2
falfo,2
sit-down,2
orch-,2
poten-,2
indu-,2
post-internet,2
calamities,2
scintillating,2
bionic,2
airlifted,2
delusion,2
annock,2
detest,2
invit-,2
silhouetted,2
self-regulate,2
pervasive,2
piccolo,2
strappy,2
griller,2
woss,2
rescinded,2
motorcyclist,2
surveyors,2
knell,2
tonner,2
whistle-stop,2
evita,2
frigates,2
boogied,2
potati,2
floodwater,2
sirius,2
vent-,2
wisconsin,2
well-cooked,2
intercom,2
vd,2
indemoler-,2
lamona,2
multimeters,2
ramming,2
guy-,2
souk,2
wolds,2
reaping,2
haulier,2
waterhouse,2
tutted,2
censored,2
rationally,2
croute,2
proofreaders,2
perpetuation,2
scrapheap,2
roundness,2
humdinger,2
checkups,2
brca,2
tarantulas,2
chromium,2
tailor-made,2
ptolemy,2
sle-,2
clancy,2
battering,2
non-veggie,2
longbows,2
peopled,2
groupie,2
kingsman,2
mobolio,2
assembling,2
viserba,2
short-changed,2
vicky,2
molecule,2
robes,2
egg-cellent,2
binds,2
adventurer,2
mousseline,2
azores,2
lair,2
humanely,2
bicep,2
chlorofilm,2
riverdance,2
cheapjack,2
dutiful,2
canoes,2
porque,2
fight-,2
toerag,2
weather-wise,2
u-bend,2
shoestring,2
sundry,2
gazumped,2
proboscis,2
rotherham,2
amyloid,2
salem,2
outy,2
intuit,2
funda-,2
broadened,2
halle,2
janu-,2
one-liners,2
reb-,2
melodious,2
stretchier,2
specialize,2
mua,2
whizzers,2
diminishes,2
sloshing,2
pearly,2
self-absorbed,2
tinfoil,2
elphick,2
backtracking,2
rizler,2
main-,2
chaka,2
beauchamps,2
sofa-bed,2
ayahuasca,2
debut,2
olsen,2
parachuted,2
carnegie,2
psychosomatic,2
idealistically,2
bralette,2
tashkent,2
cortex,2
rice-based,2
goldwater,2
iam,2
replicated,2
guerrilla,2
eclipsed,2
executor,2
fussing,2
neces-,2
choirboys,2
longbow,2
shrewd,2
pliable,2
undergrou-,2
wane,2
sellable,2
sombreros,2
sutra,2
lot-,2
privy,2
weep,2
gingerist,2
shakey,2
a13,2
plasterwork,2
bautzen,2
left-handers,2
suitors,2
hamptonian,2
spinjitzu,2
infectious,2
parry,2
westside,2
daesh,2
apperion,2
blinder,2
counterpart,2
unedible,2
kink,2
canoodling,2
twenty-twelve,2
office-,2
ashfelt,2
troub-,2
inoculated,2
chivvying,2
mx5,2
holid-,2
tho,2
self-stoned,2
garfunkel,2
chomped,2
acr-,2
underemployed,2
quicktime,2
indecisiveness,2
muscatel,2
chardonnay,2
flatscreen,2
trannie,2
evasive,2
ogee,2
self-styled,2
machetes,2
cid-,2
quadrupled,2
calculators,2
fingermarks,2
o'dowd,2
quark,2
butter-,2
hoarding,2
knickerbocker,2
laurent,2
popper,2
claridge,2
hoodwinked,2
buttress,2
itn,2
woolpit,2
mcgowan,2
meringues,2
villes,2
text-based,2
alar-,2
microwaved,2
rotor,2
rulings,2
piku,2
interjected,2
assis-,2
hemmed,2
lowry,2
half-aunt,2
canoodle,2
nudies,2
disobedient,2
brain-dead,2
dabbles,2
buzzy,2
grand-daughter,2
hosed,2
stagnated,2
mot-,2
paignton,2
dansak,2
winterish,2
initiate,2
tokenism,2
vabiano,2
lunatics,2
armistice,2
automation,2
bagpipe,2
mamasan,2
pampers,2
ninety-,2
noma,2
ashtrays,2
plunged,2
stoking,2
shilling,2
sadist,2
snl,2
faintest,2
spinny,2
wabe,2
cubed,2
commentating,2
up-and-coming,2
severus,2
guit-,2
fil-m,2
libertarian,2
guadalajara,2
parm-,2
undiagnosed,2
equipping,2
tabloids,2
ast-,2
authoritatively,2
spewing,2
alphabetically,2
countrified,2
indiscriminately,2
schofield,2
suppl-,2
cors,2
jes-,2
mond-,2
plunk,2
enriches,2
retrained,2
consultations,2
prosecutions,2
archaeologically,2
swagger,2
prezis,2
bountys,2
mdna,2
slider,2
fourt-,2
droughts,2
voilá,2
appliqué,2
diamondy,2
lasagnes,2
fml,2
emi-,2
chelfies,2
homies,2
time-wise,2
suave,2
hoisting,2
kufic,2
breakage,2
ribcage,2
nullify,2
consolidating,2
cozzie,2
relapsing,2
chillers,2
gander,2
tempo,2
updos,2
commutes,2
nast-,2
amass,2
mauling,2
mumbo,2
plagne,2
post-war,2
blumenthal,2
hassan,2
distributes,2
bootie,2
dribbly,2
arlene,2
choreography,2
zach,2
twenty-week,2
mer-,2
afikoman,2
teashop,2
maddox,2
hunky,2
emerges,2
rigger,2
massaged,2
persuasive,2
hemel,2
lin-,2
two-hander,2
puling,2
biaritz,2
substrate,2
confine,2
yoy,2
morn,2
perspicacious,2
pic,2
cloche,2
feudal,2
grands,2
flue,2
half-siblings,2
jabba,2
postponing,2
towcester,2
namesake,2
chet,2
wearable,2
continuum,2
talmudic,2
glamorizes,2
franz,2
syn-,2
isn-,2
christine,2
interbred,2
restocked,2
cambodian,2
dumfries,2
hotbed,2
pansexual,2
skidmark,2
ethnography,2
cultivation,2
chokesondick,2
mandm,2
self-respect,2
breaches,2
forsythia,2
monmouth,2
shannon,2
dict-,2
devastation,2
nameless,2
acutally,2
wetland,2
self-sustaining,2
catsup,2
cheekiness,2
grosser,2
heartening,2
quilters,2
cbbc,2
skinnies,2
wincy,2
bottlemen,2
sarca-,2
submarium,2
niggles,2
clank,2
inhibit,2
certify,2
well-heeled,2
mank,2
hir-,2
lifelike,2
reopens,2
lurkers,2
low-rise,2
lightsaber,2
lumpa,2
reaped,2
torvill,2
arra-,2
skewer,2
willed,2
whiche-,2
flattered,2
infancy,2
oafy,2
hysterectomies,2
excellently,2
swizzing,2
unsurprising,2
tête,2
dinnertime,2
jove,2
montan,2
overpay,2
deserts,2
porridges,2
schiffer,2
begi-,2
valiantly,2
mid-game,2
refocusing,2
excise,2
flamingo,2
heks,2
curdling,2
did'n-,2
shipments,2
surf-,2
resins,2
carbons,2
equivocal,2
kerosene,2
walk-,2
parka,2
compar-,2
crimeing,2
cairns,2
desensitized,2
chowder,2
re-enter,2
defi-,2
shui,2
annually,2
squadrons,2
yewtree,2
ven,2
nozzle,2
vector,2
hutt,2
testified,2
borge,2
dork,2
curtail,2
thornton,2
tonfisk,2
disturbances,2
kiddicare,2
succe-,2
mack,2
widths,2
drafting,2
piedmont,2
whitewashed,2
half-built,2
granddd,2
pealed,2
northfield,2
bacchus,2
amplitude,2
spotter,2
mogu,2
geomag,2
condi-,2
self-publishing,2
accumulator,2
transitioning,2
quantative,2
anti-semite,2
restringing,2
all-female,2
telephoned,2
cozy,2
abomination,2
protracted,2
figurines,2
headshot,2
hitched,2
pulau,2
minders,2
unveil,2
mihangel,2
twitchell,2
stri-,2
ents,2
fizzles,2
spiles,2
carluccios,2
holograms,2
parboil,2
compan-,2
fourteen-year-olds,2
utilizing,2
kaput,2
odin,2
episodic,2
sligh-,2
abortions,2
harb-,2
swarmed,2
cerebrally,2
home-,2
ironmongery,2
nomenclature,2
unravelling,2
nolan,2
constituents,2
rushes,2
gibbing,2
lookalike,2
raunchy,2
executors,2
merson,2
chewers,2
markies,2
poznań,2
ala-,2
auditors,2
pickaninny,2
pretties,2
nes-,2
bath-,2
piggyback,2
bjork,2
biddenden,2
intruding,2
volunt-,2
goggly,2
kerbish,2
a505,2
cashpoints,2
de-crust,2
storybook,2
came-,2
oil-based,2
tupe,2
sickle-cell,2
play-offs,2
medlar,2
forester,2
back-packer,2
mimbo,2
pheromone,2
zenith,2
commandeered,2
spanglish,2
twenty-year,2
firstborns,2
laksa,2
twinkly,2
millwall,2
deschanel,2
growbag,2
avoidable,2
psh,2
engin-,2
rashford,2
swim-,2
assaults,2
moulting,2
deconstruct,2
eternally,2
outhwaite,2
compresses,2
thoughtless,2
ascending,2
terroristy,2
place-,2
hasten,2
numbskull,2
bodyguards,2
contradictions,2
watchdog,2
parkies,2
mitochondria,2
muscovado,2
vaulters,2
restricting,2
wes-,2
yeovilonian,2
heidelberg,2
darien,2
tiff,2
soloists,2
basc,2
coppery,2
pharmacists,2
carats,2
suppor-,2
greenflies,2
booby-trapped,2
remortgage,2
jiggled,2
randall,2
chauffeuring,2
workbench,2
brunches,2
wey,2
two-ish,2
beaverbrooks,2
semi-professionally,2
skylight,2
jackdaws,2
songbirds,2
forty-year-olds,2
seventeens,2
brumy,2
redeeming,2
sovereignty,2
supervises,2
arbury,2
photog-,2
oktopous,2
desensitising,2
anish,2
chipper,2
spinners,2
cliff-top,2
bologna,2
echoey,2
boardgames,2
vorlich,2
kapoor,2
unpredictability,2
tyrion,2
rerouted,2
scuttled,2
mcc,2
carpaccio,2
lebowski,2
hote-,2
in-built,2
waning,2
pois-,2
siobhans,2
vaio,2
officy,2
bagsied,2
yesterd-,2
scribblenauts,2
rough-,2
definite-,2
lott,2
vitae,2
transsexuals,2
garbling,2
jarble,2
ncos,2
bugles,2
peroxide,2
sohu,2
houseful,2
cognitively,2
sagas,2
diphtheria,2
two-sided,2
acclimatised,2
colloquialism,2
buff-,2
scrapers,2
busin-,2
pre-approve,2
quicky,2
cara,2
amendments,2
irreparably,2
sorned,2
defendants,2
preconceptions,2
climax,2
banksy,2
clement,2
co-teacher,2
populous,2
muscover,2
smeary,2
randomised,2
miserables,2
gif,2
broadcasters,2
individ-,2
overripe,2
friended,2
poshness,2
fix-,2
bueller,2
chillax,2
middle-eastern,2
cashless,2
handpicked,2
contrasted,2
horro-,2
whoof,2
helpfully,2
dalmatians,2
rhinitis,2
bourneville,2
co-creators,2
cornshed,2
mic-,2
jonty,2
non-invasive,2
immortalised,2
tonigh-,2
headlamps,2
delineate,2
recovermax,2
aphrodisiac,2
distaste,2
blanky,2
burkina,2
crotches,2
hundr-,2
gentiques,2
aski-,2
turn-over,2
consul,2
nouveaux,2
tamarinde,2
quench,2
coronary,2
postmodernist,2
derrida,2
nuanced,2
overestimate,2
breadbean,2
spirograph,2
insta-,2
crummy,2
havy,2
myanmar,2
nevermind,2
snowden,2
thurrock,2
cruisers,2
converters,2
vanishes,2
facebay,2
patronum,2
bantams,2
parodied,2
interminably,2
toddle,2
easterish,2
x-,2
cypriani,2
stihl,2
fall-,2
schism,2
mega-,2
mani-,2
defaulting,2
duraphat,2
regulates,2
hella,2
slyly,2
cathay,2
alaikum,2
alt-,2
sensing,2
prominence,2
denigrating,2
break-up,2
shores,2
blackfly,2
anglo-,2
hamlets,2
hornets,2
officetel,2
bidders,2
shedload,2
park-,2
livable,2
nearish,2
nougat,2
take-away,2
agoraphobic,2
unforgettable,2
hornier,2
depo-,2
res,2
stellas,2
scaldingly,2
tripoli,2
sketched,2
alc-,2
commoners,2
fixate,2
kronenbourgs,2
scattering,2
co-star,2
mâché,2
addi-,2
channelling,2
whyever,2
plyo,2
truce,2
schwa,2
fawn,2
pastas,2
ethelwulf,2
goonies,2
thelma,2
misnomer,2
spirals,2
perceptual,2
kilt,2
oldish,2
fells,2
detriment,2
marr-,2
hokkaido,2
sof-,2
gabrielle,2
fablet,2
punch-up,2
smother,2
gasped,2
disregarded,2
well-made,2
jaguars,2
signify,2
stapled,2
frolicking,2
karsiyaka,2
seamen,2
dosed,2
archipelago,2
minimising,2
coney,2
dregs,2
stushest,2
assisting,2
directive,2
maurier,2
diez,2
thicket,2
maldon,2
harking,2
gentille,2
informatio-,2
tranches,2
assign,2
wingardium,2
dissolving,2
bahawalpur,2
won''t,2
cylindrical,2
barbies,2
ukrainian,2
bengali,2
defects,2
mangroves,2
fangs,2
neurotoxin,2
animate,2
progeny,2
kinship,2
conran,2
nappage,2
guillemot,2
fertilize,2
lear,2
abruptly,2
konob-,2
bastion,2
doon,2
overfull,2
gasps,2
knowledgable,2
stiffer,2
singularly,2
dukes,2
draper,2
numbing,2
nurtured,2
menacing,2
reintegrate,2
reeling,2
fearnley-whittingstall,2
funniness,2
favouritised,2
impersonating,2
philly,2
zigzags,2
toasties,2
vaulting,2
ble-ble-ble,2
bludgers,2
fluctuations,2
already-,2
towering,2
whoops-a-daisy,2
elation,2
outpatients,2
befriending,2
obs,2
superfluous,2
elder-,2
yuh-huh,2
stammer,2
crema-,2
work-related,2
forward-thinking,2
longue,2
shockrin,2
ums,2
strut,2
mushi,2
upside-down,2
intrusion,2
untwisted,2
perennial,2
unzipping,2
poppyseed,2
lugged,2
sweethearts,2
no7,2
weathers,2
eighty-odd,2
cup-a-soup,2
flaggy,2
aver,2
anteena,2
ueno,2
recreated,2
unified,2
squealable,2
pakora,2
exporting,2
a168,2
maximally,2
mumford,2
manes,2
merited,2
kirby,2
rich-,2
chintzy,2
lifecycle,2
lynxes,2
sni-,2
soluble,2
ldl,2
regulators,2
naivety,2
parity,2
woodbine,2
walkie-talkie,2
self-builds,2
crit,2
tatum,2
azalea,2
thickens,2
meadowsweet,2
leylandii,2
id-ing,2
dormer,2
outgunned,2
impacting,2
julio,2
rectifier,2
thermo-electric,2
smirking,2
collated,2
geopolitically,2
lych,2
aas,2
backie,2
double-crossing,2
tunic,2
sponged,2
sande,2
easter-licious,2
daiquiris,2
bracey,2
plen-,2
womad,2
trailfinders,2
solemnly,2
argum-,2
predestined,2
bromley,2
ederiz,2
balotelli,2
camdoc,2
cut-me-own-throat,2
lastest,2
pastis,2
frets,2
flay,2
coolhwhip,2
unruffleable,2
arcticy,2
norrell,2
restmüll,2
subaru,2
brent,2
botswana,2
reconnaissance,2
garl-,2
gisland,2
musicologist,2
rever-,2
belgariad,2
nineteen-thirty,2
ninet-,2
tired-er,2
rubbings,2
stein,2
insurgent,2
gattered,2
interrogated,2
edm,2
botellon,2
overarm,2
effortlessly,2
bested,2
waver,2
haptic,2
wanger,2
moup,2
wc,2
gall,2
drayton,2
tributaries,2
grapples,2
shingling,2
outpatient,2
pontins,2
slobber,2
nea-,2
chinesy,2
headteachers,2
disembodied,2
trespassing,2
oww,2
outlooks,2
emmitt,2
vellum,2
shanoa,2
grint,2
tec-,2
peaked,2
saoirse,2
vale-,2
grandfa-,2
grumbles,2
alchemist,2
amoretti,2
telenovelas,2
winslet,2
jobcentre,2
dion,2
francais,2
montaigne,2
disorienting,2
customizing,2
wetness,2
breathless,2
recessive,2
underfunded,2
woefully,2
glut,2
foldy,2
gatekeepers,2
ussr,2
kansas,2
senescence,2
twizzler,2
conditional,2
dizziness,2
sharpener,2
bloaters,2
redtube,2
tablespoonfuls,2
caddies,2
rubbers,2
croutons,2
rehabilitation,2
ecclesiastical,2
irksome,2
puck,2
desist,2
evalu-,2
lunchbreak,2
unmade,2
employability,2
pdrs,2
fayre,2
ventures,2
anti-bacterial,2
looky,2
nightclubbing,2
uncontrolled,2
proto,2
nombre,2
microfibrils,2
biopsychology,2
introversion,2
techni-,2
ba-ba-ba,2
hobs,2
sanchez,2
move-,2
figgus,2
dishwater,2
rebooting,2
dunker,2
overstaffed,2
plur-,2
zut,2
shit-pants,2
heartbreak,2
gnt,2
doodleloo,2
categorised,2
head-,2
dmrs,2
brickyard,2
chateau,2
concierge,2
lannister,2
reneged,2
gland,2
rymans,2
textural,2
disgracefully,2
aquamarine,2
exhibited,2
pre-emptively,2
lavazza,2
symbolizing,2
retr-,2
goe-,2
escusey,2
blowout,2
well-spoken,2
kidnaps,2
creaming,2
burials,2
bridgewater,2
biannually,2
pesticides,2
testers,2
emery,2
utterance,2
henceforth,2
dada,2
appea-,2
beak-shaped,2
guzzler,2
galvanic,2
lambretta,2
smilier,2
erector,2
enthusiasms,2
soundscapey,2
ballads,2
choirmasters,2
giffgaff,2
pan-fry,2
recep-,2
cagoule,2
buxom,2
aghast,2
sausagey,2
pining,2
cartoonist,2
well-muscled,2
soundproofed,2
borer,2
loners,2
dowel,2
absconded,2
sciency,2
scorers,2
argyle,2
dev,2
flintoff,2
contours,2
acids,2
torchwood,2
copped,2
emerg-,2
fleapit,2
flounder,2
prohibitively,2
gamemaker,2
catapults,2
sphynx,2
insubstantial,2
ws,2
self-reliant,2
betraying,2
egged,2
twenty-year-olds,2
disapproval,2
waugh,2
accessibility,2
s5,2
recheck,2
imprisonment,2
termination,2
strolls,2
ema,2
subscriber,2
tiara,2
assamese,2
che-che-che-che-che,2
fortress,2
under-eights,2
peals,2
langua-,2
co-opted,2
replant,2
iambic,2
ohp,2
acas,2
triumphant,2
capitulate,2
kenyon,2
stonegrave,2
hin-,2
mono-,2
shabaz,2
high-powered,2
skypes,2
mind-blowing,2
myst-,2
mis-sung,2
screamer,2
distrustful,2
multiplies,2
harring,2
ipl,2
hydroponic,2
stipulations,2
booter,2
polynesia,2
repaying,2
constructivist,2
saxophones,2
incomplete,2
capacitive,2
sandmartins,2
duped,2
paraguay,2
honolulu,2
hottie,2
re-enactment,2
monte-,2
disrespected,2
cathode,2
geometries,2
songwriting,2
thirteen-year-olds,2
hotstepper,2
cannonball,2
enchiladas,2
hols,2
ies,2
suárez,2
vasectomy,2
relig-,2
dinger,2
pre-school,2
lenders,2
develop-,2
equalise,2
horowitz,2
outgrew,2
ballsed,2
climatic,2
chavy,2
arizona,2
powergen,2
chezza,2
exis-,2
euro-,2
wayward,2
afro-caribbean,2
breakfa-,2
slippage,2
anyhoos,2
transmissions,2
extrapolated,2
cloying,2
brainwave,2
spurting,2
virginian,2
shagalagging,2
pantaloons,2
nez,2
unt-,2
eb-,2
nunn,2
boookit,2
escalates,2
superbad,2
aristocratic,2
adie,2
bendable,2
mandate,2
unthanks,2
gold-diggers,2
taekwondo,2
besotted,2
deerstalker,2
knockers,2
job-wise,2
earnshaw,2
langley,2
perfective,2
devoting,2
extremities,2
titania,2
layby,2
eateries,2
gradua-,2
tacking,2
ruched,2
tricel,2
shandean,2
zte,2
debenham,2
jee-,2
scuse,2
steampunk,2
twiddled,2
elysees,2
portraiture,2
boserup,2
shangles,2
workman,2
broadens,2
craved,2
benzoins,2
lega-,2
revolutions,2
mid-december,2
chafing,2
synapses,2
hurtle,2
proust,2
poncing,2
hasp,2
sighs,2
ment,2
pageant,2
grandaddy,2
edith,2
cajónes,2
abrahamic,2
gryllis,2
kosovan,2
conservatories,2
obli-,2
loathed,2
druggies,2
dismissing,2
counc-,2
dejected,2
jarmusch,2
weesley,2
weakens,2
cognoscenti,2
muslins,2
observational,2
perez,2
anemones,2
redeploy,2
materialism,2
incognito,2
auxiling,2
genome,2
mones,2
palisade,2
newcomers,2
qu'est-ce,2
reconnect,2
consu-,2
caterer,2
oathing,2
bathtime,2
corduroy,2
parasites,2
handshakes,2
nob-,2
gush,2
serv-,2
deferential,2
camfed,2
repatriated,2
spina,2
workings,2
coursebook,2
multi-lingual,2
basica-,2
restlessness,2
ojs,2
bio-oil,2
seis,2
tippers,2
plundered,2
sele-,2
ksi,2
professed,2
pishy,2
major-,2
subtracting,2
cover-up,2
coxwold,2
pilgrimages,2
bullfighting,2
spank,2
unsatisfying,2
sinc,2
shabooya,2
curdles,2
concretely,2
monkfish,2
kashmir,2
paradigms,2
dockland,2
zeros,2
curiosities,2
magnifies,2
despondent,2
helena,2
medic-,2
terence,2
elicit,2
mcdermott,2
shrieking,2
gambled,2
headlined,2
espoused,2
jv,2
abstain,2
goliath,2
mayish,2
siria,2
garlic-y,2
intervening,2
gato,2
mace,2
gus-,2
treed,2
ovum,2
zu-,2
jurys,2
purina,2
brushstrokes,2
expecto,2
ecosystem,2
artiste,2
cypher,2
finalist,2
gollywog,2
stylist,2
portobello,2
ragheads,2
estoi,2
mystified,2
wambaugh,2
bushwhackers,2
smartboards,2
jiving,2
speedos,2
unfreeze,2
struc-,2
bathe,2
reductions,2
denis,2
borini,2
perish,2
styley,2
chocky,2
rsjs,2
takers,2
berets,2
clubcard,2
reorganised,2
bounding,2
syntactically,2
shuttlecock,2
rhumble,2
hovells,2
unauthorized,2
double-sided,2
asteroids,2
o'neill,2
homoerotic,2
workington,2
muffs,2
breaching,2
annika,2
skims,2
defacing,2
widened,2
monthlies,2
dins,2
semi-circle,2
patching,2
migraines,2
five-year-olds,2
prometheus,2
brutality,2
dys-,2
vocalist,2
lefties,2
heysham,2
feck,2
nineteenth-century,2
bookworms,2
unflexible,2
pretext,2
nursey,2
enthralled,2
truer,2
papaya,2
decreases,2
dismissals,2
patriotism,2
whatsherface,2
nineteen-year-olds,2
photocop-,2
enlightenment,2
lv,2
emitting,2
lafarge,2
scrutinising,2
amusement,2
playhouse,2
pudsey,2
composers,2
unqualified,2
don't-,2
canaanite,2
stickler,2
tasse,2
lusting,2
terese,2
clambering,2
underlining,2
bull-dog,2
b1,2
loompa,2
bree-,2
respiration,2
narra-,2
frankincense,2
fron-,2
ning-nong,2
rewrote,2
profiteering,2
geiranger,2
gatehouse,2
buxton,2
self-learning,2
forfeited,2
undermines,2
chai-,2
eine,2
highl-,2
spouting,2
marred,2
tinglados,2
finishers,2
fumbling,2
firepower,2
falla,2
briggs,2
gestation,2
pre-starter,2
amish,2
kombu,2
philosophising,2
circa,2
hathaway,2
manage-,2
abby,2
comrade,2
frip,2
pirouetting,2
constructively,2
pre-dinner,2
curtailed,2
idols,2
energised,2
deep-fried,2
taraji,2
eases,2
yellower,2
infuriates,2
decibel,2
decimals,2
plucks,2
sneed,2
macaws,2
samurai,2
quarrying,2
bulbous,2
alessi,2
glassware,2
paint-,2
floppiness,2
nautical,2
infertility,2
wonderment,2
engulfing,2
on-the-ground,2
fraternity,2
mufasa,2
icings,2
wield,2
defrauded,2
introspection,2
reclined,2
kumbaya,2
bnrbh001,2
impair,2
mixers,2
assertiveness,2
techie,2
schmaltz,2
alm-,2
agh,2
tyndrum,2
muggins,2
mara,2
adapters,2
overtimes,2
discern,2
bannisters,2
bedroomy,2
mili-,2
mming,2
reopen,2
theem,2
lobbyist,2
banister,2
arc-,2
phra-,2
uniformed,2
high-risk,2
teensy,2
dampen,2
fing-,2
emptier,2
arm-wrestling,2
manson,2
intimated,2
pliny,2
fantasising,2
butchering,2
vortex,2
scurry,2
amputated,2
slapdash,2
twaddle,2
inoculations,2
bickie,2
intern-,2
hurdling,2
antipido-,2
overestimates,2
commodores,2
salivary,2
stubbies,2
propulsion,2
upsall,2
connecticut,2
rhyl,2
steppenwolf,2
begrudgingly,2
sampled,2
degradation,2
perturbed,2
solen-,2
bobber,2
winemaking,2
liken,2
pubic,2
arora,2
person-,2
etymologist,2
swotty,2
classically,2
ft,2
aperture,2
addams,2
wellness,2
sterne,2
scaredy-cat,2
astrix,2
squa-,2
burmese,2
shadowhunters,2
plight,2
caricatures,2
grandiose,2
contested,2
diminish,2
vilified,2
boyfr-,2
underweight,2
alumium,2
poussin,2
geezers,2
vimto,2
child-,2
reviewers,2
oakley,2
crosby,2
lacoste,2
wasters,2
embroidered,2
cobbler,2
ided,2
sturdier,2
affinity,2
walling,2
curlier,2
wing-cases,2
telecommunications,2
facilitates,2
fue,2
confesses,2
mouches,2
bateaux,2
sebastián,2
summed,2
outbuildings,2
substantiated,2
tay,2
cocozza,2
chinatowns,2
payable,2
uninstalled,2
longhand,2
thingy-bob,2
inherits,2
cusco,2
cross-immigration,2
hostesses,2
croax,2
full-grown,2
slump,2
universi,2
creed,2
aver-,2
repels,2
coloni-,2
albina,2
borne,2
voids,2
eventu-,2
vog,2
landmass,2
upscale,2
petronius,2
hes-,2
lemme,2
superstars,2
stigmatised,2
relinquish,2
fondamenta,2
geremia,2
homo-,2
non-driver,2
bentwood,2
deformed,2
silkworms,2
chiefly,2
mackintosh,2
shuffles,2
kiddywinks,2
clatter,2
pastime,2
meditating,2
jecco,2
overcoat,2
byron,2
gluey,2
gaze,2
form-,2
reincarcerated,2
torties,2
scream-,2
spoonula,2
puddling,2
aplenty,2
gsk,2
vic-,2
cinders,2
star-crossed,2
racked,2
multivitamin,2
blossoming,2
trolling,2
beanie,2
diddicoy,2
advan-,2
housemaid,2
drafts,2
pamphlets,2
prance,2
distilled,2
vanguard,2
mid-may,2
tangle,2
stuarts,2
alloy,2
in-car,2
thirty-year-old,2
pronged,2
epenthesis,2
leaky,2
ulm,2
lock-up,2
glyndebourne,2
excelling,2
glamorised,2
ramping,2
vickers,2
widnes,2
indescribable,2
refolding,2
morgans,2
gateways,2
bellends,2
timbuktu,2
mceldrey,2
overhauled,2
newborns,2
workwise,2
paranorman,2
quip,2
autos,2
kiav,2
pinjing,2
endlessly,2
offences,2
romp,2
alicia,2
predicate,2
permanence,2
acro-,2
pretendy,2
dictation,2
informa-,2
fleeced,2
audibility,2
osteopathy,2
fermentation,2
presided,2
late-,2
riverbed,2
overdramatic,2
demijohn,2
quanto,2
psycholinguistics,2
nav-,2
rabble,2
tungsten,2
additives,2
re-roll,2
impersonated,2
sooo,2
supp-,2
lisinopril,2
fragrance,2
fast-twitch,2
cuss,2
lambrini,2
irrita-,2
succulent,2
puglia,2
mountaineers,2
topsy-turvy,2
sobered,2
pavlov,2
escalating,2
galeria,2
mer,2
hasn-,2
kristoff,2
first-class,2
boozers,2
lindor,2
muv,2
sooth,2
mumbled,2
thirtee-,2
clodhoppers,2
unsophisticated,2
romelu,2
petering,2
wre,2
instagrams,2
smal-,2
head-on,2
surpass,2
rollerball,2
stubbly,2
grolsch,2
concreting,2
funnelled,2
irelands,2
overladen,2
brim,2
woking,2
uninflected,2
unitary,2
paes,2
deserty,2
profiling,2
penniless,2
flamingos,2
dismissal,2
backcomb,2
beaters,2
legalized,2
e-bikes,2
neece,2
n-gram,2
prioritizing,2
popularizes,2
retile,2
redknapp,2
cudgels,2
questiony,2
bilabial,2
gauche,2
stranaboard,2
hue,2
morkish,2
snobbish,2
intermediary,2
tion,2
waite,2
overanalyse,2
rhabdo,2
futility,2
what's-the-name,2
dang-,2
dana,2
mimi,2
breasticles,2
founders,2
steller,2
romsey,2
prophets,2
drawl,2
suppa,2
blackened,2
stefanović,2
aiders,2
perrolt,2
abatement,2
fd,2
pittas,2
steiner,2
quivocal,2
newts,2
lamprey,2
repurpose,2
changer,2
resistive,2
modulated,2
skeg,2
kassel,2
serrano,2
mountaineer,2
endoscopy,2
regained,2
super-combined,2
zeldas,2
im2,2
amster-,2
dumpy,2
splaser,2
sorani,2
palgrave,2
spli-,2
lemo-,2
adhesive,2
greyscale,2
semicircle,2
tanganyika,2
exertion,2
great-aunt,2
scusi,2
chelmsley,2
non-judgement,2
three-piece,2
onside,2
hedren,2
jalebis,2
physiologically,2
acrimonious,2
earls,2
sandcastle,2
mongrels,2
scotia,2
novo,2
mitigating,2
sciencey,2
pikmin,2
manufa-,2
snorting,2
loveless,2
honed,2
nutritionally,2
cyborg,2
slytherins,2
rotat-,2
hugest,2
snes,2
oncologists,2
scopes,2
uncontrollable,2
vac,2
singaras,2
middling,2
legalize,2
tbi,2
decanter,2
torro,2
bantering,2
anons,2
alternately,2
plummeted,2
underdone,2
epen,2
chrysanths,2
hairnets,2
firmed,2
weebu,2
depressant,2
ciprofloxacin,2
knelt,2
jer-,2
sweet-talked,2
mariner,2
lecherous,2
outbound,2
effortless,2
liqueury,2
ferments,2
glutinous,2
convo,2
agnostic,2
short-distance,2
merle,2
sebaceous,2
mex-,2
hissy,2
newbies,2
discu-,2
jarring,2
sprinklies,2
bah-bah-bah-bah,2
wwf,2
unveiling,2
gloating,2
interpolation,2
speckly,2
scarface,2
ominous,2
separator,2
wraparound,2
diverticulitis,2
labouring,2
lawsuits,2
maleficent,2
sanctimonious,2
refold,2
openwork,2
off-centre,2
assi-,2
hobson,2
sandi,2
soloist,2
choral,2
breastfed,2
criss,2
cartoonish,2
nutritiously,2
yokels,2
antoinette,2
self-portrait,2
studded,2
belching,2
balled,2
gawky,2
caramels,2
christmastime,2
sneaker,2
glaciers,2
goby,2
flopper,2
turquoisey,2
three-year-olds,2
vibrational,2
scour,2
offing,2
trex,2
roll-up,2
noting,2
slighty,2
premade,2
minic-,2
bracken,2
rioted,2
roster,2
salver,2
scowling,2
splurt,2
patel,2
enamoured,2
blood-,2
caprio,2
transitional,2
gesundheit,2
instagrammed,2
spss,2
peeks,2
gujarati,2
comberflaged,2
anti-feminist,2
itches,2
interpret-,2
mixergy,2
outputs,2
courtesans,2
chioggia,2
transplants,2
remo-,2
overlaid,2
speak-,2
inspecting,2
compasses,2
sh-sh-sh-sh-sh,2
shearing,2
powerwalking,2
stressy,2
talcum,2
gillan,2
yunnan,2
shamrock,2
beset,2
hightailed,2
bonsoir,2
modality,2
linky,2
tailgating,2
m40,2
imperfection,2
hanratty,2
resonant,2
ormond,2
high-waisted,2
boardings,2
treaters,2
youtubed,2
creamery,2
trade-off,2
locality,2
blonde-haired,2
lt,2
throb,2
faithfully,2
samphire,2
beardy,2
nark,2
everywh-,2
dormice,2
stripey,2
k-a-t,2
pting,2
dominic,2
foi-,2
pickpockets,2
uma,2
had-,2
resembling,2
fibber,2
imperfections,2
trotting,2
blandness,2
bartenders,2
mutually,2
toiletry,2
jaeger,2
ebac,2
night-time,2
charmouth,2
clubbed,2
midwinter,2
rookie,2
iller,2
orangey-ness,2
errand,2
primevil,2
bizzo,2
munitions,2
stran-,2
zia-ul-haq,2
camelot,2
recreations,2
plantation,2
caxton,2
trundling,2
herrington,2
urc,2
affirming,2
background-y,2
bricklaying,2
ae,2
almeida,2
laa,2
kolo,2
dorn,2
quintuple,2
manta-,2
insufferable,2
soc,2
mandated,2
balmoral,2
gio,2
insur-,2
heartland,2
maxim,2
ersatz,2
jb,2
eighty-sevens,2
misrepresented,2
stormbreaker,2
bakhra-,2
fifty-sixty-seventy,2
limitless,2
chromebook,2
squ-,2
teepees,2
chaser,2
vj,2
garçon,2
heil,2
facebooked,2
silva,2
che-che-che-che,2
l-shaped,2
drizzled,2
standup,2
arm-wrestle,2
chipwrecked,2
char,2
turfrights,2
fragmentation,2
potting,2
chinwag,2
parochial,2
advises,2
baldock,2
geraniums,2
backtracked,2
warranties,2
busload,2
probed,2
ex-uncle,2
fünf,2
consular,2
violating,2
microbe,2
windshield,2
amalgamated,2
mimed,2
bandier,2
chair-,2
biopsies,2
hippopotami,2
algae,2
emblem,2
def,2
combats,2
achieves,2
ritchie,2
pentonville,2
okeydoke,2
kilter,2
carbolicious,2
airlock,2
amelia,2
abject,2
phlebotomy,2
aeriated,2
zorbing,2
seepage,2
organisms,2
smudginess,2
ions,2
fibrils,2
nack,2
superchargers,2
infiltrate,2
overcharged,2
corvee,2
grazers,2
enact,2
withdrawing,2
livi-,2
intendent,2
pangea,2
plaiting,2
cuntish,2
setton,2
tallish,2
kilner,2
slimmest,2
potheads,2
gru,2
dingo,2
youttbe,2
tam-,2
pummelling,2
absurdum,2
holcombe,2
flied,2
proliferation,2
avail,2
infinitives,2
chineses,2
etch,2
suning,2
pliss-,2
merrick,2
forebears,2
snaffled,2
doulton,2
manhole,2
hayley,2
pronoun-,2
retuning,2
cranking,2
trainwreck,2
sanitizer,2
testicle,2
khyber,2
cardinal,2
tasmanian,2
chemists,2
gravesend,2
jakar-,2
eject,2
knobber,2
fabergé,2
memorials,2
greeters,2
indented,2
vials,2
conjunctivitis,2
dede,2
differentiator,2
near-rape,2
ferried,2
anthro,2
shuf-,2
lapels,2
willabooby,2
ovation,2
andalusia,2
bindery,2
mio,2
lev-,2
nacht,2
chop-,2
hahahahaha,2
unpleasantly,2
its-,2
yoyos,2
mysel-,2
rehabilitating,2
checkpoints,2
rodeo,2
allergens,2
citymapper,2
blatter,2
pawpaw,2
blyton,2
annulled,2
proo-,2
affectation,2
cast-,2
cagey,2
trumpeter,2
semi-skilled,2
zlato,2
fleecy,2
kante,2
malnutritionised,2
lp-,2
tenpin,2
choker,2
straight-laced,2
abolition,2
favouritise,2
alstom,2
unilad,2
yeasts,2
methamphetamine,2
reprimanded,2
cross-reference,2
pantones,2
bleaching,2
waddingtons,2
castor,2
campbeltown,2
arose,2
footnote,2
simplifying,2
mistoffelees,2
coleg,2
degraded,2
predefined,2
leery,2
tramadol,2
landmines,2
gripped,2
geocache,2
tone-deaf,2
summarised,2
kindergartens,2
allam,2
humphry,2
ditty,2
gces,2
carr-,2
thirty-ninth,2
fightville,2
lsas,2
swoon,2
huawei,2
fretted,2
carps,2
bugsy,2
sandringham,2
darkly,2
unripe,2
furred,2
val,2
linguini,2
vitality,2
suu,2
pricier,2
imovie,2
wahhabi,2
under-fifteens,2
bromance,2
veget-,2
giggs,2
finalized,2
pastalle,2
cervezas,2
lordship,2
underside,2
marmara,2
glasnost,2
marketeers,2
flouncing,2
overcooking,2
blurting,2
oxygenating,2
chunked,2
lotto,2
hatters,2
monjayaki,2
poachers,2
courchevel,2
clawed,2
foolishly,2
aller-,2
fluctuated,2
reinstall,2
assassinates,2
gegan,2
ensuring,2
seashore,2
dear-y,2
blencathra,2
shoehorn,2
etceteras,2
aj,2
boyf,2
multinationals,2
dia,2
count-,2
exper-,2
aggie,2
interweave,2
blocky,2
bigamous,2
spacial,2
four-player,2
ps-,2
headings,2
loitering,2
youthfulness,2
müller,2
gendering,2
martyrdom,2
manufactures,2
anarchists,2
manif,2
karenina,2
flatbeds,2
clans,2
knoc-,2
ecco,2
line-up,2
rupture,2
douches,2
mcarthur,2
perspire,2
dracul,2
step-dad,2
gamekeeper,2
tally-ho,2
slacks,2
canines,2
dashcam,2
chasers,2
determining,2
decor-,2
pedro,2
accomplishment,2
underpopulated,2
washout,2
rothschild,2
relegation,2
woodstock,2
tamil,2
overactive,2
sixth-former,2
pare-,2
unconsciousness,2
wallander,2
microclimate,2
well-dressed,2
cheer-,2
newt-,2
zebras,2
hair-doing,2
pakoras,2
estee,2
reappear,2
ly,2
gynocracy,2
btecs,2
redu-,2
costner,2
necrophiles,2
spyglass,2
gentian,2
resorting,2
c30,2
firestorm,2
occas-,2
deca-,2
adolescent,2
ly-,2
modernism,2
keira,2
undercuts,2
jala-,2
pundits,2
jellyca,2
persuadable,2
sandana,2
cctvs,2
reeked,2
ii-,2
flytrap,2
immi-,2
franking,2
communicates,2
morello,2
beer-related,2
presser,2
clasps,2
brough-,2
unsolved,2
prawny,2
shapeology,2
ill-mannered,2
christm-,2
ostentatious,2
roommates,2
uniqlo,2
shrugs,2
estonian,2
somew-,2
misinterpreting,2
suarez,2
baum-,2
cost-cutting,2
rejoin,2
tipi,2
break-,2
alamein,2
hooper,2
bom-bom,2
furn-,2
yakety,2
kola,2
hungarians,2
scalene,2
empathize,2
screeched,2
chaffy,2
artery,2
ww,2
goldman,2
enchantment,2
humber,2
resourced,2
thick-cut,2
gpx,2
lancastrian,2
xboxes,2
medicare,2
gallops,2
fouling,2
predominant,2
aspirins,2
duv-eye,2
flagellation,2
carwash,2
tig,2
index-linked,2
gizzard,2
rakion,2
bookkeepers,2
ozone,2
vulcan,2
grimes,2
upse-,2
californian,2
hutches,2
joyriding,2
notions,2
faliraki,2
capsized,2
osteoporosis,2
dornan,2
whimsy,2
cherry-picked,2
platitudes,2
fluidity,2
consp-,2
himsel-,2
gype,2
einstok,2
gondwanaland,2
ml,2
ora,2
thud,2
vajazz,2
sam-,2
head-butted,2
mccullin,2
kir,2
smoother,2
battlefield,2
non-negotiable,2
batwings,2
brentford,2
effected,2
vests,2
headwear,2
citadel,2
biodiversity,2
impaling,2
misguided,2
hay-on-wye,2
bcc,2
asunder,2
belvita,2
sookie,2
pdq,2
airbrush,2
boooket,2
bril-,2
akin,2
unbeatable,2
menorca,2
grammatizator,2
stockpiles,2
tightens,2
nastily,2
tangfastic,2
tumultuous,2
judiciary,2
oversight,2
kandoo,2
maconie,2
scat,2
broey,2
welts,2
ro,2
tribunals,2
half-,2
scramblers,2
bighead,2
priming,2
recharger,2
ck,2
stonechat,2
catamite,2
scaly,2
histamine,2
credulity,2
inscriptions,2
glorify,2
emblazoned,2
comatosed,2
anywh-,2
mgb,2
recruitments,2
convened,2
perro,2
unfollowed,2
republics,2
hwamyeong-dong,2
kitche-,2
elisa,2
undecleared,2
reforms,2
malnutrition,2
crustaceans,2
tasking,2
moronic,2
rejoicing,2
unintelligible,2
sensei,2
belaru-,2
splats,2
techies,2
counterfeiting,2
retreated,2
yodel-ay-he-hoo,2
yodel-ay-ay-hoo,2
septuagesima,2
veloset,2
hydrochronic,2
self-sufficiency,2
procrastinate,2
overtakes,2
woolwich,2
gunshot,2
baguettes,2
fifty-,2
theirself,2
ladette,2
puréed,2
articulateness,2
dressings,2
blinks,2
spoily,2
melodic,2
carder,2
collate,2
chichen,2
malteser,2
probabilities,2
spen-,2
proposes,2
honorific,2
stereotyping,2
gibberish,2
meteorologist,2
nooo,2
d'argent,2
rica,2
chequered,2
dx,2
two-stroke,2
alas-,2
decompression,2
molluscs,2
contraption,2
hlf,2
intravenous,2
hoopoe,2
toves,2
argives,2
anzac,2
inclusively,2
bairn,2
cushioning,2
half-price,2
trampling,2
heineken,2
spods,2
assaulting,2
gits,2
snr,2
ocado,2
emu-,2
jaka-,2
retractable,2
transcending,2
ealing,2
acce-,2
enshrined,2
mapping,2
militarily,2
umami,2
fanciest,2
raps,2
busty,2
dorsaduro,2
prenup,2
hallucinate,2
life-size,2
shambala,2
starlet,2
gambles,2
belding,2
portu-,2
remploy,2
sponza,2
bloodstream,2
siege,2
terrib-,2
blossoms,2
militia,2
grossness,2
kerfuffle,2
caesareans,2
torpedo,2
algeria,2
comedies,2
pre-heated,2
lasso,2
tamorica,2
ayurvedic,2
ncis,2
mid-tong,2
jarre,2
frere,2
aries,2
zuckerberg,2
johnny-come-lately,2
bimbo,2
hard-boiled,2
monosyllabic,2
peni,2
offy,2
d-day,2
vitally,2
reinvented,2
under-eight,2
bused,2
risottos,2
barbequey,2
workwear,2
deejaying,2
twelve-step,2
mesmerizing,2
combust,2
inconsequential,2
deregulated,2
peer-to-peer,2
albino,2
gerontius,2
mesomorph,2
perfected,2
helpf-,2
press-up,2
kudrow,2
topper,2
grazed,2
wastes,2
muffeen,2
whinger,2
stegosaurus,2
ignominious,2
pendinski,2
mongols,2
confidant,2
bleeping,2
non-contact,2
ignited,2
greyfriars,2
ampleforth,2
cherished,2
hourglass,2
laithwaites,2
setbacks,2
bluetoothing,2
arcs,2
subjectively,2
monopolising,2
retracting,2
weasels,2
one-minute,2
drippers,2
sprinter,2
unaided,2
scribe,2
bathwater,2
verges,2
forty-odd,2
rebalance,2
kev,2
trig,2
wahlberg,2
excusez,2
detergents,2
backroads,2
wigging,2
tastier,2
walkways,2
straggling,2
legislate,2
barnard,2
ddas,2
fff-,2
brasserie,2
parthenon,2
post-net,2
brambly,2
surg-,2
glances,2
elated,2
carav-,2
orthographically,2
flatpack,2
bussing,2
letterpress,2
ji-sung,2
wherewithal,2
zz,2
radium,2
levothyroxine,2
escorting,2
altercation,2
retuned,2
cornrows,2
confindustria,2
dro,2
coons,2
guh,2
hq,2
heatrae,2
slurry,2
craigs,2
bamix,2
gresley,2
sulphite,2
zeebrugge,2
husk,2
camp-bed,2
forcibly,2
cookson,2
sept,2
mizzling,2
retrograde,2
cruddy,2
lula,2
four-and-a-half,2
steinways,2
darting,2
i20,2
pranged,2
tarty,2
fusiliers,2
gabriella,2
mackeys,2
oro,2
totems,2
burrows,2
shortcomings,2
disguises,2
whiteness,2
tride,2
shimon,2
arafat,2
permafrost,2
tamper,2
plumbob,2
babelfish,2
fauna,2
out-dated,2
tarter,2
thataway,2
family-friendly,2
pedigrees,2
mont,2
fitocracy,2
derry,2
mika,2
elaborating,2
camcorders,2
ary,2
triads,2
flexed,2
yellowing,2
busses,2
addit-,2
relist,2
confit,2
pickers,2
coppell,2
selector,2
apparel,2
fascin-,2
fertilise,2
deity,2
vitriol,2
misfortune,2
vimeo,2
unregulated,2
precooked,2
tonsil,2
torah,2
dibbler,2
rafour,2
anti-biotics,2
motorcar,2
discov-,2
colonials,2
bottle-nosed,2
wader,2
narange,2
re-join,2
groans,2
agua,2
knickknacks,2
spongey,2
howzat,2
solvers,2
kappa,2
e-liquid,2
drawn-out,2
rs-,2
karadeniz,2
uncivilized,2
canaba,2
caper,2
pubby,2
dafoe,2
collec-,2
midfielder,2
setter,2
stetson,2
pring,2
concerto,2
locusts,2
flattens,2
ruchi,2
peeked,2
senators,2
gmtv,2
rocksmith,2
lessens,2
electrolysis,2
washy,2
eucch,2
airshows,2
arnside,2
razzle,2
summer-time,2
uniqueness,2
poultec,2
jiff,2
alors,2
fatness,2
song-writing,2
peddle,2
iroko,2
longer-term,2
aluminum,2
alistar,2
enroll,2
battle-axe,2
mobel,2
meatheads,2
gargle,2
embraced,2
ointments,2
commi-,2
skills-based,2
journalistic,2
riddles,2
anomanomanomity,2
naafi,2
fletton,2
tas-,2
tanker,2
devilish,2
archivists,2
amalgamation,2
tubigrip,2
draconian,2
discretely,2
foothold,2
dallying,2
blankie,2
psp,2
zoologist,2
boshed,2
protested,2
taxpayers,2
saxon,2
go-carts,2
rendering,2
needled,2
peregrine,2
serous,2
non-combatant,2
willmore,2
fig-,2
privates,2
rehashing,2
bigge-,2
libretto,2
essen-,2
blusher,2
coochie,2
feared,2
nom-nom,2
rarotonga,2
jailer,2
untaxed,2
opportunists,2
overanalysing,2
outbuilding,2
pre-cancerous,2
roundy,2
mystics,2
wp,2
phonological,2
catalytic,2
microchips,2
physiological,2
constituted,2
bedroo-,2
chiffre,2
worksh-,2
lepers,2
spiralled,2
bitumised,2
shielding,2
werewolves,2
plurality,2
cossacks,2
na-na-na,2
lcd,2
glitz,2
blonder,2
approachable,2
sixteen-year-olds,2
morisette,2
haggles,2
carby,2
snarling,2
hate-,2
foundry,2
armband,2
pyrotechnics,2
rites,2
sparkies,2
long-sighted,2
piranha,2
run-down,2
presen-,2
aris-,2
starves,2
seven-year-olds,2
nickelodeon,2
delinquents,2
hussain,2
spongy,2
fitments,2
dayglo,2
defs,2
tripods,2
elrond,2
sexagesima,2
ultra-deep,2
crackle,2
ridic,2
pigments,2
quirk,2
hansel,2
wooing,2
chiselling,2
graphemes,2
roadranger,2
remiss,2
popstar,2
cropping,2
right-thinking,2
megs,2
lectureship,2
inversion,2
shabang,2
long-tail,2
garish,2
half-spoon,2
cassock,2
conventionally,2
lichen,2
wads,2
herita-,2
urea,2
bacteriology,2
sicario,2
proportioned,2
tumbles,2
jobseekers,2
cant-,2
gappy,2
afresh,2
paediatrics,2
weirdl-,2
mazes,2
beleveran,2
qualif-,2
nipo,2
malthusian,2
raindrops,2
braided,2
seduces,2
well-established,2
sparsely,2
frazzles,2
lebov,2
intercepted,2
dres-,2
seesaw,2
cpl,2
rhythmically,2
recurringly,2
fifty-odd,2
bumba,2
half-auntie,2
dinnae,2
fumble,2
bashers,2
drivable,2
ci,2
thali,2
stop-over,2
pis-,2
danette,2
stour,2
asta,2
unwrapping,2
clonk,2
java,2
god-,2
denisovans,2
funder,2
geographer,2
disc-,2
undergrowth,2
clamouring,2
uniquely,2
kilvington,2
glover,2
part-owned,2
whitestonecliffe,2
kellogg,2
dearth,2
sponsorships,2
revalue,2
networker,2
torrentious,2
crumples,2
housey,2
dictations,2
key-,2
plan-,2
set-,2
check-ups,2
hydrocortisone,2
bashful,2
sufferers,2
bowser,2
plebs,2
traverse,2
disgusti-,2
technol-,2
tablety,2
shortness,2
chatshow,2
glucosamine,2
intensified,2
famed,2
kalashnikov,2
six-month-old,2
itv4,2
clintons,2
cross-dresser,2
catechumens,2
heartwarming,2
heydrich,2
vegolate,2
clench,2
polyphonic,2
fatality,2
spacemen,2
ebo-,2
babbler,2
spork,2
oast,2
pct,2
non-recyclable,2
synchronised,2
micron,2
magnanimous,2
elfs,2
amounted,2
izz-,2
gamecube,2
kick-off,2
resourcing,2
divisible,2
coder,2
underdogs,2
dokes,2
refute,2
donny,2
chebs,2
consumes,2
litigation,2
georges,2
gratefully,2
countrysidey,2
flori-,2
negated,2
voyeur,2
celto,2
punchable,2
nape,2
mealtime,2
relieves,2
freeloading,2
volcan-,2
spectrology,2
hooha,2
churchgoers,2
muhammed,2
filmy,2
scrin,2
raasay,2
hairstyle,2
vampirey,2
warmups,2
stanzas,2
cattrall,2
pretentions,2
hagia,2
drooling,2
purplely,2
wracking,2
lhasa,2
scoffed,2
fings,2
trespass,2
bailout,2
birdbath,2
extolling,2
switz-,2
spangly,2
winnebago,2
smartened,2
distantly,2
populate,2
notwithstanding,2
amorous,2
spark-,2
kneeled,2
no-gu-ba,2
tog-,2
demotivated,2
anti-sugar,2
underbelly,2
adulty,2
nation-,2
mongol-,2
neurosis,2
cremate,2
woven,2
blackjack,2
reticent,2
accolade,2
donk-,2
gazumping,2
playi-,2
antihistamines,2
backdate,2
traditionalist,2
boeuf,2
morish,2
midrange,2
spend-,2
mfa,2
pre-printed,2
prettiness,2
eel,2
suddenl-,2
archimedes,2
all-powerful,2
hangouts,2
misprint,2
brummies,2
fsa,2
installments,2
freeway,2
coccyx,2
delevingne,2
differen-,2
latching,2
breeder,2
exhale,2
partnered,2
devel-,2
herded,2
liturgical,2
rewatch,2
nadia,2
complicating,2
blockages,2
drainer,2
marlpit,2
troubleshooting,2
malva,2
wol,2
radiergummi,2
curfews,2
cosmic,2
waivered,2
benders,2
redheads,2
drizzly,2
best-selling,2
dazzling,2
napalm,2
ahed,2
bronde,2
poplar,2
trainor,2
atishoo,2
narrowing,2
instigating,2
strawberry-flavoured,2
thornberrys,2
flattery,2
quails,2
monterey,2
entrepreneurship,2
telepathy,2
zzzap,2
stabbings,2
socials,2
blankly,2
fyffes,2
re-registered,2
otogar,2
counterparts,2
polycystic,2
offhand,2
scotlands,2
subcontractor,2
house-warming,2
pestilence,2
majori-,2
archdeacon,2
bureau-,2
stokholm,2
balms,2
splice,2
irani,2
chubbs,2
exacerbate,2
brasco,2
passivity,2
yves,2
slouch,2
quizmaster,2
yu-,2
tiptoes,2
taleggio,2
louisa,2
kissy,2
depen-,2
themse-,2
vodburner,2
adopters,2
spellchecker,2
siskins,2
pet-,2
microwavable,2
souchong,2
assiduous,2
mekong,2
untrained,2
altai,2
toc,2
photosensitive,2
unizone,2
goony,2
disdainful,2
appétit,2
anstruther,2
self-supporting,2
rayner,2
alka-seltzer,2
disapprove,2
jabal,2
high-vis,2
tragically,2
grist,2
metz,2
idiosyncratic,2
messiest,2
wheely,2
slaughters,2
hobnails,2
chillier,2
numbs,2
cleo,2
impulsive,2
hleb,2
pain-,2
stratosphere,2
pin-,2
phyllis,2
sherpas,2
bandied,2
wàzi,2
scn,2
chuffing,2
anjun,2
vp,2
avp,2
tu-whit,2
swizzled,2
hydrates,2
smarts,2
crybaby,2
windscreens,2
citv,2
yourse-,2
delirium,2
invol-,2
wedne-,2
atari,2
hippedy,2
galileo,2
impurities,2
platoon,2
stellar,2
tool-maker,2
palma,2
cockermouth,2
congregating,2
spiritualist,2
daenerys,2
séance,2
eugenics,2
screened,2
franked,2
senco,2
smock,2
exposé,2
créche,2
presumes,2
toggles,2
revolutionaries,2
buddleias,2
oooh,2
abel,2
plateful,2
plantagenets,2
loganberries,2
unsigned,2
resuscitation,2
avidly,2
gossipy,2
brightman,2
salsas,2
ub40,2
shrill,2
candidacy,2
confidently,2
ambleside,2
serengenti,2
bhutto,2
oculus,2
godwin,2
blowjob,2
resitting,2
ospreys,2
sown,2
derringer,2
waffled,2
chinaman,2
mvp,2
safes,2
hudls,2
buffed,2
anot-,2
serif,2
sated,2
yougov,2
onsen,2
shipman,2
procure,2
da-da,2
nighty,2
hadron,2
nozzles,2
brazier,2
sax-,2
dolloped,2
islander,2
chazzer,2
playschool,2
burdened,2
tract,2
summarises,2
erroneous,2
offshoots,2
auditorium,2
don-end,2
fuckered,2
aptitude,2
wangled,2
pouches,2
petrifying,2
unify,2
pipettes,2
magoo,2
enabler,2
self-assessed,2
dreamlike,2
amigo,2
bambinos,2
guaranteeing,2
ensured,2
target-driven,2
separ-,2
slater,2
jools,2
smalls,2
getti-,2
unchained,2
dreads,2
kendal,2
cabbagey,2
perished,2
osmotherley,2
driv-,2
zeke,2
unsold,2
bedraggled,2
shoo-,2
margarines,2
textures,2
post-scarcity,2
crucify,2
poring,2
twalk,2
reverse-flash,2
torino,2
governs,2
arial,2
gizmos,2
choreographer,2
reliance,2
pacemakers,2
ditching,2
weeken-,2
marylebone,2
hmds,2
reining,2
snorted,2
pianola,2
airén,2
bigwigs,2
broadland,2
cue-,2
workouts,2
mooc,2
tako,2
compartmentalised,2
sultans,2
cit-,2
hawkin,2
blindness,2
bookable,2
tranche,2
mandala,2
getafix,2
authorizing,2
ratatat,2
stereo-,2
milestones,2
mighta,2
starr,2
nobile,2
ex-professional,2
newsreader,2
jinxing,2
chum,2
acocks,2
marginalise,2
igor,2
revaluation,2
derailed,2
guccis,2
soc-,2
plusnet,2
pre-empting,2
prima,2
mcbeal,2
regiments,2
condenser,2
bairns,2
nonchalant,2
dkny,2
fistfuls,2
demotion,2
kegs,2
snowboarders,2
duologue,2
chavtastic,2
oversees,2
peens,2
realty,2
forw-,2
three-course,2
short-sleeved,2
bbc3,2
wile,2
magnitude,2
thunderball,2
salu,2
post-apocalyptic,2
paddocks,2
slithy,2
numerals,2
s'more,2
contra-,2
meridians,2
bosphorus,2
rieu,2
ganja,2
zzz,2
bios,2
cbe,2
brown-haired,2
skyscanner,2
peacefulness,2
prompting,2
dropouts,2
equi-,2
reigning,2
reversal,2
brooker,2
rfu,2
enclose,2
benson,2
curds,2
birdcage,2
galleria,2
mephisto,2
cortez,2
evolutionarily,2
pilfered,2
argentinean,2
selects,2
blasts,2
pictu-,2
sicknesses,2
chinny,2
rurally,2
edin-borough,2
pushers,2
bunton,2
smelter,2
downpatrick,2
crapped,2
neots,2
endeavours,2
worships,2
uninvite,2
exiled,2
aptamil,2
biding,2
earholes,2
compression,2
feasts,2
widgy,2
denouncing,2
plagued,2
clashes,2
upstage,2
dossing,2
pixellated,2
jansport,2
panyard,2
surpr-,2
crashers,2
cleave,2
vol-,2
nau-,2
snobs,2
cerys,2
darks,2
hypnotise,2
sudacrem,2
shiyan,2
doppelganger,2
eduroam,2
genera-,2
post-grad,2
valets,2
sluttish,2
networked,2
ceylon,2
mes-,2
lingui-,2
leaped,2
degeneres,2
corgis,2
re-enact,2
rusted,2
ole,2
stockpile,2
kep-,2
boff,2
milieu,2
safety-conscious,2
bodysuit,2
clamber,2
chupa,2
pre-own,2
cat-,2
twentysomething,2
realign,2
ahoy,2
glowy,2
hosp-,2
pancake-themed,2
keynote,2
underbaked,2
mooncups,2
pretences,2
blobbing,2
baymax,2
kenickie,2
boook,2
dont',2
oa,2
aer-,2
kasabian,2
myopic,2
therein,2
unsaid,2
nightly,2
renewals,2
phoneme,2
victimhood,2
simulated,2
commendation,2
varsity,2
drrr,2
boke,2
jodhpur,2
overeat,2
charac-,2
mumbly,2
leicestershire,2
rsc,2
governance,2
looted,2
gizmo,2
dependents,2
bazillion,2
hydroponics,2
guesstimate,2
appre-,2
hatest,2
ferrero,2
degeneration,2
hillbillies,2
berna,2
tooth-,2
paramotor,2
windowsills,2
mankinholes,2
corp-,2
blistered,2
neighbourhoody,2
profane,2
easements,2
lena,2
moul-,2
auras,2
fertilizer,2
jocelyn,2
dla,2
smidge,2
isabella,2
mediate,2
dilly,2
pav,2
degrade,2
limca,2
hailed,2
refreshingly,2
swit-,2
deformity,2
padlocked,2
self-love,2
suzanne,2
meister,2
highlighters,2
familia,2
jodhs,2
aldershot,2
jenelle,2
regressive,2
slippiest,2
fabia,2
demoralised,2
openoffice,2
rejuvenate,2
conveyed,2
half-marathons,2
vistas,2
norah,2
moonraker,2
gazza,2
shrink-wrapped,2
hair-,2
jct,2
wowwy,2
avez,2
muay,2
porches,2
biplane,2
seleccin,2
entr-,2
peripatetic,2
goalposts,2
lamy,2
toppled,2
well-mannered,2
amniotic,2
montaña,2
aeration,2
endowments,2
aggrieved,2
rimmer,2
moon-,2
moonstone,2
presu-,2
megatron,2
ambush,2
two-state,2
fieldfare,2
stepmother,2
fit-,2
deep-filled,2
bude,2
autocorrect,2
hehe,2
enor-,2
v-necked,2
blagging,2
varierra,2
matlab,2
super-villain,2
submits,2
tarrant,2
yuri,2
femi-,2
halogram,2
eclat,2
touche,2
debs,2
bedtimes,2
brainbox,2
teraphim,2
utmost,2
nik,2
worshiping,2
baldness,2
ginny,2
kinloss,2
sedgwick,2
coupled,2
intre-,2
enlightens,2
flat-screen,2
drink-,2
beigey,2
priestly,2
afflicted,2
exper-teas,2
sna-,2
powerhouse,2
tendering,2
gaoler,2
fpt,2
oddest,2
sicky,2
chatterley,2
snaking,2
loughborough,2
reveals,2
commuters,2
rhinoceroses,2
twoo,2
suffix,2
droll,2
linc-,2
brucie,2
ergonomic,2
sprawled,2
rawlplugs,2
welling,2
balloo-,2
hil-,2
gazpacho,2
adolescence,2
afghani,2
emoticons,2
spumante,2
parnyard,2
aherne,2
yung,2
breadbin,2
balboa,2
minuit,2
shitfaced,2
niall,2
nunnery,2
pet-friendly,2
fundamentalist,2
intoxicated,2
pull-out,2
buboes,2
harlequin,2
wicksteed,2
champagnes,2
melua,2
henri,2
orangutans,2
barrows,2
horsehair,2
twelveish,2
underused,2
autoimmune,2
ambivalent,2
fanciable,2
camino,2
yearn,2
respectively,2
woo-woo,2
palahniuk,2
correlates,2
fractionally,2
straining,2
over-booked,2
enquires,2
bognor,2
canaveral,2
pixelated,2
tenfold,2
perio-,2
morni-,2
bumm,2
ex-policemen,2
swanned,2
brusque,2
plat-,2
airwaves,2
eighteenth-century,2
zlatan,2
pax,2
pliés,2
chandos,2
reputations,2
langu-,2
renewable,2
qr,2
podgorica,2
kempton,2
digimon,2
flannelette,2
cooties,2
self-assured,2
neighbourhoods,2
hemlock,2
critter,2
eighty-ninety,2
merriment,2
ruder,2
imperialist,2
revitalised,2
sebastian,2
great-great-grandfather,2
overhear,2
in-joke,2
iqs,2
sett-eye,2
couns-,2
incompatible,2
eco-friendly,2
bucked,2
squarepants,2
earshot,2
blah-di-blah,2
bse,2
t'north,2
aldren,2
ugandan,2
therapies,2
onslaught,2
entitles,2
reparable,2
sufficiency,2
peds,2
jowman,2
indiscretions,2
upperty,2
expensi-,2
insinuations,2
buoyed,2
challis,2
demonic,2
chaffinch,2
identifies,2
collider,2
termite,2
virg-,2
suntanned,2
camisa,2
shuck,2
acetate,2
ironware,2
artic-,2
headers,2
power-based,2
mignolet,2
dread-,2
sprinkling,2
quantise,2
balquhidder,2
gritters,2
hand-out,2
frustratingly,2
jihadi,2
timpson,2
hope-,2
exfoliating,2
tofl,2
expiration,2
lor-,2
mcgc,2
natured,2
endowed,2
dossy,2
mishmash,2
colour-coordinated,2
theor-,2
tabernacle,2
naturey,2
humanoid,2
valvoline,2
bottl-,2
toluca,2
foresty,2
punishments,2
max-,2
officey,2
radagast,2
reveille,2
creuset,2
commit-,2
sommerhalder,2
disparate,2
gard-,2
workhouse,2
berties,2
right-,2
kerr,2
allied,2
overlay,2
well-off,2
cunard,2
transferrable,2
bangladeshis,2
vearncombe,2
nineteen-seventy,2
cursive,2
backhanded,2
borehole,2
marke-,2
scandi,2
overestimating,2
spectrosc-,2
embodied,2
um-,2
forgettable,2
hollandaise,2
breadline,2
greenfly,2
harvested,2
maris,2
bugatti,2
manilla,2
waists,2
quivering,2
distort,2
faffy,2
automate,2
swype,2
poorness,2
pre-booked,2
dirt-,2
dinner-dance,2
faction,2
pathology,2
sweatshirts,2
tempers,2
easygym,2
paninis,2
turok,2
malboro,2
vinyls,2
haiku,2
swagways,2
fanc-,2
studi-,2
gaffs,2
corleone,2
feel-good,2
baccardi,2
san-,2
snowdome,2
nutr-,2
reasona-,2
reinvest,2
wozniak,2
oddjob,2
herbazest,2
tindalls,2
org-,2
hairless,2
lugs,2
chafe,2
ker-knockers,2
supervalu,2
clarinets,2
cathe-,2
av-,2
philharmonic,2
widower,2
pointer,2
gpa,2
mbq,2
newswatch,2
pathia,2
rosehips,2
storyboard,2
co-operative,2
friend-,2
itza,2
toe-nails,2
waxwork,2
hydrotherapy,2
receptors,2
glacial,2
poisons,2
smoothed,2
basildon,2
prospectus,2
stooped,2
slaughtering,2
sarky,2
ling-,2
shelley,2
où,2
engraving,2
shouty,2
initiating,2
amicably,2
handbooks,2
argus,2
taunt,2
kr,2
stan-,2
fidelity,2
gaff,2
cloister,2
blanca,2
upton,2
a170,2
pouty,2
impressionistic,2
dogwood,2
civilized,2
re-sell,2
abstinence,2
battlefields,2
cheekbone,2
della,2
curie,2
lucca,2
guggenheim,2
frankley,2
stokey,2
athl-,2
hooted,2
malfunction,2
fuschts,2
showgirls,2
shogun,2
daydream,2
samwise,2
notting,2
calligraphy,2
ticketmaster,2
exploitative,2
bookseller,2
e-contract,2
hand-,2
offsite,2
dozed,2
broadchurch,2
brendan,2
descri-,2
pertain,2
mordor,2
venton,2
slumped,2
datsun,2
prerequisites,2
ramos,2
bott-,2
illumination,2
sayer,2
unseen,2
briskly,2
soiled,2
affiliates,2
publicized,2
unthinkable,2
wirey,2
depeche,2
gags,2
tezza,2
fiercely,2
thrusting,2
hoax,2
culvert,2
fusing,2
moscova,2
deathism,2
lifetimes,2
hobble,2
mobs,2
chiropractic,2
weisz,2
skiddy,2
eg-,2
beachside,2
grasses,2
prong,2
callum,2
symbiotic,2
gormon,2
markosia,2
savouring,2
symbolically,2
ceases,2
triceps,2
step-mum,2
cevapcici,2
sledgehammers,2
subways,2
boudicca,2
l'origine,2
teacups,2
cut-outs,2
teasp-,2
malecón,2
top-heavy,2
terminated,2
socker,2
quan-,2
shucking,2
ticker,2
cherie,2
mcafee,2
prem-,2
mademoiselle,2
grazes,2
mange,2
audiology,2
antonyms,2
initia-,2
gladiators,2
glimpses,2
thirty-nineteen,2
lacrosse,2
frigger,2
vespas,2
herbivores,2
bulimia,2
tsunamis,2
thicknesses,2
respecting,2
lacey,2
trademark,2
presets,2
negating,2
testimonies,2
duffer,2
natty,2
digests,2
peddles,2
decibels,2
scholl,2
typos,2
harps,2
high-maintenance,2
twenty-nineteen,2
cockle,2
moshi,2
lapel,2
fubar,2
monobrow,2
evaporating,2
flint,2
snaffling,2
performs,2
mollycoddled,2
pesos,2
jointy,2
farm-,2
vindicated,2
prizer,2
jacqueline,2
scrotes,2
ehle,2
conjecture,2
cardy,2
sixty-,2
sideboards,2
codify,2
cohabiting,2
scoreboard,2
zeta-jones,2
sprigs,2
megapixels,2
relieving,2
beaching,2
meep,2
thickest,2
spacecraft,2
grammars,2
cala-,2
wowser,2
vers,2
twelve-,2
harpsichords,2
mcflurry,2
libra,2
degr-,2
pimping,2
ghosting,2
remastered,2
fjord,2
unsustainable,2
protections,2
konob,2
rossmann,2
waded,2
in'tit,2
rue,2
exorbitant,2
ronald,2
exfoliation,2
refills,2
ten-inch,2
deliv-,2
throu-,2
situatio-,2
tefly,2
attentions,2
ejecta,2
pronto,2
driest,2
concer-,2
cellars,2
exploits,2
disposing,2
bffs,2
cup-cake,2
bojangles,2
qa-,2
grievous,2
comms,2
burke,2
provisos,2
backcombed,2
unidays,2
advancing,2
wash-up,2
europop,2
beamage,2
aragorn,2
giblets,2
bogies,2
plumes,2
m42,2
wiggles,2
urologist,2
detonators,2
meek,2
offi-,2
scratty,2
customised,2
zover,2
bidirectional,2
trickier,2
eig-,2
francois,2
soji,2
tertiary,2
hoeing,2
spengler,2
coon,2
beavering,2
reliably,2
entrapment,2
gobble,2
ascot,2
parent-,2
amassed,2
radiated,2
weaponry,2
automat-,2
hour-long,2
vice-chancellor,2
conformist,2
varicose,2
teelief,2
dupuy-,2
trens,2
rui-,2
lucille,2
edmondson,2
faso,2
anti-selfie,2
vegs,2
oder,2
immunotherapy,2
ofte-,2
authorisation,2
liberation,2
airtight,2
fishmonger,2
sainsburys,2
underdeveloped,2
tuppences,2
submission,2
moderated,2
helpx,2
plummeting,2
falconry,2
tena,2
ten-and-a-half,2
indepen-,2
retelling,2
lenin,2
beadle,2
jacked,2
ambience,2
jellyfishes,2
catchetorian,2
marquis,2
upbringings,2
á,2
quill,2
wrong'un,2
grapey,2
vocab-,2
embarrassingly,2
womaniser,2
panpsychism,2
manganese,2
gimble,2
cpi,2
gasket,2
neatherd,2
personae,2
regrette,2
formidable,2
favouritist,2
reborn,2
hiss,2
tds,2
schtum,2
catalonian,2
keratin,2
quartier,2
brassica,2
upstart,2
redwing,2
duct-taping,2
mada-,2
zoolander,2
fraggle,2
muggings,2
antipodeans,2
espe-,2
renegotiation,2
plumbo,2
tradespeople,2
calculus,2
huxley,2
anguish,2
banish,2
philistine,2
walky,2
yids,2
froob,2
weekish,2
massa-,2
grigio,2
luchen,2
alu-,2
tidiness,2
dre,2
penalized,2
buttered,2
phonebook,2
mortars,2
lariam,2
kaufman,2
angered,2
maverick,2
ooooh,2
spoofed,2
thickened,2
ssss,2
baritone,2
fizzes,2
eighty-something,2
forgo-,2
swot,2
paining,2
sandstone,2
chacady,2
pressuring,2
seventy-odd,2
frisian,2
syrah,2
garble,2
sanitised,2
disservice,2
breathalyse,2
yorkshireish,2
marketer,2
fold-out,2
lsat,2
supplementing,2
adversely,2
enforcer,2
anthropomorphic,2
poised,2
beer-swilling,2
ybf,2
horsebox,2
swimsuit,2
sud-,2
heretical,2
headway,2
mohawk,2
subtext,2
hagens,2
telomere,2
tuscan,2
nam-,2
stol-,2
smithy,2
interning,2
hca,2
marlene,2
mirr-,2
brokers,2
torygraph,2
inexcusable,2
ddiy,2
raindrop,2
partitioned,2
catch-ups,2
myler,2
myrtle,2
relaying,2
navigable,2
ada-,2
backburner,2
frowny,2
skandi,2
self-referential,2
adoptive,2
tyumen,2
slip-up,2
aphids,2
wring,2
empowered,2
foregoing,2
motley,2
glencoe,2
unwittingly,2
hissing,2
patenting,2
backseat,2
hundred-year-old,2
kroos,2
accumulatively,2
lightbulbs,2
depicts,2
vani-,2
jemima,2
pickups,2
unlearn,2
greenday,2
bulger,2
goof,2
lolloping,2
divan,2
multi-objective,2
beta-amyloid,2
spurts,2
disassociated,2
hawkes,2
blemishes,2
yabber,2
howe,2
convening,2
mopping,2
winked,2
alberta,2
sours,2
shitless,2
gee-,2
dw,2
voracious,2
notoriety,2
qatada,2
non-gypsy,2
unenjoyable,2
statio-,2
mcchicken,2
funny-looking,2
lacrose,2
scrolls,2
purty,2
conquerors,2
coo-coo,2
whatnotties,2
chipsos,2
disobey,2
humbly,2
sachar,2
throughfare,2
cosplay,2
metadrama,2
tamera,2
german-,2
wast,2
sandbox,2
rehear-,2
haters,2
wringing,2
aeneid,2
covets,2
relics,2
gristly,2
mark-up,2
posies,2
plugger,2
hay-,2
homeschool,2
unfolds,2
mellowed,2
schnauzers,2
longley,2
iofs,2
hardens,2
monkton,2
tu-whiting,2
picturehouse,2
sub-lieutenant,2
curving,2
overbearing,2
pantaloon,2
faithfulness,2
shunted,2
gunmetal,2
afterw-,2
aeros,2
concur,2
valderee,2
garni,2
tmp,2
yusupov,2
regression,2
pogba,2
go-karting,2
expo,2
savilewere,2
surcharge,2
madhuri,2
soliloquy,2
mashes,2
galavanting,2
edmund,2
interest-free,2
hard-nosed,2
kronen,2
proce-,2
stallion,2
term-,2
haphazard,2
stonking,2
parklands,2
cadenzas,2
semi-professional,2
colfer,2
cortisol,2
waxes,2
x5,2
scorned,2
boyfrie-,2
perseverer,2
sheath,2
reprioritise,2
mexborough,2
indemnification,2
f-zero,2
sultan,2
buda-,2
methyl,2
chinchillas,2
yardley,2
crooks,2
sju,2
non-padded,2
recirculated,2
salah,2
send-off,2
slimmed,2
contributory,2
perpetrators,2
fortitude,2
nitrogen,2
ell,2
hokum,2
brickworks,2
ecologically,2
dreamworks,2
prom-,2
skiffle,2
seaboard,2
rigours,2
non-essentials,2
testimonials,2
schmeat,2
colloqu-,2
hammertime,2
slicey,2
galvanise,2
side-tracked,2
wallpapering,2
turbans,2
vil-,2
awfulness,2
stun,2
doorways,2
breathers,2
cottoning,2
increments,2
oppresses,2
non-food,2
snapper,2
intersection,2
punchers,2
business-speak,2
ado,2
murkier,2
bose,2
lithuanian,2
penn,2
shattering,2
bassists,2
lamonas,2
poo-,2
neurologist,2
pickling,2
souks,2
gulley,2
mirs,2
carpool,2
karbala,2
chunda,2
mesopotamia,2
cosmology,2
dingle,2
unsatisfactory,2
honing,2
bisschen,2
wanked,2
vindaloo,2
townshend,2
conserving,2
pigsties,2
unstitch,2
intently,2
fidgety,2
heal-,2
fornicate,2
gradable,2
entendre,2
belge,2
relays,2
mocku-,2
mockumentary,2
pressies,2
furth-,2
fire-,2
hovered,2
'n,2
thatchers,2
storyteller,2
doodles,2
coinage,2
lait,2
bobbed,2
reformation,2
pollack,2
sixti-,2
whities,2
twoish,2
l-shape,2
repaved,2
ferocious,2
cous-,2
canons,2
raglan,2
classica,2
fluster,2
dirch,2
plonking,2
stanstead,2
emi,2
saps,2
arg-,2
mish-,2
unknowns,2
pentle,2
twighlight,2
pollutants,2
aerodynamic,2
reputedly,2
herbert,2
mayweather,2
rarebit,2
workspace,2
self-locking,2
saplings,2
energising,2
six-year,2
bogan,2
fevered,2
blackman,2
bray,2
sharif,2
cill,2
habitation,2
honking,2
swizz,2
emulsifiers,2
mussolini,2
naively,2
clarence,2
contact-,2
tie-dye,2
nobodies,2
palatine,2
decapitated,2
toma-,2
bubble-wrap,2
sensationalised,2
demigod,2
heffy,2
pascal,2
blee-,2
unobtainium,2
honeyford,2
transfiguration,2
kernels,2
hazed,2
courtroom,2
gcs-,2
elliptical,2
assed,2
nineish,2
scrimping,2
retrop,2
sarangasana,2
upcycled,2
wisbit,2
multi-purpose,2
expec-,2
pawing,2
nothingy,2
hoppy,2
gamer,2
shockers,2
mankinis,2
beanbags,2
loopholes,2
commandment,2
obscured,2
pronk,2
balasi,2
yada,2
ex-convicts,2
recruiters,2
blondey,2
wat,2
preposterous,2
rebuttal,2
cinematography,2
ume,2
mythbusters,2
desking,2
seonsaeng,2
skeptical,2
brockles,2
yippy,2
tu-whoo,2
fuses,2
waxy,2
hur,2
subcontractors,2
uprights,2
mallen,2
kanji,2
phosphorous,2
whitish,2
wobbled,2
talisman,2
dockyard,2
plaga,2
unlawful,2
recov-,2
lap-,2
mingers,2
awning,2
rus-,2
boffin,2
comfiest,2
upwords,2
dodger,2
clam,2
communards,2
trample,2
tangerines,2
immigra-,2
workhouses,2
fabrice,2
turn-,2
typecasting,2
wanda,2
detune,2
conqueror,2
homeworks,2
wakeman,2
snubs,2
unemployable,2
jägerbomb,2
jamal,2
unrest,2
re-got,2
proprietary,2
semi-pro,2
mayan,2
barge-pole,2
compilations,2
cast-offs,2
rudder,2
flukes,2
diagonals,2
postgraduates,2
neroli,2
bloomin,2
bis,2
gelato,2
nic-,2
sprats,2
ramshackle,2
bandana,2
web-based,2
mind-numbing,2
investigates,2
ninety-year-old,2
stepfather,2
no-claims,2
westernisation,2
sissy,2
hardl-,2
dehydrates,2
diaz,2
amazement,2
manicured,2
collage,2
measurer,2
fenland,2
what'sh-,2
fail-safe,2
twenty-ones,2
trl,2
anti-mosquito,2
lin,2
lured,2
handguns,2
overhanging,2
pover,2
chocks,2
hickey,2
uteruses,2
poundage,2
similarish,2
meditations,2
eleve-,2
trafficky,2
revolutionise,2
turducken,2
borealis,2
longinus,2
conce-,2
piston,2
tints,2
platys,2
jabbing,2
slinking,2
auxiliaries,2
strictest,2
colonels,2
debbie,2
sprang,2
synthesise,2
warns,2
crr-,2
seductively,2
bouffanty,2
poncy,2
boomerang,2
despondency,2
assholes,2
paycheck,2
pie-,2
fleck,2
resend,2
hemsby,2
untested,2
lewises,2
defe-,2
weaves,2
motovan,2
whil-,2
marmalades,2
underaged,2
overstayed,2
pipers,2
forceful,2
applica-,2
elapsed,2
unappreciated,2
libdem,2
vel-,2
newsy,2
becky,2
coutinho,2
epically,2
ratatou-,2
wispa,2
proportionality,2
prudence,2
wingy,2
unrestricted,2
specimens,2
mir-,2
snea-,2
starchy,2
beaujolais,2
jaunts,2
afterlife,2
plethora,2
chender,2
manoeuvrable,2
harriman,2
hnc,2
backpacker,2
daryl,2
defen-,2
ade,2
-akis,2
atrium,2
crinkley,2
re-jig,2
disown,2
self-deprecating,2
sedative,2
halwa,2
crewe,2
barmen,2
forgot-,2
yarns,2
plug-in,2
anti-american,2
aysgarth,2
alba,2
nfi,2
extortionately,2
vomits,2
kerl,2
dogsbody,2
amis,2
urchins,2
stockton,2
pollute,2
bluebottle,2
potticar,2
soci-,2
marshes,2
perving,2
ont-,2
necessa-,2
farthest,2
puttanesca,2
lenovo,2
stenograph,2
tast-,2
doo-,2
abr-,2
exi-,2
consoles,2
close-ups,2
aperitif,2
multi-angle,2
boners,2
irreparable,2
wear-,2
matanza,2
jel,2
titties,2
insurgents,2
fabricate,2
teutonic,2
prickled,2
crisp-,2
moyes,2
pulpit,2
reaffirm,2
navigated,2
inve-,2
egocentric,2
potholes,2
eurosports,2
gamgee,2
lyndhurst,2
conspicuous,2
midterm,2
big-headed,2
headgear,2
thimbleful,2
fightstar,2
guideline,2
batsman,2
peano,2
goldy,2
lozenges,2
perkier,2
x-box,2
footbridge,2
hierarchies,2
mulling,2
fallow,2
fiddler,2
androgynous,2
igon,2
professorship,2
inbetween,2
four-way,2
provinces,2
copi-,2
haggled,2
redder,2
washable,2
macrosystem,2
untouchable,2
mannerism,2
wallaby,2
bathmat,2
teleportation,2
schoolboys,2
trish,2
sundarbans,2
peal,2
orca,2
cabernet,2
pioneered,2
brov,2
strumming,2
wonderbra,2
bodybuilder,2
deploy,2
zivildienst,2
rashes,2
depar-,2
operatic,2
echos,2
de-stress,2
stubs,2
innovations,2
westies,2
tunis,2
accoutrements,2
sunglass,2
prep-,2
plier,2
tailboard,2
felted,2
australianisms,2
unaccounted,2
recess,2
chocker,2
rosa,2
squabble,2
defied,2
jiggle,2
drink-driving,2
leviosa,2
shelve,2
ingrowing,2
osgood,2
tooted,2
crabstick,2
undying,2
zealanders,2
animations,2
gadgety,2
bifida,2
brainwashing,2
yiddish,2
hagaddah,2
froth,2
assimilates,2
sophistry,2
bended,2
luh,2
postmodernism,2
retraining,2
acronyms,2
permitting,2
bodder,2
pelt,2
tengo,2
quatro,2
penetrating,2
impending,2
kopfkissen,2
deliverance,2
martians,2
flieder,2
regulating,2
incarnations,2
magna,2
candied,2
valeters,2
tie-,2
armenia,2
broc-,2
crus-,2
walkies,2
sire,2
mcing,2
parades,2
diagnoses,2
unbusy,2
swingers,2
barnacles,2
pitcher,2
jjb,2
stingers,2
nodes,2
sixtyone,2
traceability,2
down-filled,2
fainters,2
eldorado,2
shrubs,2
bear-,2
multimodal,2
sla-,2
bbm,2
leakage,2
placentas,2
gauging,2
allat,2
addenbrooke,2
backcombing,2
goings,2
larocco,2
pst,2
conjurers,2
séances,2
gyro,2
shopkeeper,2
ballets,2
queried,2
blakeney,2
shari,2
illuminati,2
tomfoolery,2
banff,2
vrmmm,2
shizz,2
savant,2
gumph,2
spital,2
gape,2
fondest,2
protrude,2
lingered,2
kingdoms,2
tromsø,2
crocker,2
stairlift,2
mangled,2
treacherous,2
peg-legged,2
northumbrian,2
rereading,2
idolised,2
dfids,2
composting,2
sara,2
mamushka,2
unwelcome,2
muster,2
brugge,2
voyages,2
tiptoeing,2
stylie,2
airbase,2
shooed,2
researchy,2
westfalen,2
tippi,2
pieros,2
profuse,2
anchors,2
clots,2
terrains,2
rehoming,2
partayed,2
compostela,2
pilaf,2
nargle,2
courfeyrac,2
walvis,2
e-type,2
weirdies,2
faffed,2
heifer,2
eddings,2
rebooked,2
raffled,2
satsumas,2
sustaining,2
pronu-,2
ibnum,2
narrowly,2
stepford,2
vc,2
swaziland,2
galette,2
tex-mex,2
beşiktaş,2
reallocating,2
timestamp,2
grossly,2
contex-,2
teriyaki,2
wazza,2
vengaboys,2
lightness,2
fabricator,2
non-british,2
assigning,2
ninjas,2
amnesia,2
loveday,2
varnishing,2
tangier,2
cw,2
growling,2
seeped,2
yee,2
spangenberg,2
brainfart,2
dosing,2
nickable,2
well-run,2
typist,2
fuenfzig,2
duh-duh-duh,2
cabriolet,2
meringuey,2
slippiness,2
clerks,2
chimps,2
guar-,2
invisibility,2
condemning,2
pry,2
employable,2
mutants,2
raphael,2
lockhart,2
someway,2
conjugation,2
interlude,2
parboiled,2
stropping,2
shuttles,2
hogs,2
dachi,2
sparknotes,2
infuriated,2
suppos-,2
renovate,2
municipality,2
untangling,2
flattening,2
couchette,2
disraeli,2
potteries,2
unfathomable,2
wormery,2
flowerbed,2
dispassionately,2
manasa,2
bust-up,2
duh-duh-duh-duh-duh-duh-duh,2
blt,2
trebus,2
abolishing,2
arm-,2
socialists,2
depart-,2
indecent,2
berl-,2
royle,2
gob-,2
baldy,2
polytunnels,2
kamcha-,2
yield,2
hotties,2
prepped,2
unr-,2
hab-,2
marques,2
pfc,2
clipboards,2
salaam,2
rengar,2
galician,2
resorted,2
blissfully,2
bromsgrove,2
nastier,2
sugar-coat,2
nair-,2
tumbling,2
psycholo-,2
hoardings,2
zee,2
isil,2
berate,2
stai-,2
offish,2
patented,2
overpopulated,2
blasberry,2
vlt,2
needlessly,2
fletch,2
steed,2
miscounted,2
hauliers,2
noun-based,2
revlon,2
non-drivers,2
britishness,2
encephalitis,2
fem-,2
seventy-fifth,2
schengen,2
regulatory,2
peston,2
re-tweeted,2
workflow,2
dangly,2
defaced,2
washbag,2
persie,2
vamp,2
sevenish,2
fukushima,2
bilderberg,2
defoe,2
parameter,2
propelling,2
antagonist,2
wolfsburg,2
sever,2
wedgoo,2
snowtown,2
strat-,2
innovating,2
henson,2
girlf-,2
bradshaw,2
bucking,2
awfu-,2
beurre,2
clung,2
centro,2
usu-,2
dizzles,2
doctored,2
daffolilliums,2
sandbag,2
excerpt,2
evacuation,2
unsettled,2
agora,2
boulton,2
teletuppies,2
featherweight,2
recina,2
patreon,2
promo,2
birdfeeders,2
cascading,2
wenceslas,2
francesco,2
condemnation,2
acquiesced,2
by-election,2
trouper,2
lexicography,2
rungs,2
concoctions,2
flocking,2
poun-,2
hypothermia,2
higgledy,2
rollator,2
roubles,2
ringleader,2
golton,2
epsilon,2
mcgrew,2
whittington,2
carotene,2
mickleover,2
procrastinated,2
enunciate,2
hex,2
symbian,2
joh-,2
sprawling,2
prankster,2
successes,2
bronzer,2
blacker,2
agonise,2
junky,2
thymian,2
nitric,2
pinpointed,2
hee-hee,2
unfort-,2
woah-ee,2
ipr,2
encroaching,2
downstream,2
fluffy-haired,2
instigator,2
hieroglyphic,2
somersaults,2
hyrule,2
filo,2
sheepishly,2
unauthentic,2
rosedale,2
bridlington,2
cross-section,2
swizzle,2
hang-ups,2
chromos-,2
churchy,2
gyre,2
hyperventilating,2
sno-,2
starcraft,2
syllabi,2
tropothy,2
fuckwits,2
dislocates,2
sheikh,2
do-gooders,2
monetarily,2
visage,2
trombones,2
confirmations,2
pooping,2
abnormally,2
torpedoed,2
breakable,2
brow-,2
withdrawals,2
yogi,2
liberia,2
mirren,2
consensual,2
coax,2
cust-,2
feigning,2
bared,2
spoonfuls,2
neith-,2
perfecting,2
bailing,2
magnetism,2
anc-,2
rockety,2
two-tier,2
staffing,2
italic,2
canc-,2
tong,2
wurly,2
regenerator,2
marrakech,2
chlorophyll,2
sundaes,2
dishonoured,2
micklewhite,2
fuss-,2
tailback,2
ceremonial,2
sabai,2
mclaughlin,2
cartland,2
non-academic,2
bather,2
hard-line,2
propagating,2
leotards,2
disintegrates,2
tomor-,2
north-west,2
indridason,2
shel-,2
toksvig,2
negra,2
painstaking,2
chakrabarti,2
volcanos,2
slitting,2
criss-cross,2
shooing,2
stacker,2
chatterboxes,2
tingled,2
penurious,2
blindingly,2
multi-storeys,2
decreed,2
salamis,2
anaesthetised,2
expenditures,2
isengard,2
zippy,2
unusable,2
milla,2
widens,2
chromecast,2
quartile,2
teena-,2
add-ons,2
nutini,2
warbling,2
sandbanks,2
siobhan,2
traumatized,2
need-,2
inducted,2
laxatives,2
three-ish,2
schoolbag,2
nomad,2
cannibals,2
banded,2
boyo,2
presumption,2
roommate,2
dunce,2
miscommunication,2
brained,2
colons,2
sym-,2
dona-,2
cancun,2
imm-,2
ninety-ninety-five,2
outpost,2
ricki,2
instru-,2
cancú-,2
imperative,2
ekindle,2
doin-,2
nine-hour,2
archaeologists,2
girliness,2
klingon,2
yon,2
rewire,2
gyming,2
eliot,2
swiftly,2
wop,2
repossessing,2
miniskirt,2
made-up,2
goodwill,2
grey-,2
anuses,2
sols,2
maul-,2
sectioning,2
sailboat,2
buoyant,2
spee-,2
trill,2
esb,2
diss,2
purest,2
proofreader,2
croats,2
lett-,2
townhouses,2
everbody,2
debilitating,2
reseal,2
sid,2
critiquer,2
extroversion,2
rogavichi,2
five-bedroomed,2
luxuries,2
astard,2
charact-,2
keiser,2
hieroglyphics,2
erected,2
vid,2
bide,2
gardie,2
gaston,2
dormitories,2
apparentl-,2
filofax,2
manx,2
maranians,2
barriered,2
borg,2
jimjams,2
pdpr,2
ppts,2
bullfinches,2
airplanes,2
axiom,2
tearaway,2
five-week,2
connectedness,2
pored,2
dumdore,2
squelch,2
bitesize,2
footsie,2
crowdfunded,2
pooped,2
hairdos,2
orangeness,2
edin-,2
ment-,2
sevastopol,2
yahs,2
frightful,2
hofbibliothek,2
conceiving,2
moneymaking,2
reoccurred,2
busford,2
fibrillation,2
bulimic,2
gelish,2
poetess,2
eyewitness,2
globalization,2
dee-,2
adrift,2
megaphone,2
juiciest,2
cmyk,2
diys,2
arabist,2
dig-,2
symptomatic,2
faring,2
dorridge,2
harass,2
leveson,2
off-chance,2
side-effects,2
frisky,2
sliders,2
radley,2
bulldoze,2
humpback,2
leg-up,2
instructing,2
whereupon,2
hordes,2
redirect,2
informational,2
analogous,2
deter-,2
diffusion,2
exemptions,2
meows,2
flashcard,2
enterprises,2
simila-,2
misjudged,2
gobshite,2
appe-,2
macfarlane,2
temptress,2
three-way,2
mistaking,2
chimichurri,2
loonies,2
toyshop,2
agre-,2
kyi,2
automaton,2
plainer,2
ceviche,2
buncefield,2
velodrome,2
mcmillan,2
helmut,2
spatulas,2
roadmap,2
naturalistically,2
lossiemouth,2
ist-,2
fco,2
cpre,2
vhm,2
malts,2
dicked,2
plodded,2
skydive,2
nce,2
devolving,2
retsinas,2
hoofer,2
hatterfaggle,2
vimes,2
outed,2
goblety,2
brandies,2
abercrombie,2
sprogs,2
smeared,2
homepage,2
rector,2
magnificently,2
proudest,2
amir,2
vientiocho,2
associative,2
villager,2
speechless,2
dipshit,2
pre-packed,2
synonym,2
sputnik,2
revenues,2
wrongun,2
barrack,2
earpieces,2
corrective,2
sanctuaries,2
squalor,2
ferreting,2
yo-yos,2
o'donnell,2
perfu-,2
overcame,2
summut,2
non-musicians,2
romulus,2
multigrain,2
archie,2
upstanding,2
luring,2
bit-,2
succinctly,2
omnifone,2
custardy,2
mantis,2
un-see,2
blubbing,2
dispensation,2
disbelief,2
patagonia,2
kleftiko,2
dumb-ass,2
medievalist,2
idealise,2
cracky,2
additions,2
facilitators,2
levi-,2
grooving,2
tessellation,2
pessach,2
gemstone,2
metamorphosis,2
pimped,2
bilio,2
internalised,2
lead-up,2
fluctuates,2
oil-proof,2
configured,2
thaws,2
beelzebub,2
applejack,2
warminster,2
garrison,2
steely,2
headbands,2
taser,2
week-and-a-half,2
indianapolis,2
recyclables,2
penc-,2
hustings,2
sturgeon,2
photoshoots,2
justgiving,2
asexual,2
perths,2
partake,2
synaesthesia,2
proclaim,2
godzilla,2
defying,2
urns,2
trans-siberian,2
alphabets,2
scot-free,2
grins,2
refurbed,2
blanched,2
free-range,2
tamzin,2
boosts,2
neutron,2
espanol,2
facettme,2
slow-,2
conga,2
gamestation,2
dignified,2
e-mailing,2
squawking,2
budding,2
discoloured,2
apeshit,2
muggers,2
teardrop,2
eire,2
busyness,2
canno-,2
durwoods,2
buona,2
waddles,2
paddled,2
ero-,2
encores,2
naga,2
anatalie,2
stilted,2
particip-,2
pk,2
sniffling,2
quizup,2
obvs-,2
ratified,2
hypermobility,2
downgraded,2
guesser,2
genuin-,2
usp,2
tabard,2
geri-,2
grobag,2
idmb,2
didicoys,2
jeremih,2
sexier,2
myriad,2
singaporean,2
snap-,2
tove,2
very-,2
mid-sentence,2
thesaurus,2
bain-marie,2
hoards,2
gormley,2
metrocentre,2
wayney,2
mist-,2
morissette,2
cp,2
untrustables,2
blooded,2
bac,2
volleys,2
reiterate,2
associating,2
murmurings,2
fingertip,2
tattooist,2
bombard,2
acrobats,2
jamiroquai,2
ibooks,2
symmetry,2
unconfident,2
almaty,2
rotates,2
buckles,2
lactic,2
groundedness,2
contextualise,2
kettlebells,2
elmer,2
psychosis,2
chavvies,2
lanos,2
conservationists,2
soaring,2
camberwick,2
debunked,2
retinopathy,2
grindhouse,2
unassertive,2
confiding,2
mongers,2
re-listened,2
rosette,2
algebraic,2
impossibly,2
handrails,2
frippery,2
fawkes,2
virtuous,2
badgering,2
copout,2
maundy,2
toing,2
radial,2
wilberforce,2
vomming,2
ybfs,2
simulator,2
pirouette,2
resurrected,2
ooph,2
ravelled,2
millennial,2
pessimism,2
psychedelics,2
chakras,2
biz-,2
bullfight,2
crueller,2
reigns,2
ten-ish,2
boshes,2
ganging,2
bulchy,2
intermission,2
thingys,2
ctu,2
forked,2
awesomeness,2
octaves,2
ellipses,2
authenticity,2
small-minded,2
anchorman,2
eloquence,2
contradicted,2
miscalculated,2
ferrets,2
shor-,2
willoughby,2
gratis,2
pined,2
callous,2
bullring,2
ceil-,2
stearate,2
grandpar-,2
mihal,2
ridged,2
chaise,2
gapped,2
indi-,2
bag-,2
henge,2
suzie,2
taka,2
ineffective,2
breakout,2
parisians,2
grindy,2
lsa,2
lesbos,2
trumped-up,2
erinsborough,2
prohibited,2
hurty,2
embryos,2
softest,2
vapes,2
blushing,2
stoics,2
alexa-,2
strimmers,2
mated,2
independ-,2
sassenach,2
homeowners,2
cicero,2
dryers,2
shakespearian,2
vespa,2
computational,2
clear-cutting,2
subcontracted,2
plonks,2
charizman,2
scrunching,2
meddler,2
toyed,2
second-guessing,2
cup-,2
phallus,2
leavers,2
vir-,2
potentia-,2
dece-,2
lovecraft,2
malbec,2
calle-,2
dawns,2
knock-off,2
fossil,2
saturation,2
foden,2
lowly,2
pre-empted,2
tarragon,2
fussiest,2
upholstered,2
lovingly,2
munster,2
appearance-based,2
fermenting,2
irwell,2
forecasting,2
guesswork,2
ceased,2
stat,2
ova,2
five-foot,2
pizz-,2
accelerant,2
artista,2
nossage,2
rodgers,2
sonya,2
traceman,2
householder,2
promoter,2
grunty,2
night-,2
stick-on,2
royalist,2
stature,2
open-ended,2
flaked,2
alrigh-,2
telepathic,2
botanists,2
jet2,2
klaus,2
lurgy,2
shithouse,2
carousel,2
fogey,2
perceptibly,2
seduced,2
tranquiliser,2
iss-,2
centu-,2
preside,2
whisk-,2
unprofessionally,2
banos,2
self-confident,2
detection,2
scotti-,2
freeness,2
clubhouse,2
competes,2
steam-,2
emulator,2
sunstroke,2
rizlas,2
compilers,2
studier,2
bookends,2
keels,2
tro-,2
overcoming,2
cafettorie,2
sess-,2
pumpy,2
sex-,2
fistful,2
reoffend,2
reinstated,2
vesty,2
shizzle,2
hitchhiking,2
bon-,2
elemental,2
merits,2
pounced,2
intermingled,2
stepladders,2
titter,2
behaviourists,2
vertebra,2
paperboys,2
expeditions,2
hearsay,2
terra,2
imitating,2
freshest,2
genitive,2
mom-,2
runner-up,2
bonked,2
boks,2
equilibrium,2
deaneries,2
ginger-haired,2
locomotive,2
iscn,2
rejoined,2
toffs,2
scrums,2
admittance,2
coherently,2
characterised,2
kpmg,2
squasages,2
marksman,2
condensing,2
that't,2
neverending,2
manifestations,2
squeaks,2
pack-,2
perversion,2
vinegars,2
sweary,2
spectroscopy,2
stravinsky,2
taverna,2
stave,2
speeder,2
chapelfield,2
valuables,2
subsection,2
hobnob,2
sobering,2
boohoo,2
bushmill,2
enraged,2
break-in,2
five-and-a-half,2
reassessed,2
cts,2
smelting,2
illinois,2
grownups,2
hummed,2
overhaul,2
bute,2
keiko,2
centime,2
non-dominant,2
pulit,2
bludger,2
signposting,2
rrr-rrr,2
biometric,2
emilia,2
widest,2
ratiggan,2
rhinoitis,2
differentiated,2
lombard,2
overt,2
mariott,2
tandu,2
mini-game,2
chessington,2
braked,2
golem,2
leiden,2
proficient,2
pirelli,2
meathead,2
deciphering,2
jungles,2
wintertime,2
tracer,2
sapling,2
swarfega,2
tastiest,2
gulps,2
diaper,2
mudder,2
clean-living,2
enigmatic,2
disputes,2
cut-off,2
montego,2
benjamins,2
gormless,2
anti-oxidants,2
wallflower,2
skyward,2
couturel,2
bradley,2
wimming,2
rehinged,2
dinnery,2
electrocutioner,2
solenoids,2
inquisitive,2
incy,2
spheres,2
cortana,2
frontage,2
kayaked,2
luminous,2
fairest,2
test-driving,2
specimen,2
nurtibullet,2
darned,2
thirty-odd,2
dorma,2
luddle,2
fogle,2
redraw,2
carolyn,2
descendent,2
drawed,2
actimel,2
snowmobile,2
school-age,2
anniger,2
ion,2
lowlands,2
zillion,2
legitimize,2
sagre,2
chal-,2
repeatable,2
scaled,2
hemmingway,2
appease,2
jeeps,2
exacerbates,2
whiffs,2
yoursen,2
succumb,2
hindrance,2
tweenies,2
frighte-,2
sundried,2
pin-sized,2
mules,2
scumbags,2
crispier,2
jocks,2
sniggering,2
remus,2
expedia,2
juiced,2
discomforting,2
three-month-old,2
hippyish,2
screeching,2
emit,2
blacksmiths,2
precipitated,2
endz,2
bangladeshi,2
tasered,2
yorksh-,2
ingles,2
outweighs,2
delphi,2
trainline,2
brunswick,2
merseyside,2
ebbsfleet,2
naa,2
shiit,2
froz-,2
self-worth,2
barca,2
francs,2
tu-whooing,2
haditha,2
divi-,2
miffy,2
erring,2
steeped,2
isser-,2
dodi,2
double-checked,2
lessen,2
gaiters,2
gypsier,2
b2,2
bicker,2
liberace,2
custards,2
eto,2
yemeni,2
pancras,2
battalion,2
meeter,2
planings,2
mosher,2
restraints,2
mainframe,2
figurine,2
scumbag,2
brownlow,2
spector,2
brillo,2
vas-,2
starlight,2
squashy,2
allsort,2
integrating,2
meercat,2
jena,2
carnivals,2
heirloom,2
textually,2
inking,2
é,2
seashells,2
provoke,2
probationary,2
kick-ass,2
fantas,2
o'bastard,2
nonna,2
springboks,2
sautéd,2
jameson,2
cocaína,2
morties,2
gore,2
gluttonous,2
massivest,2
orifice,2
four-prong,2
howlers,2
suffocates,2
happenstance,2
ayis,2
rhymer,2
elvive,2
sphinx,2
cucumberland,2
reputed,2
wolfgang,2
geht,2
bunching,2
cometh,2
ohps,2
attainable,2
fore-,2
gmod,2
beetroots,2
valentines,2
misled,2
mallaig,2
impersonators,2
scoo-,2
japanee,2
pizzai,2
algonquian,2
clip-ons,2
silkworm,2
why-,2
omnibi,2
cdm,2
mutating,2
cancellations,2
chups,2
geldof,2
guilting,2
shrink-wrap,2
halter,2
whsmith,2
post-reading,2
biometrics,2
afternoo-,2
voi-,2
devising,2
scampy,2
citing,2
thundercats,2
butlers,2
almshouses,2
co-workers,2
lightwaverf,2
tiaras,2
tash,2
breadboard,2
shorties,2
hegerty,2
marinière,2
whet,2
deafened,2
tigerella,2
circ-,2
cobblers,2
misdirected,2
henges,2
anglers,2
photodegradable,2
beanstalk,2
antimony,2
whoe-,2
prodded,2
unflattering,2
scrawling,2
daytrip,2
premers,2
rocketing,2
handle-bars,2
garcia,2
mcgrill,2
frid-,2
compressor,2
appropriation,2
tedded,2
habe,2
dipsy,2
tish,2
perpendicular,2
caspar,2
lyrical,2
riffing,2
hindered,2
reimburse,2
buzzers,2
parmigiana,2
roadster,2
xanax,2
piggledy,2
coolio,2
cross-pollinated,2
homegrown,2
supe-,2
practises,2
kombucha,2
practi-,2
jewson,2
unease,2
pinto,2
chutneys,2
fixture,2
workmanship,2
dislocate,2
touri-,2
errr,2
ohlson,2
dijon,2
color,2
posit-,2
thimble,2
five-a-day,2
sardinian,2
uptake,2
hydration,2
worldie,2
fanciful,2
yeomanry,2
taunting,2
vacced,2
tom-tato,2
instituted,2
senility,2
hiddink,2
memorizing,2
spanishy,2
cond-,2
infuse,2
swarma,2
trowels,2
armholes,2
pn,2
sleep-,2
nachten,2
neuroscientists,2
apol-,2
knacked,2
poltergeists,2
hatchbacks,2
seizes,2
vau-,2
multi-trillion,2
startling,2
unpronounceable,2
internat-,2
thurman,2
shutdown,2
haj,2
their-,2
woolworth,2
microindustries,2
esso,2
ferrying,2
neutrinos,2
airships,2
supposition,2
rewound,2
repairer,2
hbo,2
clenching,2
preschools,2
mangers,2
impecunious,2
saxo,2
scheming,2
fo,2
impeccable,2
readjustment,2
facades,2
likkle,2
osmosis,2
masher,2
skeggy,2
whores,2
slanging,2
christen,2
filleted,2
ruch,2
ivo,2
cornflake,2
durrell,2
themsel-,2
wong,2
essences,2
keanu,2
winkie,2
fertilisers,2
desktops,2
brother-in-laws,2
decorum,2
microorganisms,2
j-lo,2
cobol,2
bailamos,2
two-faced,2
qigong,2
stasis,2
super-strong,2
anti-communist,2
outweighed,2
mashers,2
unhinged,2
imbeciles,2
fink,2
tonging,2
swindle,2
treasurers,2
zumbaing,2
inclusion,2
commandos,2
snifter,2
breaded,2
closeness,2
clarifying,2
undermined,2
hums,2
peb,2
lumberjack,2
softeners,2
iwps,2
bookies,2
tizzy,2
estudiando,2
standardising,2
nighters,2
supertasters,2
bleeds,2
big-sized,2
antagonistic,2
nspcc,2
montfort,2
inflame,2
rollick,2
borrows,2
pebbling,2
north-facing,2
bushel,2
wineries,2
elman,2
whatsisname,2
dialectical,2
haystacks,2
arenas,2
foremans,2
cenotaph,2
unleash,2
gamut,2
conurbation,2
sycophant,2
panny,2
dedicating,2
bouts,2
delusional,2
durum,2
busant,2
carding,2
desensitises,2
bas,2
xsara,2
keying,2
pug-related,2
affix,2
forecasted,2
grundy,2
bouche,2
startings,2
wide-angled,2
doll-,2
showstopper,2
one-time,2
deserting,2
rulebook,2
gulab,2
thine,2
casio,2
degenerating,2
krait,2
blazes,2
discombobulated,2
pixelate,2
pilate,2
self-serving,2
gaulle,2
quenching,2
bebe,2
timey,2
horseshoes,2
disingenuous,2
runni-,2
luckier,2
repack,2
melodrama,2
spool,2
sagacious,2
pre-made,2
mikey,2
salbu-,2
instantaneous,2
bjelke-petersen,2
persev-,2
inequalities,2
parenthesis,2
concession,2
bundled,2
camaraderie,2
tradecraft,2
selections,2
rak-,2
mosey,2
biddy,2
mechs,2
re-potted,2
well-,2
recents,2
fem,2
broach,2
discontinuous,2
brainless,2
farther,2
pikeys,2
cutey,2
step-grandmother,2
exhilarated,2
atacama,2
indefinitive,2
denominator,2
ave,2
diamonique,2
redness,2
slits,2
intel,2
knobby,2
annes,2
townsville,2
ranches,2
hems,2
o-level,2
boa-,2
cross-eyed,2
airp-,2
loudmouth,2
baggins,2
enlightening,2
pun-,2
stepchildren,2
oblige,2
spectro-,2
mid-afternoon,2
begonias,2
flirtatious,2
daria,2
fuckwit,2
boosters,2
prof,2
parakeets,2
randel,2
frankfurters,2
indicted,2
risk-,2
deloittes,2
trailblazer,2
wester,2
algess,2
moo-,2
fixation,2
democracies,2
beery,2
winger,2
implements,2
yesterdays,2
walken,2
imme-,2
weathered,2
naughtiest,2
pronun-,2
cupid,2
propor-,2
incidence,2
idaho,2
reusing,2
nihilistic,2
lesso-,2
i-phone,2
concocted,2
emo-,2
intellectuals,2
contagion,2
screechy,2
gis,2
fife,2
sorr-,2
m48,2
mont-,2
islamabad,2
securing,2
capsizing,2
trilingual,2
lubricated,2
ev,2
indispensable,2
double-barrel,2
installs,2
silverlight,2
foals,2
busters,2
explicates,2
saltwater,2
clou-,2
emf,2
gambit,2
pertaining,2
tellys,2
fawning,2
skated,2
caus-,2
un-tick,2
intersperse,2
uttered,2
coldness,2
untied,2
batted,2
sandm,2
phalaenopsis,2
vibrated,2
waterway,2
hahaha,2
sar,2
compe-,2
pees,2
memoir,2
corset,2
wedi,2
run-in,2
semicolons,2
grippy,2
grocer,2
belfries,2
apologists,2
postdoc,2
rafter,2
consists,2
self-explanatory,2
brachyuran,2
jaegers,2
reregistered,2
crackdown,2
vis-,2
diameters,2
horosho,2
oligarch,2
serialised,2
wracked,2
fingerprinted,2
dizzee,2
gyohsoonim,2
blub,2
double-page,2
shredder,2
indonesians,2
anway,2
automaticity,2
mucho,2
rationalise,2
glass-,2
oklahoma,2
uncovering,2
murs,2
dios,2
hydrophobia,2
nomophobia,2
hgvs,2
harley-davidsons,2
nun-,2
matriarch,2
trollies,2
godparent,2
chillaxing,2
educationally,2
issac,2
constructs,2
rms,2
cat-sitting,2
eritrea,2
euphemistic,2
inish,2
interplay,2
amusements,2
extinction,2
froing,2
overburdened,2
joysticks,2
l-like,2
bolivian,2
fragment,2
bottlo,2
bryson,2
long-sleeved,2
fulfiller,2
rightfully,2
tundra,2
emulsioned,2
pin-up,2
well-written,2
towing,2
barbecuing,2
unviable,2
condition-,2
communic-,2
antipolis,2
corroborate,2
purging,2
spine-tingling,2
videoing,2
existentialist,2
tyke,2
asdas,2
potat-,2
stout,2
preceding,2
falled,2
restructures,2
blingy,2
kobo,2
gatepost,2
un-paused,2
pillion,2
transdimensional,2
bickley,2
interviewees,2
competi-,2
od,2
scholesie,2
wishy,2
detoxing,2
sagrada,2
sain-,2
rheumatology,2
parchment,2
irreverent,2
speck,2
pigment,2
light-,2
wondrous,2
mvula,2
overcompensating,2
free-fall,2
decleor,2
umbilical,2
reba,2
non-persons,2
fmri,2
gea,2
devotees,2
converts,2
kidz,2
blurring,2
theremin,2
wait-,2
totter,2
opie,2
qualms,2
reimagining,2
aborigine,2
intruder,2
kublai,2
odourless,2
sport-,2
retters,2
equated,2
subbed,2
chari-,2
greyey,2
juniper,2
sh-sh-sh,2
terrify,2
uncivilised,2
oldham,2
clev-,2
weepy,2
youn-,2
acquainted,2
ten-acre,2
flanders,2
rsa,2
incl-,2
clickers,2
monumental,2
boomer,2
remade,2
gelled,2
reductio,2
ramsden,2
hardboiled,2
whacks,2
self-awareness,2
dentastick,2
hashtagged,2
crimble,2
pinny,2
undrunk,2
mitigated,2
nominee,2
rimmed,2
platonic,2
fulltime,2
fuh,2
rudimentary,2
deface,2
takeover,2
spookier,2
whit-,2
pre-drink,2
ou,2
legislative,2
chhh,2
pharmaceuticals,2
o'connor,2
grunts,2
sehr,2
head-shotted,2
cyrillic,2
conks,2
self-destruction,2
macmillas,2
penelope,2
diwali,2
vaccinated,2
dispossessed,2
ronseal,2
anki,2
defeating,2
timeshare,2
sps,2
leasing,2
haunts,2
gyosu,2
egg-stremely,2
injectors,2
atenolol,2
beading,2
gilding,2
silencing,2
stumped,2
overdressed,2
flatties,2
sanction,2
fending,2
snaked,2
matchbox,2
bibliophiles,2
ralph,2
medley,2
candid,2
whisker,2
serb,2
innuendos,2
fagin,2
lebara,2
overreacted,2
cronkite,2
clutches,2
solomon,2
siemens,2
capitalisation,2
scrotum,2
ballooning,2
catcha-,2
burton-on-trent,2
jun-,2
factsheet,2
insi-,2
lou-,2
hilariously,2
lon,2
alth-,2
schwarzwald,2
indexing,2
long-lasting,2
eoin,2
felt-tip,2
retied,2
handfuls,2
pulciano,2
signi-,2
beachfront,2
flatness,2
vegemite,2
döner,2
nutribullets,2
schoolhouse,2
trenton,2
governing,2
drifter,2
fact-,2
notching,2
rolo,2
civilianised,2
unprocessed,2
ferrous,2
webs-,2
aboriginals,2
kohl,2
occam,2
malfoy,2
decoupage,2
jaundiced,2
highgrove,2
mancala,2
whiskeys,2
wangling,2
dunked,2
pharmacies,2
argentine,2
adobo,2
self-criticism,2
hitter,2
broadest,2
kiosks,2
blu-rays,2
ultra-violence,2
manzana,2
balletic,2
dv-,2
convenors,2
lackadaisical,2
stoptober,2
deputies,2
aide-mémoire,2
mx,2
foist,2
aerodynamics,2
justifications,2
tableidge,2
hi-chew,2
uplifted,2
pounces,2
ravi-,2
biobank,2
aeronautical,2
surmising,2
pinstripe,2
commanding,2
firs-,2
suggestible,2
anybod-,2
durt,2
grimmest,2
goosebump,2
otto-,2
now-,2
ruary,2
lasu,2
scalelectrics,2
ladens,2
chávez,2
toff,2
iid,2
clanking,2
tablas,2
spires,2
dramatised,2
centigram,2
dual-core,2
zombinos,2
easi-,2
autobahns,2
post-menopause,2
dangermouse,2
decomposure,2
subs-,2
cathy,2
scorch,2
excusing,2
fudd,2
contraction,2
detoxifier,2
sludges,2
plaited,2
buildi-,2
shrimps,2
ask-,2
bottling,2
minerve,2
kathleen,2
fanta-,2
slushy,2
trundled,2
intelligible,2
schoolmates,2
co-hosts,2
dulex,2
life-saving,2
full-sized,2
lift-,2
lapped,2
manageress,2
flaris,2
dramatics,2
spasming,2
romper,2
goodyear,2
microscopic,2
socialises,2
transports,2
broadcaster,2
i-pad,2
elk,2
ajar,2
