token,freq
the,69958
of,36409
and,28848
to,26147
a,23205
in,21336
that,10785
is,10201
was,9969
he,9796
for,9488
it,9077
with,7289
as,7250
his,6996
on,6747
be,6376
's,5865
i,5829
at,5377
by,5306
had,5229
this,5147
not,4864
are,4430
but,4380
from,4369
or,4207
have,3980
they,3761
an,3738
you,3625
which,3561
one,3361
were,3306
mdash,3271
her,3037
all,2999
she,2983
would,2844
we,2842
there,2841
their,2671
him,2619
been,2473
has,2459
when,2330
who,2280
will,2244
more,2223
if,2199
no,2137
n't,2098
out,2096
can,2030
so,1989
what,1962
said,1961
up,1895
its,1858
do,1847
about,1815
them,1791
into,1791
than,1790
could,1774
only,1747
other,1710
new,1635
some,1617
time,1601
these,1573
did,1445
two,1412
may,1399
then,1377
first,1361
any,1345
man,1332
my,1319
now,1313
such,1303
like,1290
our,1251
over,1236
me,1182
even,1171
most,1159
made,1125
after,1070
also,1069
formula,1067
many,1030
must,1020
before,1016
through,969
back,966
years,958
where,949
much,937
your,923
should,910
way,908
well,899
down,895
because,883
each,877
just,872
people,864
those,850
how,845
state,845
too,832
little,831
mr.,824
world,822
good,807
very,796
make,793
still,782
men,781
own,771
see,771
work,760
here,760
long,756
get,749
both,730
between,730
hellip,723
life,721
being,711
under,707
year,703
day,700
never,698
another,689
same,686
know,681
while,680
us,678
last,676
might,672
great,666
old,660
off,640
come,630
since,628
go,626
against,626
came,622
states,613
right,612
take,611
used,611
three,610
himself,603
few,601
house,593
use,589
during,585
without,583
again,577
does,572
place,571
american,570
around,561
however,552
home,548
small,542
found,536
mrs.,529
thought,516
went,507
say,504
general,501
once,499
part,499
high,499
school,495
upon,495
every,491
got,487
united,481
left,480
number,472
war,467
course,465
until,461
always,458
away,456
something,450
let,450
fact,447
water,446
public,443
'll,442
though,441
less,438
put,437
think,433
almost,432
government,432
hand,431
enough,430
far,428
took,425
night,424
head,424
yet,419
system,418
set,415
better,414
told,413
city,413
nothing,412
president,410
end,409
called,401
why,401
'd,401
eyes,401
going,399
find,399
asked,398
look,398
later,397
knew,395
point,395
program,395
next,394
business,393
group,391
give,390
young,388
toward,386
days,386
john,384
room,384
side,382
social,380
children,378
given,377
several,377
present,377
order,376
national,374
second,374
possible,373
rather,373
per,371
face,370
form,370
among,370
white,369
important,369
things,368
often,368
looked,367
early,366
case,362
large,361
become,361
big,360
need,360
within,359
four,358
felt,357
along,355
church,355
god,354
saw,352
best,352
ever,344
power,343
least,343
country,339
family,337
development,334
thing,333
light,333
seemed,332
mind,331
interest,330
want,329
members,327
others,325
area,324
today,324
done,320
turned,320
although,319
open,319
company,317
service,315
kind,314
problem,313
door,312
thus,312
different,312
certain,312
began,312
means,311
sense,310
help,310
whole,309
york,308
matter,308
perhaps,306
itself,304
times,300
human,299
law,299
name,298
line,298
above,296
example,292
action,291
hands,289
local,288
show,287
whether,286
five,286
history,286
gave,285
either,284
're,283
week,283
feet,283
across,282
act,282
car,281
past,281
quite,281
taken,281
anything,280
having,279
seen,279
body,279
death,277
experience,276
field,276
really,275
half,275
words,274
word,274
already,273
themselves,270
college,269
'm,269
information,269
tell,268
money,267
together,267
shall,266
period,265
sure,264
held,264
keep,264
free,260
real,260
probably,260
seems,259
political,258
behind,258
boy,257
question,257
air,257
miss,256
office,256
making,255
brought,253
mother,252
whose,252
moment,251
individual,250
special,250
major,247
heard,247
problems,247
woman,246
ago,246
child,246
federal,246
became,246
study,246
available,245
known,245
street,245
've,245
south,245
result,244
board,244
economic,243
wife,242
department,242
reason,241
society,240
position,240
job,239
change,239
west,238
court,238
areas,236
am,235
community,234
love,234
close,234
turn,233
true,231
girl,230
full,230
cost,229
force,229
seem,229
future,227
age,227
wanted,226
center,226
town,226
voice,226
party,225
university,224
common,223
control,223
policy,222
necessary,222
women,222
sometimes,221
following,221
front,221
father,220
six,220
land,219
clear,219
further,218
students,217
provide,216
able,216
feel,216
america,216
music,216
level,214
education,214
short,213
washington,213
effect,213
morning,213
military,212
stood,212
run,212
total,211
art,210
figure,209
rate,209
outside,209
black,209
class,208
century,207
plan,206
usually,206
north,206
therefore,205
sound,204
top,204
million,204
leave,204
evidence,204
hard,203
play,203
strong,202
various,201
road,201
believe,200
secretary,200
surface,200
type,200
says,200
soon,200
value,200
table,199
brown,199
mean,199
red,198
peace,198
modern,198
lines,198
near,198
tax,197
situation,196
book,196
process,196
minutes,196
personal,196
english,195
alone,195
schools,195
increase,195
gone,195
idea,195
nor,195
nature,194
months,194
living,194
started,194
longer,193
cut,192
finally,191
private,191
third,190
fire,189
section,189
dr.,188
call,188
greater,188
everything,188
needed,187
expected,187
values,186
industry,186
ground,186
kept,186
view,186
else,185
pressure,185
dark,185
space,184
basis,184
union,184
east,183
required,182
except,181
spirit,181
moved,181
wrote,181
complete,181
conditions,180
support,180
return,180
hope,179
particular,179
nations,179
recent,179
person,179
late,179
attention,179
live,177
costs,176
island,176
material,175
hours,175
forces,175
nation,175
son,175
taking,175
beyond,175
stage,174
report,174
read,174
coming,174
lost,173
instead,173
looking,173
heart,173
dead,173
inside,173
low,173
miles,173
data,173
pay,172
added,172
makes,172
single,172
feeling,172
followed,172
amount,172
move,171
cold,171
hundred,171
basic,171
including,171
committee,170
simply,170
tried,170
developed,170
research,169
reached,169
hold,169
ca,169
defense,167
administration,167
equipment,167
river,166
shown,166
central,166
actually,166
earth,166
kennedy,166
religious,165
ten,165
beginning,164
sort,164
getting,164
trying,163
received,163
rest,163
friends,163
terms,163
doing,163
subject,162
building,162
medical,162
especially,162
care,162
picture,162
indeed,162
simple,161
difficult,161
higher,161
fine,161
range,160
wall,160
walked,159
meeting,159
floor,158
paper,158
foreign,158
st.,158
bring,158
passed,157
cent,157
similar,157
county,157
property,156
training,156
international,155
final,155
congress,155
growth,155
natural,155
police,155
market,155
talk,154
club,154
hall,154
written,154
william,154
start,154
england,154
suddenly,153
hear,153
story,153
issue,152
needs,152
answer,152
countries,151
working,151
likely,151
considered,151
u.s.,150
sat,150
labor,150
entire,149
results,149
purpose,149
happened,149
bill,148
husband,148
production,148
difference,148
stand,148
hair,148
fall,148
cases,148
meet,148
stock,148
involved,147
food,147
whom,146
particularly,146
hour,146
boys,146
anyone,146
earlier,146
increased,146
sent,145
knowledge,145
letter,145
effort,145
below,145
thinking,145
paid,145
square,144
christian,144
using,144
girls,144
ideas,143
certainly,143
weeks,143
industrial,143
points,143
ready,143
blue,143
trade,143
addition,142
bad,142
deal,142
method,142
moral,142
methods,142
due,142
color,141
throughout,141
showed,141
neither,141
decided,141
directly,141
statement,141
nearly,141
yes,141
summer,141
questions,140
try,140
reading,140
lay,139
french,139
programs,139
services,139
according,139
remember,138
size,138
physical,138
record,137
s.,137
southern,137
army,137
western,137
comes,137
understand,137
population,136
strength,136
normal,136
friend,135
/2,135
aid,135
temperature,135
district,135
concerned,135
appeared,135
merely,135
volume,135
ran,134
trial,134
student,134
maybe,134
evening,134
direction,134
trouble,134
member,134
continued,133
association,133
sales,133
literature,133
influence,132
generally,132
provided,132
george,132
month,132
list,132
led,132
step,131
science,131
former,131
opened,131
chance,131
changes,131
average,130
series,130
soviet,130
works,130
hot,130
organization,130
freedom,130
cause,130
a.,130
systems,129
stopped,129
planning,129
myself,129
effective,129
piece,129
lead,129
met,129
direct,129
theory,129
clearly,128
forms,128
wrong,128
worked,128
movement,128
ways,128
ask,128
bed,127
fear,127
consider,127
beautiful,127
somewhat,127
hotel,127
press,127
lot,127
spring,127
game,127
efforts,127
note,127
plant,127
meaning,127
treatment,127
placed,126
truth,126
respect,125
groups,125
farm,125
degree,125
apparently,125
carried,125
numbers,125
herself,125
wide,125
easy,125
manner,124
reaction,124
latter,124
approach,123
immediately,123
recently,123
couple,123
lower,123
running,123
feed,123
larger,123
chief,122
horse,122
middle,122
charge,122
eye,122
de,122
performance,122
daily,122
blood,121
j.,121
arms,121
oh,121
europe,121
opportunity,121
technical,120
march,120
stop,120
persons,120
progress,120
described,120
radio,120
understanding,120
served,120
additional,120
gun,119
reported,119
decision,119
test,119
image,119
religion,119
main,119
determined,119
based,119
steps,119
window,119
appear,118
british,118
character,118
responsibility,118
green,118
doctor,118
sun,117
writing,117
pool,117
account,117
learned,117
types,116
justice,116
length,116
ones,116
activity,116
fiscal,116
christ,116
serious,116
hit,116
forward,115
activities,115
slowly,115
specific,115
obtained,115
returned,115
corner,115
nuclear,115
audience,115
letters,115
lived,115
seven,114
poor,114
moving,114
doubt,114
plane,114
quality,114
obviously,114
straight,114
design,114
officer,114
saying,113
plans,113
operation,113
include,113
stay,113
figures,113
born,113
staff,113
parts,113
function,113
pattern,113
choice,113
cars,112
shot,112
whatever,112
thomas,112
gives,112
ball,111
firm,111
poet,111
faith,111
lack,110
hospital,110
speak,110
standard,110
waiting,110
extent,110
heavy,110
wish,110
completely,110
principle,109
ahead,109
income,109
council,109
division,109
station,109
deep,109
effects,109
language,109
afternoon,109
visit,109
democratic,109
corps,109
established,108
analysis,108
importance,108
designed,108
indicated,108
price,108
negro,108
growing,108
c.,108
products,108
/1,108
chicago,108
season,108
distance,108
expect,108
stress,107
leaders,107
elements,107
serve,107
cities,107
continue,107
c,107
patient,107
sunday,107
determine,107
attitude,107
existence,107
pretty,107
reach,106
closed,106
easily,106
commission,106
limited,106
factors,106
hardly,106
write,106
agreement,106
applied,106
lord,105
interested,105
suggested,105
rhode,105
wo,105
attack,105
scene,105
health,105
married,105
drive,105
remained,105
played,104
covered,104
role,104
current,104
eight,104
charles,104
professional,104
james,104
spent,104
despite,104
machine,103
built,103
unit,103
original,103
mouth,103
exactly,103
studies,103
jack,103
teeth,103
date,103
reasons,103
director,102
rates,102
demand,102
rise,102
related,102
becomes,102
relations,102
news,102
king,102
prepared,102
race,102
trees,102
supply,102
standing,101
unless,101
events,101
bit,101
playing,101
dropped,101
raised,101
b,100
places,100
sides,100
energy,100
talking,100
someone,100
clay,100
mass,100
meant,100
walk,100
actual,100
techniques,99
glass,99
knows,99
filled,99
facilities,99
gas,98
materials,98
share,98
jazz,98
everyone,98
style,98
entered,98
popular,98
bridge,98
hell,98
institutions,98
concern,98
heat,98
happy,98
dollars,98
mike,98
mary,98
claim,98
caught,98
fight,98
governor,97
communist,97
radiation,97
film,97
parents,97
follow,97
conference,97
included,97
arm,97
thousand,97
suppose,97
status,97
cattle,97
giving,96
primary,96
usual,96
churches,96
sea,96
sitting,96
considerable,96
opinion,96
enemy,96
books,96
behavior,96
authority,96
accepted,96
funds,95
successful,95
marriage,95
attempt,95
corporation,95
proper,95
construction,95
changed,95
sir,94
tradition,94
worth,94
highly,94
practice,94
park,94
discussion,94
shows,94
source,94
sign,94
wait,94
management,93
remain,93
success,93
americans,93
annual,93
older,93
oil,93
project,93
june,93
fell,92
e.,92
pieces,92
thin,92
captain,92
leadership,92
principal,92
obvious,92
london,92
none,92
objective,91
security,91
records,91
base,91
measure,91
condition,91
structure,91
civil,91
dinner,91
frequently,91
complex,91
weight,91
entirely,91
produced,90
kitchen,90
purposes,90
equal,90
manager,90
caused,90
noted,90
balance,90
dance,90
officers,89
develop,89
yesterday,89
clothes,89
goes,89
rose,89
famous,89
poetry,89
regard,89
names,89
published,89
bright,89
quickly,89
failure,89
pass,89
workers,89
ship,88
pain,88
add,88
relationship,88
check,88
sources,88
capital,88
announced,88
cover,88
leaving,88
carry,88
active,88
laws,88
greatest,88
key,88
bottom,88
citizens,88
moreover,88
break,88
battle,87
facts,87
spoke,87
assistance,87
u.,87
fixed,87
finished,87
touch,87
possibility,87
carefully,87
companies,87
units,87
product,87
operating,87
stations,86
allowed,86
russia,86
require,86
build,86
died,86
scientific,86
inches,86
seeing,86
previous,86
loss,86
takes,86
financial,86
german,86
otherwise,86
philosophy,86
sight,86
shape,85
significant,85
stated,85
classes,85
team,85
concept,85
distribution,85
marked,85
relatively,85
musical,85
mark,85
post,85
variety,85
reports,84
learn,84
w.,84
named,84
circumstances,84
affairs,84
catholic,84
begin,84
broad,84
collection,84
rules,84
remains,84
lady,84
proposed,84
operations,84
strange,84
impossible,84
sex,84
aware,84
henry,83
remembered,83
spread,83
regular,83
interests,83
speed,83
houses,83
winter,83
brother,83
prevent,83
m.,83
sam,83
bank,83
appears,83
requirements,83
offered,83
slightly,83
opening,83
robert,83
capacity,83
khrushchev,82
crisis,82
produce,82
youth,82
teacher,82
p.,82
drink,82
bar,82
train,82
instance,82
poems,82
germany,82
presented,82
fresh,82
interesting,82
subjects,82
campaign,81
watched,81
index,81
event,81
forced,81
file,81
created,81
agreed,81
opposite,81
trip,81
b.,81
immediate,81
providence,81
apartment,81
watch,81
cells,81
nine,81
editor,81
lives,81
provides,81
neck,81
essential,81
fully,80
session,80
offer,80
twenty,80
gray,80
explained,80
russian,80
recognized,80
france,80
indicate,80
features,80
leader,80
expression,79
studied,79
differences,79
knife,79
atmosphere,79
reality,79
desire,79
mentioned,79
separate,79
fair,79
procedure,79
reduced,79
region,79
enter,79
economy,79
nobody,79
mercer,79
maximum,79
master,79
term,79
virginia,78
mission,78
picked,78
tone,78
edge,78
favor,78
literary,78
berlin,78
fast,78
judge,78
traditional,78
secret,78
smaller,78
morgan,78
coffee,78
beside,78
looks,78
rights,77
vocational,77
junior,77
permit,77
response,77
anode,77
follows,77
address,77
writers,77
title,77
believed,77
laid,77
solid,77
election,77
model,77
dog,77
presence,76
everybody,76
formed,76
telephone,76
quiet,76
camp,76
h.,76
round,76
louis,76
watching,76
buildings,76
memory,76
difficulty,76
daughter,76
bottle,76
receive,76
richard,76
hearing,76
treated,75
planned,75
murder,75
turning,75
chapter,75
stayed,75
expressed,75
nice,75
fit,75
upper,75
removed,75
du,75
killed,75
rock,75
vote,75
official,75
faculty,74
increasing,74
valley,74
pointed,74
gain,74
twice,74
wine,74
writer,74
november,74
personnel,74
failed,74
standards,74
positive,74
fourth,74
jones,74
claims,74
frame,74
contrast,74
interior,74
selected,74
send,74
store,74
ability,74
membership,73
advantage,73
kid,73
individuals,73
rich,73
boat,73
brief,73
jewish,73
observed,73
discovered,73
nevertheless,73
communism,73
p,73
pulled,73
powers,73
die,73
rule,73
ordinary,73
command,73
league,73
broke,72
texas,72
detail,72
phase,72
hill,72
plus,72
village,72
fighting,72
somehow,72
assumed,72
allow,72
familiar,72
evil,72
d.,72
increases,72
legal,72
accept,72
china,72
sharp,72
rome,72
faces,72
fields,72
resources,72
beauty,72
items,72
monday,71
song,71
carrying,71
platform,71
rain,71
smiled,71
animal,71
horses,71
wants,71
april,71
historical,71
forth,71
constant,71
factor,71
chosen,71
column,71
proved,71
unity,71
approximately,71
responsible,71
principles,71
aircraft,71
compared,71
universe,71
teachers,70
waited,70
liberal,70
sections,70
fig.,70
independent,70
educational,70
drawn,70
exchange,70
naturally,70
danger,70
san,70
revolution,70
box,70
independence,70
dust,70
walls,70
t,70
buy,70
calls,70
ought,70
shelter,70
clean,70
dogs,70
sweet,70
saturday,70
foot,70
realize,69
seek,69
connection,69
weather,69
fashion,69
levels,69
settled,69
ancient,69
hudson,69
politics,69
lips,69
completed,69
willing,69
electric,69
ordered,69
realized,69
appropriate,68
families,68
statements,68
initial,68
excellent,68
paris,68
largely,68
attorney,68
won,68
baby,68
directed,68
quick,68
actions,68
emotional,68
dry,68
characteristic,68
practical,68
leading,68
article,68
traffic,68
f.,68
minimum,68
stands,68
policies,68
california,68
electronic,68
drew,68
beat,68
projects,68
pictures,68
protection,68
starting,68
frank,68
application,68
signs,68
fifty,68
impact,67
legs,67
chairman,67
wonder,67
dress,67
warm,67
estimated,67
flow,67
asking,67
reference,67
teaching,67
gross,67
occurred,67
background,67
jury,67
sit,67
potential,67
jesus,67
hanover,67
flat,67
career,67
yourself,67
phil,67
answered,67
aside,67
communication,67
thick,67
substantial,66
fingers,66
gets,66
page,66
tomorrow,66
adequate,66
tom,66
ends,66
search,66
chair,66
properties,66
plays,66
senate,66
block,66
declared,66
capable,66
measured,66
cutting,66
significance,66
birth,66
closely,66
ourselves,66
experiments,66
helped,66
relief,66
besides,66
escape,66
r.,66
intellectual,66
issues,66
forest,66
arts,66
jobs,65
headquarters,65
join,65
dominant,65
score,65
somebody,65
shop,65
wore,65
holding,65
objects,65
hung,65
july,65
rapidly,65
supposed,65
discussed,65
parker,65
fund,65
newspaper,65
honor,65
typical,65
achievement,65
object,65
passing,65
imagination,65
sleep,65
employees,65
wilson,65
desk,65
cell,65
grew,64
towards,64
located,64
spiritual,64
bodies,64
explain,64
credit,64
laos,64
yards,64
site,64
primarily,64
guests,64
dream,64
message,64
reasonable,64
resolution,64
artist,64
matters,64
empty,64
belief,64
maintenance,64
rifle,64
aspects,64
relation,63
domestic,63
narrow,63
kill,63
signal,63
no.,63
benefit,63
broken,63
dramatic,63
assume,63
happen,63
sufficient,63
boston,63
unusual,63
wind,63
powerful,63
experiment,63
location,63
contact,63
fellow,63
contemporary,63
highest,63
lewis,63
competition,63
uncle,62
concerning,62
recognize,62
palmer,62
achieved,62
reduce,62
agencies,62
save,62
orchestra,62
portion,62
cool,62
friday,62
extreme,62
soft,62
grow,62
library,62
please,62
equally,62
pleasure,62
speaking,62
billion,62
drove,62
officials,62
snow,62
arrived,62
appeal,62
december,62
struggle,62
internal,62
sets,62
minister,62
greatly,62
homes,62
assignment,62
careful,62
moon,62
rising,62
argument,62
organizations,61
artists,61
beach,61
possibly,61
ideal,61
continuing,61
duty,61
speech,61
britain,61
eat,61
associated,61
commercial,61
shoulder,61
coast,61
vast,61
procedures,61
fat,61
greek,61
european,61
feelings,61
courses,61
tests,61
imagine,61
prices,61
shore,61
eisenhower,61
showing,61
governments,61
acting,61
friendly,61
railroad,61
travel,61
baseball,61
victory,61
metal,61
weapons,61
closer,61
keeping,60
contained,60
learning,60
onto,60
negroes,60
streets,60
stone,60
slow,60
sky,60
la,60
existing,60
ended,60
nose,60
contract,60
setting,60
judgment,60
india,60
machinery,60
stared,60
chemical,60
maintain,60
text,60
garden,60
novel,60
heavily,60
circle,60
goal,60
advance,60
armed,60
joe,60
refused,60
somewhere,60
technique,60
exist,59
uses,59
marine,59
budget,59
housing,59
culture,59
struck,59
painting,59
tension,59
roof,59
ultimate,59
solution,59
headed,59
birds,59
smith,59
providing,59
taste,59
repeated,59
conclusion,59
leg,59
plants,59
task,59
stories,59
tuesday,59
mine,59
finds,59
sexual,59
lie,59
drop,59
parties,59
scale,59
thirty,59
songs,59
tree,59
bible,59
sensitive,59
notice,59
wondered,58
occasion,58
avoid,58
grounds,58
critical,58
establish,58
bear,58
exercise,58
liked,58
lose,58
dictionary,58
previously,58
hole,58
fairly,58
truck,58
perfect,58
player,58
hence,58
orders,58
safe,58
busy,58
soldiers,58
surprised,58
professor,58
roman,58
congo,58
remove,58
useful,58
emphasis,58
understood,58
pale,58
animals,58
commerce,58
unique,58
talked,58
roads,58
dallas,58
causes,58
minor,58
smile,58
joseph,57
becoming,57
apart,57
completion,57
details,57
appearance,57
notes,57
replied,57
enjoyed,57
informed,57
apparent,57
requires,57
majority,57
bay,57
truly,57
alive,57
double,57
hardy,57
flowers,57
spot,57
sample,57
beneath,57
throat,57
shook,57
afraid,57
permitted,57
charged,57
processes,57
combination,57
entrance,57
indian,57
neighborhood,57
goods,57
joined,56
fifteen,56
evident,56
academic,56
confidence,56
bought,56
guess,56
martin,56
pure,56
chinese,56
intensity,56
hat,56
executive,56
apply,56
generation,56
minds,56
regarded,56
draw,56
review,56
granted,56
vision,56
organized,56
represented,56
wild,56
september,56
motor,56
vital,56
loved,56
wage,56
wheel,56
agency,56
entitled,56
spite,56
extended,55
properly,55
win,55
conducted,55
begins,55
wood,55
wright,55
pick,55
improved,55
components,55
fort,55
sounds,55
motion,55
inner,55
identity,55
jews,55
wished,55
runs,55
childhood,55
demands,55
detective,55
divided,55
plenty,55
hero,55
rooms,55
wagon,55
theme,55
tall,55
alfred,55
yellow,55
david,55
device,55
publication,55
sought,55
georgia,55
firms,55
games,55
cross,55
hearst,54
risk,54
guy,54
dear,54
decisions,54
suggest,54
huge,54
rural,54
supported,54
cultural,54
minute,54
create,54
phone,54
worry,54
positions,54
machines,54
trained,54
seat,54
walking,54
l.,54
mantle,54
putting,54
thoughts,54
preparation,54
soil,54
item,54
january,54
measurements,54
faced,54
unable,54
description,54
driver,54
republican,54
interpretation,54
forget,54
lake,54
symbol,54
driving,53
wonderful,53
largest,53
experienced,53
wet,53
payment,53
pont,53
prove,53
disease,53
loose,53
august,53
examples,53
content,53
experiences,53
motors,53
breakfast,53
conflict,53
welfare,53
handle,53
conduct,53
attend,53
spend,53
bitter,53
remarks,53
depth,53
grass,53
absence,53
band,53
percent,53
author,53
chest,53
bedroom,53
vehicles,53
sin,53
pushed,53
japanese,53
breath,53
massachusetts,53
practically,53
speaker,53
slight,53
administrative,53
windows,53
version,53
negative,53
practices,53
crowd,53
troops,53
finding,53
assigned,53
female,53
characteristics,52
flesh,52
establishment,52
element,52
gold,52
centers,52
telling,52
theater,52
eventually,52
detailed,52
introduced,52
lincoln,52
warren,52
guard,52
advanced,52
trust,52
engine,52
correct,52
los,52
arthur,52
stream,52
widely,52
silence,52
developing,52
cousin,52
contrary,52
dozen,52
raise,52
stages,51
opportunities,51
philadelphia,51
conventional,51
ages,51
necessarily,51
pull,51
listen,51
october,51
waves,51
rear,51
estate,51
begun,51
shoulders,51
sick,51
agree,51
uniform,51
approval,51
papers,51
foods,51
investigation,51
supreme,51
foundation,51
boats,51
easier,51
surprise,51
abroad,51
elections,51
advice,51
institute,51
moscow,51
nodded,51
colors,51
situations,51
views,51
gradually,51
achieve,51
devoted,51
angle,51
choose,50
automobile,50
chain,50
convinced,50
knowing,50
worse,50
expense,50
laughed,50
moments,50
fill,50
hills,50
charlie,50
edward,50
via,50
manufacturers,50
assembly,50
pair,50
extremely,50
conversation,50
television,50
courts,50
efficiency,50
issued,50
papa,50
proud,50
burning,50
brilliant,50
extra,50
fundamental,50
desired,50
wooden,50
towns,50
latin,50
noticed,50
mention,50
angeles,50
advertising,50
conviction,50
soul,50
watson,50
protestant,50
welcome,50
tiny,50
consideration,49
operator,49
passage,49
cuba,49
impressive,49
navy,49
incident,49
taught,49
ride,49
creative,49
payments,49
tendency,49
strike,49
millions,49
acceptance,49
firmly,49
depends,49
measures,49
roberts,49
d,49
missile,49
tragedy,49
count,49
milk,49
cook,49
silent,49
sports,49
partly,49
leaves,49
till,49
request,49
employed,49
constitution,49
integration,48
screen,48
anger,48
attitudes,48
suit,48
shooting,48
maintained,48
twelve,48
grand,48
precisely,48
intelligence,48
destroy,48
jr.,48
plain,48
operate,48
swung,48
cry,48
holy,48
comparison,48
drinking,48
grant,48
mile,48
royal,48
alexander,48
pink,48
formal,48
occasionally,48
tired,48
sorry,48
limit,48
quietly,48
concrete,48
poem,48
personality,48
hopes,48
hoped,48
opera,48
liquid,48
resistance,48
liberty,47
bonds,47
fears,47
rolled,47
prior,47
thousands,47
surely,47
considering,47
honest,47
functions,47
patterns,47
jess,47
movements,47
deny,47
mayor,47
models,47
periods,47
northern,47
stairs,47
creation,47
ai,47
expenses,47
medium,47
bills,47
expansion,47
wearing,47
congregation,47
ring,47
remarkable,47
reader,47
humor,47
skin,47
concentration,47
artery,47
february,47
instrument,47
italian,47
engaged,47
rayburn,47
supplies,47
denied,47
everywhere,47
lights,47
unknown,47
numerous,47
provision,47
boards,47
mere,47
blind,47
pocket,47
aspect,47
mail,47
testimony,47
luck,47
safety,47
employment,47
essentially,47
singing,47
vacation,47
representative,47
sold,47
purchase,47
lucy,46
centuries,46
chamber,46
doctrine,46
violence,46
bond,46
equivalent,46
shut,46
pilot,46
identified,46
precision,46
decade,46
curious,46
insurance,46
anyway,46
losses,46
dangerous,46
panels,46
fiction,46
u.n,46
recommended,46
difficulties,46
weakness,46
flight,46
brain,46
atomic,46
loan,46
superior,46
shares,46
wave,46
avenue,46
mama,46
opposition,46
threw,46
conscious,46
electrical,46
fought,46
salt,46
relative,46
adams,46
native,46
trend,46
encourage,46
target,46
seriously,46
adam,46
anne,46
legislation,46
award,46
calling,45
universal,45
approached,45
intended,45
agent,45
kate,45
qualities,45
diameter,45
elsewhere,45
dollar,45
africa,45
adopted,45
linda,45
percentage,45
mold,45
prime,45
terrible,45
expenditures,45
taxes,45
contain,45
offices,45
includes,45
/3,45
load,45
promise,45
promised,45
valuable,45
ballet,45
charges,45
peter,45
offers,45
interference,45
ice,45
manchester,45
cast,45
residential,45
angry,45
impression,45
g.,45
anybody,45
sheet,45
cup,45
lawyer,45
depend,45
feels,45
meat,45
riding,45
containing,45
pennsylvania,45
mounted,45
curve,45
discovery,45
sum,45
referred,45
engineering,45
steel,45
arranged,44
lovely,44
answers,44
changing,44
lies,44
spirits,44
f,44
burden,44
driven,44
origin,44
asia,44
developments,44
sale,44
mobile,44
ships,44
hundreds,44
suffering,44
carl,44
brush,44
seeking,44
pounds,44
slaves,44
orleans,44
amounts,44
fun,44
wisdom,44
mostly,44
hans,44
path,44
johnson,44
francisco,44
contribute,44
opinions,44
helping,44
enjoy,44
odd,44
errors,44
expensive,44
continuous,44
admitted,44
snake,44
confusion,44
tables,44
volumes,44
recognition,44
confused,44
rachel,44
shoes,44
heaven,44
thickness,44
climbed,44
fired,44
collected,44
considerably,44
younger,44
listed,44
extensive,44
warning,44
nearby,44
acres,44
accomplished,44
raw,43
saved,43
whenever,43
explanation,43
insisted,43
washing,43
resulting,43
route,43
believes,43
switch,43
grown,43
bureau,43
oxygen,43
transportation,43
occur,43
pike,43
thompson,43
i.e.,43
external,43
dirt,43
mental,43
marketing,43
republic,43
coat,43
henrietta,43
pope,43
scotty,43
environment,43
reaching,43
suffered,43
consists,43
stranger,43
tend,43
dancing,43
lifted,43
recreation,43
catch,43
mountains,43
porch,43
pace,43
dealing,43
iron,43
mankind,43
cloth,43
separated,43
heads,43
readily,43
drama,43
pride,43
rapid,43
investment,43
comfort,43
emotions,43
concerns,43
salary,43
identification,43
darkness,43
flying,43
brothers,43
liquor,43
tour,43
technology,43
recorded,43
replaced,42
appointed,42
obtain,42
varied,42
exists,42
waters,42
increasingly,42
weapon,42
seeds,42
hate,42
guns,42
varying,42
dean,42
smooth,42
distinguished,42
reflected,42
co.,42
editorial,42
reduction,42
distinct,42
prison,42
regional,42
excess,42
e,42
crossed,42
touched,42
sufficiently,42
holds,42
comment,42
express,42
demanded,42
institution,42
nineteenth,42
urban,42
mississippi,42
civilization,42
journal,42
muscle,42
reactions,42
walter,42
particles,42
throw,42
fed,42
bound,42
golden,42
skill,42
possibilities,42
wages,42
bag,42
wire,42
threat,42
queen,42
anxiety,42
warfare,42
lots,42
unlike,42
ease,42
match,41
opposed,41
atoms,41
sell,41
steady,41
arc,41
whereas,41
favorite,41
cooling,41
rare,41
neighbors,41
shift,41
bob,41
storage,41
participation,41
sake,41
bread,41
proposal,41
illinois,41
limits,41
lawrence,41
drug,41
societies,41
constantly,41
spending,41
describe,41
treasury,41
'em,41
self,41
teach,41
smoke,41
visited,41
ggr,41
display,41
downtown,41
legislature,41
musicians,41
pleased,41
rough,41
host,41
seed,41
distinction,41
democrats,41
writes,41
involves,41
representatives,41
comparable,41
virtually,41
continues,41
stepped,41
communities,41
vice,41
restaurant,41
shakespeare,41
senator,41
customers,41
tissue,41
rarely,41
removal,41
remaining,41
reply,41
o'clock,41
assumption,41
automatic,40
guidance,40
t.,40
exception,40
visual,40
curt,40
approved,40
afford,40
shouted,40
proof,40
regions,40
focus,40
palace,40
highway,40
happens,40
maris,40
handsome,40
goals,40
winston,40
magazine,40
grace,40
conscience,40
funny,40
indicates,40
languages,40
drawing,40
permanent,40
regarding,40
existed,40
presumably,40
combined,40
notion,40
missed,40
atlantic,40
code,40
legislative,40
rode,40
desegregation,40
shear,40
engineer,40
personally,40
n,40
shared,40
joy,40
eleven,40
decide,40
r,40
discover,40
prominent,40
intense,40
necessity,40
criticism,40
sister,40
dependent,40
bars,40
psychological,40
brings,40
tonight,40
painted,40
tool,40
n.,40
inch,40
soldier,40
burned,40
alex,40
composed,40
observations,40
thoroughly,40
studying,40
glance,40
laboratory,40
finger,40
improvement,40
talent,40
thrown,40
provisions,39
robinson,39
guest,39
maturity,39
estimate,39
selection,39
communists,39
colonel,39
satisfactory,39
mad,39
represents,39
striking,39
agents,39
listening,39
neutral,39
objectives,39
sleeping,39
cotton,39
deeply,39
introduction,39
attractive,39
holes,39
severe,39
contributed,39
jim,39
controlled,39
newspapers,39
mystery,39
defined,39
tv,39
clerk,39
holmes,39
anywhere,39
stanley,39
authorities,39
joint,39
trials,39
hydrogen,39
prokofieff,39
assured,39
emergency,39
long-range,39
furniture,39
colleges,39
atlanta,39
revealed,39
determination,39
forever,39
comedy,39
recall,39
improve,39
candidates,39
parallel,39
paul,39
allotment,39
finish,39
concert,39
acts,39
gained,39
furthermore,39
instant,39
derived,39
stick,39
destroyed,39
handed,38
attempts,38
bride,38
thyroid,38
onset,38
temple,38
knees,38
reception,38
briefly,38
arrangements,38
transfer,38
serving,38
represent,38
scheduled,38
axis,38
sudden,38
pressures,38
organic,38
experts,38
definition,38
sacred,38
turns,38
foam,38
harbor,38
forgotten,38
destruction,38
accounts,38
agricultural,38
regardless,38
contains,38
clouds,38
copy,38
leaned,38
glad,38
experimental,38
specifically,38
relationships,38
ohio,38
pleasant,38
piano,38
ears,38
fifth,38
banks,38
corresponding,38
random,38
bringing,38
track,38
inevitably,38
processing,38
consumer,38
handling,38
voices,38
roy,38
sharply,38
japan,38
jackson,38
primitive,38
districts,38
susan,38
simultaneously,38
mood,37
swimming,37
farmers,37
questionnaire,37
release,37
illustrated,37
profession,37
outstanding,37
stomach,37
fool,37
pat,37
camera,37
assure,37
images,37
resulted,37
aim,37
core,37
chicken,37
edition,37
cleaning,37
drunk,37
q,37
accompanied,37
delivered,37
illusion,37
castro,37
staining,37
constructed,37
lee,37
tremendous,37
stronger,37
tested,37
readers,37
supper,37
admit,37
signed,37
fail,37
edges,37
reserve,37
skills,37
male,37
comfortable,37
serves,37
occasional,37
crew,37
survey,37
innocent,37
blocks,37
push,37
definite,37
contribution,37
effectively,37
andy,37
species,37
thanks,37
formation,37
authorized,37
matsuo,37
owners,37
feature,37
mixed,37
magic,37
strongly,37
keys,37
plot,37
guide,37
golf,37
devices,37
football,37
gate,37
chose,37
distant,37
spoken,37
hurt,37
deeper,37
noise,37
belong,37
enormous,37
paint,37
ladies,37
cards,36
tough,36
coating,36
sherman,36
lying,36
stored,36
automatically,36
equipped,36
accuracy,36
occupied,36
error,36
symbols,36
multiple,36
industries,36
printed,36
worship,36
managed,36
intention,36
satisfied,36
forty,36
visitors,36
atom,36
italy,36
greg,36
shadow,36
rector,36
baker,36
license,36
wear,36
dressed,36
prince,36
outlook,36
peoples,36
binomial,36
normally,36
ratio,36
sees,36
visiting,36
attended,36
jane,36
scholarship,36
harry,36
wise,36
conclusions,36
wednesday,36
fellowship,36
pip,36
sympathy,36
filling,36
extension,36
similarly,36
clark,36
challenge,36
meets,36
hurry,36
substantially,36
schedule,36
kinds,36
probability,36
dirty,36
characters,36
columns,36
desirable,36
supplied,36
scientists,36
beings,36
smiling,36
variable,36
paintings,36
assistant,36
classic,36
moves,36
doors,36
bomb,36
patients,36
cash,36
affected,36
spanish,36
wash,35
symbolic,35
tongue,35
williams,35
accurate,35
dignity,35
jumped,35
grade,35
over-all,35
lumber,35
performed,35
meanwhile,35
calm,35
gorton,35
nationalism,35
engineers,35
etc,35
adjustment,35
height,35
myth,35
returning,35
routine,35
urged,35
row,35
eggs,35
instructions,35
tape,35
yield,35
sympathetic,35
isolated,35
calculated,35
washed,35
canada,35
roll,35
producing,35
bench,35
sequence,35
worried,35
context,35
palfrey,35
prepare,35
preserve,35
affect,35
crime,35
fish,35
patent,35
sciences,35
claimed,35
knee,35
sing,35
thank,35
harvard,35
yard,35
sad,35
counties,35
vehicle,35
bombs,35
retired,35
output,35
revenue,35
stores,35
sounded,35
presently,35
poland,35
disappeared,35
latest,35
phenomenon,35
owner,35
waste,35
divine,35
installed,35
virgin,35
openly,34
receiving,34
symphony,34
swept,34
presidential,34
currently,34
cooperation,34
pencil,34
quarter,34
tears,34
bus,34
net,34
seldom,34
metropolitan,34
visible,34
catholics,34
shortly,34
suitable,34
fruit,34
thursday,34
corn,34
tells,34
ocean,34
exposed,34
frequent,34
mistake,34
dying,34
fallen,34
consequences,34
raising,34
roles,34
emotion,34
sugar,34
tends,34
swift,34
returns,34
measurement,34
morse,34
alternative,34
hunting,34
findings,34
reporters,34
crazy,34
facing,34
abstract,34
gallery,34
senior,34
mills,34
sept.,34
tied,34
beer,34
chandler,34
protect,34
harmony,34
decades,34
badly,34
tools,34
worker,34
sentence,34
damn,34
bigger,34
suggestion,34
phrase,34
reasonably,34
folk,34
smell,34
candidate,34
logical,34
lists,34
realistic,34
owned,34
genuine,34
bent,34
worst,34
mechanical,34
stretched,34
financing,34
arrangement,34
vary,34
samuel,34
o'banion,34
blame,34
v.,34
plato,34
duties,34
helva,34
dispute,34
presentation,33
leads,33
fewer,33
attempted,33
sending,33
suffer,33
fly,33
namely,33
dealers,33
admission,33
inevitable,33
substance,33
charter,33
pathology,33
tragic,33
presents,33
equation,33
missing,33
stems,33
falling,33
damage,33
scheme,33
rice,33
parked,33
bone,33
unfortunately,33
burst,33
pa,33
benefits,33
succeeded,33
thereby,33
historian,33
jacket,33
quantity,33
sharpe,33
massive,33
slavery,33
adjusted,33
demonstrated,33
thermal,33
determining,33
connected,33
survive,33
patchen,33
grave,33
lunch,33
favorable,33
campus,33
advised,33
rejected,33
examine,33
matching,33
alert,33
mountain,33
naval,33
involving,33
interview,33
howard,33
gift,33
indians,33
dartmouth,33
performances,33
precise,33
roosevelt,33
classical,33
drill,33
guilt,33
filed,33
affair,33
strictly,33
steele,33
funeral,33
blow,33
branch,33
branches,33
beef,33
chlorine,33
healthy,33
nights,33
van,32
slipped,32
kids,32
gardens,32
weak,32
heading,32
initiative,32
wedding,32
mud,32
collective,32
gesture,32
naked,32
shouting,32
discussions,32
salvation,32
coal,32
elected,32
artistic,32
maid,32
fate,32
circles,32
falls,32
gathered,32
skywave,32
factory,32
household,32
cooking,32
universities,32
museum,32
miriam,32
long-term,32
effectiveness,32
transition,32
covers,32
eastern,32
temporary,32
efficient,32
eating,32
bird,32
poets,32
remarked,32
elaborate,32
loans,32
missiles,32
inadequate,32
excitement,32
conception,32
mickey,32
jefferson,32
stuff,32
survival,32
accident,32
farther,32
composer,32
testing,32
courage,32
felix,32
lacking,32
crowded,32
awareness,32
citizen,32
concluded,32
romantic,32
so-called,32
debate,32
promote,32
dancers,32
reflection,32
fishing,32
covering,32
confronted,32
nick,32
panel,32
remote,32
spots,32
era,32
lieutenant,32
plastics,32
russians,32
juniors,32
depending,32
woodruff,32
electronics,32
partner,32
emission,32
dave,32
harold,32
variation,32
involve,31
tube,31
reducing,31
bang-jensen,31
ann,31
violent,31
fourteen,31
frequencies,31
lightly,31
allowing,31
extraordinary,31
films,31
strain,31
movies,31
basement,31
locking,31
plastic,31
checked,31
defeat,31
consequently,31
sponsored,31
helps,31
ceiling,31
knocked,31
secondary,31
franklin,31
softly,31
respectively,31
selling,31
invariably,31
shock,31
pacific,31
doctors,31
conservative,31
mature,31
ruled,31
victim,31
christianity,31
pages,31
colored,31
islands,31
finance,31
structures,31
dancer,31
ramey,31
perfectly,31
eddie,31
territory,31
gently,31
ruth,31
parking,31
protected,31
starts,31
harris,31
petitioner,31
enterprise,31
remark,31
myra,31
decline,31
accordingly,31
trail,31
seventh,31
studio,31
winning,31
mainly,31
ending,31
successfully,31
builder,31
tossed,31
troubled,31
muscles,31
counter,31
barely,31
outer,31
network,31
articles,31
fallout,31
kansas,31
competitive,31
recording,31
extend,31
poetic,31
slave,31
considerations,31
identical,31
letting,31
evaluation,31
meal,30
graduate,30
sen,30
fromm,30
secure,30
buying,30
markets,30
medicine,30
encountered,30
asleep,30
suspended,30
devil,30
root,30
grinned,30
dreams,30
farmer,30
sheets,30
horn,30
measuring,30
consciousness,30
mixture,30
cuts,30
carbon,30
excessive,30
louisiana,30
dan,30
players,30
nowhere,30
concentrated,30
blanket,30
preceding,30
controls,30
cried,30
altogether,30
purely,30
hoping,30
sacrifice,30
sovereign,30
density,30
cow,30
johnny,30
consequence,30
radical,30
reform,30
alec,30
flux,30
locked,30
deliberately,30
surprising,30
et,30
electron,30
absolute,30
virtue,30
listened,30
crucial,30
split,30
faulkner,30
brannon,30
associations,30
suspect,30
instances,30
reveal,30
directions,30
stable,30
allies,30
replace,30
skilled,30
propaganda,30
widespread,30
dates,30
republicans,30
carleton,30
saline,30
comments,30
complicated,30
voting,30
strip,30
frontier,30
dimensions,30
lane,30
e.g.,30
sarah,30
unconscious,30
expert,30
ranging,30
impressed,30
representing,30
fence,30
clayton,30
yankees,30
occurrence,30
perform,29
sons,29
examination,29
trips,29
proposals,29
vigorous,29
fabrics,29
false,29
tasks,29
allied,29
movie,29
tilghman,29
davis,29
shorts,29
encouraged,29
hal,29
hughes,29
eternal,29
textile,29
ethical,29
ignored,29
morality,29
apparatus,29
glasses,29
poured,29
extending,29
scenes,29
builders,29
silver,29
journey,29
contributions,29
modest,29
utility,29
jurisdiction,29
furnish,29
mothers,29
drying,29
fred,29
unions,29
brooklyn,29
tea,29
eileen,29
samples,29
sewage,29
gay,29
santa,29
lighted,29
stem,29
shayne,29
questioned,29
sang,29
freight,29
signals,29
ecumenical,29
reminded,29
mighty,29
constitute,29
helpful,29
belt,29
transferred,29
commonly,29
jr,29
divorce,29
argue,29
colony,29
creating,29
subsequent,29
delight,29
albert,29
argued,29
regulations,29
fees,29
ear,29
residence,29
spencer,29
suburban,29
solutions,29
applying,29
pressed,29
perception,29
bronchial,29
merit,29
theatre,29
testament,29
precious,29
magnitude,29
bare,29
guilty,29
stars,29
prestige,29
trevelyan,29
jet,29
recovery,29
anxious,29
volunteers,29
threatened,29
exciting,29
shots,29
shapes,29
entertainment,29
suggests,29
lesson,29
barn,29
verse,28
marshall,28
committed,28
witness,28
maintaining,28
expanding,28
proportion,28
folklore,28
meetings,28
miller,28
sovereignty,28
appointment,28
municipal,28
losing,28
pound,28
consistent,28
coolidge,28
cloud,28
innocence,28
discuss,28
drugs,28
happening,28
powder,28
offering,28
southeast,28
libraries,28
satisfaction,28
prize,28
star,28
wally,28
rendered,28
closing,28
aristotle,28
cure,28
bullet,28
sensitivity,28
passion,28
stained,28
suite,28
marks,28
dried,28
exclusive,28
veteran,28
wound,28
paused,28
advantages,28
surfaces,28
profit,28
communications,28
judgments,28
designs,28
compare,28
dawn,28
enthusiasm,28
reputation,28
promptly,28
mechanism,28
limitations,28
ill,28
arise,28
convention,28
tons,28
talents,28
upstairs,28
gentleman,28
sand,28
dining,28
commander,28
optimal,28
prayer,28
warmth,28
shade,28
quarters,28
laugh,28
customer,28
clarity,28
penny,28
mines,28
demonstrate,28
p.m.,28
diplomatic,28
examined,28
fled,28
polynomial,28
barton,28
irish,28
hanging,28
tight,28
hated,28
newport,28
newly,28
encounter,28
african,28
calendar,28
specified,28
sergeant,28
absent,28
formerly,28
a.m.,28
gathering,28
pot,28
worthy,28
delicate,27
voted,27
profound,27
manufacturer,27
flew,27
prevention,27
aids,27
delaware,27
frozen,27
gentle,27
festival,27
grain,27
ekstrohm,27
theological,27
outdoor,27
literally,27
responses,27
horizon,27
dull,27
johnnie,27
permission,27
concepts,27
minimal,27
cap,27
requirement,27
approaching,27
oral,27
enemies,27
prevented,27
humanity,27
sba,27
wherever,27
friendship,27
peculiar,27
ranch,27
surrounding,27
christmas,27
surplus,27
cady,27
observation,27
weekend,27
scattered,27
germans,27
butter,27
publicly,27
define,27
excuse,27
suspicion,27
mirror,27
submarine,27
exact,27
arlene,27
critics,27
pulmonary,27
clinical,27
chin,27
publicity,27
injury,27
refer,27
shopping,27
greenwich,27
conductor,27
magnificent,27
passes,27
pursuant,27
supporting,27
eugene,27
shoot,27
fiber,27
eager,27
pistol,27
reorganization,27
jersey,27
rushed,27
scope,27
slept,27
imagined,27
upward,27
reserved,27
combat,27
distributed,27
ours,27
consisting,27
scholars,27
mitchell,27
discipline,27
permits,27
operated,27
absolutely,27
marshal,27
placing,27
shirt,27
seconds,27
dealer,27
hollywood,27
restrictions,27
o,27
occurs,27
traders,27
nato,27
holder,27
prefer,27
acquire,27
julia,27
conceived,27
insist,27
wings,27
utterly,27
tim,27
trustees,27
marriages,27
part-time,26
zen,26
feeding,26
variables,26
fogg,26
sixth,26
southerners,26
cellar,26
premier,26
establishing,26
bears,26
inherent,26
sessions,26
treat,26
anti-trust,26
barco,26
paying,26
liberals,26
frightened,26
gear,26
entry,26
portland,26
overcome,26
stretch,26
mysterious,26
disturbed,26
staring,26
snakes,26
pointing,26
repeat,26
l,26
concerts,26
woods,26
gyro,26
outcome,26
threatening,26
sophisticated,26
settlement,26
carolina,26
exceptions,26
philosophical,26
cavalry,26
peaceful,26
retirement,26
planes,26
quoted,26
mutual,26
delightful,26
mount,26
switches,26
ward,26
acquired,26
lively,26
moore,26
kingdom,26
critic,26
temperatures,26
wars,26
released,26
appreciate,26
emerged,26
frames,26
card,26
storm,26
laughing,26
unhappy,26
jew,26
promotion,26
tangent,26
phenomena,26
assist,26
eliminate,26
contest,26
revenues,26
register,26
beard,26
aesthetic,26
landing,26
velocity,26
instruction,26
legend,26
identify,26
nixon,26
stockholders,26
desperate,26
regiment,26
preferred,26
charm,26
handled,26
roots,26
perspective,26
bath,26
intelligent,26
disaster,26
recalled,26
widow,26
bridges,26
sitter,26
controversy,26
maggie,26
meals,26
electricity,26
trembling,26
instruments,26
invited,26
climate,26
blanche,26
urethane,26
hang,26
billy,26
suits,25
honey,25
occupation,25
noon,25
pond,25
approaches,25
evidently,25
flexible,25
aug.,25
wildly,25
coverage,25
krim,25
marginal,25
vein,25
shelters,25
destructive,25
subtle,25
contacts,25
constitutional,25
breaking,25
pulling,25
composition,25
cocktail,25
delayed,25
dilemma,25
hired,25
owen,25
missouri,25
cents,25
component,25
trading,25
justify,25
yours,25
mason,25
miami,25
drivers,25
partially,25
painful,25
pittsburgh,25
responsibilities,25
cigarette,25
viewed,25
prospect,25
cancer,25
saddle,25
observe,25
impressions,25
attacked,25
intervals,25
faint,25
abandoned,25
quiney,25
parade,25
correspondence,25
yeah,25
productive,25
attracted,25
fist,25
conferences,25
fog,25
ruling,25
lands,25
casey,25
harm,25
reflect,25
disk,25
coach,25
continuity,25
generous,25
lonely,25
bearing,25
gavin,25
exposure,25
continually,25
sandburg,25
pile,25
corporations,25
succession,25
pupils,25
amateur,25
accused,25
transformed,25
maryland,25
torn,25
demonstration,25
grateful,25
vague,25
pack,25
structural,25
inspired,25
sheriff,25
recommend,25
attached,25
applications,25
pressing,25
twenty-five,25
employee,25
patrol,25
allowances,25
glanced,25
magnetic,25
aboard,25
proceeded,25
stadium,25
detergent,25
probable,25
departments,25
fortune,25
rational,25
terror,25
operational,25
northwest,25
houston,25
ritual,25
magazines,25
adult,25
exploration,25
killpath,25
vivid,25
actor,25
racial,25
neighboring,24
cheap,24
workshop,24
bore,24
tended,24
peas,24
prospects,24
declaration,24
consisted,24
bend,24
realization,24
biggest,24
weekly,24
chances,24
exhibit,24
wholly,24
assembled,24
preliminary,24
charming,24
aimed,24
functional,24
contracts,24
advisory,24
estimates,24
lawyers,24
architect,24
zero,24
explicit,24
masters,24
astronomy,24
entering,24
swing,24
angels,24
rank,24
reaches,24
expressing,24
desires,24
illustration,24
jump,24
wines,24
interpreted,24
qualified,24
mexican,24
accurately,24
heating,24
specimen,24
absorbed,24
roughly,24
clubs,24
painter,24
firing,24
deegan,24
announcement,24
utopia,24
tribute,24
depression,24
puerto,24
subjected,24
oct.,24
automobiles,24
motel,24
arrive,24
mathematical,24
diffusion,24
honored,24
managers,24
cat,24
theresa,24
prisoners,24
vernon,24
musician,24
tennessee,24
relieved,24
tubes,24
academy,24
flower,24
bobbie,24
narrative,24
seated,24
phases,24
categories,24
recommendation,24
leather,24
access,24
baltimore,24
broadway,24
backed,24
authors,24
promising,24
amendment,24
freddy,24
seventeen,24
tractor,24
realism,24
exclusively,24
forgive,24
norms,24
rigid,24
factories,24
democracy,24
keith,24
victor,24
scarcely,24
ford,24
seized,24
draft,24
accomplish,24
tail,24
meaningful,24
wishes,24
nervous,24
insure,24
brave,24
madison,24
slid,24
cited,24
manufacturing,24
whisky,24
burns,24
cycle,24
nearest,24
pete,24
barrel,24
undoubtedly,24
criminal,24
stupid,24
full-time,24
civilian,24
agriculture,24
v,24
enthusiastic,24
radar,23
eighth,23
bowl,23
trace,23
habit,23
historic,23
philip,23
refrigerator,23
happiness,23
chairs,23
elaine,23
originally,23
sixties,23
boss,23
registration,23
substances,23
hen,23
belly,23
discrimination,23
noble,23
tie,23
fibers,23
vienna,23
podger,23
dedicated,23
channels,23
lighting,23
compete,23
taxpayers,23
bases,23
assessment,23
stern,23
category,23
stuck,23
aunt,23
plates,23
bobby,23
wounded,23
giants,23
imitation,23
wagner,23
teams,23
fraction,23
rocks,23
beliefs,23
circuit,23
lift,23
displacement,23
expectations,23
controlling,23
strategic,23
encouraging,23
luncheon,23
heights,23
bombers,23
suggestions,23
colleagues,23
plaster,23
relevant,23
cabin,23
unexpected,23
orange,23
jean,23
lengths,23
dive,23
attempting,23
sweat,23
inventory,23
anticipated,23
insects,23
furnished,23
hoag,23
curiosity,23
variations,23
oxidation,23
gulf,23
attending,23
crystal,23
anti-semitism,23
hearts,23
thinks,23
substrate,23
craft,23
searching,23
publications,23
incredible,23
wake,23
boating,23
continuously,23
monthly,23
stressed,23
rifles,23
gen.,23
etc.,23
genius,23
exercises,23
protest,23
justified,23
ultimately,23
select,23
governmental,23
generations,23
o.,23
milton,23
gang,23
resumed,23
assumptions,23
champion,23
regime,23
blonde,23
sink,23
don,23
arrival,23
adults,23
gin,23
whispered,23
enable,23
plug,23
memorial,23
settle,23
lock,23
cleared,23
sponsor,23
spare,23
registered,23
grades,23
dances,23
worn,23
douglas,23
taylor,23
giant,23
empirical,23
hungry,23
ambassador,23
degrees,23
hurried,23
excited,23
harder,23
westminster,23
killing,23
heels,23
savings,23
sharing,23
midnight,23
sheep,23
civic,23
al,23
sentiment,23
souls,23
eighteenth,23
deck,23
vermont,23
reflects,23
appreciation,22
di,22
doubtful,22
meanings,22
hits,22
retained,22
soap,22
rousseau,22
moderate,22
sphere,22
preparing,22
chiefly,22
capitol,22
balanced,22
b'dikkat,22
bid,22
occasions,22
motive,22
herd,22
convenient,22
suited,22
statistics,22
fault,22
engagement,22
middle-class,22
plate,22
conspiracy,22
d.c.,22
arbitrary,22
warned,22
palm,22
voluntary,22
client,22
dealt,22
physiological,22
refund,22
desperately,22
intentions,22
savage,22
implications,22
novels,22
mexico,22
yelled,22
successes,22
troubles,22
nerves,22
capabilities,22
grows,22
casual,22
merchants,22
lo,22
detroit,22
steadily,22
melting,22
altered,22
forests,22
regularly,22
adding,22
uncertain,22
emperor,22
empire,22
planets,22
trucks,22
respects,22
alienation,22
sampling,22
foams,22
earliest,22
mess,22
chart,22
attacks,22
targets,22
economical,22
spectacular,22
morris,22
skyros,22
stein,22
joke,22
tire,22
eliminated,22
autumn,22
congressman,22
possessed,22
thrust,22
fortunate,22
investigations,22
triumph,22
rev.,22
recommendations,22
hide,22
rehabilitation,22
exhibition,22
sticks,22
frequency,22
expects,22
participate,22
dressing,22
loaded,22
resist,22
reliable,22
describes,22
freely,22
wealth,22
sighed,22
bridget,22
cromwell,22
racing,22
laughter,22
planet,22
ralph,22
alaska,22
rourke,22
servants,22
ambiguous,22
ben,22
overseas,22
totally,22
carries,22
unfortunate,22
loyalty,22
anglo-saxon,22
auto,22
valid,22
pitch,22
destiny,22
insight,22
physics,22
rhythm,22
arnold,22
blues,22
uneasy,22
ownership,22
surrender,22
obligations,22
strategy,22
maude,22
shell,22
relatives,22
tip,22
drinks,22
ah,22
panic,22
bother,22
congressional,22
florida,22
formulas,22
belongs,22
backward,22
substitute,22
posts,22
patience,22
hypothalamic,22
traveled,22
complained,22
partisan,21
computed,21
heritage,21
beam,21
joyce,21
therapist,21
witnesses,21
trends,21
wives,21
rent,21
alliance,21
dishes,21
summary,21
kay,21
johnston,21
acceptable,21
races,21
helpless,21
francis,21
hesitated,21
smart,21
envelope,21
michigan,21
screw,21
scared,21
sidewalk,21
thorough,21
urgent,21
inspection,21
saving,21
defend,21
shining,21
mars,21
pertinent,21
lowered,21
tsunami,21
neat,21
crises,21
diet,21
stiff,21
monument,21
katanga,21
letch,21
reveals,21
submitted,21
ideological,21
traditions,21
behalf,21
nov.,21
pioneer,21
speeches,21
displayed,21
helion,21
delay,21
allen,21
anniversary,21
procurement,21
suspected,21
melody,21
prospective,21
indirect,21
jail,21
cope,21
planetary,21
pitcher,21
educated,21
classification,21
accepting,21
abel,21
crack,21
mode,21
na,21
tales,21
manhattan,21
masses,21
startled,21
availability,21
pause,21
russ,21
breathing,21
addresses,21
unlikely,21
bullets,21
theirs,21
shame,21
dynamic,21
crossing,21
respectable,21
rang,21
dare,21
loop,21
urge,21
desert,21
port,21
circular,21
keeps,21
buck,21
despair,21
stumbled,21
killer,21
surrounded,21
inclined,21
flash,21
garibaldi,21
fluid,21
complement,21
heroic,21
garage,21
intimate,21
associate,21
madden,21
possession,21
conversion,21
certainty,21
wheels,21
nuts,21
habits,21
luxury,21
profits,21
passengers,21
marble,21
prairie,21
cathy,21
questioning,21
persuaded,21
governing,21
punishment,21
replacement,21
malraux,21
resolved,21
milligrams,21
fans,21
protein,21
winds,21
utopian,21
shu,21
particle,21
colonial,21
drawings,21
socialist,21
forming,21
wondering,21
belgians,21
springs,21
theoretical,21
enjoyment,21
reverend,21
cholesterol,21
dedication,21
characterized,21
haney,21
vacuum,21
verbal,21
michelangelo,21
colorful,21
revolutionary,21
obliged,21
shaking,21
ada,21
definitely,21
launched,21
mate,21
skirt,21
lucky,21
judges,21
competent,21
warwick,21
linear,21
sixty,21
respond,21
occurring,21
merger,21
rico,21
paula,21
tale,21
ugly,21
commodities,21
bold,21
gentlemen,21
glory,21
intermediate,21
telegraph,21
displays,21
warrant,20
byron,20
renaissance,20
thereafter,20
stalin,20
legislators,20
passages,20
ninth,20
hospitals,20
bones,20
el,20
pipe,20
hetman,20
strikes,20
grabbed,20
tournament,20
eichmann,20
sailing,20
adjustments,20
physically,20
lean,20
okay,20
convictions,20
indication,20
tooth,20
repair,20
votes,20
meredith,20
struggling,20
decent,20
improvements,20
trim,20
figured,20
crawled,20
tones,20
laura,20
anticipation,20
rush,20
pursue,20
illness,20
motives,20
accordance,20
foil,20
parks,20
receives,20
supplement,20
rob,20
expanded,20
doc,20
puts,20
amazing,20
intervention,20
x,20
chapel,20
impulse,20
donald,20
feb.,20
compromise,20
ranks,20
nest,20
listeners,20
clothing,20
borden,20
nude,20
lover,20
cylinder,20
newer,20
guided,20
emphasize,20
h,20
package,20
boots,20
treaty,20
quarrel,20
bet,20
landscape,20
cheek,20
invention,20
dolores,20
explains,20
lungs,20
greeted,20
tactics,20
fortunately,20
theology,20
reactionary,20
aroused,20
lobby,20
crop,20
twentieth,20
theories,20
fractions,20
wit,20
conditioned,20
basically,20
jan.,20
flood,20
notable,20
retail,20
disposal,20
notte,20
s,20
binding,20
angel,20
whip,20
nadine,20
slide,20
slope,20
welch,20
b.c.,20
fantastic,20
slim,20
authentic,20
solely,20
purchased,20
grains,20
sloan,20
orderly,20
k.,20
likes,20
secrets,20
input,20
oedipus,20
hidden,20
cooperative,20
reporter,20
berger,20
fascinating,20
alike,20
minority,20
kitti,20
converted,20
grants,20
distinctive,20
creatures,20
poverty,20
overwhelming,20
mustard,20
confirmed,20
injured,20
worries,20
underlying,20
temporarily,20
dick,20
shadows,20
jungle,20
loud,20
merchant,20
endless,20
enforced,20
bundle,20
stake,20
observers,20
alabama,20
promises,20
residents,20
hamilton,20
rises,20
relating,20
negotiations,20
oersted,20
submarines,20
grip,20
hatred,20
sixteen,20
pupil,20
tent,20
peered,20
responded,20
dominated,20
austin,20
styles,20
fitted,20
commissioner,20
leaped,20
cape,20
strongest,20
sauce,20
policeman,20
solve,20
happily,20
andrei,20
murderer,20
suitcase,20
cafe,20
mercy,20
wisconsin,20
attain,20
invitation,20
voters,20
gather,20
brushed,20
mathematics,20
assessors,20
socialism,20
transformation,20
border,20
historians,20
hotels,20
manage,20
trap,20
pamela,20
awake,20
crash,20
biological,20
cream,20
bod,20
probabilities,20
founded,20
anyhow,20
clock,20
guys,20
splendid,20
wildlife,19
instantly,19
directors,19
assurance,19
appeals,19
straightened,19
resting,19
nonspecific,19
relax,19
tommy,19
ernie,19
rod,19
smelled,19
businesses,19
vincent,19
gains,19
figs.,19
damned,19
immortality,19
hay,19
arrested,19
curves,19
lid,19
neatly,19
infinite,19
rid,19
addressed,19
continental,19
elementary,19
produces,19
snapped,19
dated,19
guards,19
fan,19
cuban,19
respective,19
giffen,19
reactivity,19
discharge,19
arrest,19
hostile,19
porter,19
fathers,19
insistence,19
ambition,19
shelley,19
span,19
sketches,19
cottage,19
loves,19
earnings,19
vector,19
payne,19
hammarskjold,19
startling,19
tsh,19
toast,19
cobb,19
copernicus,19
applies,19
whereby,19
lacked,19
ham,19
blowing,19
shorter,19
assert,19
dreamed,19
slip,19
tangible,19
label,19
brass,19
fatal,19
enforcement,19
filing,19
males,19
fats,19
fury,19
specialists,19
exceptional,19
situated,19
timber,19
stroke,19
politicians,19
folks,19
arkansas,19
exceed,19
lap,19
decisive,19
frederick,19
interviews,19
superintendent,19
eve,19
makers,19
spell,19
avoided,19
mechanics,19
remainder,19
christians,19
entries,19
hunter,19
lodge,19
guitar,19
wiped,19
sera,19
packed,19
demanding,19
combinations,19
broader,19
employers,19
designer,19
livestock,19
glued,19
slender,19
distinguish,19
distances,19
victims,19
tetrachloride,19
sober,19
depths,19
affects,19
ethics,19
attract,19
russell,19
canvas,19
optical,19
shocked,19
oxford,19
corporate,19
tobacco,19
underground,19
polish,19
ridiculous,19
solved,19
pastor,19
deputy,19
caution,19
salesmen,19
toes,19
airport,19
plantation,19
devotion,19
vertex,19
ma,19
ray,19
salem,19
companion,19
achievements,19
delivery,19
colt,19
dairy,19
dim,19
drank,19
convenience,19
numerical,19
comprehensive,19
hypothalamus,19
condemned,19
realm,19
youngsters,19
gilborn,19
crown,19
servant,19
patents,19
puzzled,19
rolling,19
diseases,19
i.,19
individually,19
breed,19
garth,19
allows,19
frankfurter,19
tensions,19
stresses,19
kowalski,19
shipping,19
midst,19
bulletin,19
ignore,19
essay,19
lion,19
deadly,19
documents,19
string,19
stephen,19
consistently,19
movable,19
venture,19
imposed,19
daytime,19
supervision,19
rugged,19
orthodox,19
twisted,19
preserved,19
fever,19
traveling,19
congregations,18
cats,18
juvenile,18
privilege,18
battery,18
upton,18
submit,18
asks,18
competence,18
adolescence,18
lesser,18
henri,18
expecting,18
printing,18
favored,18
interval,18
lamp,18
bathroom,18
specialized,18
assign,18
sec.,18
overnight,18
abruptly,18
likewise,18
parlor,18
acted,18
reverse,18
ammunition,18
systematic,18
customs,18
medieval,18
baptist,18
suburbs,18
denial,18
ranged,18
chase,18
speaks,18
saxon,18
escaped,18
crops,18
aluminum,18
brick,18
ratios,18
mechanisms,18
editors,18
intuition,18
ridge,18
rebel,18
refers,18
stevens,18
connecticut,18
tanks,18
buried,18
sole,18
officially,18
stevie,18
overhead,18
spectra,18
repeatedly,18
pen,18
proceed,18
realtors,18
mare,18
affection,18
ceremony,18
birthday,18
beloved,18
plainly,18
drain,18
partnership,18
twist,18
defended,18
interrupted,18
remarkably,18
montgomery,18
yankee,18
spectacle,18
bell,18
predicted,18
greville,18
rider,18
undertaken,18
sank,18
transport,18
proportions,18
langford,18
pronounced,18
referring,18
objection,18
50%,18
neglected,18
willis,18
iodine,18
fame,18
religions,18
costumes,18
selective,18
chorus,18
kicked,18
brains,18
cosmic,18
attributed,18
shifted,18
benson,18
exercised,18
manufacture,18
stolen,18
fleet,18
advances,18
halfway,18
commented,18
autonomy,18
aged,18
abuse,18
nurse,18
investigated,18
anniston,18
pianist,18
consistency,18
print,18
stall,18
biblical,18
diane,18
rests,18
emphasized,18
emerge,18
continuation,18
terribly,18
classroom,18
earnest,18
lip,18
humble,18
darling,18
earned,18
wing,18
technological,18
bunk,18
candle,18
photograph,18
pole,18
consumption,18
effluent,18
marry,18
griffith,18
rubbed,18
lalaurie,18
bitterness,18
lizzie,18
roared,18
harvey,18
fountain,18
formally,18
compelled,18
hypothesis,18
lemon,18
ladder,18
theorem,18
loyal,18
assignments,18
talks,18
catcher,18
squad,18
tap,18
surprisingly,18
disposed,18
proceedings,18
bishop,18
subjective,18
drops,18
causing,18
employes,18
grams,18
dandy,18
tokyo,18
applicable,18
tray,18
athletic,18
camps,18
initially,18
informal,18
gov,18
veterans,18
faded,18
nineteen,18
faster,18
differ,18
announce,18
phrases,18
drift,18
epic,18
tourist,18
columbia,18
erected,18
deliver,18
milling,18
camping,18
corners,18
committees,18
priority,18
shrugged,18
forgot,18
amen,18
locations,18
copies,18
serum,18
resentment,18
knight,18
brightness,18
arose,18
representation,18
squeezed,18
novelist,18
dickens,18
abrupt,18
sung,18
clever,17
defensive,17
visits,17
describing,17
muttered,17
summers,17
ivory,17
cooled,17
popularity,17
stocks,17
sunlight,17
nursing,17
heroes,17
slowed,17
performing,17
lessons,17
tracing,17
packing,17
brand,17
campaigns,17
vaguely,17
remembering,17
simpler,17
hank,17
greece,17
females,17
guerrillas,17
capture,17
geometric,17
titles,17
seemingly,17
bunks,17
pays,17
dome,17
useless,17
anderson,17
failing,17
chaos,17
preservation,17
accompanying,17
geneva,17
priest,17
voyage,17
alternatives,17
cracked,17
fuel,17
cowboy,17
inquiries,17
cleveland,17
explosive,17
corridor,17
import,17
holiday,17
simms,17
sums,17
burton,17
enjoying,17
supernatural,17
bunch,17
consist,17
weary,17
sensed,17
barriers,17
thyroglobulin,17
apartments,17
carla,17
p.m,17
comparative,17
awful,17
dec.,17
praise,17
screamed,17
assuming,17
indirectly,17
rested,17
obscure,17
steam,17
continent,17
meeker,17
networks,17
spontaneous,17
detectives,17
sport,17
flame,17
nicolas,17
graph,17
reflecting,17
respiratory,17
reporting,17
cops,17
declined,17
uncertainty,17
compensation,17
hitting,17
belonged,17
persuade,17
codes,17
hunger,17
readings,17
vitality,17
implied,17
horror,17
basket,17
fires,17
counsel,17
silently,17
burma,17
rivers,17
cabinet,17
anthony,17
homer,17
prevailing,17
separation,17
captured,17
kiss,17
gap,17
interaction,17
statue,17
eighteen,17
imaginary,17
formulation,17
pushing,17
thee,17
consulted,17
frankie,17
mae,17
observer,17
portrait,17
fitting,17
stretching,17
angie,17
inability,17
well-known,17
destroying,17
delegates,17
staying,17
acceleration,17
katie,17
shops,17
lit,17
molecular,17
aggressive,17
picasso,17
motions,17
checks,17
counted,17
notions,17
lublin,17
meadow,17
opponent,17
abandon,17
significantly,17
pierre,17
pockets,17
grasp,17
departure,17
seal,17
vicious,17
violation,17
shake,17
designated,17
powell,17
confession,17
implies,17
neighborhoods,17
preaching,17
stripped,17
wider,17
suicide,17
gambling,17
productivity,17
neighbor,17
goodness,17
shaped,17
lest,17
allocation,17
shifts,17
absurd,17
walker,17
admired,17
piazza,17
diplomacy,17
cereal,17
graduates,17
denver,17
mortgage,17
consent,17
rebels,17
murmured,17
sue,17
moreland,17
awards,17
renewed,17
awarded,17
bargaining,17
screaming,17
odd-lot,17
stevenson,17
anonymous,17
wagons,17
balls,17
ballistic,17
economics,17
lao,17
k,17
throwing,17
progressive,17
seasons,17
collar,17
fulton,17
engines,17
infectious,17
raymond,17
present-day,17
artificial,17
tumor,17
logic,17
brooks,17
loudly,17
bat,17
operators,17
scott,17
chip,17
transom,17
inc.,17
morale,17
sooner,17
tract,17
quote,17
intersection,17
followers,17
acquisition,17
purchasing,17
and/or,17
embassy,17
carroll,17
missionary,17
formidable,17
mistaken,17
flowing,17
friction,17
combine,17
inquiry,17
illustrate,17
brumidi,17
indifference,17
costly,16
priests,16
orientation,16
hodges,16
voltage,16
composite,16
downward,16
statistical,16
proceeds,16
vertical,16
fences,16
alien,16
nineteenth-century,16
confined,16
cows,16
glorious,16
producer,16
aims,16
unto,16
obligation,16
morton,16
taxi,16
gradual,16
unemployment,16
thereof,16
pottery,16
founding,16
adequately,16
bulk,16
persistent,16
gabriel,16
correlation,16
differently,16
purchases,16
switched,16
operand,16
anaconda,16
circulation,16
comedie,16
railroads,16
flavor,16
conjunction,16
glimpse,16
dusty,16
heated,16
translation,16
stirring,16
dish,16
translated,16
sketch,16
telephoned,16
vegetables,16
foolish,16
lined,16
resume,16
capita,16
chemistry,16
foster,16
muscular,16
broadcast,16
gon,16
soup,16
chores,16
nelson,16
conformity,16
spotted,16
rows,16
flexibility,16
investors,16
occupy,16
opium,16
commitments,16
spreading,16
deserves,16
confident,16
cleaned,16
rail,16
pin,16
buffalo,16
references,16
shipments,16
toll,16
lecture,16
mailed,16
sins,16
compatible,16
metaphysical,16
legitimate,16
link,16
ashamed,16
trains,16
daylight,16
locate,16
differential,16
whiskey,16
whites,16
jerry,16
fancy,16
1/2,16
beautifully,16
discussing,16
revised,16
inquired,16
hawaii,16
matched,16
audiences,16
gown,16
invasion,16
specialist,16
blockade,16
refuse,16
proves,16
strengthen,16
transmission,16
infantry,16
fighters,16
judicial,16
transit,16
troop,16
joan,16
raises,16
appearing,16
reasoning,16
handley,16
arteries,16
mahzeer,16
stuart,16
buffer,16
abstraction,16
compounds,16
crouched,16
southwest,16
boundary,16
typically,16
ate,16
wanting,16
dangers,16
alarm,16
successor,16
strings,16
adjust,16
photographs,16
opens,16
oriental,16
earn,16
sites,16
edythe,16
scientist,16
cockpit,16
possess,16
northeast,16
spray,16
fringe,16
bitterly,16
hers,16
hanford,16
reads,16
claiming,16
ample,16
commit,16
isolation,16
delighted,16
conclude,16
orbit,16
physician,16
devised,16
curriculum,16
insights,16
notably,16
noting,16
parliament,16
leveling,16
geographical,16
fellows,16
angular,16
waved,16
jar,16
endurance,16
qualifications,16
styka,16
influenced,16
confrontation,16
linked,16
ticket,16
clearing,16
quest,16
swinging,16
staged,16
vessel,16
weighed,16
lung,16
closet,16
unnecessary,16
tile,16
messages,16
wasted,16
pitching,16
kick,16
bounced,16
injustice,16
ruined,16
selkirk,16
indications,16
spun,16
maintains,16
sturdy,16
bleeding,16
peak,16
dropping,16
financed,16
ignorance,16
philosopher,16
indicating,16
juanita,16
monk,16
policemen,16
outfit,16
damp,16
charlotte,16
payroll,16
roleplaying,16
grandma,16
hiding,16
miracle,16
liver,16
channel,16
allowance,16
asserted,16
trails,16
bass,16
grab,16
inherited,16
improving,16
forehead,16
inserted,16
missions,16
installations,16
commissioners,16
exhibits,16
humorous,16
partners,16
stride,16
severely,16
jaw,16
ideals,16
analytic,16
accelerometer,16
o',16
cranston,16
highways,16
optimum,16
stating,16
afterward,16
farming,16
cherished,16
attic,16
truman,16
glow,16
slammed,16
contents,16
doubts,16
viet,16
g,16
mistakes,16
solar,16
minimize,16
instructed,16
justification,16
disturbing,16
secular,16
proposition,16
piled,16
shortage,16
translate,16
professors,16
flag,16
claire,16
prolonged,16
israel,16
viewpoint,16
satisfy,16
excluding,16
historically,16
disastrous,16
synthesis,16
finest,16
rage,16
clover,16
arranging,16
jeep,16
ambitious,16
chapters,16
farms,16
collect,16
requiring,16
wells,16
secants,16
candy,16
flashed,16
parent,16
gotten,16
pursuit,16
confirm,16
realities,15
needle,15
fabric,15
sisters,15
cared,15
accustomed,15
employer,15
burn,15
knock,15
hire,15
minnesota,15
harlem,15
federation,15
dragging,15
divisions,15
advocate,15
forbidden,15
constructive,15
englishman,15
ed,15
dragged,15
stimulus,15
reluctant,15
wisman,15
rental,15
boost,15
contempt,15
tightly,15
tappet,15
sizable,15
straw,15
pains,15
bow,15
jay,15
profile,15
sociology,15
amy,15
essence,15
feasible,15
stove,15
commands,15
misery,15
protestants,15
picnic,15
clue,15
beaten,15
oppose,15
sustained,15
sally,15
rescue,15
emerging,15
elizabeth,15
operates,15
pill,15
cubic,15
razor,15
dug,15
smashed,15
inspector,15
soils,15
drag,15
cemetery,15
mentally,15
ulyate,15
havana,15
cease,15
newest,15
coalition,15
mr,15
pan,15
ambitions,15
mays,15
meaningless,15
pools,15
threshold,15
swiftly,15
bottles,15
cop,15
senses,15
remind,15
heavier,15
bees,15
personalities,15
lectures,15
sentimental,15
clearer,15
tentative,15
explanations,15
react,15
defeated,15
honors,15
bari,15
reward,15
turnpike,15
cambridge,15
helium,15
intensive,15
nut,15
crude,15
dissolved,15
practicing,15
competing,15
optimism,15
deserted,15
lyrics,15
nassau,15
lagoon,15
eugenia,15
restricted,15
penetration,15
lumumba,15
circumstance,15
dutch,15
apt,15
quit,15
adolescent,15
thread,15
hemisphere,15
supports,15
lawn,15
originated,15
forgiveness,15
disappointment,15
/4,15
preceded,15
loving,15
selecting,15
judging,15
hitler,15
segregated,15
battens,15
associates,15
gates,15
apprentice,15
contributing,15
sweep,15
landed,15
validity,15
marching,15
succeed,15
cruel,15
plunged,15
transferor,15
tore,15
scholar,15
rope,15
elder,15
liberalism,15
loses,15
irenaeus,15
distinctions,15
decrease,15
doorway,15
horrible,15
bankers,15
disapproval,15
evenings,15
hino,15
joining,15
fee,15
distress,15
readiness,15
onion,15
administrator,15
ireland,15
norman,15
trick,15
dentist,15
drums,15
homeric,15
petition,15
potatoes,15
execution,15
contours,15
roger,15
hastily,15
cardinal,15
arriving,15
attraction,15
silly,15
preventive,15
commanded,15
judged,15
exhausted,15
rubber,15
freezing,15
scores,15
seats,15
steinberg,15
armies,15
considers,15
pro,15
eliminating,15
achieving,15
substituted,15
beowulf,15
businessmen,15
swim,15
self-help,15
optimistic,15
unpleasant,15
refusal,15
termed,15
blast,15
scored,15
da,15
expressions,15
cafeteria,15
molding,15
preparations,15
dimension,15
deliberate,15
touching,15
backs,15
deals,15
ties,15
dill,15
owed,15
celebration,15
shower,15
discouraged,15
participating,15
literal,15
deemed,15
marty,15
governed,15
tense,15
mileage,15
disappointed,15
montero,15
stature,15
creature,15
writings,15
sincere,15
cracking,15
graham,15
potato,15
ryan,15
hey,15
rancher,15
arguments,15
jessica,15
alter,15
devote,15
guessed,15
selections,15
underwater,15
stirred,15
viola,15
assault,15
waddell,15
sheer,15
willie,15
crying,15
commonplace,15
indispensable,15
memories,15
ace,15
batting,15
vanished,15
fluids,15
leaning,15
texture,15
denominations,15
manners,15
anchor,15
folded,15
connections,15
imports,15
collage,15
daniel,15
qualify,15
agreements,15
placement,15
mcclellan,15
bathing,15
blackman,15
brace,15
actors,15
rounded,15
virtues,15
comparatively,15
sights,15
socially,15
tennis,15
dad,15
producers,15
oils,15
textiles,15
gaining,15
madame,15
aegean,15
province,15
saint,15
explosion,15
oak,15
alongside,15
expedition,15
kissed,15
lb.,14
ruin,14
appealing,14
hawk,14
stopping,14
bark,14
doaty,14
feathers,14
adventures,14
shells,14
amended,14
arises,14
domination,14
feared,14
cm,14
elegant,14
believing,14
congregational,14
spectrum,14
prescribed,14
buzz,14
heater,14
entertain,14
answering,14
sensible,14
lever,14
coupled,14
driveway,14
conjugates,14
pit,14
eligible,14
bush,14
mild,14
15th,14
boxes,14
adventure,14
draws,14
purse,14
screwed,14
manpower,14
touches,14
trujillo,14
incidentally,14
intact,14
ordinarily,14
glendora,14
complexity,14
revelation,14
speakers,14
beaches,14
aqueous,14
gloom,14
fastened,14
indiana,14
classified,14
bubbles,14
export-import,14
annually,14
meltzer,14
climax,14
farewell,14
superb,14
dislike,14
ultraviolet,14
resonance,14
requests,14
examiner,14
disclosed,14
carved,14
chancellor,14
prone,14
feathertop,14
conceive,14
mg/l,14
kent,14
bryan,14
piepsam,14
habitat,14
composers,14
appearances,14
polished,14
revolver,14
generator,14
shallow,14
clung,14
divide,14
scrutiny,14
picking,14
boundaries,14
penetrating,14
discretion,14
paths,14
painfully,14
blank,14
bacterial,14
pohl,14
gum,14
fork,14
selden,14
swiss,14
amusing,14
le,14
protective,14
immense,14
simplicity,14
twenty-four,14
pursued,14
territorial,14
flames,14
symptoms,14
crimes,14
chuck,14
thou,14
brooding,14
ego,14
bored,14
survivors,14
encouragement,14
psychology,14
fruits,14
pickup,14
ptolemy,14
dice,14
"10,000",14
engage,14
plains,14
profitable,14
upright,14
garryowen,14
passenger,14
hats,14
tower,14
publishing,14
hopeless,14
beverly,14
ceremonies,14
alice,14
foundations,14
pairs,14
impersonal,14
thayer,14
oldest,14
lucille,14
odds,14
churchill,14
interstate,14
debut,14
vice-president,14
singers,14
criticized,14
organize,14
heap,14
breeze,14
countless,14
penalty,14
vocal,14
theodore,14
solitary,14
excellence,14
creator,14
weep,14
daughters,14
pending,14
creek,14
relaxed,14
influences,14
wax,14
leap,14
lester,14
decomposition,14
x-ray,14
cooper,14
pity,14
afterwards,14
intend,14
egypt,14
instinct,14
surviving,14
bothered,14
custom,14
corruption,14
yale,14
belgian,14
pentagon,14
careers,14
restored,14
thirty-five,14
odor,14
rabbi,14
scenery,14
preferably,14
vulnerable,14
dismissed,14
strips,14
merits,14
thoughtfully,14
proteins,14
monopoly,14
enterprises,14
proclamation,14
neon,14
valued,14
organs,14
yarn,14
gods,14
momentum,14
centered,14
confederate,14
flights,14
swore,14
diagonalizable,14
regulation,14
survived,14
arrow,14
fists,14
tickets,14
structured,14
tribune,14
illuminated,14
one-third,14
paragraphs,14
complaint,14
lend,14
uniforms,14
woke,14
joel,14
capability,14
prose,14
favorably,14
delphine,14
administered,14
stare,14
singular,14
convicted,14
evolution,14
yalta,14
pine,14
exclaimed,14
shoe,14
minerals,14
bastards,14
upset,14
auditorium,14
emory,14
executed,14
cannery,14
nursery,14
cab,14
lightning,14
approve,14
usage,14
dared,14
grove,14
insect,14
treats,14
iliad,14
intent,14
max,14
fix,14
fantasy,14
cups,14
verdict,14
ripe,14
gradient,14
influential,14
husbands,14
deviation,14
dominican,14
designers,14
sunset,14
threats,14
capitalism,14
frightening,14
nails,14
arlen,14
reforms,14
seeming,14
pie,14
decay,14
projected,14
colorado,14
analyzed,14
invitations,14
proportional,14
oklahoma,14
kentucky,14
short-term,14
applause,14
sensation,14
thunder,14
wrapped,14
chill,14
grim,14
pasture,14
fails,14
determines,14
rupees,14
columbus,14
accommodate,14
framed,14
customary,14
fox,14
attach,14
superiority,14
celebrated,14
treasurer,14
width,14
presidents,14
bull,14
nam,14
emancipation,14
vigor,14
amid,14
sustain,14
nearer,14
retreat,14
sweater,14
irrelevant,14
$1,14
flung,14
python,14
borrowed,14
affixed,14
charcoal,14
conditioning,14
speeds,14
prosperity,14
ludie,13
forcing,13
chewing,13
wires,13
expand,13
stimulation,13
exerted,13
participated,13
tourists,13
waving,13
defects,13
shattered,13
cone,13
scream,13
experimentation,13
depot,13
na.iuml,13
involvement,13
mythological,13
sells,13
prohibition,13
streetcar,13
cruelty,13
erect,13
sunny,13
sealed,13
posse,13
rounds,13
par,13
hymen,13
scotland,13
embrace,13
birmingham,13
spectators,13
modernization,13
inventories,13
nonsense,13
shy,13
permanently,13
fusion,13
chickens,13
nazi,13
aloud,13
sox,13
fur,13
begged,13
satisfying,13
solidarity,13
un,13
youngest,13
visitor,13
boot,13
privately,13
protested,13
carmer,13
statutory,13
blessed,13
electoral,13
ideology,13
computer,13
matches,13
familiarity,13
praised,13
brutality,13
thy,13
convey,13
packard,13
disposition,13
pension,13
communicate,13
doubtless,13
frankly,13
handful,13
elite,13
hormone,13
abilities,13
observing,13
brenner,13
dot,13
clarify,13
progressed,13
exaggerated,13
grin,13
ordering,13
contradiction,13
tries,13
resemblance,13
debt,13
rug,13
roar,13
paramagnetic,13
compulsivity,13
fiat,13
lowest,13
litigation,13
adjoining,13
handicapped,13
duke,13
moonlight,13
necessities,13
rocking,13
beating,13
pepper,13
statewide,13
virus,13
linguist,13
spokesmen,13
helen,13
mcfeeley,13
champagne,13
globe,13
toilet,13
static,13
democrat,13
acid,13
derive,13
mix,13
insert,13
subsection,13
spur,13
greene,13
dough,13
bursting,13
equilibrium,13
separately,13
invented,13
collecting,13
biography,13
objections,13
rely,13
suspicious,13
sincerity,13
diagnosis,13
restless,13
inhabitants,13
conducting,13
politician,13
gossip,13
tub,13
leveled,13
whoever,13
antenna,13
enters,13
landlord,13
$600,13
inquirer,13
skeletal,13
sweden,13
completing,13
walks,13
incest,13
spokesman,13
detection,13
unaware,13
propose,13
opposing,13
remedy,13
integral,13
coordinated,13
boris,13
ap,13
miserable,13
cane,13
grey,13
imperial,13
correctly,13
sprang,13
specimens,13
implicit,13
kremlin,13
soviets,13
maxwell,13
abundance,13
m,13
adapted,13
insane,13
kohnstamm-positive,13
safely,13
gifted,13
enabling,13
romance,13
outset,13
relieve,13
refrigeration,13
methodist,13
shades,13
hart,13
respondents,13
richardson,13
istiqlal,13
taxed,13
alcohol,13
a.l.a.m.,13
sector,13
hull,13
analogy,13
frieze,13
pansies,13
ton,13
thor,13
tory,13
sweeping,13
defending,13
investigators,13
document,13
mist,13
behaved,13
utter,13
copper,13
imaginative,13
buddy,13
assets,13
undue,13
phosphor,13
supplying,13
patch,13
eagerly,13
vocabulary,13
gospel,13
kohnstamm,13
therapeutic,13
elderly,13
compass,13
lime,13
handy,13
beams,13
collapsed,13
fond,13
deputies,13
invariant,13
emotionally,13
sentences,13
drainage,13
hut,13
stability,13
portable,13
couples,13
salesman,13
bastard,13
map,13
radically,13
repetition,13
barbecue,13
painters,13
ironic,13
casually,13
curled,13
solids,13
deepest,13
cappy,13
winslow,13
slice,13
lasting,13
casework,13
modified,13
programing,13
taxpayer,13
graduated,13
creates,13
tissues,13
michael,13
howe,13
fosdick,13
conditioner,13
gentile,13
monitoring,13
incorporated,13
files,13
pint,13
earnestly,13
idle,13
vigorously,13
slightest,13
doses,13
nuclei,13
blade,13
suburb,13
unlimited,13
conservation,13
nighttime,13
rev,13
tappets,13
tumbled,13
teen-agers,13
manifold,13
guaranteed,13
maps,13
lafayette,13
appealed,13
understandable,13
evaluate,13
carpet,13
proclaim,13
quint,13
unfair,13
planners,13
suggesting,13
wtv,13
steep,13
curb,13
resident,13
cumulative,13
diversity,13
transparent,13
cake,13
perceive,13
beethoven,13
monstrous,13
cluster,13
statute,13
argiento,13
uncomfortable,13
omitted,13
journalism,13
diverse,13
accelerated,13
undertake,13
consulting,13
autistic,13
opponents,13
lilly,13
fits,13
performers,13
dumb,13
explaining,13
lou,13
promoting,13
differed,13
rival,13
sinister,13
rusk,13
plasma,13
curtain,13
fearful,13
objected,13
restrained,13
reviewed,13
tempted,13
braque,13
belonging,13
remembers,13
witnessed,13
owns,13
resolve,13
mutually,13
squares,13
posture,13
dwelling,13
purple,13
receiver,13
ye,13
cheeks,13
adopt,13
athabascan,13
absorb,13
averaged,13
media,13
arch,13
pirates,13
gop,13
induced,13
fictional,13
twins,13
standpoint,13
incomplete,13
consumed,13
commitment,13
smallest,13
behave,13
breakdown,13
rep,13
rebellion,13
patrolman,13
acute,13
lantern,13
analyses,13
deer,13
afternoons,13
tips,13
rockets,13
dictatorship,13
ethnic,13
lloyd,13
explore,12
dolls,12
tracks,12
$100,12
someday,12
foreigners,12
watercolor,12
palazzo,12
passions,12
antibody,12
korea,12
liquidation,12
contended,12
statesman,12
functioning,12
louder,12
cdc,12
prayers,12
organ,12
persians,12
comfortably,12
overall,12
housed,12
snap,12
concerto,12
va,12
deserve,12
script,12
laying,12
entertaining,12
nod,12
ninety,12
schnabel,12
trailers,12
favorites,12
acknowledged,12
egg,12
summit,12
acknowledge,12
semester,12
jubal,12
deaf,12
secant,12
resort,12
honestly,12
mining,12
freed,12
boil,12
yielded,12
incentive,12
wayne,12
synthetic,12
vessels,12
stockade,12
counts,12
paradise,12
decides,12
nazis,12
detected,12
sizes,12
nigger,12
tank,12
mercenaries,12
gaze,12
sail,12
proceeding,12
elevator,12
infant,12
suspension,12
independently,12
currency,12
employ,12
attendant,12
correspondent,12
7th,12
tilted,12
insoluble,12
scratching,12
installation,12
anti-slavery,12
fulfillment,12
advisers,12
shelf,12
individualism,12
vivian,12
eaten,12
detached,12
extends,12
pray,12
crest,12
promoted,12
unwed,12
jerked,12
nowadays,12
meats,12
u,12
ballot,12
stray,12
crashed,12
irony,12
joints,12
spark,12
bubble,12
dialogue,12
dies,12
bee,12
mimesis,12
impulses,12
layer,12
conrad,12
neglect,12
poles,12
debts,12
perceived,12
faithful,12
blocked,12
earl,12
privacy,12
state-owned,12
limp,12
antigen,12
silk,12
coatings,12
butt,12
instituted,12
resultant,12
coordination,12
unlocked,12
borders,12
luminous,12
theatrical,12
swallowed,12
antique,12
climb,12
therapy,12
adjacent,12
crombie,12
couch,12
solemn,12
stones,12
tar,12
hogan,12
essex,12
kitty,12
dialysis,12
.22,12
whisper,12
winchester,12
microorganisms,12
molded,12
sixteenth,12
initiated,12
consciously,12
loosely,12
world-wide,12
sodium,12
sorts,12
porous,12
realizing,12
challenging,12
successive,12
dimly,12
violently,12
riders,12
whipped,12
infrared,12
vs.,12
provinces,12
magical,12
floors,12
raced,12
harsh,12
mexicans,12
processed,12
bloom,12
maker,12
vapor,12
requested,12
counting,12
depreciation,12
wrinkled,12
ken,12
paragraph,12
purity,12
metaphysics,12
two-thirds,12
actively,12
prayed,12
atlas,12
illustrations,12
expended,12
muller,12
nerve,12
maids,12
peasants,12
inspect,12
guerrilla,12
wealthy,12
sermon,12
hairs,12
beds,12
inning,12
tin,12
manned,12
grandfather,12
focused,12
co-operation,12
lousy,12
halted,12
clergy,12
bake,12
honorable,12
crossroads,12
purdew,12
settlers,12
swollen,12
cooler,12
terminal,12
breaks,12
kicking,12
ribbon,12
villages,12
pretending,12
claude,12
se,12
grandmother,12
hazard,12
kirby,12
titled,12
interviewed,12
icy,12
episode,12
fluorescence,12
absorption,12
$500,12
rockefeller,12
formulaic,12
coincide,12
tires,12
convert,12
temper,12
deduction,12
harvest,12
deciding,12
nomination,12
deserved,12
logically,12
terminate,12
bits,12
reacted,12
leaf,12
nearing,12
foremost,12
skies,12
enabled,12
technicians,12
maria,12
deduct,12
controversial,12
andrus,12
nitrogen,12
fifties,12
poised,12
combustion,12
fashionable,12
recalls,12
smoothly,12
durable,12
gripped,12
daring,12
temptation,12
youthful,12
floating,12
congolese,12
undergoing,12
brassnose,12
orioles,12
parochial,12
queens,12
consultant,12
compounded,12
surveys,12
construct,12
ominous,12
foliage,12
warsaw,12
hansen,12
hopeful,12
baptized,12
blades,12
affirm,12
stubborn,12
effected,12
everyday,12
carryover,12
grill,12
ministry,12
accounting,12
ignorant,12
cigarettes,12
tribes,12
hesperus,12
blindness,12
cavity,12
defenses,12
interpretations,12
distinctly,12
blew,12
compact,12
ministers,12
unadjusted,12
railway,12
gauge,12
presumed,12
byrd,12
supposedly,12
monsieur,12
frowning,12
intellectuals,12
20th,12
indictment,12
crowds,12
pearson,12
turmoil,12
discount,12
collaboration,12
chris,12
populated,12
dodge,12
intersections,12
welcomed,12
pro-western,12
holidays,12
staggered,12
outline,12
phony,12
nilpotent,12
strengthening,12
strokes,12
pleading,12
tenure,12
mineral,12
torrio,12
contraction,12
plow,12
lyric,12
sadly,12
dental,12
unstructured,12
urgency,12
lens,12
aspirations,12
richmond,12
furnace,12
babies,12
choices,12
flies,12
calculation,12
ceased,12
meantime,12
stereotype,12
dependence,12
dwight,12
andrew,12
gordon,12
gasoline,12
passionate,12
marx,12
trigger,12
downstairs,12
hardened,12
monroe,12
mckinley,12
restaurants,12
yearly,12
lately,12
imply,12
yang,12
premium,12
benjamin,12
furiously,12
sansom,12
enacted,12
cultures,12
tri-state,12
canyon,12
demographic,12
quaint,12
emma,12
murders,12
ve,12
feeds,12
herbert,12
equality,12
lighter,12
garry,12
lasted,12
stereo,12
rhythms,12
guam,12
attributes,12
retention,12
credited,12
turkish,12
ardent,12
acquainted,12
traced,12
saloon,12
calif.,12
freeman,12
evidenced,12
attendance,12
switzerland,12
deficit,12
hollow,12
protestantism,11
spaces,11
squarely,11
possessions,11
testified,11
timothy,11
preserves,11
wholesome,11
thumb,11
avoiding,11
carriage,11
korean,11
delegation,11
barbed,11
politically,11
noticeable,11
nominal,11
thereto,11
rhythmic,11
infancy,11
easter,11
rabbit,11
unanimously,11
cylindrical,11
vince,11
economically,11
partial,11
teaches,11
loading,11
tear,11
educator,11
greatness,11
incidents,11
interim,11
commercially,11
mcbride,11
endured,11
co,11
barnett,11
dash,11
1.5,11
shaken,11
adoption,11
avocado,11
embarrassing,11
rendering,11
calendars,11
energetic,11
unexpectedly,11
eventual,11
mann,11
trig,11
oriented,11
constituted,11
commissions,11
contrasts,11
entities,11
manufactured,11
plowing,11
ribs,11
communion,11
acrylic,11
szold,11
curiously,11
dillon,11
chambers,11
chronic,11
shaw,11
integrated,11
marking,11
wilderness,11
incapable,11
grimly,11
carriers,11
vases,11
"$1,000",11
clients,11
exports,11
treatments,11
catastrophe,11
entertained,11
shed,11
civilized,11
plymouth,11
appetite,11
mob,11
sprawled,11
planted,11
criteria,11
undergraduate,11
posted,11
rejects,11
midwest,11
ghost,11
seventeenth,11
moritz,11
confess,11
happier,11
settling,11
drastic,11
wales,11
sociological,11
agrees,11
mound,11
juice,11
assistants,11
philosophic,11
calhoun,11
regretted,11
jimmy,11
tyranny,11
trailer,11
bushes,11
publishers,11
uniformity,11
compound,11
violin,11
huff,11
leisure,11
climbing,11
elec,11
toys,11
juet,11
wart,11
poultry,11
preacher,11
herald,11
complain,11
del,11
muffled,11
plea,11
finite,11
cooperate,11
thirteen,11
angles,11
tech,11
disagreement,11
prompt,11
calcium,11
cheaper,11
depressed,11
appropriated,11
showmanship,11
richards,11
varies,11
comprise,11
rotating,11
sanitation,11
epidemic,11
aided,11
trot,11
evaluated,11
transfers,11
tropical,11
obtainable,11
conclusive,11
injuries,11
instrumental,11
respected,11
disappear,11
marines,11
underneath,11
kayabashi,11
repaired,11
awkward,11
symbolized,11
hong,11
cement,11
wired,11
hampshire,11
presbyterian,11
pratt,11
pose,11
rejection,11
strenuous,11
venus,11
restraint,11
reef,11
concentrate,11
treating,11
strict,11
compilation,11
blankets,11
haven,11
equitable,11
recordings,11
introduce,11
perfection,11
littlepage,11
calmly,11
overt,11
explored,11
tony,11
linguists,11
formulated,11
protests,11
invite,11
motivation,11
youths,11
controller,11
indifferent,11
rubbing,11
doubled,11
compartment,11
frustration,11
enlisted,11
conceded,11
blond,11
expectation,11
generated,11
pulley,11
freud,11
weights,11
smu,11
fixing,11
facility,11
phillips,11
occupational,11
moist,11
todman,11
agreeable,11
buys,11
nucleus,11
framework,11
log,11
specify,11
alternate,11
mahayana,11
dreaming,11
cohesive,11
curse,11
computing,11
misunderstanding,11
gifts,11
arising,11
pony,11
array,11
eloquent,11
spinning,11
ross,11
disguised,11
crawl,11
coward,11
hillsboro,11
psychologists,11
herman,11
ad,11
descent,11
snatched,11
zone,11
pavement,11
taliesin,11
histories,11
lengthy,11
kong,11
australia,11
needless,11
dylan,11
unquestionably,11
warn,11
oregon,11
baroque,11
limiting,11
paced,11
reconstruction,11
reunion,11
elemental,11
sleeve,11
cult,11
quantities,11
beneficial,11
acreage,11
wonderfully,11
ambiguity,11
census,11
anticipate,11
dominance,11
acquiring,11
retain,11
prejudice,11
unusually,11
subdivision,11
unified,11
flush,11
graves,11
trivial,11
pituitary,11
adjusting,11
hardware,11
grasped,11
tomb,11
threaten,11
ill.,11
portions,11
rolls,11
mortar,11
squeeze,11
ash,11
"1,000",11
shaft,11
crept,11
enzymes,11
calf,11
shivering,11
necessitated,11
locating,11
disarmament,11
develops,11
deficiency,11
oxen,11
cm.,11
scriptures,11
locally,11
towering,11
trusted,11
hideous,11
marvelous,11
mounting,11
ensemble,11
ferry,11
accumulation,11
drifting,11
bronze,11
amazed,11
quo,11
keen,11
twisting,11
graduation,11
photographic,11
waking,11
bultmann,11
paradoxically,11
ptolemaic,11
sewer,11
approximate,11
expenditure,11
eighty,11
smiles,11
thoughtful,11
vacant,11
hiroshima,11
presidency,11
disciplined,11
militia,11
childish,11
sculpture,11
memorable,11
deductions,11
criterion,11
recover,11
albany,11
magnum,11
ml,11
adopting,11
tide,11
hardest,11
dose,11
dimensional,11
preoccupied,11
beg,11
constitutes,11
restrict,11
streams,11
cursed,11
dots,11
ghetto,11
arched,11
conceivable,11
spelman,11
proprietor,11
frighten,11
elevated,11
jastrow,11
glaze,11
passive,11
kehl,11
adverse,11
burial,11
aerator,11
clergyman,11
parish,11
sometime,11
timing,11
simmons,11
archaeology,11
willingness,11
han,11
fatigue,11
cliff,11
discrepancy,11
dozens,11
forthcoming,11
revealing,11
voltaire,11
satisfactorily,11
declares,11
enclosed,11
autonomic,11
fulfilled,11
poorly,11
co.ouml,11
contrasting,11
hub,11
sexes,11
disliked,11
usefulness,11
breast,11
invested,11
walnut,11
gymnastics,11
inorganic,11
render,11
investigate,11
interpret,11
spit,11
secured,11
coexistence,11
foregoing,11
holden,11
paso,11
drum,11
artillery,11
distorted,11
anglican,11
pump,11
theaters,11
singer,11
listener,11
afforded,11
larkin,11
waist,11
honeymoon,11
criticisms,11
meters,11
appreciated,11
burnside,11
shifting,11
assemblies,11
button,11
liking,11
riverside,11
pollen,11
mill,11
pedersen,11
convincing,11
commanding,11
tender,11
pops,11
apprehension,11
sliding,11
strained,11
flock,11
lovers,11
brandt,11
intelligible,11
sigh,11
proven,11
consult,11
frantic,11
coincidence,11
boredom,11
schoolhouse,11
postwar,11
towels,11
restoration,11
sanction,11
edwin,11
architecture,11
rotation,11
swelling,11
unprecedented,11
energies,11
cubism,11
formulations,11
congruence,11
sidney,11
natives,11
narrator,11
eccentric,11
sturley,11
airplane,11
shea,11
exert,11
duration,11
improves,11
boulevard,11
mainland,11
drexel,11
subsequently,11
bands,11
nailed,11
odyssey,11
rake,11
outcomes,11
counterparts,11
choosing,11
surgeon,11
taxation,11
export,10
mortal,10
constituents,10
caring,10
slate,10
cousins,10
analyze,10
utilized,10
graceful,10
steak,10
fleeing,10
kennings,10
senators,10
bloc,10
representations,10
bearded,10
pathet,10
dialect,10
cooked,10
privileges,10
scar,10
integrity,10
text-form,10
marijuana,10
princess,10
misfortune,10
athlete,10
conjugate,10
admiration,10
discourse,10
batista,10
sandwich,10
transducer,10
lucien,10
vent,10
nationally,10
pious,10
philharmonic,10
folly,10
angelo,10
earthy,10
evans,10
mosque,10
simplest,10
shann,10
mates,10
contributes,10
sectors,10
seas,10
thermometer,10
salter,10
detect,10
pbs,10
learns,10
hints,10
reservoir,10
harriet,10
vagina,10
comrades,10
rankin,10
boiled,10
enduring,10
cautious,10
veto,10
spade,10
strode,10
wheeled,10
convertible,10
kirov,10
puzzle,10
reared,10
prostitution,10
turnpikes,10
intricate,10
subsystems,10
hunt,10
framing,10
vegetable,10
serene,10
vengeance,10
distributions,10
buttons,10
tastes,10
viewing,10
insists,10
wipe,10
editions,10
identities,10
rustling,10
orthodontist,10
aggression,10
consecutive,10
balloon,10
ave.,10
traditionally,10
lb,10
refrain,10
rust,10
cheerful,10
elbow,10
compiled,10
drilling,10
nonetheless,10
deadlock,10
denomination,10
journalist,10
albumin,10
shores,10
hebrew,10
preventing,10
privileged,10
impatient,10
purified,10
defendants,10
persian,10
argues,10
autocoder,10
hip,10
vue,10
unfamiliar,10
fiedler,10
appendix,10
exceeds,10
wrist,10
concord,10
keelson,10
blooming,10
majestic,10
sponsors,10
brandon,10
majdanek,10
begging,10
genuinely,10
rally,10
dulles,10
boulder,10
elegance,10
brodie,10
regulus,10
margin,10
ringing,10
barbara,10
robbery,10
averages,10
wool,10
segregation,10
uniquely,10
distilled,10
steichen,10
nickname,10
halt,10
dresses,10
fragile,10
alas,10
dreadful,10
ditch,10
extensively,10
bounds,10
mixing,10
17th,10
admirable,10
q.,10
neurotic,10
costume,10
sailed,10
undergone,10
instinctively,10
jaws,10
calculations,10
vitamins,10
polynomials,10
irradiation,10
allotted,10
hazards,10
ranges,10
rulers,10
mercury,10
projections,10
segments,10
deceased,10
bacon,10
imperative,10
conform,10
frustrated,10
tougher,10
tasted,10
feminine,10
polls,10
competitors,10
alleged,10
advise,10
embodiment,10
expressway,10
perfume,10
analyst,10
scottish,10
poison,10
intensely,10
plotted,10
bags,10
stacy,10
mastery,10
enjoys,10
cites,10
slug,10
limitation,10
allotments,10
commercials,10
outward,10
isaac,10
urging,10
dig,10
commute,10
implication,10
segment,10
eleanor,10
non-violent,10
topics,10
differs,10
legends,10
confronting,10
honesty,10
departing,10
stole,10
marina,10
kennan,10
hysterical,10
polaris,10
linguistic,10
persisted,10
employing,10
negotiate,10
leonard,10
occurrences,10
akin,10
swear,10
multiply,10
thru,10
harness,10
arguing,10
witty,10
fragments,10
patriotic,10
tops,10
pleasantly,10
magnification,10
prosecution,10
ideally,10
unite,10
solidly,10
conscientious,10
radioactive,10
void,10
guiding,10
owe,10
imagery,10
holster,10
diminished,10
luis,10
tackle,10
spreads,10
mornings,10
conant,10
ingenious,10
sensations,10
sands,10
deae-cellulose,10
meek,10
merge,10
forge,10
admire,10
weird,10
subsistence,10
coats,10
paints,10
mass.,10
elephants,10
sings,10
danced,10
disturbance,10
lauren,10
monks,10
melodies,10
replies,10
messenger,10
oliver,10
electrons,10
screws,10
negligible,10
partlow,10
relevance,10
tremendously,10
indebted,10
entity,10
rating,10
diagnostic,10
creep,10
champions,10
restrain,10
margaret,10
blatz,10
defining,10
non,10
prediction,10
sunrise,10
pleasing,10
cigar,10
descriptions,10
aia,10
viscosity,10
dramatically,10
hesitate,10
emerson,10
scanned,10
skiff,10
prints,10
psychologist,10
managerial,10
secretaries,10
vain,10
patriot,10
secede,10
b-52,10
romans,10
pilots,10
undesirable,10
asian,10
newman,10
clues,10
gazette,10
mouse,10
cultivated,10
waterfront,10
underdeveloped,10
singled,10
luggage,10
warmed,10
principally,10
discoveries,10
seeks,10
specificity,10
trustee,10
immigration,10
token,10
heel,10
recognizing,10
patronage,10
finals,10
generals,10
waiter,10
megatons,10
awfully,10
advancement,10
systematically,10
pork,10
bite,10
dumont,10
immigrants,10
robbed,10
stains,10
ritter,10
bolt,10
mister,10
hail,10
rotary,10
forecast,10
rides,10
airplanes,10
patches,10
consultation,10
utilize,10
combining,10
rocky,10
marital,10
twentieth-century,10
prevents,10
blessing,10
fertility,10
hawksley,10
arrange,10
descending,10
bumblebees,10
phonologic,10
retrieved,10
conceivably,10
equations,10
unconsciously,10
hamrick,10
declaring,10
miscellaneous,10
fake,10
herr,10
gram,10
ration,10
norm,10
longing,10
chains,10
2:36h,10
looming,10
editorials,10
swallow,10
revulsion,10
gigantic,10
theft,10
'the,10
layers,10
ellen,10
drastically,10
paste,10
refusing,10
accuse,10
founder,10
cathode,10
bull's-eye,10
whirling,10
tunnel,10
specialization,10
misleading,10
tents,10
halfback,10
devoting,10
favors,10
knit,10
denying,10
typewriter,10
applicants,10
exhibited,10
summoned,10
commuter,10
obstacle,10
twenties,10
tremble,10
deficiencies,10
vastly,10
muddy,10
scars,10
professionals,10
assuring,10
reinforce,10
recruit,10
compositions,10
compulsive,10
beckett,10
accumulated,10
adds,10
raid,10
lunar,10
coarse,10
chester,10
licked,10
glowing,10
duly,10
spatial,10
milwaukee,10
ramsey,10
loads,10
huddled,10
slashed,10
recognizes,10
skorich,10
julie,10
hello,10
anionic,10
doll,10
sanctuary,10
coin,10
seminary,10
missionaries,10
museums,10
anchored,10
launch,10
forbes,10
reviewing,10
disabled,10
abandonment,10
counseling,10
echo,10
cellulose,10
impatience,10
goldberg,10
crushed,10
politely,10
diagram,10
forum,10
othon,10
muzzle,10
likelihood,10
presiding,10
guarantee,10
congressmen,10
cooperatives,10
baton,10
roast,10
reject,10
rag,10
zinc,10
bleak,10
amazement,10
adaptation,10
ads,10
lease,10
oily,10
moisture,10
three-dimensional,10
rushing,10
accomplishments,10
streak,10
jenkins,10
assessing,10
sewing,10
container,10
tune,10
berry,10
indignant,10
tours,10
conversations,10
decency,10
insulation,10
thesis,10
demon,10
screens,10
sore,10
presenting,10
schedules,10
fraud,10
doomed,10
preserving,10
conservatism,10
abolition,10
hard-surface,10
slaughter,10
swadesh,10
masterpiece,10
risen,10
deposited,10
grief,10
disturb,10
ernest,10
lifetime,10
maine,9
mice,9
pour,9
bermuda,9
robards,9
existential,9
executives,9
indignation,9
extruded,9
territories,9
flashes,9
collector,9
consolidation,9
doubted,9
spat,9
horizontal,9
stiffly,9
awoke,9
indulge,9
rails,9
attainment,9
boiling,9
facets,9
lounge,9
indicators,9
obedience,9
bernard,9
delivering,9
impose,9
reviews,9
agony,9
lazy,9
browning,9
"40,000",9
hose,9
brood,9
conflicts,9
charley,9
tonal,9
repeating,9
unchanged,9
dictates,9
architects,9
sticky,9
efficacy,9
enrolled,9
grotesque,9
pp.,9
mg.,9
pelts,9
jonathan,9
roaring,9
industrialized,9
technically,9
suds,9
fighter,9
glove,9
wrath,9
untouched,9
etcetera,9
chromatography,9
phoenix,9
gracious,9
withdrew,9
pamphlets,9
frenchman,9
bounded,9
ratings,9
radius,9
coroner,9
wicked,9
fulfill,9
swayed,9
ragged,9
enchanting,9
melancholy,9
alveolar,9
trio,9
sullen,9
illumination,9
conveyed,9
karl,9
annoyance,9
electrostatic,9
resigned,9
monkey,9
18th,9
reckless,9
latent,9
lyford,9
concentrations,9
broadcasting,9
provincial,9
stack,9
ivy,9
institutional,9
pouring,9
scratch,9
mg,9
pennant,9
unimportant,9
anatomical,9
denoted,9
blunt,9
deposit,9
persuasion,9
proportionately,9
francesca,9
filter,9
finishing,9
cheese,9
heavens,9
blown,9
picturesque,9
warming,9
willow,9
simplified,9
menace,9
woven,9
athletics,9
consumers,9
potent,9
anxiously,9
palatability,9
charts,9
rack,9
choke,9
vinegar,9
peering,9
stepping,9
bud,9
redcoats,9
peninsula,9
precedent,9
handles,9
coordinate,9
questionable,9
accord,9
buddhism,9
formulate,9
schweitzer,9
draped,9
butyrate,9
outlet,9
chairmen,9
traces,9
averaging,9
chocolate,9
sensory,9
plumbing,9
cave,9
wishful,9
workable,9
quartet,9
oddly,9
spy,9
cautiously,9
indies,9
mm.,9
aerated,9
haste,9
barber,9
retire,9
grips,9
antibodies,9
discourage,9
enforce,9
schaffner,9
amused,9
horns,9
similarity,9
cork,9
mortality,9
moses,9
ingredients,9
manual,9
comic,9
chien,9
barnes,9
await,9
attacking,9
paramount,9
vacations,9
wagner-peyser,9
heartily,9
choir,9
ordinance,9
positively,9
appalling,9
ceramic,9
destined,9
spared,9
permitting,9
carnival,9
scrambled,9
enables,9
presses,9
miniature,9
unhappily,9
persistence,9
battered,9
departed,9
tailored,9
introducing,9
tearing,9
proportionate,9
breathed,9
chef,9
contention,9
utilization,9
spectator,9
patiently,9
paradox,9
wolfe,9
2%,9
toss,9
businessman,9
pants,9
seam,9
quack,9
assigning,9
oso,9
topic,9
accent,9
sterile,9
supplementary,9
well-being,9
smells,9
perceptions,9
incurred,9
satire,9
earthquake,9
comparing,9
precipitated,9
intercourse,9
toynbee,9
zoo,9
manifestations,9
towne,9
stravinsky,9
resource,9
pastern,9
texans,9
acre,9
steer,9
cadillac,9
evangelism,9
scrub,9
poll,9
simultaneous,9
whitehead,9
foamed,9
centralized,9
acquaintance,9
recovered,9
gland,9
des,9
snapping,9
reconnaissance,9
rays,9
cameras,9
soloist,9
laboratories,9
augmented,9
taxing,9
von,9
hierarchy,9
bronchioles,9
distal,9
erikson,9
grease,9
turkey,9
closest,9
guardian,9
murdered,9
kohnstamm-negative,9
seams,9
rpm,9
sonata,9
slower,9
retains,9
fifteenth,9
attorneys,9
disclose,9
pineapple,9
strangers,9
shout,9
winding,9
overcast,9
discharged,9
shaved,9
ions,9
0.1,9
aide,9
resembles,9
unsuccessful,9
abundant,9
stillness,9
searched,9
proclaimed,9
1/4,9
labeled,9
engendered,9
"$10,000",9
lolotte,9
solemnly,9
employs,9
ferguson,9
declarative,9
diamond,9
btu,9
lessened,9
bin,9
christiana,9
conversely,9
terrace,9
symposium,9
tortured,9
one-half,9
resisted,9
analytical,9
generators,9
cynical,9
geometry,9
carrier,9
cologne,9
bulky,9
hauled,9
slab,9
coins,9
warnings,9
arizona,9
humans,9
admissible,9
condensed,9
reins,9
skinny,9
goulding,9
hohlbein,9
wept,9
orbits,9
basketball,9
settings,9
irregular,9
corrected,9
jed,9
plywood,9
occupants,9
conceptions,9
eden,9
exploit,9
hardship,9
apple,9
tolley,9
earning,9
bonn,9
monetary,9
illegal,9
remarque,9
worldly,9
evils,9
alumni,9
narrowed,9
induce,9
eminent,9
ecclesiastical,9
thigh,9
pulse,9
nightmare,9
dual,9
pathological,9
furnishings,9
savannah,9
duck,9
cleaner,9
addressing,9
challenged,9
10-year,9
classics,9
expresses,9
pop,9
salad,9
extracted,9
sweetheart,9
developmental,9
colleague,9
syllables,9
mansion,9
prevot,9
gravel,9
gratitude,9
scenic,9
voluntarily,9
restore,9
locker,9
handkerchief,9
marched,9
picket,9
pursuing,9
elders,9
dusk,9
hammer,9
volunteer,9
versus,9
fudo,9
cage,9
stacked,9
saviour,9
collaborated,9
circled,9
"100,000",9
walton,9
sanctions,9
motivated,9
simplify,9
kearton,9
proprietorship,9
weighing,9
projection,9
stretches,9
offset,9
surge,9
australian,9
assemble,9
esther,9
garson,9
jenny,9
stimulating,9
hillside,9
pulls,9
scholastic,9
escort,9
antagonism,9
bless,9
puzzling,9
campers,9
currents,9
dumped,9
scout,9
minneapolis,9
randolph,9
inward,9
yielding,9
newton,9
publisher,9
eyebrows,9
emerges,9
grocery,9
interlocking,9
mask,9
theologians,9
timed,9
thieves,9
push-pull,9
inn,9
counterpart,9
southerner,9
sixty-five,9
designing,9
impatiently,9
instructor,9
preference,9
rookie,9
marvin,9
melted,9
pearl,9
anatomy,9
consonantal,9
clause,9
vitally,9
obtaining,9
hugh,9
attractions,9
eromonga,9
orthodontic,9
f(t),9
quill,9
gonzales,9
superbly,9
numbered,9
predispositions,9
hoot,9
hengesbach,9
dread,9
fla.,9
roebuck,9
napoleon,9
appropriations,9
guides,9
postponed,9
reservations,9
radiopasteurization,9
macklin,9
specially,9
specifications,9
chromatic,9
quantitative,9
quacks,9
drifted,9
dogtown,9
reportedly,9
sac,9
victoria,9
groupings,9
unpaid,9
declining,9
steering,9
coupling,9
gran,9
depended,9
vividly,9
badness,9
generalized,9
notices,9
forecasting,9
earthquakes,9
guideposts,9
timely,9
inspiration,9
oscar,9
breasts,9
indonesia,9
loneliness,9
panting,9
advertised,9
hague,9
irresponsible,9
half-man,9
secrecy,9
y.,9
jokes,9
steeple,9
denominational,9
additions,9
rocket,9
filly,9
proudly,9
catching,9
beans,9
soaking,9
pam,9
philosophers,9
pilgrimage,9
guarding,9
tan,9
constants,9
docherty,9
ft.,9
a.m,9
tolerant,9
morphophonemics,9
atmospheric,9
apportionment,9
pigment,9
heavenly,9
resumption,9
yell,9
norton,9
preoccupation,9
wheat,9
biwa,9
creativity,9
conventions,9
fundamentally,9
derives,9
brilliantly,9
broadening,9
revisions,9
elimination,9
accidental,9
rosy,9
cincinnati,9
undergraduates,9
carpenter,9
summarized,9
ills,9
cares,9
metallic,9
invasions,9
regret,9
douglass,9
bouncing,9
rogers,9
conquest,9
garland,9
caravan,9
symbolize,9
destination,9
anecdote,9
dense,9
dissatisfaction,9
verses,9
assessed,9
"3,000",9
exploited,9
manifest,9
discharges,9
barrier,9
domain,9
larry,9
sorrow,9
therein,9
carefree,9
slack,9
grosse,9
subordinates,9
compressed,9
grunted,9
extremes,9
sped,9
disadvantages,9
municipalities,9
tax-free,9
tolerance,9
germanic,9
respondent,9
versions,9
enormously,9
hymn,9
coombs,9
heidenstam,9
borrow,9
unification,9
nephew,9
spacious,9
hungarian,9
smoked,9
sundays,9
periodic,9
tenants,9
dinners,9
resin,9
replacing,9
involution,9
trades,9
murray,9
beginnings,9
bienville,9
dazzling,9
adherence,9
spontaneously,9
co-optation,9
gene,9
clerical,9
immensely,9
hint,9
bomber,9
outright,9
homely,9
rated,9
nicely,9
patrons,9
skillful,9
surveyed,9
ally,9
moss,9
toe,9
blend,9
interfere,9
format,9
suggestive,9
pollock,9
bronx,9
trifle,9
guts,9
malaise,9
jupiter,9
flooded,9
wyoming,9
hastened,9
sporting,9
nagging,9
motif,8
bacteria,8
lotion,8
sherry,8
financially,8
junk,8
decreased,8
southward,8
coals,8
concluding,8
renewal,8
strains,8
repairs,8
goin',8
contests,8
costaggini,8
avoidance,8
afflicted,8
rangoni,8
hr,8
phonemic,8
varieties,8
oats,8
strasbourg,8
buns,8
discontent,8
flu,8
nutrition,8
mating,8
ionic,8
kills,8
wardrobe,8
everlasting,8
sorbed,8
stiffened,8
intonation,8
hopkins,8
crusade,8
clocks,8
differentiation,8
hips,8
j,8
fidelity,8
beauclerk,8
thrusting,8
fitness,8
predict,8
sullivan,8
dependable,8
travelers,8
discarded,8
slumped,8
trophy,8
gait,8
freshman,8
cleaners,8
prosecutor,8
burr,8
copernican,8
centimeters,8
governors,8
speculative,8
appraisal,8
wins,8
catholicism,8
umbrella,8
dismal,8
championship,8
wiry,8
usable,8
footsteps,8
traps,8
mingled,8
pills,8
reciprocal,8
pig,8
crimson,8
salaries,8
petty,8
jacques,8
worthwhile,8
radish,8
babe,8
potentialities,8
gaiety,8
peterson,8
flashlight,8
tricks,8
zeal,8
traveler,8
blindly,8
restriction,8
repel,8
frowned,8
modes,8
creed,8
conflicting,8
preached,8
tiger,8
efficiently,8
rite,8
potters,8
actives,8
foreseen,8
prosperous,8
barrels,8
eased,8
securities,8
tangle,8
furious,8
cf.,8
recommending,8
mahogany,8
slump,8
1/2'',8
featured,8
concealed,8
stag,8
boycott,8
hopefully,8
aperture,8
decreases,8
infection,8
dominate,8
science-fiction,8
telegram,8
precaution,8
accusing,8
staffs,8
themes,8
381(c),8
wounds,8
borne,8
turtle,8
bosom,8
pumping,8
peers,8
solving,8
yorker,8
bias,8
one-shot,8
vs,8
spindle,8
revive,8
attained,8
ballad,8
chuckled,8
evolved,8
sensing,8
distributor,8
contracted,8
toll-road,8
compelling,8
stops,8
organizing,8
sack,8
ruanda-urundi,8
micrometeorite,8
peaks,8
irrational,8
authoritative,8
resent,8
recital,8
marches,8
pet,8
commentary,8
papa-san,8
catalogue,8
workbench,8
homogeneous,8
cardinals,8
ph,8
surroundings,8
peer,8
distaste,8
winner,8
inclination,8
0.5,8
ryusenji,8
parliamentary,8
24-hr,8
whereof,8
pathetic,8
veil,8
crystals,8
discernible,8
newt,8
install,8
endure,8
inhibit,8
utilizing,8
tactical,8
yin,8
revision,8
abolish,8
'i,8
perilous,8
rousing,8
churchyard,8
sleeves,8
outgoing,8
triumphantly,8
fin,8
chooses,8
premises,8
gazing,8
rigidly,8
teamsters,8
pitchers,8
stengel,8
clicked,8
anti-communist,8
preach,8
stool,8
mccormick,8
trailed,8
comforting,8
iodide,8
monotonous,8
n.c.,8
slips,8
sunshine,8
rumor,8
notify,8
marksman,8
irregularities,8
multiplying,8
diagrams,8
gore,8
appliances,8
supporters,8
heed,8
bankruptcy,8
interlobular,8
twenty-one,8
aggregate,8
trader,8
bottoms,8
$2,8
generously,8
raged,8
relish,8
diocs,8
manuscript,8
bloody,8
wonders,8
practiced,8
disputes,8
dispatch,8
ancestry,8
scandal,8
militant,8
propagation,8
applicant,8
profoundly,8
foe,8
bluff,8
overboard,8
granting,8
ontological,8
wisely,8
flair,8
poetics,8
assimilation,8
isolate,8
bounce,8
delegate,8
matson,8
perpetual,8
deterrent,8
magnetism,8
honoring,8
automotive,8
absurdity,8
actuality,8
alibi,8
mussorgsky,8
colts,8
hostess,8
devise,8
geological,8
dispelled,8
sixty-one,8
neutralist,8
accelerometers,8
confederacy,8
cooks,8
apportioned,8
rocked,8
glancing,8
intensification,8
pardon,8
crisp,8
borrowing,8
stumbling,8
haunting,8
withholding,8
upside,8
meynell,8
reminder,8
logs,8
rhodes,8
mailing,8
goat,8
shelves,8
equals,8
descended,8
leesona,8
implementation,8
merchandising,8
1/4'',8
unstable,8
vecchio,8
charging,8
dominion,8
declare,8
companions,8
surveying,8
slums,8
impurities,8
interpreter,8
drawer,8
deeds,8
embarrassed,8
knitted,8
admitting,8
reservation,8
barred,8
canvases,8
gnp,8
weaker,8
perry,8
pitched,8
gardner,8
sensibility,8
indicator,8
insistent,8
minus,8
nogol,8
crouch,8
equate,8
harrington,8
maneuvers,8
accompany,8
follow-up,8
deed,8
perier,8
ultrasonic,8
pretend,8
spaced,8
inspiring,8
inescapable,8
hearings,8
f-plane,8
hood,8
illiterate,8
cyclist,8
butcher,8
betrayed,8
newark,8
sailors,8
forceful,8
skipped,8
decoration,8
feeble,8
lifting,8
imported,8
niece,8
tactual,8
boast,8
clarence,8
peculiarly,8
constantine,8
westward,8
stamp,8
deprived,8
weeping,8
establishments,8
managing,8
assumes,8
compression,8
testify,8
bugs,8
goddamn,8
relied,8
experimentally,8
offensive,8
confront,8
petitions,8
interruption,8
setup,8
nominated,8
molecules,8
wreck,8
revival,8
vines,8
irresistible,8
canadian,8
miracles,8
focal,8
tumors,8
guessing,8
brethren,8
cta,8
confided,8
curtains,8
unsatisfactory,8
gladdy,8
invisible,8
curzon,8
hereby,8
monuments,8
twenty-two,8
huxley,8
bluntly,8
engagements,8
ballroom,8
burke,8
resented,8
athens,8
debris,8
precinct,8
whipple,8
aborigines,8
scraped,8
haunted,8
winked,8
kern,8
veranda,8
aerial,8
gracefully,8
recipe,8
sheldon,8
kinetic,8
ankle,8
bites,8
emptied,8
staircase,8
struggled,8
reassurance,8
moliere,8
symbolism,8
encounters,8
hoover,8
authenticity,8
superstition,8
peripheral,8
stupidity,8
coldly,8
erotic,8
boom,8
statesmen,8
mccarthy,8
"2,000",8
sentenced,8
notorious,8
muttering,8
withdraw,8
leagues,8
sipping,8
prohibited,8
clamped,8
embarrassment,8
fabrication,8
analogous,8
half-hour,8
urges,8
busily,8
kilometer,8
negotiating,8
conspicuously,8
selfish,8
rusty,8
commencing,8
accidents,8
terrain,8
yourselves,8
shrewd,8
knot,8
odors,8
headlights,8
contented,8
mourning,8
frail,8
warmly,8
interdependent,8
cathedral,8
wandered,8
post-war,8
fresco,8
accommodations,8
c-plane,8
boldly,8
shotgun,8
indefinite,8
divorced,8
credo,8
transmitted,8
civilizational,8
urbanization,8
deaths,8
echoes,8
uncommon,8
mobility,8
carnegie,8
dock,8
weston,8
thief,8
fuller,8
adc,8
sophistication,8
investigating,8
populations,8
stunned,8
succeeds,8
eh,8
wreath,8
subdued,8
celestial,8
spends,8
sentiments,8
undermine,8
broaden,8
victorian,8
scrap,8
budapest,8
relates,8
cheer,8
shoved,8
dorset,8
strangely,8
thornburg,8
straightforward,8
lt.,8
planking,8
connally,8
cd,8
residue,8
extensions,8
reversed,8
4th,8
microscopic,8
directional,8
murphy,8
dividends,8
public-limit,8
recruits,8
restorative,8
impassioned,8
flatness,8
disappearance,8
alarmed,8
lucia,8
parameters,8
hough,8
resembled,8
y,8
sympathies,8
engaging,8
qualification,8
bells,8
palms,8
articulate,8
compulsion,8
julian,8
rooted,8
corrupt,8
predictable,8
expose,8
lone,8
analyzing,8
frantically,8
decorations,8
oysters,8
buddha,8
strikingly,8
momentous,8
two-story,8
slapped,8
glue,8
cruz,8
middle-aged,8
prominently,8
pad,8
merry,8
saami,8
social-class,8
undergo,8
multiplicity,8
faulty,8
withheld,8
spirited,8
realistically,8
mouths,8
barker,8
taxable,8
backing,8
quirt,8
wendell,8
scholarships,8
complaints,8
sane,8
parasympathetic,8
claimant,8
seasonal,8
rot,8
knights,8
mel,8
satellite,8
sophia,8
anguish,8
nostalgia,8
exemption,8
pregnant,8
outsiders,8
seriousness,8
hurricane,8
arithmetic,8
entails,8
excluded,8
inviting,8
dashed,8
unitarian,8
mock,8
charity,8
thyroxine,8
depicted,8
downright,8
shaefer,8
elephant,8
spoilage,8
coping,8
2-56,8
architectural,8
exterior,8
bruises,8
removing,8
belts,8
jammed,8
agrarian,8
revolt,8
baked,8
plots,8
immediacy,8
shaping,8
characterization,8
penetrated,8
shearing,8
lower-class,8
lakes,8
memphis,8
alley,8
lowell,8
inaugural,8
midway,8
retiring,8
equivalents,8
ensure,8
trunk,8
humidity,8
capillary,8
careless,8
greasy,8
martyr,8
impartial,8
knelt,8
hemphill,8
youngster,8
mamma,8
counters,8
dwell,8
statutes,8
wander,8
$5,8
brighter,8
requesting,8
mutton,8
buckskin,8
creeping,8
groth,8
zing,8
termination,8
concede,8
dunes,8
hamm,8
scots,8
unnatural,8
dystopias,8
digby,8
a.d.,8
mentioning,8
reminds,8
scholarly,8
snarled,8
banner,8
spraying,8
suvorov,8
grinding,8
exceedingly,8
slum,8
spiral,8
inauguration,8
overly,8
karns,8
releases,8
sprung,8
o.k.,8
benches,8
caliber,8
recreational,8
cannon,8
op.,8
unconcerned,8
artie,8
crawling,8
danish,8
exaggerate,8
witches,8
precarious,8
sioux,8
arcs,8
cursing,8
sucking,8
liberties,8
blows,8
retreated,8
possesses,8
19th,8
oval,8
obey,8
observes,8
cushion,8
jumping,8
cerebral,8
saloons,8
100%,8
metropolis,8
courtyard,8
bellows,8
franks,8
farmhouse,8
brazil,8
geely,8
exceptionally,8
exploded,8
bourbon,8
knuckles,8
englishmen,8
clarified,8
seward,8
super-set,8
smoking,8
astonishing,8
decorative,8
importantly,8
meteorites,8
duplication,8
heretofore,8
jig,8
archaeological,8
liberated,8
peril,8
festivities,8
kindly,8
microscope,8
fbi,8
ne,8
detectable,8
compost,8
pillow,8
styrene,8
bloat,8
elect,8
gratt,8
examinations,8
radiant,8
domes,8
essays,8
offense,8
judy,8
resemble,8
traded,8
comprised,8
flour,8
spherical,8
collections,8
super,8
thanksgiving,8
archbishop,8
pauling,8
hypothetical,8
/6,8
sticking,8
gibson,8
supplements,8
shield,8
taut,8
thurber,8
an',8
moods,8
referrals,8
ruins,8
mounts,8
clutching,8
fierce,8
diminishing,8
stormy,8
barney,8
holland,8
booked,7
affiliated,7
dispersed,7
splendor,7
anthropology,7
bruckner,7
willings,7
kidding,7
evoked,7
24th,7
old-fashioned,7
upturn,7
caribbean,7
lions,7
flattered,7
perceptual,7
openings,7
hunted,7
chord,7
amendments,7
discomfort,7
gibby,7
kruger,7
choked,7
glaring,7
cubist,7
separating,7
coronary,7
tractors,7
groped,7
ambiguities,7
papal,7
dividing,7
corpse,7
irons,7
bates,7
medal,7
locks,7
exhaust,7
links,7
dunn,7
transform,7
bruised,7
potemkin,7
forensic,7
gaudy,7
inexperienced,7
assisting,7
implying,7
completions,7
uphold,7
nomenclature,7
pricing,7
solo,7
diffraction,7
inform,7
educate,7
leavitt,7
brandy,7
powdered,7
thelma,7
faber,7
bosis,7
newcomers,7
subway,7
fiery,7
endlessly,7
bundles,7
uniformed,7
interviewing,7
stewart,7
infringement,7
appreciably,7
bizarre,7
flatly,7
relaxation,7
bail,7
donated,7
darkened,7
morals,7
leo,7
crosby,7
pleaded,7
distressing,7
wandering,7
morphophonemic,7
elizabethan,7
polymerization,7
wary,7
maurice,7
weekends,7
bathed,7
generating,7
fortified,7
fran,7
brutal,7
unmistakable,7
wholesale,7
totaled,7
coloring,7
doubling,7
recalling,7
defective,7
newcomer,7
topped,7
linger,7
talented,7
diana,7
reactor,7
certificate,7
bravado,7
molds,7
spiritually,7
$50,7
sampled,7
summed,7
refugee,7
molly,7
shortstop,7
chronological,7
battles,7
slick,7
materialism,7
plight,7
wallpaper,7
socks,7
amusement,7
riot,7
tenth,7
strides,7
bargain,7
denotes,7
bulb,7
ants,7
antithyroid,7
easiest,7
packaging,7
depart,7
marr,7
approximation,7
hypocrisy,7
watered,7
narrower,7
forties,7
corpus,7
cough,7
collins,7
concentrates,7
brahms,7
edged,7
bucket,7
punished,7
liability,7
confines,7
schiele,7
gibbs,7
dominates,7
terraces,7
unrelated,7
afloat,7
macneff,7
plantations,7
joys,7
enlightened,7
seller,7
unavailable,7
$200,7
smug,7
chimney,7
terrified,7
brisk,7
directory,7
activation,7
probation,7
reluctantly,7
abuses,7
mentions,7
retarded,7
bust,7
undertook,7
repay,7
inactive,7
glare,7
cypress,7
repeal,7
damaged,7
graduating,7
olgivanna,7
provocative,7
$300,7
waged,7
orgasm,7
enclosure,7
housekeeping,7
reputable,7
rehearsed,7
immunity,7
cunningham,7
discontinued,7
7:30,7
descriptive,7
gravely,7
royalty,7
duclos,7
seaman,7
acetate,7
interfaith,7
quivering,7
smoothed,7
galaxies,7
sprinkling,7
mousie,7
auxiliary,7
somers,7
syndicate,7
2:37h,7
indices,7
builds,7
deja,7
prevails,7
motels,7
jacoby,7
swell,7
crushing,7
bazaar,7
gloucester,7
banished,7
sprinkle,7
hooked,7
oven,7
consensus,7
danny,7
utmost,7
visions,7
endowed,7
brandywine,7
escalation,7
saxons,7
denounced,7
sonar,7
aeration,7
straining,7
ambush,7
compulsory,7
violet,7
strand,7
wiser,7
embodied,7
schuylkill,7
confessed,7
soiled,7
ugliness,7
hailed,7
initiation,7
vulnerability,7
protesting,7
terrifying,7
bureaucracy,7
attendants,7
switching,7
displeased,7
quadric,7
mint,7
fearless,7
signing,7
sloping,7
fuzzy,7
co-operative,7
lilian,7
hopelessly,7
menshikov,7
scratched,7
trotted,7
sponge,7
donovan,7
unbroken,7
screeching,7
invent,7
faintly,7
restraints,7
fidel,7
barefoot,7
clerks,7
combines,7
participants,7
concentrating,7
beebread,7
execute,7
cable,7
guarantees,7
recorder,7
enlarged,7
monotony,7
yank,7
arches,7
corp.,7
cooperating,7
haze,7
rendezvous,7
grumble,7
gestures,7
pimen,7
enactment,7
carcass,7
arterial,7
italians,7
congenial,7
ancestor,7
trapped,7
frost,7
elastic,7
catatonia,7
olympic,7
mullins,7
harper,7
ted,7
lyrical,7
monastic,7
conclusively,7
embassies,7
abandoning,7
patricia,7
paxton,7
idiom,7
postal,7
pantheon,7
stranded,7
gadgets,7
persists,7
fascinated,7
nashville,7
condemnation,7
tibet,7
discriminating,7
plentiful,7
simpson,7
defy,7
maximization,7
dwellings,7
hinted,7
labor-management,7
hez,7
vientiane,7
formations,7
"5,000",7
hanged,7
preferences,7
diamonds,7
pacing,7
vowel,7
despise,7
whipping,7
clerfayt,7
maple,7
overwhelmingly,7
forgetting,7
reassuring,7
resistors,7
disagree,7
blaze,7
rented,7
superficial,7
gatherings,7
precautions,7
frontage,7
dystopian,7
subscribers,7
conceal,7
examining,7
alterations,7
submerged,7
frankfurt,7
predominantly,7
self-determination,7
threads,7
tapped,7
insofar,7
continents,7
postulated,7
gloves,7
commenced,7
drained,7
tablespoons,7
thirties,7
roses,7
legion,7
hee,7
firearms,7
refugees,7
origins,7
compute,7
narcotics,7
exchanged,7
parameter,7
annapolis,7
supervisor,7
sportsmen,7
delta,7
satellites,7
forty-five,7
spear,7
ascertain,7
prevail,7
broadly,7
reckon,7
futility,7
inference,7
basin,7
illusions,7
consequent,7
lace,7
slogan,7
photography,7
seattle,7
valuation,7
utilities,7
unavoidable,7
hesitation,7
excitedly,7
calif,7
triggered,7
bowed,7
benington,7
nicholas,7
thighs,7
fatty,7
awaited,7
spain,7
clutched,7
ankles,7
portrayal,7
colonies,7
corso,7
intake,7
enlarge,7
coughlin,7
levy,7
jerusalem,7
posed,7
filthy,7
temperament,7
hysteria,7
illustrates,7
jist,7
cabins,7
semantic,7
colmer,7
polyether,7
snows,7
fletcher,7
incredibly,7
govern,7
yokuts,7
listing,7
attacker,7
pinched,7
retaining,7
multiplied,7
awaiting,7
diaphragm,7
juan,7
noteworthy,7
aerosol,7
envy,7
exit,7
forerunner,7
unload,7
trusts,7
ledger,7
angrily,7
surrendered,7
contractual,7
derby,7
nobel,7
beast,7
40%,7
percussive,7
inhuman,7
discs,7
fruitful,7
riflemen,7
hanoverian,7
torso,7
sesame,7
skins,7
dilution,7
insult,7
statues,7
$10,7
softened,7
herb,7
wan,7
subgroups,7
ponds,7
mapping,7
molotov,7
gapt,7
backgrounds,7
prompted,7
snelling,7
perrin,7
demons,7
spontaneity,7
annoyed,7
sinner,7
merchandise,7
kahler,7
billions,7
reproduce,7
lexington,7
tapered,7
disappointing,7
1/8'',7
bum,7
arena,7
delinquency,7
mm,7
reduces,7
resignation,7
alternately,7
boa,7
blamed,7
expressive,7
blossoms,7
prevailed,7
premise,7
lure,7
greet,7
skiing,7
characteristically,7
venice,7
emergencies,7
productions,7
proposes,7
centrifuged,7
dag,7
immortal,7
fashioned,7
siddo,7
dei,7
warriors,7
outboard,7
drunken,7
dismissal,7
novelties,7
buckley,7
accompaniment,7
meteoritic,7
organisms,7
junction,7
breadth,7
redhead,7
accessories,7
bestowed,7
saturated,7
eyed,7
ns,7
stimulated,7
tallyho,7
dekalb,7
idol,7
emile,7
mandate,7
legislator,7
departures,7
axes,7
landmarks,7
acids,7
overcomes,7
shylock,7
sentry,7
9th,7
environmental,7
condensation,7
inferior,7
endeavor,7
recipient,7
sculptures,7
meadows,7
palestine,7
insufficient,7
gorgeous,7
experimenting,7
scandals,7
sculptor,7
collapse,7
commend,7
kodyke,7
katharine,7
stud,7
peaked,7
luther,7
fastest,7
cosmetics,7
revolutions,7
squire,7
prisoner,7
fronts,7
evanston,7
occupying,7
sympathize,7
credits,7
refuge,7
flannagan,7
subspace,7
airy,7
hound,7
fleeting,7
exploding,7
capone,7
disorders,7
conveniently,7
protozoa,7
ballads,7
gall,7
headlines,7
stark,7
munich,7
pageant,7
exclusion,7
straighten,7
elbows,7
patted,7
victories,7
alma,7
photos,7
contractor,7
agreeing,7
postcard,7
kemble,7
coconut,7
hoofs,7
vulgar,7
abide,7
negotiated,7
dubious,7
generosity,7
dame,7
workmen,7
sporadic,7
divinity,7
preparatory,7
clad,7
cycles,7
fold,7
relate,7
taiwan,7
soak,7
floated,7
aborigine,7
gyp,7
tart,7
surged,7
assisted,7
deliberations,7
shrill,7
apron,7
slippers,7
hereunto,7
facto,7
gubernatorial,7
rattling,7
7-1,7
cancel,7
squatting,7
innovation,7
laundering,7
restrictive,7
raining,7
yields,7
hugging,7
rat,7
fisherman,7
wrinkles,7
photochemical,7
streaming,7
blizzard,7
intuitive,7
tails,7
reliance,7
flooring,7
defendant,7
sword,7
doolin,7
eyelids,7
raucous,7
announcing,7
strive,7
sabella,7
cargo,7
bishops,7
biology,7
courtesy,7
congratulations,7
provisional,7
vanity,7
naive,7
imposing,7
winking,7
fritzie,7
concessions,7
jointly,7
receipts,7
reinforced,7
large-scale,7
platoon,7
surface-active,7
manley,7
simulated,7
fishermen,7
crashing,7
slipping,7
aaron,7
diversified,7
longed,7
confinement,7
configuration,7
supportive,7
reign,7
proxy,7
celtic,7
anarchy,7
tessie,7
manning,7
entirety,7
ink,7
breeding,7
township,7
cracks,7
coffin,7
epithets,7
bending,7
guild,7
factual,7
d',7
unwilling,7
serial,7
persecution,7
ibm,7
molesworth,7
lenin,7
"8,000",7
clinging,7
"25,000",7
plank,7
fostered,7
budgeting,7
mysteries,7
n.y.,7
cured,7
pakistan,7
accreditation,7
stir,7
trailing,7
vectors,7
hamlet,7
nate,7
rooney,7
radios,7
economist,7
pensions,7
sterling,7
east-west,7
exalted,7
verbs,7
airborne,7
barge,7
distortion,7
computation,7
beckoned,7
fe,7
frankfurters,7
invites,7
charting,7
vermejo,7
dugout,7
adolescents,7
mediterranean,7
speck,7
pipes,7
digging,7
expedient,7
inefficient,7
bidding,7
grapes,7
forks,7
cylinders,7
katherine,7
lessening,7
reno,7
beset,7
overlooked,7
accomplishment,7
performer,7
compiler,7
peasant,7
generate,7
carter,7
yearning,7
beatnik,7
min,7
giles,7
squat,7
dessert,7
barren,7
thirty-four,7
voltaic,7
cortex,7
irritation,7
linden,7
tshombe,7
lending,7
shafer,7
dealings,7
broadened,7
sincerely,7
abstractions,7
diversion,7
sighted,7
rags,7
brakes,7
inscribed,7
suspicions,7
hirey,7
disobedience,7
lamb,7
knives,7
laymen,7
restraining,7
burdens,7
cite,7
deterministic,7
countryside,7
suppression,7
trousers,7
ellis,7
nickel,7
dammit,7
violate,7
rouge,7
calculating,7
terry,7
wasteful,7
awaken,7
impaired,7
curved,7
provoked,7
en,7
pastors,7
glen,7
mao,7
slopes,7
recession,7
registry,7
injection,7
discrete,7
obstacles,7
desperation,7
adaptations,7
col.,7
trooper,7
circus,7
continuum,7
masculine,7
symphonic,7
gravity,7
kings,7
self-certainty,7
burlington,7
stratford,7
hebephrenic,7
directing,7
invalid,7
experiencing,7
rigorous,7
geraghty,7
procedural,7
communicating,7
algae,7
portraits,7
putt,7
phones,7
faults,7
polite,7
alteration,7
dignified,7
gazed,7
assertion,7
subsidiary,7
psychoanalytic,7
bodily,7
gases,7
participates,7
high-pitched,7
propriety,7
shrine,7
myriad,7
antelope,7
fare,7
inter-american,7
stamped,7
rodgers,7
magnificently,7
callous,7
puppet,7
evaluating,7
scraping,7
recognizable,7
exuberant,7
erupted,7
brigadier,7
chic,7
mahler,7
kyoto,7
mails,7
abbey,7
symmetry,7
postpone,7
uncovered,7
engages,7
manipulation,7
anna,7
defiance,7
typing,7
adlai,7
hunch,7
revenge,7
quarterly,7
hears,7
issuance,7
chore,7
titan,7
lump,7
montpelier,7
morally,7
dictator,7
ranchers,7
regards,7
concessionaires,7
aiding,7
certified,7
pasadena,7
tragedies,7
choking,7
bang,7
crowned,7
symptomatic,7
exotic,7
motionless,7
stalked,7
twenty-three,7
mildly,7
half-mile,7
confirmation,7
berman,7
squall,7
lambs,7
canning,7
generalizations,7
harmonies,7
constructing,7
discovering,7
potentially,7
calories,7
attributable,7
penetrate,7
photocathode,7
comprehension,7
slacks,7
enact,7
misplaced,7
lemma,7
integrate,7
troublesome,7
cutters,7
echoed,7
swedish,7
errand,7
broadcasts,7
tunes,7
inventor,7
worlds,7
fragmentary,7
twin,7
castle,7
facade,7
chilled,7
prey,7
concurrent,7
edited,7
convict,7
stephens,7
complicity,7
exclude,7
iodinated,7
weaken,7
vaginal,7
shortened,7
lookup,7
salami,7
mouthpiece,7
gala,7
marcus,7
commodity,7
ban,7
grudge,7
arrives,7
collision,7
responds,7
speculate,7
gorboduc,7
gunfire,7
accruing,7
saga,7
economies,7
writ,7
contemplate,7
booth,7
regression,7
chatter,7
polar,7
outraged,7
symmetric,7
rexroth,7
gm,7
reflections,7
correspond,7
equity,7
disorder,7
ruthless,7
hallway,7
argon,7
starvation,7
blossom,7
graveyard,7
popularly,7
metals,7
tammany,7
touring,7
grinning,7
jelke,7
heiser,7
yugoslav,7
obscured,7
skeptical,7
heir,7
regulated,7
wearily,7
nikita,7
wretched,7
nodding,7
numbering,7
granny,7
andrena,7
cease-fire,7
trumpet,7
beatrice,7
martinelli,7
piston,7
marinas,7
obeyed,7
masu,7
garbage,7
lore,7
wink,7
offspring,7
phosphate,7
bony,7
recruitment,7
mores,7
immature,7
crane,7
reproduced,7
simpkins,7
quarry,7
positivist,7
collectors,7
commonwealth,7
dripping,7
incidence,7
hotter,7
lad,7
securing,7
jen,7
princeton,7
breathe,7
paces,7
augusta,7
bolted,7
udall,7
cruising,7
taller,7
psyche,7
10%,7
diarrhea,7
physicians,6
cries,6
cunard,6
rumors,6
ashes,6
outlets,6
sucked,6
album,6
bids,6
savages,6
pedestrian,6
matilda,6
earthly,6
innumerable,6
chattering,6
attaining,6
maladjustment,6
tapping,6
acropolis,6
drafting,6
anastomoses,6
adios,6
willed,6
hickory,6
corp,6
desegregated,6
accepts,6
sidewise,6
comb,6
parthenon,6
olga,6
liston,6
stain,6
tax-exempt,6
a+m,6
psychotherapy,6
packages,6
neurosis,6
buzzing,6
evoke,6
wolf,6
myths,6
severed,6
overheard,6
adviser,6
pitches,6
complied,6
scent,6
topography,6
nara,6
jenks,6
cohesion,6
paralysis,6
volley,6
reversible,6
users,6
bancroft,6
islanders,6
partition,6
chords,6
needham,6
slot,6
frenzy,6
whirled,6
manipulate,6
declines,6
savior,6
contemplating,6
dissolve,6
alvin,6
pleasures,6
oranges,6
barnard,6
dc,6
insuring,6
handler,6
operative,6
percentages,6
weaknesses,6
foes,6
caper,6
martha,6
parenthood,6
resolutions,6
homicide,6
geographic,6
humming,6
gripping,6
brushing,6
emeralds,6
divergent,6
chili,6
peeling,6
unpopular,6
one-inch,6
diplomats,6
bearings,6
cartridge,6
rotunda,6
pendleton,6
phedre,6
annihilation,6
ghastly,6
prizes,6
farrell,6
strays,6
someplace,6
armstrong,6
chanted,6
solace,6
della,6
bellowed,6
publicized,6
distrust,6
internally,6
caesar,6
longest,6
finances,6
courteous,6
identifies,6
needy,6
nehru,6
lapse,6
kerr,6
carving,6
utah,6
throats,6
inmates,6
pleural,6
assures,6
dipper,6
fucken,6
touchdown,6
coordinates,6
pastoral,6
chapman,6
tucked,6
questionnaires,6
sew,6
oppression,6
schwartz,6
traversed,6
annoying,6
diplomat,6
factions,6
whole-wheat,6
wrists,6
commanders,6
fascination,6
non-catholic,6
small-town,6
toothbrush,6
astronomical,6
wilmington,6
janice,6
calderone,6
forte,6
bachelor,6
pretense,6
sacrifices,6
seizure,6
ambivalent,6
complexes,6
yuri,6
tedious,6
reproduction,6
redcoat,6
tories,6
inhibition,6
fairness,6
observance,6
gr.auml,6
complexion,6
mandatory,6
indicative,6
kerosene,6
makeshift,6
organism,6
grandeur,6
manhood,6
thanked,6
turbine,6
desolate,6
pausing,6
wrecked,6
gosson,6
portray,6
bey,6
noses,6
seize,6
apologetically,6
supervisors,6
ironically,6
reich,6
sensibilities,6
pseudophloem,6
boasted,6
meter,6
soloists,6
lauderdale,6
hesiometer,6
maestro,6
amplitude,6
linen,6
stairway,6
persist,6
buchheister,6
packaged,6
kissing,6
bartender,6
classify,6
calmed,6
plague,6
reactors,6
blake,6
stimulate,6
laborers,6
technician,6
ledge,6
zenith,6
hostility,6
shipped,6
ever-present,6
rings,6
urgently,6
1-june,6
abraham,6
detecting,6
predicting,6
sunk,6
ancestors,6
multnomah,6
revolving,6
coaching,6
spahn,6
abdomen,6
rupee,6
brightly,6
centrally,6
$20,6
reflective,6
groundwave,6
deadline,6
feat,6
patriotism,6
consolidated,6
workings,6
fraternity,6
outlines,6
banquet,6
apollo,6
originate,6
manifestation,6
clapping,6
thom,6
poker,6
mountainous,6
appointments,6
plaintiff,6
tubing,6
glittering,6
reversing,6
dip,6
canceled,6
forty-four,6
promotional,6
bats,6
single-valued,6
spotlight,6
inject,6
nevada,6
surveillance,6
licensed,6
compliance,6
apples,6
understands,6
unfriendly,6
attire,6
liable,6
fights,6
intangible,6
upheld,6
relinquish,6
zoning,6
fragrance,6
intimately,6
pels,6
passport,6
propulsion,6
ft,6
a-z,6
esprit,6
poise,6
repression,6
benefactor,6
wiley,6
sickness,6
astonished,6
vogue,6
vietnamese,6
characterize,6
demonstrates,6
rude,6
modernity,6
alpha,6
teachings,6
uranium,6
germanium,6
turner,6
exceeding,6
wrongs,6
bong,6
ponies,6
noises,6
trans-illuminated,6
vibrant,6
runaway,6
aligned,6
spelled,6
rub,6
impeccable,6
spectral,6
constable,6
interfering,6
schizophrenic,6
blushed,6
lauro,6
superimposed,6
sr,6
hi,6
licenses,6
burgundy,6
rhine,6
faget,6
unprepared,6
cocked,6
jackets,6
minced,6
councils,6
fried,6
bull's-eyes,6
n',6
divides,6
flowering,6
zion,6
larvae,6
villa,6
hatching,6
auspices,6
man-made,6
"$5,000",6
elaborately,6
twists,6
marsh,6
authorizations,6
notches,6
blurred,6
westfield,6
abortion,6
b-70,6
lied,6
herds,6
inscription,6
subordinate,6
paradigm,6
eternity,6
referral,6
buggy,6
cling,6
jam,6
oath,6
workmanship,6
mulch,6
malocclusion,6
endorse,6
pretentious,6
compares,6
wallace,6
narrowly,6
uniformly,6
healing,6
w-region,6
ridden,6
doings,6
pasted,6
burnsides,6
dowex-2-chloride,6
dividend,6
ketosis,6
louisville,6
patterned,6
treasures,6
possessing,6
periodically,6
rotated,6
capitalist,6
insolence,6
paneling,6
favre,6
mose,6
mrs,6
floods,6
keel,6
thence,6
sax,6
glowed,6
outlined,6
compose,6
indecent,6
epicycles,6
decks,6
arp,6
pry,6
cartoons,6
thermometers,6
excerpt,6
smothered,6
contemptuous,6
liaison,6
starving,6
uneven,6
hid,6
dialectic,6
johns,6
low-cost,6
orlick,6
demythologization,6
schubert,6
educators,6
shoving,6
demonstrating,6
channing,6
snack,6
shave,6
luxurious,6
whichever,6
mast,6
slit,6
carriages,6
filtering,6
boxcar,6
spacing,6
treacherous,6
lamps,6
drowned,6
prieur,6
tenor,6
rinse,6
intensifiers,6
peanut,6
meager,6
vandiver,6
ionizing,6
decreasing,6
traits,6
artificially,6
outdoors,6
revived,6
susie,6
ax,6
jake,6
ion,6
pilgrims,6
fore,6
pounding,6
suspense,6
fella,6
diluted,6
adoniram,6
republics,6
r-stage,6
probe,6
aching,6
con,6
pinch,6
rotor,6
oyster,6
pas,6
epoch,6
maze,6
coasts,6
"$20,000",6
greer,6
sutherland,6
proponents,6
prostitute,6
disc,6
dimaggio,6
weakened,6
buffet,6
attribute,6
disseminated,6
arm-elevation,6
5%,6
criminals,6
osaka,6
pompeii,6
horace,6
stricken,6
magician,6
nebraska,6
beaming,6
infield,6
presentations,6
robbers,6
rebuilding,6
yelling,6
explode,6
suppress,6
masonry,6
out-of-state,6
relic,6
charted,6
cordial,6
midwestern,6
admirably,6
siberia,6
opaque,6
tucker,6
quackery,6
divan,6
lecturer,6
strewn,6
goodbye,6
caves,6
clumsy,6
treason,6
shaded,6
hiring,6
experimented,6
dakota,6
construed,6
salts,6
u.s.s.r.,6
narragansett,6
posterity,6
askington,6
strengthened,6
sandy,6
bangs,6
steamed,6
negro-appeal,6
crutches,6
levers,6
subtraction,6
serenity,6
caps,6
registrant,6
absently,6
visibly,6
bailiff,6
cradle,6
frivolous,6
forgiven,6
manometer,6
preferable,6
sadness,6
vantage,6
restoring,6
creaked,6
rue,6
izaak,6
sleepy,6
remedies,6
settlements,6
grudgingly,6
puny,6
mechanic,6
calves,6
pigs,6
handicap,6
velocities,6
wallet,6
elementary-school,6
week-end,6
rivalry,6
varlaam,6
fille,6
terrestrial,6
brushes,6
devey,6
schwarzkopf,6
recourse,6
pollution,6
strangled,6
shattering,6
deduced,6
laborer,6
/5,6
realtor,6
sprayed,6
debentures,6
denies,6
firmer,6
shaving,6
originality,6
hernandez,6
drifts,6
'im,6
piers,6
universally,6
workshops,6
unduly,6
szolds,6
automation,6
web,6
manifested,6
feudal,6
pleura,6
cliche,6
harcourt,6
sinned,6
septa,6
manure,6
"300,000",6
arrears,6
thinkers,6
assaulted,6
laden,6
obelisk,6
exposition,6
drives,6
earthmen,6
staggering,6
rca,6
all-out,6
placid,6
meteorite,6
definitions,6
magnified,6
jug,6
pretended,6
gaunt,6
spoiled,6
navigation,6
stance,6
carbine,6
wartime,6
cherry,6
roam,6
corresponds,6
deerstalker,6
hunters,6
brow,6
ant,6
'round,6
$800,6
28th,6
garments,6
cookies,6
tanned,6
blot,6
tablespoon,6
scaffold,6
troopers,6
spine,6
clergymen,6
tact,6
digital,6
breakthrough,6
garment,6
poignant,6
indefinitely,6
perennial,6
headaches,6
dusting,6
loom,6
forefinger,6
noisy,6
agglutinin,6
diction,6
beech,6
grabski,6
highlands,6
duplicate,6
13th,6
disregard,6
crippled,6
darted,6
kelsey,6
modify,6
disgusted,6
grasslands,6
grounded,6
thinner,6
temptations,6
rococo,6
replaces,6
susceptible,6
dreary,6
casts,6
forsythe,6
glistening,6
whig,6
tightened,6
insured,6
inaction,6
assassin,6
gleaming,6
ribbons,6
explicitly,6
leyte,6
fortress,6
imprisonment,6
uneasily,6
margins,6
sexually,6
honolulu,6
stint,6
props,6
soaked,6
parkway,6
amplifier,6
blazing,6
whitey,6
gyro-stabilized,6
popped,6
insisting,6
interplay,6
nagrin,6
librarians,6
moriarty,6
doubles,6
slapping,6
bloomed,6
interchange,6
sherlock,6
bewildered,6
nurses,6
arrows,6
portrayed,6
faust,6
ambulance,6
musket,6
pipeline,6
shoreline,6
canoe,6
totaling,6
sits,6
offenses,6
hellenic,6
glenn,6
investments,6
norberg,6
grenades,6
submitting,6
stunning,6
aisle,6
$60,6
newborn,6
quaker,6
coil,6
beaverton,6
actress,6
astonishingly,6
helper,6
clouded,6
congestion,6
thinker,6
weakening,6
huts,6
notch,6
manuel,6
brotherhood,6
crippling,6
grandchildren,6
kenneth,6
veins,6
handing,6
"$2,000",6
cod,6
clambered,6
inexplicable,6
hays,6
proposing,6
cicero,6
agitation,6
nbc,6
hamburger,6
sonatas,6
healed,6
lillian,6
practitioners,6
upkeep,6
calibration,6
membrane,6
robbins,6
breach,6
spoon,6
qualitative,6
flopped,6
fibrosis,6
tribal,6
elmer,6
whereupon,6
nostalgic,6
omitting,6
pessimism,6
pierce,6
doyle,6
disbelief,6
juicy,6
flowed,6
burnt,6
gallons,6
countenance,6
gunny,6
assessments,6
futile,6
planter,6
athletes,6
senseless,6
airfields,6
custer,6
tangents,6
stealing,6
cottages,6
pansy,6
expeditions,6
frightful,6
swam,6
pre-war,6
avant-garde,6
rameau,6
virtuous,6
righteousness,6
impelled,6
unbearable,6
humphrey,6
meticulously,6
withdrawal,6
indianapolis,6
overcoming,6
nail,6
defenders,6
eagle,6
strife,6
projecting,6
accelerating,6
scarce,6
predecessors,6
salesmanship,6
barley,6
enrollment,6
posterior,6
martini,6
regulars,6
potency,6
fortunes,6
spurred,6
filtered,6
flourished,6
flaming,6
dietary,6
expandable,6
vicinity,6
whistled,6
orvis,6
bucks,6
transcends,6
commotion,6
storms,6
infiltration,6
fragment,6
refuses,6
o'connor,6
whigs,6
locust,6
adjunct,6
layout,6
bricks,6
place-name,6
vaults,6
invaded,6
causal,6
nugent,6
straightening,6
modifications,6
gangs,6
contour,6
distribute,6
illustrative,6
tagged,6
bitch,6
amplified,6
clamps,6
doris,6
legendary,6
delivers,6
greetings,6
candidacy,6
multiplication,6
radiosterilization,6
vending,6
lash,6
coincided,6
biting,6
fitzgerald,6
werner,6
surgery,6
supplemented,6
affectionate,6
opener,6
progressively,6
bisque,6
continuance,6
gal,6
episcopal,6
feather,6
underworld,6
magwitch,6
slater,6
lays,6
kidney,6
shirley,6
mollie,6
pets,6
marie,6
roberta,6
downhill,6
meyer,6
$150,6
interdependence,6
dreadnought,6
unorthodox,6
dramas,6
similitude,6
streaks,6
textures,6
countrymen,6
glands,6
betrayal,6
reconstruct,6
inquire,6
nation-state,6
slowing,6
pins,6
rationale,6
recurring,6
ashore,6
catherine,6
birthplace,6
affirmed,6
janitors,6
interfacial,6
einstein,6
tease,6
terminology,6
tuberculosis,6
piling,6
versa,6
lacks,6
refreshing,6
herford,6
chipping,6
ossification,6
accidentally,6
tolerated,6
arabic,6
lbs,6
foaming,6
arbuckle,6
canned,6
metabolite,6
devoid,6
extract,6
daddy,6
tiles,6
hawthorne,6
gansevoort,6
elicited,6
rescued,6
veiled,6
conversions,6
rebut,6
ducts,6
decorated,6
inception,6
erosion,6
jarrodsville,6
humiliation,6
horizons,6
one-fourth,6
bonner,6
guise,6
dissatisfied,6
subtly,6
totals,6
antonio,6
documented,6
outspoken,6
quicker,6
prudence,6
bodybuilder,6
wexler,6
chiefs,6
copenhagen,6
seato,6
gallon,6
sniffed,6
macbeth,6
right-hand,6
announcements,6
intersect,6
sensual,6
tingling,6
unmarried,6
bayonet,6
attends,6
ripped,6
whatsoever,6
enzyme,6
buses,6
canons,6
delinquent,6
appoint,6
micelle,6
exhibiting,6
idly,6
closes,6
buyers,6
pear,6
induction,6
outbursts,6
contemplation,6
receptionist,6
noel,6
centennial,6
hawaiian,6
displaying,6
exercising,6
chronicle,6
linking,6
dapper,6
yarns,6
saints,6
out-of-town,6
distinguishing,6
polarization,6
flares,6
telephones,6
newspaperman,6
hoijer,6
geographically,6
signature,6
practicable,6
ramp,6
thaw,6
towel,6
eagles,6
soprano,6
supplier,6
subjectively,6
ailments,6
booking,6
venetian,6
st,6
pegboard,6
fingerprint,6
dripped,6
bourbons,6
adhesive,6
momentary,6
anew,6
al.,6
misunderstood,6
workout,6
reflexes,6
comparisons,6
rossoff,6
cord,6
throttle,6
throws,6
wrapping,6
ecstasy,6
debates,6
toughness,6
negotiation,6
depicting,6
sneaked,6
robe,6
socialization,6
notre,6
airways,6
advocating,6
sensational,6
windshield,6
constrictor,6
deposits,6
inhabited,6
vacancy,6
bothering,6
soybeans,6
writhing,6
ventilation,6
wrangler,6
whining,6
residing,6
teen,6
methodically,6
cautioned,6
wavelengths,6
flattened,6
impetus,6
operetta,6
harassed,6
marvel,6
hospitality,6
finale,6
rip,6
sofa,6
webster,6
assembling,6
larson,6
sinking,6
toronto,6
highroad,6
graphic,6
motorists,6
unwanted,6
unreal,6
relegated,6
moderately,6
licensing,6
centum,6
alienated,6
wiping,6
weider,6
focusing,6
sprouting,6
contributors,6
schemes,6
episodes,6
well-informed,6
antiseptic,6
assess,6
solicitor,6
fabulous,6
atop,6
blinked,6
contemporaries,6
monster,6
sweetly,6
totalitarian,6
figuring,6
invoked,6
intercept,6
xydis,6
entrepreneur,6
thankful,6
forthright,6
sundown,6
intends,6
breasted,6
syntax,6
informs,6
sequences,6
succeeding,6
verified,6
exclamation,6
inheritance,6
agnese,6
molecule,6
all-negro,6
axe,6
thermostat,6
sensors,6
responding,6
terrier,6
flushed,6
brute,6
chambre,6
flashing,6
witnessing,6
popping,6
softening,6
analysts,6
speedy,6
connecting,6
pessimistic,6
tentatively,6
orthography,6
microscopically,6
25%,6
needles,6
inexpensive,6
fireplace,6
retaliation,6
refined,6
scratches,6
emmett,6
photographers,6
depletion,6
heightened,6
paired,6
hind,6
progresses,6
costing,6
dana,6
first-class,6
secretly,6
bury,6
freeze,6
librarian,6
communicative,6
wastes,6
unhappiness,6
intensifier,6
siege,6
clear-cut,6
hymns,6
contend,6
shakespearean,6
routes,6
souvanna,6
snoring,6
upwards,6
amorphous,6
liquids,6
queer,6
bout,6
stronghold,6
clip,6
ingredient,6
founders,6
jo,6
tenuous,6
successors,6
nellie,6
ambassadors,6
disrupted,5
concertos,5
rifleman,5
aricaras,5
arouse,5
shunts,5
devastating,5
boun,5
genetic,5
provocation,5
periphery,5
ignition,5
overcoat,5
widened,5
istanbul,5
tnt,5
greeting,5
one-man,5
checkbook,5
mando,5
beebe,5
haul,5
stumps,5
boarding,5
sighing,5
drab,5
albright,5
laissez-faire,5
francie,5
trunks,5
unanimous,5
micelles,5
professed,5
sauces,5
inhibited,5
continual,5
smoky,5
competently,5
self-discipline,5
servo,5
kingston,5
florence,5
excerpts,5
bosses,5
hosts,5
simon,5
geography,5
procreation,5
strengthens,5
citation,5
monte,5
worrying,5
safer,5
neutralism,5
czarina,5
imputed,5
thickly,5
bleached,5
pies,5
fission,5
diego,5
scoring,5
tektites,5
bulwark,5
hostilities,5
simmer,5
charitable,5
embroidered,5
antisubmarine,5
sub,5
choreographed,5
affinity,5
wits,5
leon,5
helplessness,5
receivers,5
telegraphers,5
allusions,5
doctrines,5
mulligan,5
houghton,5
atmospheres,5
pageants,5
obsolete,5
almighty,5
clash,5
nancy,5
therefrom,5
ass,5
misuse,5
vegas,5
pyrex,5
out-of-doors,5
phalanx,5
ready-made,5
triangular,5
twenty-six,5
lucian,5
artistically,5
consuming,5
dismay,5
re-enter,5
expelled,5
tariff,5
attrition,5
livery,5
rattle,5
creaking,5
intercontinental,5
nathan,5
truce,5
gasped,5
staten,5
cherish,5
parole,5
succumbed,5
swirled,5
lynn,5
forbids,5
flags,5
transposed,5
avenues,5
steaming,5
monmouth,5
inferiority,5
flows,5
incorrect,5
2-year-old,5
thereupon,5
indulgence,5
surprises,5
foggy,5
softer,5
racket,5
skepticism,5
high-speed,5
medicines,5
escaping,5
populous,5
self-sustaining,5
overrun,5
"20,000",5
sidewalks,5
widths,5
sponsorship,5
truthfully,5
turks,5
aimless,5
hutchins,5
tread,5
ultracentrifugation,5
acutely,5
dormant,5
comply,5
uncertainties,5
certify,5
delhi,5
europeans,5
vile,5
audubon,5
chemically,5
walt,5
collects,5
mastered,5
suck,5
prominence,5
shreds,5
fins,5
drains,5
accents,5
gamblers,5
deserts,5
immaculate,5
drive-in,5
excellently,5
astonishment,5
accelerator,5
midday,5
refinement,5
limbs,5
stony,5
contradictions,5
evangelical,5
scan,5
limb,5
fashions,5
confidential,5
slippery,5
impractical,5
electrode,5
enlist,5
minimized,5
apprehensions,5
dipole,5
salutary,5
tendencies,5
bern,5
fools,5
relying,5
censorship,5
bogey,5
downfall,5
all-important,5
shapeless,5
tuxapoka,5
glances,5
staccato,5
justifiably,5
esteem,5
psychiatric,5
runners,5
30%,5
westerly,5
manifestly,5
acquiescence,5
misgivings,5
mattered,5
incarnation,5
journals,5
sadie,5
shielding,5
seebohm,5
jason,5
imitate,5
upper-middle-class,5
decrees,5
enroll,5
amounted,5
traverse,5
travels,5
stimuli,5
needing,5
shortcomings,5
saves,5
miners,5
bean,5
patrice,5
salvage,5
reserves,5
dictated,5
corral,5
delicacy,5
comprehend,5
brother-in-law,5
supervise,5
president-elect,5
shuddered,5
priceless,5
austere,5
inconsistent,5
pedestal,5
godot,5
creek-turn,5
skimmed,5
overweight,5
uniqueness,5
evaluations,5
incoming,5
boarded,5
marsden,5
uniconer,5
facilitate,5
expanse,5
threatens,5
wheeler,5
kappa,5
obnoxious,5
dolce,5
mink,5
columnist,5
cheerfully,5
teens,5
brows,5
chaotic,5
southpaw,5
ascribed,5
encroachment,5
ski,5
groping,5
intimated,5
pots,5
recipients,5
drafted,5
hartsfield,5
haunches,5
ghosts,5
griffin,5
bunched,5
verbally,5
poitrine,5
habitual,5
drugged,5
dynasty,5
autocollimator,5
superseded,5
secretariat,5
torquer,5
walitzee,5
severity,5
portrays,5
mucosa,5
advertisers,5
john-and-linda,5
activated,5
developer,5
uneasiness,5
kafka,5
authoritarian,5
stowey,5
famed,5
communese,5
existent,5
biscuits,5
clarification,5
bordering,5
deceived,5
scales,5
theologian,5
fiske,5
celebrating,5
temporal,5
lingering,5
archaic,5
chestnut,5
dromozoa,5
arnolphe,5
banister,5
high-school,5
machinist,5
scant,5
bleachers,5
lightweight,5
faction,5
exceeded,5
gannon,5
frontiers,5
enhance,5
thrill,5
administrators,5
coolidges,5
corpses,5
arbiter,5
refreshed,5
linguistics,5
graphite,5
blenheim,5
wherein,5
lay-offs,5
deformation,5
alleviate,5
buds,5
mammalian,5
plowed,5
alcoves,5
affecting,5
conforms,5
skipjack,5
dozed,5
symptom,5
punch,5
vic,5
gallant,5
sailor,5
adversary,5
chuckle,5
curly,5
powders,5
roofs,5
elliott,5
oslo,5
theoretically,5
timbers,5
coordinator,5
signatures,5
stripes,5
bookkeeping,5
tribunal,5
advantageous,5
exaggeration,5
evokes,5
unseen,5
obsessed,5
pact,5
towers,5
checking,5
teenagers,5
sweaty,5
aimo,5
lethal,5
kitchens,5
mischief,5
greatcoat,5
headache,5
entrenched,5
hurling,5
homozygous,5
expired,5
warrior,5
revivals,5
givin',5
pussy,5
penance,5
girlish,5
nephews,5
despotism,5
psithyrus,5
clattered,5
disciples,5
fumes,5
vanish,5
tubs,5
symbolically,5
tensile,5
fanning,5
uh,5
sparkling,5
ephesians,5
reluctance,5
tying,5
craftsmanship,5
refrigerated,5
dissent,5
sterilization,5
clifford,5
invaluable,5
marlowe,5
crystallographic,5
neocortex,5
situs,5
potassium,5
ghettos,5
particulars,5
grigori,5
16th,5
briskly,5
directs,5
whistling,5
gasping,5
yugoslavia,5
glamour,5
estella,5
flourish,5
lipton,5
ambivalence,5
eighteenth-century,5
lenses,5
di-iodotyrosine,5
evacuation,5
widowed,5
olive,5
prelude,5
complaining,5
quantum,5
jockey,5
poking,5
inverse,5
elman,5
downstream,5
pennies,5
fairway,5
joyous,5
sportsman,5
pelham,5
vowed,5
tee,5
franchise,5
proverb,5
woe,5
betting,5
unofficial,5
hamper,5
sophomore,5
gyros,5
ridicule,5
petersburg,5
animated,5
cunning,5
karipo,5
donor,5
phouma,5
overalls,5
sibylla,5
oriole,5
cardboard,5
mediocre,5
stressing,5
squared,5
sukarno,5
slogans,5
eighty-sixth,5
transported,5
adhered,5
stays,5
lyttleton,5
sandals,5
crystalline,5
hydrolysis,5
buddies,5
foresight,5
upi,5
dingy,5
sojourn,5
affiliations,5
mobilization,5
cock,5
sprawling,5
anti-party,5
satin,5
gaily,5
economists,5
cross-section,5
coolly,5
enhanced,5
appointees,5
ripples,5
impinging,5
polyester,5
hides,5
reputed,5
happenings,5
lawns,5
turk,5
rainy,5
vibration,5
gehrig,5
parsons,5
exploring,5
leona,5
hemus,5
plead,5
obsession,5
perverse,5
steeped,5
fruitless,5
visa,5
isle,5
raphael,5
kneel,5
glared,5
spruce,5
bradley,5
drizzle,5
hasty,5
informally,5
braced,5
palaces,5
va.,5
backlog,5
jaguar,5
edging,5
reed,5
bicycle,5
enterprising,5
siding,5
misdeeds,5
engulfed,5
high-priced,5
councilman,5
whispering,5
elasticity,5
algerian,5
denoting,5
drugstore,5
mindful,5
freeways,5
maneuver,5
lew,5
lowering,5
rall,5
peddler,5
denounce,5
garages,5
gushed,5
corinthian,5
proficient,5
uptake,5
hum,5
chopping,5
anemia,5
coolness,5
carvey,5
extravagant,5
backwoods,5
measurable,5
regulatory,5
hook,5
self-examination,5
coahr,5
slides,5
uptown,5
ther,5
sara,5
appropriation,5
flicked,5
supremacy,5
slots,5
mustache,5
illuminating,5
abreast,5
colder,5
unwelcome,5
transactions,5
caresses,5
waco,5
envied,5
lust,5
ronnie,5
generalize,5
priorities,5
authorize,5
impeded,5
marrow,5
shabby,5
undeniable,5
primeval,5
acala,5
enforcing,5
three-year,5
fink,5
registers,5
allowable,5
homogeneity,5
inaccurate,5
minors,5
wage-price,5
rounding,5
primacy,5
holders,5
sounder,5
salisbury,5
newburyport,5
option,5
roasted,5
respectability,5
recoil,5
soybean,5
brevard,5
scabbard,5
mania,5
evidences,5
rhetoric,5
disappearing,5
ratification,5
neutrophils,5
resorted,5
post-attack,5
hotei,5
chunks,5
smelling,5
marker,5
inert,5
professions,5
candles,5
valleys,5
lullaby,5
huh,5
spans,5
psychoanalysis,5
sparse,5
interlude,5
inquiring,5
peeled,5
fine-looking,5
differentiated,5
landscapes,5
tweed,5
unequivocally,5
lessen,5
unbreakable,5
uh-huh,5
injecting,5
capt.,5
repelled,5
left-hand,5
extraction,5
lavender,5
butts,5
relentlessly,5
exempt,5
hereinafter,5
harmonious,5
estates,5
hon.,5
coupler,5
fearing,5
insignificant,5
gamma,5
peration,5
fullest,5
predecessor,5
contends,5
ox,5
banter,5
bertha,5
knocking,5
visibility,5
rebs,5
ltd.,5
dalton,5
shakes,5
shudder,5
signaling,5
spire,5
unfavorable,5
grabbing,5
hys,5
mee,5
corruptible,5
thrived,5
reassured,5
prophet,5
chauffeur,5
northward,5
isolating,5
virtual,5
decisively,5
mityukh,5
hairy,5
krutch,5
humility,5
dale,5
unfolding,5
asserts,5
polyphosphates,5
abused,5
shaky,5
stockings,5
sundry,5
kindness,5
volunteered,5
justly,5
showered,5
surround,5
intellect,5
richness,5
av.,5
fireworks,5
moll,5
invaders,5
oakwood,5
prop,5
humanism,5
interfaces,5
beauties,5
cartridges,5
accelerate,5
physicist,5
foreman,5
horsepower,5
greeks,5
sloanaker,5
optimality,5
w,5
ducked,5
arte,5
blasphemous,5
livelihood,5
thrift,5
mystique,5
adamant,5
critically,5
applaud,5
irregularly,5
shriek,5
age-old,5
augustine,5
erection,5
debutante,5
retailing,5
$5000,5
pilgrim,5
three-part,5
disfigured,5
maternal,5
wee,5
quasimodo,5
piping,5
kittens,5
dares,5
debated,5
input/output,5
additionally,5
bombing,5
insecurity,5
wears,5
evasive,5
outreach,5
shadowing,5
northerners,5
orchards,5
greens,5
vaudeville,5
purposely,5
reama,5
lobes,5
kitten,5
inversely,5
stuffed,5
bandstand,5
chronology,5
advent,5
immoral,5
handwriting,5
obscurity,5
vita,5
flemish,5
self-consciousness,5
raids,5
initiate,5
one-story,5
buckle,5
transaction,5
knox,5
enrich,5
/8,5
experimenter,5
luke,5
upstream,5
ernst,5
disinterested,5
ulcer,5
guarded,5
phoned,5
lids,5
extant,5
coaches,5
pulp,5
intentional,5
striped,5
materially,5
groom,5
brian,5
fringed,5
indecision,5
duel,5
screening,5
icbm,5
6th,5
catharsis,5
make-up,5
fumbled,5
reminding,5
trinity,5
alpert,5
ruger,5
skillfully,5
apologized,5
merging,5
roulette,5
flexural,5
kneeling,5
secondly,5
equ,5
30th,5
kizzie,5
long-run,5
joking,5
beards,5
swivel,5
unemployed,5
minorities,5
gentile-jewish,5
tuition,5
disorganized,5
martian,5
itch,5
diurnal,5
individualized,5
beth,5
countin',5
battlefield,5
fetch,5
lofty,5
correspondents,5
orator,5
phonology,5
loveless,5
two-year,5
baffled,5
appropriately,5
weaving,5
barth,5
constituent,5
manu,5
conductivity,5
perfected,5
spin,5
budgets,5
gregory,5
wishing,5
yow,5
grammatic,5
blackout,5
inquest,5
verify,5
unloaded,5
academically,5
awoc,5
consultants,5
sausages,5
django,5
23d,5
pro-communist,5
noblest,5
liquidated,5
bump,5
gladden,5
c',5
blackness,5
pinpoint,5
lent,5
nourished,5
discounts,5
millie,5
irradiated,5
disability,5
logging,5
froze,5
donors,5
dived,5
abo,5
resistant,5
birdie,5
maguire,5
stickney,5
resultants,5
$135,5
lurched,5
clusters,5
hurtling,5
twirling,5
suffrage,5
probing,5
cairo,5
allocated,5
solvent,5
manor,5
repertory,5
completes,5
fragmentation,5
mat,5
suffice,5
bivouac,5
coe,5
scoop,5
torque,5
desiring,5
ariz.,5
inflation,5
underside,5
proliferation,5
leisurely,5
bridegroom,5
hilum,5
chat,5
stakes,5
locality,5
relentless,5
romantics,5
studded,5
awkwardly,5
legacy,5
airlines,5
prolusion,5
quarreling,5
redevelopment,5
editing,5
warts,5
beacon,5
pads,5
outputs,5
reuveni,5
thirsty,5
ctca,5
mystical,5
begotten,5
scepticism,5
circulating,5
amadee,5
safeguard,5
housewives,5
intellectually,5
substitutes,5
hammock,5
achieves,5
aloof,5
neglecting,5
reflector,5
espionage,5
sharpened,5
hyde,5
tenant,5
strait,5
escorted,5
anta,5
calenda,5
quotations,5
sandman,5
harshly,5
faculties,5
prevalent,5
skyline,5
rape,5
designate,5
eastwick,5
catastrophes,5
minutemen,5
seashore,5
transitional,5
misses,5
downed,5
steal,5
faithfully,5
fibrous,5
criticality,5
fisher,5
overture,5
janitor,5
installment,5
jackie,5
longhorns,5
conferred,5
obesity,5
3rd,5
christopher,5
penn,5
unwittingly,5
axle,5
appestat,5
gasket,5
commenting,5
figurative,5
wakeful,5
butchery,5
barrage,5
entail,5
ronald,5
occasioned,5
hippodrome,5
huntley,5
richly,5
imposition,5
marquis,5
glamorous,5
rebuild,5
indelible,5
shortsighted,5
balafrej,5
y'all,5
communes,5
fervent,5
compassion,5
definitive,5
harmless,5
mumbled,5
shriver,5
timid,5
depressing,5
legally,5
distinguishes,5
volatile,5
felice,5
viable,5
fiberglas,5
ventured,5
stagnant,5
culminates,5
entitle,5
sly,5
shutter,5
indulged,5
embark,5
cart,5
identifiable,5
accounted,5
nuisance,5
relaxing,5
balcony,5
ancestral,5
plunge,5
mo.,5
melodic,5
would-be,5
washes,5
fluent,5
cornell,5
unitized,5
"30,000",5
grafton,5
vesole,5
risks,5
hemorrhage,5
permissive,5
yanks,5
installing,5
rinsing,5
procession,5
overthrow,5
screeched,5
stationed,5
aiming,5
lets,5
woodwork,5
gary,5
frauds,5
bradford,5
drought,5
pictorial,5
daer,5
cheekbones,5
tribe,5
carruthers,5
chilly,5
blackened,5
scornful,5
dismiss,5
twelfth,5
thant,5
cafes,5
boyhood,5
banker,5
ever-changing,5
encourages,5
surveyor,5
divisive,5
frelinghuysen,5
incur,5
batch,5
shine,5
altar,5
thicker,5
grok,5
conjugated,5
elongated,5
ok,5
revise,5
americana,5
nutrients,5
singly,5
widen,5
renting,5
grouped,5
thickened,5
geology,5
patched,5
padded,5
whereabouts,5
laundry,5
/cu.,5
awed,5
sworn,5
avocados,5
outing,5
single-shot,5
bale,5
agenda,5
unspeakable,5
frigid,5
lioness,5
hazy,5
hanch,5
metaphor,5
glazed,5
ching,5
transitions,5
exploitation,5
alan,5
voiced,5
conchita,5
scotch,5
apocalyptic,5
advisors,5
discrepancies,5
exchanges,5
allstates,5
serge,5
grigorss,5
modifier,5
triple,5
sympathetically,5
richert,5
aureomycin,5
scrawled,5
periodicals,5
cochannel,5
committing,5
unscrupulous,5
flared,5
clutch,5
attentive,5
u.n.f.p.,5
softness,5
belligerent,5
koreans,5
wasting,5
do-it-yourself,5
worms,5
fills,5
utopians,5
flask,5
unanimity,5
forestall,5
intermediates,5
self-evident,5
richer,5
lodging,5
venerable,5
intrinsic,5
boring,5
las,5
hettie,5
formulae,5
ma'am,5
monacle,5
ingenuity,5
exasperation,5
baritone,5
curvature,5
rim,5
ripple,5
chaplain,5
mocking,5
stallion,5
fund-raising,5
storyteller,5
yanked,5
suffocating,5
liberation,5
pillars,5
neutralized,5
beverage,5
airfield,5
glitter,5
willy,5
catkins,5
interrelated,5
spacers,5
ginning,5
generates,5
gee,5
rattlesnakes,5
good-by,5
pharmacy,5
edible,5
8:30,5
monei,5
commuting,5
approximated,5
necessitate,5
righteous,5
premiere,5
uncompromising,5
glimpsed,5
mt,5
changeable,5
enchanted,5
humane,5
epiphysis,5
tapestry,5
shingles,5
welcoming,5
nondescript,5
flanked,5
witch,5
jerome,5
utterance,5
prosecuted,5
asset,5
boyd,5
incidental,5
gasps,5
suitcases,5
pumps,5
pledged,5
courtier,5
photographer,5
chap,5
monopolies,5
contestants,5
shocks,5
spitting,5
pertains,5
correction,5
merited,5
throneberry,5
triumphant,5
ballplayer,5
self-contained,5
crib,5
centering,5
interfered,5
greedy,5
awe,5
formosa,5
couperin,5
polarity,5
downs,5
stereotyped,5
lugged,5
stew,5
verdi,5
borough,5
slashing,5
revered,5
caldwell,5
reynolds,5
breathless,5
profess,5
bald,5
bulge,5
cotten,5
hibachi,5
duf,5
novelty,5
precincts,5
20%,5
hosses,5
invade,5
murderers,5
loadings,5
lauchli,5
electrophoresis,5
soaring,5
vices,5
mathematically,5
exchequer,5
heywood,5
intimidation,5
mortgages,5
texan,5
adventurous,5
cute,5
schooling,5
beardens,5
parkhouse,5
czechoslovakia,5
infections,5
microns,5
egyptian,5
enjoined,5
drawers,5
grady,5
receding,5
grandson,5
confuse,5
conditioners,5
cerv,5
radial,5
major-league,5
musmanno,5
prescribe,5
chloride,5
claimants,5
aggressiveness,5
organizational,5
hardships,5
momentarily,5
planks,5
uttered,5
politeness,5
aberrations,5
chines,5
carey,5
transports,5
decorator,5
wailing,5
scours,5
milligram,5
indoors,5
roadway,5
carts,5
disintegration,5
confronts,5
sting,5
dietrich,5
classrooms,5
tilt,5
crowding,5
jagged,5
tooling,5
tangled,5
hitch,5
stram,5
bellow,5
mergers,5
adherents,5
adapt,5
englander,5
vineyards,5
genial,5
programming,5
shouts,5
ignores,5
seigner,5
moody,5
barbell,5
29th,5
counterpoint,5
cubans,5
fertile,5
gorham,5
trembled,5
trolley,5
lappenberg,5
subcommittee,5
monumental,5
frayne,5
terrific,5
s.k.,5
accessible,5
rig,5
afl-cio,5
palette,5
tag,5
wry,5
preposterous,5
thumping,5
warlike,5
fundamentals,5
fading,5
hoarse,5
coral,5
cropped,5
holocaust,5
scented,5
$4,5
swamp,5
shovel,5
budd,5
c'm,5
coherent,5
ss,5
murky,5
dismounted,5
weeds,5
catastrophic,5
sculptured,5
soles,5
otter,5
capacities,5
tossing,5
sargent,5
down-to-earth,5
hazardous,5
proximity,5
puritan,5
nasty,5
glimco,5
silenced,5
skolovsky,5
i.q.,5
madrigal,5
distracted,5
furs,5
shrink,5
richest,5
constancy,5
sante,5
poisonous,5
l.auml,5
all-white,5
adenauer,5
chilling,5
psychiatrists,5
ensued,5
uninterrupted,5
paved,5
marshes,5
homeland,5
clothed,5
undertaking,5
parted,5
empirically,5
baths,5
barcus,5
skip,5
paba,5
commendable,5
unrest,5
sulzberger,5
micrometeorites,5
swooped,5
hoss,5
stamping,5
farouk,5
lush,5
two-digit,5
good-bye,5
platforms,5
artery-pulmonary,5
$15,5
tame,5
operatic,5
disguise,5
morocco,5
twenty-eight,5
morphological,5
captive,5
slocum,5
comforts,5
baer,5
uncanny,5
pertaining,5
postmaster,5
diving,5
to-day,5
tenacity,5
elapsed,5
glinting,5
endeavors,5
conspicuous,5
culturally,5
seating,5
tuttle,5
hartman,5
clenched,5
rabbits,5
zest,5
intensities,5
respecting,5
easel,5
onsets,5
"6,000",5
cox,5
sydney,5
equated,5
unmistakably,5
implements,5
coincides,5
hatch,5
mineralogy,5
ransom,5
deference,5
shutters,5
noticing,5
puppets,5
rh,5
leaked,5
comedian,5
z,5
poynting-robertson,5
aviation,5
instantaneous,5
maximizing,5
kasavubu,5
proving,5
menu,5
autobiography,5
unworthy,5
latitude,5
inscrutable,5
mayer,5
furrow,5
wooded,5
latch,5
peck,5
converts,5
heroine,5
affords,5
believers,5
caressing,5
sensuality,5
wrap,5
retailers,5
lukewarm,5
planting,5
patterson,5
unwillingness,5
garrison,5
vitamin,5
contingencies,5
template,5
smoothness,5
plumb,5
rationalize,5
kinda,5
saturation,5
badge,5
negation,5
clubhouse,5
mistress,5
boniface,5
arresting,5
tracts,5
craters,5
subsided,5
hopped,5
dynamite,5
kc,5
ranking,5
bequest,5
mechanized,5
aft,5
bedside,5
catskill,5
evolve,5
contemplated,5
prophecy,5
professionally,5
enthusiastically,5
peacefully,5
brandishing,5
computers,5
shone,5
rains,5
forecasts,5
dispose,5
gm.,5
philippi,5
dispatched,5
migration,5
retreating,5
dizzy,5
gertrude,5
drilled,5
hunter-killer,5
nationwide,5
nw,5
magnums,5
wrecking,5
irritable,5
hens,5
ike,5
silhouettes,5
refinements,5
hayes,5
mmes,5
owes,5
plastered,5
2:35,5
labored,5
allegations,5
attachment,5
cliches,5
injunctions,5
waiters,5
abstention,5
stealth,5
abiding,5
capsule,5
second-rate,5
tournaments,5
warrants,5
lovejoy,5
gantry,5
self-conscious,5
ceylon,5
desolation,5
buff,5
oppressed,5
12'',5
eldest,5
remington,5
connotation,5
converse,5
fuse,5
appreciable,5
complications,5
arbitrarily,5
specialties,5
suffused,5
walnuts,5
cans,5
photo,5
bw,5
persuading,5
removes,5
bosphorus,5
securely,5
unreconstructed,5
one-tenth,5
interstellar,5
sparks,5
diocesan,5
peanuts,5
vows,5
motifs,5
barre,5
plagued,5
seasoned,5
prefers,5
southeastern,5
appliance,5
cabinets,5
recollection,5
disrupt,5
organification,5
reproducible,5
sulky,5
gradients,5
anterior,5
half-breed,5
rex,5
proprietors,5
kidneys,5
cowhand,5
glycerine,5
furnishes,5
finney,5
sunburn,5
hartweger,5
stoicism,5
oneself,5
psalmist,5
gully,5
ta,5
dodgers,5
defines,5
unifil,5
astounding,5
davidson,5
adelia,5
thrusts,5
freeway,5
perpetuate,5
quarterback,5
discouraging,5
firemen,5
portago,5
bankrupt,5
choreographer,5
mijbil,5
um,5
throne,5
selects,5
deacon,5
freer,5
motivations,5
prescription,5
byzantine,5
louise,5
irritated,5
ole,5
variously,5
authorizing,5
ironing,5
suffers,5
rectangular,5
lieu,5
reverence,5
skolman,5
shielded,5
arundel,5
sway,5
reformation,5
jolt,4
rations,4
ridges,4
stampede,4
nap,4
ignoring,4
completeness,4
coke,4
documentary,4
murderous,4
beats,4
plaques,4
mobs,4
courtenay,4
orwell,4
ozagen,4
fiercely,4
israeli,4
imitated,4
cheated,4
splendidly,4
tenderness,4
unexplained,4
ordained,4
strove,4
topical,4
vivo,4
enright,4
terminated,4
thriving,4
chiang,4
buddhist,4
jan,4
immersed,4
glorified,4
inaugurated,4
jorge,4
decor,4
tahoe,4
surrendering,4
extremists,4
honotassa,4
cabana,4
insulated,4
pungent,4
o.-b.,4
glimpses,4
guardino,4
beep,4
violinist,4
trout,4
bellboy,4
entitles,4
50-megaton,4
sportin',4
salty,4
encompass,4
b+o,4
neal,4
p-20,4
sq,4
shading,4
penalties,4
clods,4
peerless,4
sketching,4
abolitionists,4
2.1,4
morrison,4
distort,4
thieving,4
herry,4
twilight,4
births,4
barricades,4
fender,4
2:30,4
offend,4
experiential,4
extrapolation,4
failures,4
vindication,4
transmuted,4
mammoth,4
macon,4
administering,4
texts,4
stabilizing,4
willard,4
chewed,4
third-grade,4
epitaph,4
sauerkraut,4
overpayment,4
gums,4
castles,4
unrelieved,4
endowments,4
complacency,4
teaspoon,4
disparate,4
demise,4
draperies,4
chagrin,4
initiating,4
billing,4
affirmation,4
docile,4
falcon,4
retribution,4
bully,4
arisen,4
republicanism,4
centralization,4
unconditional,4
dunbar,4
milestone,4
modulation,4
wicker,4
prettiest,4
fuchs,4
rigs,4
inlet,4
obstruct,4
dazed,4
conquer,4
high-level,4
rejecting,4
madly,4
seminar,4
viscoelastic,4
jennie,4
sedans,4
dump,4
taunt,4
linearly,4
maniac,4
hitters,4
unstressed,4
eliminates,4
fundamentalist,4
fertilizer,4
gratified,4
rents,4
intrinsically,4
unborn,4
onslaught,4
jour,4
shorten,4
distressed,4
frankness,4
suites,4
groomed,4
autos,4
compiling,4
moderates,4
mosaic,4
blissful,4
concave,4
patron,4
hoyt,4
deviations,4
additives,4
baggy,4
startlingly,4
complexities,4
whiteman,4
gaieties,4
observational,4
burmese,4
chipped,4
considerate,4
beatniks,4
slowness,4
parasites,4
registries,4
subsidized,4
dogmatism,4
bathe,4
marred,4
reasoned,4
snobbery,4
tides,4
dogmatic,4
contraception,4
loaf,4
conceptual,4
andrenas,4
chemicals,4
genteel,4
doric,4
dept.,4
rebuff,4
reductions,4
amethystine,4
comrade,4
chickasaws,4
filters,4
coated,4
sensibly,4
growl,4
accorded,4
pretence,4
manas,4
set-up,4
experimenters,4
africans,4
jurists,4
navona,4
cell-free,4
potter,4
finely,4
idealist,4
sch.ouml,4
birdied,4
woonsocket,4
saliva,4
ecstatic,4
secretion,4
stroll,4
beads,4
woolen,4
prepolymer,4
radii,4
casting,4
hemoglobin,4
drunkard,4
dickey,4
warp,4
altenburg,4
sextet,4
eta,4
triamcinolone,4
bedtime,4
individualistic,4
disconnected,4
impair,4
santayana,4
antiserum,4
cure-all,4
midge,4
liner,4
d'albert,4
stanton,4
gladly,4
berto,4
puffed,4
cadet,4
suspects,4
scarf,4
purchasers,4
rods,4
indescribable,4
tao,4
pails,4
mobilized,4
fullness,4
build-up,4
inducing,4
poked,4
reconsider,4
coy,4
assuredly,4
$250,4
occupies,4
tungsten,4
fayette,4
abyss,4
transpiring,4
heartbeat,4
jurors,4
creditable,4
wistfully,4
nikolais,4
reread,4
pragmatic,4
tulip,4
pall,4
playhouse,4
tex,4
portugal,4
felicity,4
verification,4
skopas,4
blended,4
grouping,4
yarrow,4
alicia,4
proclaiming,4
eclipses,4
compulsives,4
incisive,4
quarreled,4
hurok,4
shrines,4
nested,4
dam,4
u.s.a.,4
corresponded,4
veritable,4
headline,4
manslaughter,4
vigilance,4
discontinuity,4
loathsome,4
10-year-old,4
fumbling,4
peacocks,4
uninhibited,4
skirmish,4
conveys,4
aunts,4
circulated,4
skiffs,4
discern,4
ailment,4
medfield,4
pencils,4
outfielder,4
newsmen,4
ensign,4
fountains,4
nordmann,4
pastime,4
commended,4
slugger,4
poster,4
methodical,4
tawny,4
carpets,4
corne,4
prettier,4
familial,4
auditors,4
excise,4
spades,4
chieftain,4
burglary,4
itching,4
stettin,4
antics,4
helpfully,4
addicts,4
giggles,4
societal,4
stoop,4
rainbow,4
contrasted,4
guardians,4
schaefer,4
long-time,4
presumptuous,4
peralta,4
dorado,4
curtail,4
stucco,4
optional,4
mayflower,4
mom,4
environments,4
superiors,4
n.y,4
oyabun,4
anthology,4
rapped,4
wilhelm,4
streamlined,4
coveted,4
shoup,4
obstructed,4
assaults,4
thet,4
jensen,4
despairing,4
reds,4
blanchard,4
snatch,4
alignment,4
velvet,4
thirty-six,4
indolent,4
hinges,4
gelding,4
2.5,4
mich.,4
shayol,4
voltages,4
humiliating,4
appraise,4
northerner,4
golfers,4
pinned,4
recovering,4
detergents,4
communicator,4
fermented,4
deriving,4
influx,4
esp,4
archives,4
pfaff,4
constructions,4
thrilling,4
travelling,4
incumbent,4
schillinger,4
$45,4
simulate,4
eligibility,4
intercollegiate,4
underfoot,4
sheik,4
humanist,4
knotted,4
rites,4
lifeboat,4
exile,4
intensified,4
lonsdale,4
quarrels,4
divisible,4
pah,4
x-region,4
drills,4
"200,000",4
java,4
denmark,4
suspiciously,4
ala,4
barnumville,4
weave,4
prejudices,4
eccentricity,4
boxell,4
coldest,4
tenable,4
grammar,4
minarets,4
winooski,4
hilar,4
innate,4
self-confidence,4
barns,4
purification,4
inhumane,4
flyer,4
empires,4
mirrors,4
solder,4
westchester,4
commons,4
ibrahim,4
rosburg,4
fabian,4
delightfully,4
d.uuml,4
embraced,4
justifiable,4
communal,4
roadside,4
psychical,4
nightingale,4
heartening,4
gothic,4
apex,4
arduous,4
enlargement,4
ledoux,4
saith,4
banana,4
krystallographie,4
kornbluth,4
embracing,4
transcript,4
flown,4
forts,4
fuck,4
campbell,4
stat.,4
commander-in-chief,4
submissive,4
biographical,4
vents,4
confidentially,4
designation,4
carpentry,4
criticize,4
howl,4
scribe,4
priced,4
rampant,4
excitability,4
striving,4
adjudication,4
thirst,4
ornament,4
bathtub,4
runyon,4
catalogued,4
predisposition,4
labeling,4
ephemeral,4
notwithstanding,4
self-esteem,4
bushels,4
cossacks,4
fervor,4
gallop,4
snuggled,4
plump,4
liberally,4
balancing,4
unfettered,4
lawmakers,4
harbors,4
crush,4
diagonal,4
radicals,4
modesty,4
wick,4
hamburgers,4
emperors,4
barbarians,4
jossy,4
ache,4
'you,4
fined,4
staffe,4
justinian,4
dregs,4
ticonderoga,4
trudged,4
disadvantage,4
$75,4
vest,4
forty-nine,4
disregarded,4
bluffs,4
alkali,4
recruited,4
ascending,4
marksmanship,4
agglutination,4
chartered,4
portsmouth,4
tiring,4
arctic,4
plumpness,4
m.p.h.,4
kulturbund,4
weld,4
alveoli,4
trafton,4
dryer,4
sketched,4
compson,4
washizu,4
restricting,4
undepicted,4
radiator,4
decorating,4
lear,4
coolers,4
snowing,4
dolly,4
imbedded,4
transfusions,4
hwang,4
japs,4
embankment,4
torment,4
microphones,4
secretarial,4
"$1,500",4
strolling,4
sediments,4
$700,4
toy,4
grokking,4
rehearsal,4
sock,4
chrome,4
/12,4
recruiting,4
lengthwise,4
0.4,4
nozzle,4
contamination,4
resides,4
leningrad,4
nonmetallic,4
datelined,4
respectful,4
entropy,4
repeats,4
saratoga,4
uhhu,4
self-respect,4
havisham,4
defends,4
penned,4
occluded,4
thwarted,4
fragmented,4
pondered,4
crumpled,4
cowbirds,4
homemade,4
lewisohn,4
shines,4
gastrocnemius,4
drs,4
tally,4
brightest,4
extracts,4
cynicism,4
combo,4
tensely,4
jealous,4
classifications,4
cupped,4
unfolded,4
brazilian,4
manuscripts,4
shrubs,4
interiors,4
despairingly,4
loosened,4
tomato,4
misty,4
obligated,4
benevolence,4
parting,4
titer,4
diabetes,4
bayreuth,4
haunt,4
three-month,4
moise,4
promotes,4
impending,4
gunmen,4
75%,4
selves,4
gamut,4
flakes,4
betty,4
rebelled,4
stamford,4
rapport,4
thyroid-stimulating,4
doctored,4
donnybrook,4
1959-1960,4
allegedly,4
shooter,4
'61,4
cytoplasm,4
sheds,4
infected,4
preclude,4
detachment,4
bengal,4
sandwiches,4
compel,4
starch,4
movers,4
mused,4
phyfe,4
oilseeds,4
incomparable,4
user,4
specializing,4
sprague,4
buffered,4
dentists,4
nantucket,4
altering,4
/14,4
finality,4
versatility,4
diversions,4
compensated,4
protects,4
segovia,4
crazily,4
makings,4
layman,4
reconsidered,4
watches,4
cultured,4
stripe,4
ch.,4
paredon,4
culmination,4
unhealthy,4
supersonic,4
rewards,4
leering,4
attachments,4
decidedly,4
dross,4
ducks,4
seals,4
prof.,4
twister,4
rocker,4
outrage,4
finite-dimensional,4
jouvet,4
condemning,4
reflex,4
lard,4
suppressed,4
inflicted,4
soberly,4
criminality,4
servicing,4
bennington,4
altitude,4
"70,000",4
juncture,4
galleys,4
generale,4
grownups,4
fatally,4
strolled,4
reorganized,4
overlooks,4
scouring,4
consonants,4
responsive,4
hammett,4
subsidize,4
decaying,4
hydrochloride,4
goethe,4
foreseeable,4
exclaiming,4
contradict,4
swished,4
autocracies,4
wheelock,4
extracting,4
rituals,4
wade-evans,4
rewrite,4
slanting,4
constitutions,4
lunge,4
lockheed,4
monopolize,4
transmitter,4
habitants,4
hangs,4
half-way,4
vitro,4
matthew,4
whispers,4
modular,4
microseconds,4
philanthropic,4
sized,4
crosses,4
grossly,4
year-round,4
periodical,4
attested,4
bouquet,4
herberet,4
gospels,4
relies,4
circuits,4
berle,4
tussle,4
sheltered,4
gadget,4
crackers,4
wildcat,4
mar,4
miraculous,4
composure,4
darned,4
groggins,4
almagest,4
bucking,4
evolutionary,4
tolerate,4
eliot,4
antagonistic,4
satan,4
mediums,4
ascertained,4
foul,4
excommunicated,4
orchestral,4
debating,4
lattimer,4
tristano,4
worm,4
groin,4
aristocracy,4
chesapeake,4
alastor,4
winced,4
torrent,4
lucid,4
herold,4
nationals,4
benny,4
cetera,4
newsletter,4
duncan,4
tudor,4
fingerprints,4
polyethylene,4
karamazov,4
burrow,4
tactic,4
vacated,4
labour,4
challenges,4
homecoming,4
danes,4
rightful,4
fanned,4
petals,4
mole,4
couplers,4
freak,4
fluttering,4
gypsy,4
estimation,4
instincts,4
veterinary,4
booby,4
outweighed,4
illustrating,4
microscopy,4
unsettled,4
pitiful,4
un-american,4
swells,4
hilo,4
davenport,4
lignite,4
formula-stage,4
cross-sectional,4
loesser,4
chrysler,4
abstracts,4
engrossing,4
dr,4
bonnor,4
sp,4
ballets,4
shyly,4
peale,4
illegitimacy,4
honeybees,4
regulating,4
timetable,4
unnamed,4
11:20,4
hike,4
testifies,4
trusting,4
waxed,4
immigrant,4
-a,4
jungles,4
horrified,4
informing,4
ellipsoids,4
explanatory,4
alligator,4
high-gain,4
teddy,4
anti-b,4
purvis,4
peg,4
murmuring,4
patting,4
'and,4
drumming,4
adjournment,4
ill-starred,4
imperfect,4
doubly,4
microphone,4
spheres,4
outmoded,4
behaving,4
rdws,4
taverns,4
springtime,4
medals,4
sliced,4
redbirds,4
mickie,4
warehouse,4
explorer,4
compliments,4
bandaged,4
lacy,4
tri-iodothyronine,4
fluxes,4
dynamics,4
directives,4
favoring,4
coastal,4
procure,4
nemesis,4
virile,4
jaggers,4
grokked,4
lucifer,4
gables,4
tass,4
incessant,4
edison,4
risked,4
connoisseur,4
consummated,4
lightened,4
verve,4
craftsmen,4
heaving,4
melodramatic,4
tr,4
exaggerating,4
textbook,4
ricco,4
supernaturalism,4
storing,4
b.ouml,4
fiscal-tax,4
kisses,4
artfully,4
directness,4
kwhr,4
convent,4
vatican,4
supervised,4
cemented,4
patronne,4
chests,4
yacht,4
angelina,4
denouncing,4
.44,4
grazie,4
puzzles,4
traditionalist,4
inclusive,4
rectangle,4
sonofabitch,4
descend,4
dictators,4
notified,4
0.2,4
amongst,4
erroneous,4
disciplines,4
scorn,4
interama,4
sultans,4
threaded,4
interferometer,4
ammo,4
cruiser,4
characterizes,4
blasts,4
principals,4
twined,4
immobility,4
demonstrations,4
godkin,4
rebuilt,4
disapprove,4
classmates,4
bereavement,4
mule,4
hearty,4
logistics,4
pensacola,4
bam,4
pregnancy,4
premieres,4
abode,4
pictured,4
clustered,4
keynote,4
burdened,4
visually,4
wavelength,4
limousine,4
mixtures,4
cognac,4
lilac,4
ghana,4
moderator,4
cursory,4
piety,4
augustus,4
steaks,4
dearly,4
backers,4
cross-licensing,4
goodis,4
occupancy,4
shrieked,4
neiman-marcus,4
raft,4
cowboys,4
clown,4
counteract,4
milieu,4
ethos,4
tantalizing,4
montreal,4
braves,4
blasted,4
bliss,4
jordan,4
celebrate,4
baird,4
rooster,4
14-1/2,4
siamese,4
lends,4
graces,4
normalcy,4
jeopardize,4
mopped,4
in.,4
eyebrow,4
whine,4
buckets,4
godwin,4
reacting,4
snorted,4
narrowing,4
soothing,4
flannel,4
lettering,4
butler,4
keo,4
denials,4
speculating,4
tultul,4
subconsciously,4
incoherent,4
hypothalamic-cortical,4
fantasies,4
keyboard,4
blushing,4
2:35h,4
capitals,4
nationalistic,4
lint,4
adolf,4
stitches,4
canterbury,4
audio-visual,4
teenage,4
hungary,4
re-examine,4
idyllic,4
flip,4
loaned,4
blackwell,4
locales,4
upholding,4
crus,4
dormitories,4
rigorously,4
complication,4
fairy,4
turpentine,4
explicable,4
creamer,4
fluorescent,4
koussevitzky,4
feathered,4
allan,4
nothin',4
floorboards,4
1040a,4
skipping,4
rawlings,4
hopping,4
rustle,4
dime,4
runways,4
antagonists,4
parkersburg,4
sweaters,4
super-condamine,4
diary,4
graying,4
stout,4
psychologically,4
prophesied,4
so-so,4
warden,4
lay-sisters,4
songau,4
sagging,4
dwindling,4
"$25,000",4
glisten,4
trenton,4
airmail,4
funk,4
pirate,4
subscription,4
religiously,4
assailed,4
pronouns,4
laughs,4
possessive,4
leaps,4
coolest,4
recurrent,4
committeemen,4
clapped,4
unafraid,4
mecholyl,4
groves,4
faro,4
speeding,4
subtleties,4
commune,4
kimmell,4
warehouses,4
7.5,4
atrophy,4
propagandists,4
bronchus,4
alto,4
discusses,4
loudest,4
steered,4
anti-semitic,4
spice,4
self-imposed,4
baking,4
coldness,4
protruded,4
gregarious,4
demolished,4
ethan,4
phrasing,4
orville,4
underestimate,4
phenothiazine,4
dislikes,4
dosages,4
sigmen,4
entourage,4
dynafac,4
push-ups,4
gymnastic,4
interrelations,4
gaulle,4
unpaired,4
derivation,4
baggage,4
take-off,4
backstitch,4
gravitational,4
clearance,4
90%,4
quixote,4
mansions,4
diameters,4
gardener,4
swirling,4
chemische,4
gage,4
undeveloped,4
antoine,4
marlin,4
erich,4
novelists,4
rudimentary,4
counselor,4
psalm,4
capitalize,4
deceptive,4
onrush,4
quantitatively,4
sic,4
metered,4
escapes,4
scrawny,4
fearfully,4
choreographers,4
exposing,4
inventions,4
inventors,4
math,4
deluge,4
grecian,4
applauded,4
traitors,4
calisthenics,4
springfield,4
emphasizing,4
distributing,4
complementary,4
grappling,4
swarthy,4
lounging,4
summertime,4
2d,4
drunkenness,4
platonism,4
dogma,4
sacredness,4
banked,4
frustrations,4
overlook,4
whistle,4
umber,4
austrian,4
capes,4
unloading,4
jocular,4
aeschylus,4
sanity,4
expulsion,4
jowls,4
baldrige,4
nbs,4
captivity,4
privy,4
scowled,4
strengths,4
stupor,4
insides,4
passageway,4
scanty,4
food-preservation,4
highball,4
manages,4
dubbed,4
understatement,4
peculiarities,4
bulletins,4
bales,4
fawkes,4
commensurate,4
flat-bed,4
pirouette,4
awesome,4
mated,4
anecdotes,4
melzi,4
iceland,4
miranda,4
impart,4
incipient,4
alerting,4
languid,4
drywall,4
repulsive,4
malformed,4
wolff,4
unreliable,4
charlayne,4
vicar,4
cutter,4
unnoticed,4
ports,4
outlawed,4
brew,4
dissociation,4
irving,4
rosa,4
tattered,4
awakening,4
perched,4
rebuffed,4
"250,000",4
eminence,4
jacqueline,4
selena,4
winners,4
provokes,4
flint,4
sumptuous,4
hauling,4
inseparable,4
radicalism,4
inappropriate,4
intrigue,4
15%,4
defied,4
investigator,4
disclosures,4
performs,4
friendships,4
lain,4
chisel,4
cleverly,4
take-up,4
face-saving,4
preamble,4
mishap,4
manuals,4
silhouette,4
/15,4
consoles,4
innovations,4
dunne,4
quinzaine,4
three-quarters,4
courtiers,4
yiddish,4
woodrow,4
sciatica,4
kinesthetic,4
dialects,4
underwriters,4
condemn,4
procured,4
disobeyed,4
austria,4
tranquilizers,4
juror,4
bestowal,4
lower-middle,4
delegated,4
sweating,4
exploratory,4
1:10,4
processor,4
6-hr,4
filmed,4
sewers,4
bristles,4
skimming,4
valves,4
sufferings,4
renew,4
git,4
ethyl,4
jets,4
delicious,4
superimpose,4
registering,4
camusfearna,4
gallium,4
melt,4
idealized,4
meditations,4
twofold,4
zealous,4
unbelievable,4
afro-asian,4
giselle,4
sokol,4
reputedly,4
ropes,4
grammatical,4
favoritism,4
directorate,4
tripled,4
smash,4
stately,4
brim,4
doorman,4
armaments,4
five-year,4
1-1/2,4
denote,4
companionship,4
ensuing,4
levitt,4
standardized,4
bloodstream,4
convince,4
.300,4
concurrence,4
spree,4
instrumentation,4
overlap,4
negligence,4
calculate,4
berth,4
unspecified,4
athenians,4
vulture,4
wording,4
spouses,4
judith,4
grover,4
catt,4
carpenters,4
aides,4
flat-bottomed,4
rosenberg,4
pembina,4
pullen,4
non-catholics,4
profitably,4
teller,4
relinquished,4
fuss,4
imprisoned,4
wilmette,4
dtf,4
pierced,4
fondness,4
virginity,4
sends,4
unaided,4
globocnik,4
clippings,4
sposato,4
masked,4
streaked,4
rugs,4
envisioned,4
invoking,4
isles,4
formulating,4
tribunals,4
hover,4
tiled,4
shivered,4
381(a),4
scientifically,4
immorality,4
accacia,4
chevrolet,4
transverse,4
eleventh,4
anymore,4
quotation,4
acclaim,4
watersheds,4
self-unloading,4
cabrini,4
orchestras,4
cushioning,4
lavishly,4
malnutrition,4
teen-age,4
diagonally,4
chabrier,4
conducts,4
wolves,4
carrots,4
bombus,4
isotonic,4
salted,4
aerospace,4
krogers,4
hurrying,4
torquers,4
retort,4
convicts,4
throwin',4
v-shaped,4
fiber-coupled,4
cathodoluminescent,4
drowning,4
evelyn,4
disasters,4
petitioned,4
smythe,4
generalization,4
lethargy,4
punctuated,4
pulpit,4
tightening,4
braces,4
glistened,4
positivism,4
meteors,4
sinners,4
parenchyma,4
bug,4
subtracted,4
hereafter,4
sexuality,4
pagan,4
alcoholics,4
reconsideration,4
swords,4
sameness,4
polo,4
skinless,4
affirmative,4
salinger,4
displeasure,4
stamps,4
fasten,4
brilliance,4
onions,4
newbury,4
inflict,4
violated,4
thailand,4
friendliness,4
merged,4
corrugated,4
ouml,4
cereals,4
hilprecht,4
eli,4
calcutta,4
giveaway,4
subconscious,4
courageous,4
lexicostatistics,4
esoteric,4
baptism,4
sprinkled,4
saddled,4
clauses,4
restatement,4
baseman,4
$28,4
lumpe,4
evenly,4
desks,4
pounded,4
scanning,4
lavatory,4
anti-a,4
collaborators,4
rigors,4
pons,4
stubblefields,4
photographed,4
plenary,4
oedipal,4
enigma,4
assent,4
conspirators,4
1920s,4
dyed,4
clemens,4
henceforth,4
overgrown,4
glibly,4
revolved,4
eighty-four,4
prohibiting,4
prolusions,4
extrapolated,4
freighter,4
shiver,4
strung,4
hottest,4
buyer,4
vanishing,4
genesis,4
hates,4
draper,4
julius,4
edith,4
equivalence,4
kilowatt-hour,4
talmud,4
poetry-and-jazz,4
floyd,4
auction,4
acetone,4
amp,4
virginian,4
enacting,4
interrelation,4
fda,4
internationally,4
flourishes,4
indoor,4
ya,4
liar,4
plucked,4
canon,4
motto,4
unsinkable,4
introduces,4
kipling,4
markedly,4
outrun,4
impress,4
basing,4
islam,4
quieter,4
talkative,4
memoirs,4
menacing,4
philippines,4
strategists,4
proteases,4
playground,4
nightclubs,4
weighty,4
eastward,4
saxophone,4
philmont,4
halls,4
treaties,4
intervened,4
childishness,4
withdrawn,4
remotely,4
tarzan,4
imposes,4
wedded,4
frustrate,4
ussr,4
squatted,4
clumps,4
aristocratic,4
boughs,4
/13,4
tex.,4
potentials,4
sanitary,4
picks,4
huddle,4
tireless,4
corrosive,4
adjectives,4
sill,4
gnawing,4
joshua,4
patrick,4
far-reaching,4
concludes,4
uncontrolled,4
childlike,4
splinter,4
prejudiced,4
two-hour,4
affections,4
admassy,4
aging,4
slob,4
vinyl,4
stalled,4
functionally,4
assigns,4
amply,4
cleansing,4
natures,4
gerosa,4
irregularity,4
conservatives,4
deux,4
andrea,4
sinatra,4
colonialism,4
banged,4
disgusting,4
solidity,4
promoters,4
unifying,4
unarmed,4
dispense,4
marketable,4
foreigner,4
"$3,000",4
rover,4
melies,4
neitzbohr,4
sparkle,4
loathed,4
stalwart,4
ventures,4
snowy,4
affiliation,4
well-kept,4
pistols,4
confusions,4
audible,4
threefold,4
peacetime,4
know-how,4
hopples,4
rodding,4
hypotheses,4
7070/7074,4
toilets,4
audit,4
nobility,4
repudiation,4
rejoicing,4
calamity,4
.45,4
coercion,4
cheers,4
featuring,4
cater,4
hospitable,4
occupant,4
quota,4
lifters,4
pecs,4
taoism,4
modifying,4
infatuation,4
vine,4
eminently,4
soften,4
laotian,4
2.6,4
unfolds,4
killingsworth,4
horrors,4
vase,4
global,4
civilizations,4
claret,4
adrian,4
humbly,4
4-h,4
cults,4
ranked,4
fiasco,4
romeo,4
spelling,4
race-drivers,4
tang,4
hurled,4
pits,4
engraved,4
ron,4
eroded,4
ado,4
runway,4
bind,4
speculations,4
seaboard,4
implement,4
redundancy,4
in-group,4
skirts,4
dow,4
beatie,4
fanaticism,4
loomis,4
flapping,4
overwhelmed,4
tartuffe,4
advancing,4
alphabetical,4
fiorello,4
trimmings,4
littered,4
weaver,4
turbulent,4
push-up,4
muse,4
dwyer,4
arlington,4
replenish,4
brokers,4
georgetown,4
intentionally,4
cubes,4
banish,4
iocs,4
mechanization,4
mountainside,4
stammered,4
4.2,4
distinguishable,4
crosson,4
proverbial,4
pawtuxet,4
airports,4
deducted,4
tranquility,4
quakers,4
comptroller,4
dangling,4
excelsior,4
advocated,4
birth-control,4
belongings,4
grown-up,4
percussion,4
fielder,4
sayin',4
burgeoning,4
interlaced,4
beadle,4
statistically,4
safest,4
flannagans,4
blanching,4
containers,4
submission,4
freshness,4
nationalist,4
"$100,000",4
tapes,4
enzymatic,4
armchair,4
constellations,4
powerfully,4
trenchant,4
jeopardy,4
pavilion,4
bravery,4
concur,4
oppressive,4
consented,4
radiated,4
calvin,4
orient,4
hissing,4
deductible,4
armor,4
intently,4
uncharged,4
smack,4
dictum,4
controversies,4
exploits,4
mechanically,4
curving,4
apprehensively,4
anti-monopoly,4
overtones,4
wetting,4
sheath,4
lapses,4
collegiate,4
dolphins,4
trance,4
pedal,4
publishes,4
sickened,4
self-indulgence,4
soared,4
vectrol,4
olivetti,4
injun,4
longhorn,4
apologies,4
toad,4
excitatory,4
weigand,4
infamous,4
campaigning,4
slamming,4
atty,4
first-rate,4
scoreboard,4
strychnine,4
forked,4
gravy,4
lisa,4
firmness,4
cohn,4
radic,4
environs,4
nonfiction,4
stiffening,4
temples,4
blower,4
weighted,4
verb,4
love-making,4
variant,4
exodus,4
altho,4
consummation,4
salient,4
granite,4
ratified,4
hume,4
double-wall,4
meyner,4
shepherd,4
relinquishing,4
incentives,4
drunkenly,4
chemists,4
heterogeneous,4
innings,4
clint,4
denton,4
adhere,4
reserving,4
avail,4
ivan,4
owl,4
naming,4
raked,4
ritchie,4
tongues,4
rookies,4
furnishing,4
televised,4
goddam,4
lithe,4
forbid,4
shocking,4
'50,4
irsac,4
clump,4
dryly,4
weigh,4
eyeing,4
caressed,4
bach,4
belched,4
combed,4
integer,4
redundant,4
self-satisfaction,4
millennium,4
antiquated,4
travelled,4
regained,4
schoolmaster,4
oversimplified,4
intoned,4
dexter,4
tutor,4
warmer,4
paralleled,4
baptists,4
profanity,4
nymphomaniac,4
stead,4
syrup,4
45deg,4
fondly,4
compromising,4
isfahan,4
panorama,4
poe,4
heaped,4
tubular,4
prophets,4
inland,4
well-educated,4
co-operate,4
printer,4
hospitalization,4
establishes,4
annals,4
gangsters,4
assimilated,4
two-day,4
plasticity,4
savory,4
perpetuating,4
scalp,4
dating,4
helm,4
instability,4
posters,4
dives,4
zigzagging,4
rustler,4
smartly,4
showdown,4
mesh,4
dialyzed,4
specialty,4
schuyler,4
resonant,4
donna,4
kaiser,4
abetted,4
voyageurs,4
harmful,4
corporal,4
contraceptives,4
inherit,4
incubation,4
savoy,4
welsh,4
interminable,4
polymers,4
hem,4
holdings,4
maneuvering,4
disks,4
fence-line,4
merrimack,4
gleam,4
boyish,4
pastry,4
serviceable,4
adept,4
decayed,4
sludge,4
brands,4
smallwood,4
collectively,4
descendants,4
nuns,4
quitting,4
redemption,4
knowingly,4
jargon,4
derision,4
satiric,4
aptly,4
preferential,4
embraces,4
alexandria,4
wedge,4
fencing,4
m.a.,4
landis,4
bachelors,4
sag,4
withdrawing,4
resolute,4
unwarranted,4
violating,4
gosh,4
asserting,4
enviable,4
charters,4
individuality,4
devout,4
tack,4
blots,4
peters,4
3.5,4
blasphemy,4
transpiration,4
naturalistic,4
inflections,4
rationalism,4
quotes,4
dreamy,4
0.8,4
high-energy,4
14th,4
jumble,4
psychiatrist,4
undone,4
abdominal,4
cyrus,4
untrammeled,4
indeterminate,4
luxemburg,4
telescope,4
disapproved,4
melvin,4
$1.1,4
seventy,4
peru,4
battenkill,4
scripture,4
goose,4
elution,4
bearer,4
charities,4
glamor,4
bruce,4
quincy,4
meddling,4
apostolic,4
anacondas,4
populace,4
embedded,4
undertakings,4
flushing,4
receipt,4
son-in-law,4
thirds,4
willy-nilly,4
av,4
diethylstilbestrol,4
aftermath,4
noisily,4
globulin,4
a.m.a.,4
mcauliffe,4
worded,4
gymnasts,4
housewife,4
brett,4
nightfall,4
intensify,4
customarily,4
sweeney,4
kunkel,4
subordinated,4
prodigious,4
twitched,4
coup,4
foreboding,4
gerry,4
marin,4
sine,4
neuroses,4
truths,4
princes,4
nurture,4
robes,4
behold,4
extremity,4
heaved,4
dosage,4
awhile,4
hobby,4
panama,4
decorators,4
acclaimed,4
galley,4
disruptive,4
stale,4
modernizing,4
ingratiating,4
infestations,4
starbird,4
squeezing,4
surpluses,4
depew,4
ger,4
mailboxes,4
glories,4
kedgeree,4
reminiscent,4
localities,4
dia.,4
baffling,4
tending,4
madonna,4
denunciation,4
advisability,4
tenderly,4
unexplored,4
watering,4
platinum,4
flurry,4
whitney,4
growers,4
poisoned,4
rubbish,4
awakened,4
reconcile,4
dashing,4
kimpton,4
pa.,4
banging,4
researchers,4
liberate,4
elsie,4
ld,4
hikes,4
rickards,4
bearden,4
enver,4
ethic,4
bandage,4
grasshoppers,4
repository,4
incline,4
congratulate,4
prepares,4
issuing,4
distributors,4
gannett,4
willingly,4
prevalence,4
propagandistic,4
backbone,4
camaret,4
forty-seven,4
clasping,4
headwaters,4
villains,4
rye,4
satisfactions,4
inferences,4
roland,4
ailey,4
utilizes,4
outgrow,4
embroidery,4
sanctioned,4
disciple,4
stalag,4
interwoven,4
slugs,4
maritime,4
tabulated,4
wharf,4
hugo,4
substituting,4
bel,4
blink,4
celery,4
rapidity,4
pervasive,4
telegrapher,4
unimpressed,4
stavropoulos,4
deteriorated,4
wollman,4
allegiance,4
chromium,4
3.15,4
sued,4
wesker,4
pozzatti,4
rudy,4
purported,4
imparted,4
interrupt,4
scapin,4
unclean,4
pail,4
hurts,4
terminals,4
intertwined,4
modification,4
laguardia,4
trilogy,4
hearth,4
janssen,4
mistrust,4
gag,4
pest,4
confederation,4
wabash,4
stubblefield,4
tempo,4
rio,4
trimmed,4
pronoun,4
antipathy,4
specifies,4
jolly,4
gleamed,4
bronchiole,4
rightly,4
titers,4
misconception,4
synonymous,4
triangle,4
undefined,4
sealing,4
persuasive,4
garlic,4
numb,4
racine,4
endorsed,4
gem,4
infrequent,4
persia,4
urbanized,4
gregorio,4
rowdy,4
emphysema,4
knack,4
spinco,4
bedrooms,4
contacted,4
melodious,4
detrimental,4
propel,4
centrality,4
old-time,4
scooted,4
resuming,4
bravely,4
gruff,4
resisting,4
affluence,4
ref.,4
believer,4
hustler,4
voter,4
tipped,4
rewarding,4
campaigned,4
one-fifth,4
iowa,4
warping,4
jolliffe,4
vale,4
coolant,4
rehearsals,4
rosebuds,4
plodding,4
climactic,4
loveliness,4
cruelly,4
parody,4
kathy,4
weighs,4
proctor,4
black-body,4
booze,4
flapped,4
attracting,4
corollary,4
nutmeg,4
hoarsely,4
stooping,4
expectancy,4
disconcerting,4
treasure,4
goin,4
fabled,4
participant,4
corrosion,4
beverages,4
diffuse,4
visceral,4
growled,4
owing,4
gratification,4
irritating,4
aces,4
insulting,4
admiring,4
jerky,4
assassination,4
viewer,4
incompetence,4
milstein,4
invoke,4
slugged,4
darkening,4
blinded,4
steeples,4
hatchet,4
accountability,4
armistice,4
mercifully,4
ingested,4
grotesquely,4
jealousy,4
lanes,4
lunged,4
florentine,4
politic,4
proclaims,4
uncover,4
snopes,4
planters,4
cultivation,4
thorpe,4
tomas,4
plausible,4
dover,4
feverish,4
masaryk,4
analogies,4
sorted,4
responsiveness,4
xylem,4
betray,4
dumping,4
ultra-violet,4
divestiture,4
supremely,4
plumber,4
good-looking,4
congealed,4
northwestern,4
introductory,3
warranted,3
blackmer,3
particulate,3
withstood,3
reuben,3
half-closed,3
radiochlorine,3
stalls,3
slaughtered,3
rushes,3
thump,3
dissolving,3
psychic,3
northfield,3
kinship,3
roughness,3
whirl,3
hasten,3
milder,3
depriving,3
compresses,3
starved,3
anti-semites,3
4.3,3
breath-taking,3
allegorical,3
day-by-day,3
gilbert,3
beaumont,3
carraway,3
non-profit,3
grinders,3
bubbling,3
woodsmoke,3
swarmed,3
toxic,3
preparative,3
friezes,3
nectar,3
amuse,3
hexameter,3
glazes,3
coney,3
villain,3
arcade,3
reproduces,3
turf,3
well-meaning,3
octagonal,3
woodbury,3
constituency,3
nocturne,3
catsup,3
sprawl,3
gel,3
confide,3
pathways,3
eyeglasses,3
bidders,3
phraseology,3
wailed,3
eats,3
self-control,3
organically,3
abortive,3
curbs,3
straits,3
spaciousness,3
toscanini,3
gouging,3
coaxed,3
expectant,3
bargains,3
quintet,3
bile,3
atrophic,3
autofluorescence,3
disturbances,3
fatter,3
moderns,3
fords,3
sanctity,3
on-the-job,3
unifies,3
sheepskin,3
motivating,3
wanderings,3
pedigree,3
drunkards,3
freshmen,3
trustworthy,3
whirlwind,3
trespassed,3
hande,3
asses,3
fulke,3
marston,3
mack,3
flagrant,3
mythology,3
involutorial,3
worthless,3
observant,3
monotone,3
taboo,3
lemonade,3
bowman,3
perspectives,3
supporter,3
unlock,3
44-year-old,3
secco,3
accrued,3
hygiene,3
stylist,3
accusations,3
viscount,3
millay,3
jaycees,3
suitably,3
portal,3
nervously,3
diminish,3
hurdle,3
courteously,3
hn,3
transpired,3
foss,3
scrutinizing,3
bogus,3
celebrity,3
camouflage,3
scandalized,3
incestuous,3
magistrates,3
protogeometric,3
thwart,3
hiram,3
fossilized,3
christendom,3
luckily,3
byproducts,3
underwrite,3
personages,3
stink,3
busted,3
wove,3
erratic,3
parapsychology,3
vail,3
nberg,3
lilting,3
undiminished,3
idje,3
zealously,3
subtracting,3
unhesitatingly,3
asphalt,3
stormed,3
reticulate,3
floc,3
freeholders,3
endearing,3
wizard,3
protruding,3
albania,3
poisoning,3
salyer,3
ornaments,3
huckster,3
prisons,3
acquiesce,3
rewarded,3
focussed,3
swaggered,3
"$30,000",3
inferred,3
'it,3
fermentation,3
lags,3
soaps,3
payable,3
mrad,3
cesium-137,3
bizerte,3
mccloy,3
tunisia,3
apology,3
poussin,3
tyrosine,3
assertions,3
contaminated,3
grandiose,3
idols,3
fourteenth,3
drummer,3
lurid,3
conformation,3
metronome,3
exultation,3
pretext,3
commodore,3
working-class,3
solvents,3
deterioration,3
extenuating,3
staffed,3
crook,3
virility,3
sharks,3
tucson,3
grazin',3
daisies,3
beckworth,3
clamping,3
overthrown,3
confesses,3
vanguard,3
elongation,3
refill,3
dade,3
state-local,3
chops,3
transient,3
versatile,3
sediment,3
aorta,3
cysts,3
confucianism,3
ferraros,3
savagely,3
inertial,3
giuseppe,3
draining,3
arteriolar,3
immanent,3
wreaths,3
rained,3
creations,3
elicit,3
radar-controlled,3
concurs,3
mid-september,3
harvester,3
prague,3
wbai,3
silences,3
inhibitions,3
transmutation,3
adorable,3
arger,3
laminate,3
irrigation,3
utensils,3
inviolate,3
excused,3
dainty,3
documentation,3
deficient,3
pezza,3
iocsixg,3
policing,3
world-renowned,3
drafts,3
balustrade,3
robberies,3
apothecary,3
confining,3
scooped,3
embodies,3
turret,3
astrophysics,3
dispersion,3
intercepted,3
cradled,3
monstrosity,3
flashy,3
incorporation,3
minnie,3
inexhaustible,3
ogden,3
und,3
expressly,3
intimacy,3
understandingly,3
elena,3
short-lived,3
centimeter,3
loyalties,3
antithesis,3
greases,3
lick,3
stuck-up,3
exchanging,3
close-up,3
ramifications,3
dishonest,3
bunker,3
heydrich,3
near-by,3
agglomeration,3
protocol,3
sounding,3
scoffed,3
meandering,3
alsop,3
traceable,3
raton,3
arthritis,3
proximate,3
screvane,3
counselors,3
four-hour,3
ruthlessness,3
consolation,3
insanity,3
plainfield,3
loveliest,3
risky,3
virulence,3
schooner,3
coopers,3
tiers,3
boulders,3
gratefully,3
roiling,3
epicenter,3
snarling,3
apparel,3
steamship,3
lesourd,3
unison,3
y-cell,3
dennis,3
winthrop,3
packet,3
non-supervisory,3
summarizing,3
destinies,3
initials,3
crawford,3
premix,3
mathias,3
crouching,3
swine,3
sherwood,3
nareb,3
launching,3
collapsing,3
sorrentino,3
year-'round,3
fenced,3
overlapping,3
scraps,3
uselessly,3
tighten,3
governess,3
turquoise,3
pickers,3
dearth,3
rattlesnake,3
ointment,3
acacia,3
preambles,3
monet,3
conquered,3
devol,3
pigments,3
subtitled,3
tillie,3
vasa,3
saucepan,3
unpublished,3
deductive,3
rodney,3
devilish,3
enthralling,3
chavez,3
doormen,3
tiresome,3
dampened,3
repayment,3
programmed,3
imitations,3
doolittle,3
interestingly,3
organizers,3
literalness,3
red-haired,3
cezanne,3
endangering,3
repealed,3
arroyo,3
absolutes,3
whosoever,3
sadism,3
29-oct.,3
6%,3
boldness,3
sublime,3
predictions,3
fresnel,3
harvie,3
assessor,3
cosmos,3
clements,3
commonweal,3
predetermined,3
detested,3
unaffected,3
o.e.c.d,3
nonwhite,3
pasha,3
rodents,3
naturalized,3
conveyor,3
kitchenette,3
unfitting,3
famine,3
professedly,3
nests,3
totalitarianism,3
mercilessly,3
teasing,3
pacifism,3
seacoast,3
likeness,3
intima,3
unilateral,3
"75,000",3
precedents,3
mottled,3
well-established,3
broth,3
transcendental,3
price-earnings,3
resolves,3
donnay,3
psyllium,3
nominally,3
pawtucket,3
forcibly,3
colde,3
dilapidated,3
lab,3
mystics,3
personifies,3
lower-middle-class,3
dynastic,3
darn,3
outrages,3
shockingly,3
viscoelasticity,3
drier,3
spotless,3
honorably,3
swatches,3
stabilization,3
retrograde,3
tsar,3
bayonets,3
histochemistry,3
pigeon,3
occupations,3
conservatory,3
beckons,3
charlottesville,3
rheumatism,3
puritans,3
bitten,3
irresponsibility,3
vintage,3
elated,3
arbitrate,3
jurisdictional,3
coons,3
styled,3
cinch,3
barges,3
deplores,3
convocation,3
denny,3
overnighters,3
monic,3
egotism,3
grievance,3
harburg,3
profiles,3
mcnamara,3
delinquents,3
shrilly,3
plus-one,3
updated,3
militarism,3
cunningly,3
lippmann,3
dynasts,3
satires,3
wail,3
barest,3
george-barden,3
botany,3
miraculously,3
regaining,3
bristol,3
fdr,3
windowless,3
watershed,3
aggressions,3
vegetation,3
pursed,3
proffered,3
destroyers,3
lashed,3
inroads,3
ten-year,3
mop,3
blakey,3
undercurrent,3
secessionist,3
mutiny,3
crummy,3
stroked,3
calibrated,3
adultery,3
hitched,3
tropic,3
scoured,3
bondage,3
watery,3
budge,3
winnings,3
agonizing,3
hubert,3
cynewulf,3
griggs,3
coefficients,3
clinico-pathologic,3
correlate,3
throng,3
subsections,3
crap,3
convoy,3
dangerously,3
mouthful,3
shriveled,3
dinnertime,3
signora,3
goddess,3
sloppy,3
expressionism,3
wryly,3
gabrielle,3
grant-in-aid,3
dozing,3
reconciled,3
unforgettable,3
conformed,3
lookit,3
slovenly,3
instrumentally,3
scurried,3
pillows,3
threes,3
clara,3
reese,3
h.m.s.,3
ukrainian,3
catalyst,3
illicit,3
stomachs,3
riverbank,3
bombproof,3
subsidies,3
maximizes,3
thoughtless,3
dipped,3
blevins,3
attracts,3
curbside,3
7-2,3
demonstrable,3
acey,3
irritably,3
throbbing,3
parishioners,3
perjury,3
first-hand,3
mciver,3
low-down,3
pioneers,3
regrets,3
landmark,3
watchdog,3
langer,3
lolly,3
surname,3
dline,3
recitals,3
jails,3
hark,3
yachts,3
hendricks,3
setback,3
adagio,3
erred,3
grievances,3
rivalries,3
bourcier,3
hollering,3
confucian,3
pursuits,3
neil,3
beame,3
trimble,3
"$15,000",3
poultice,3
recriminations,3
georgian,3
pi,3
carpeted,3
spasm,3
homosexuals,3
kicks,3
6-3,3
guttural,3
resurgence,3
ninety-nine,3
padding,3
consul,3
hampton,3
hammered,3
solos,3
well-made,3
bolt-action,3
barracks,3
lifelike,3
fete,3
mcnair,3
$37,3
polarized,3
prostitutes,3
dirksen,3
defunct,3
sour,3
kodiak,3
incorporates,3
sobered,3
tusks,3
auntie,3
circumspect,3
cupful,3
abeyance,3
socioeconomic,3
alabaster,3
panza,3
$450,3
clifton,3
alloy,3
ethel,3
hostesses,3
aggravated,3
champlain,3
smelt,3
vicksburg,3
monticello,3
unsung,3
ceaseless,3
unobtainable,3
eeg,3
snatches,3
maureen,3
ante-bellum,3
sifted,3
o'neill,3
teaspoons,3
swings,3
vikings,3
modernized,3
phillies,3
leaguer,3
ebullient,3
outfield,3
splashing,3
taper,3
exhibitions,3
slugging,3
migratory,3
blueprints,3
contested,3
grocers,3
amos,3
commentator,3
involutions,3
steve,3
retracted,3
diapers,3
emblematic,3
heyday,3
mattei,3
blacked,3
worshiping,3
insinuations,3
freedmen,3
orthodoxy,3
broncs,3
myers,3
ga.,3
hartford,3
hydrogens,3
pans,3
dixon,3
benedick,3
riefling,3
"12,000",3
emphasizes,3
molvar,3
mij,3
recounting,3
socket,3
quart,3
erudite,3
contracting,3
garb,3
playful,3
salons,3
beguiling,3
stab,3
seaton,3
sol,3
yoke,3
magnifying,3
$25,3
roadblock,3
senatorial,3
aggrieved,3
beeps,3
drunks,3
walsh,3
crucifix,3
brennan,3
tasting,3
slash,3
damnation,3
nicodemus,3
spices,3
nocturnal,3
chortled,3
predicament,3
marbles,3
craig,3
consumptive,3
malaria,3
hester,3
fairview,3
accomplishing,3
gursel,3
expiration,3
quintus,3
outcry,3
sprinkel,3
efficiencies,3
unawareness,3
blinking,3
personification,3
raving,3
biochemical,3
nineties,3
concetta,3
convulsively,3
manservant,3
petrie,3
folding,3
mall,3
rung,3
1.8,3
upholstery,3
vapor-pressure,3
salve,3
parasol,3
harvesting,3
quebec,3
11th,3
unambiguous,3
merriment,3
interactions,3
jorda,3
ciliated,3
jacketed,3
voluminous,3
lance,3
white-clad,3
galaxy,3
looted,3
yr,3
unthinkable,3
forage,3
florist,3
fridays,3
feverishly,3
intangibles,3
displace,3
germ,3
pointer,3
andre,3
dulled,3
unheard,3
self-pity,3
shrinking,3
hack,3
trait,3
autobiographical,3
stitch,3
deformity,3
crooked,3
frustrating,3
chaplin,3
capitalists,3
reckoned,3
undressing,3
figger,3
looting,3
upgrade,3
prevision,3
tunisian,3
socio-economic,3
thirty-one,3
oxytetracycline,3
symphonies,3
cringing,3
hydrocarbon,3
fha,3
fixtures,3
tarnished,3
oleophilic,3
fairing,3
grazing,3
half-inch,3
shred,3
peony,3
armhole,3
muted,3
fillings,3
protons,3
mutilated,3
plunging,3
stables,3
adversaries,3
aroma,3
lena,3
grudges,3
blighted,3
extraneous,3
savored,3
debonnie,3
majorities,3
cowardly,3
sartoris,3
handlers,3
sinfulness,3
impacts,3
14%,3
icbms,3
laramie,3
summarize,3
summation,3
orienting,3
termini,3
forlorn,3
abnormal,3
ceases,3
submits,3
happiest,3
cortical,3
robots,3
matriculated,3
benet,3
mencken,3
sedgwick,3
premature,3
superlative,3
les,3
proscription,3
clipped,3
omelet,3
horizontally,3
swelled,3
bequests,3
marlborough,3
complains,3
well-defined,3
shadowed,3
stooped,3
by-product,3
glottochronological,3
many-sided,3
matron,3
chanced,3
borderline,3
vistas,3
surreptitiously,3
unconventional,3
tantamount,3
jure,3
beginner,3
shawl,3
millimeter,3
ceremonial,3
ever-expanding,3
warped,3
pamphlet,3
perilously,3
americanegro,3
autograph,3
defender,3
allocable,3
a.b,3
playwright,3
cynics,3
blackberry,3
self-consciously,3
blooms,3
pandora,3
satirical,3
leered,3
deerskins,3
dunkirk,3
mais,3
somersaults,3
bod/day/acre,3
fixture,3
carolinians,3
almonds,3
abe,3
inconvenient,3
super-sets,3
wards,3
whence,3
vocation,3
corinthians,3
voluptuous,3
koehler,3
magically,3
"500,000",3
spectroscopy,3
magdalene,3
shovels,3
interstage,3
ory,3
resourceful,3
perforated,3
keenly,3
digest,3
impetuous,3
serenissimus,3
arrivals,3
flaring,3
forego,3
dissimilar,3
sandalphon,3
bloated,3
seduction,3
martians,3
seafood,3
leigh,3
bureaucracies,3
tuned,3
handclasp,3
dronk,3
nightclub,3
plush,3
precedence,3
portwatchers,3
reddish,3
androfski,3
shawomet,3
fathom,3
publish,3
veils,3
rearrange,3
neared,3
economize,3
ol,3
neversink,3
gourmet,3
reformed,3
battalion,3
prodded,3
anti-submarine,3
necklace,3
medico-military,3
parades,3
memorized,3
mindless,3
outskirts,3
f.d.r.,3
casualty,3
broun,3
bookies,3
three-hour,3
forwarded,3
thinly,3
extraordinarily,3
morsel,3
sexton,3
entertainments,3
terrorized,3
bled,3
self-destructive,3
outrigger,3
bailing,3
criss-crossed,3
proficiency,3
arable,3
hydrides,3
amber,3
footnotes,3
scouting,3
sawdust,3
beaver,3
euripides,3
neural,3
sleepily,3
maleness,3
ariadne,3
sitwell,3
nets,3
greenland,3
yen,3
entranced,3
doom,3
pajamas,3
stubbornly,3
70%,3
procurer,3
researcher,3
butlers,3
queried,3
follower,3
bouts,3
dervishes,3
sicilian,3
renovated,3
unskilled,3
adriatic,3
nlrda,3
gray-haired,3
deployed,3
smuggled,3
grants-in-aid,3
horne,3
brink,3
pulsating,3
disruption,3
revolutionized,3
tumbling,3
geese,3
citing,3
idioms,3
overhaul,3
presume,3
mules,3
unoccupied,3
objectively,3
built-in,3
ceramics,3
patented,3
outdo,3
deluded,3
oiled,3
jars,3
controllers,3
painless,3
stubby,3
bullshit,3
pickled,3
curiae,3
canto,3
over/under,3
inducted,3
$400,3
executions,3
speedily,3
falsity,3
stand-ins,3
celebrities,3
orchestration,3
arenas,3
trill,3
entertainers,3
dams,3
spice-nice,3
benefited,3
bloodless,3
$85,3
coordinating,3
berated,3
bookshelves,3
currencies,3
frescoes,3
inveterate,3
frisco,3
schoolboy,3
bushell,3
high-value,3
ownerships,3
sophocles,3
blitz,3
sicily,3
gascony,3
contingency,3
il,3
rim-fires,3
detonation,3
purges,3
targo,3
monel,3
attackers,3
misled,3
channeled,3
horrifying,3
woodside,3
clarifying,3
gloomily,3
benediction,3
pitfall,3
residues,3
admittedly,3
crowing,3
purest,3
unhurried,3
sapped,3
philippine,3
2nd,3
picturing,3
sharpening,3
discouragement,3
quoting,3
muskets,3
cornerstone,3
infuriated,3
sever,3
toner,3
napkin,3
three-inch-wide,3
defoe,3
batten,3
bowls,3
plugged,3
stirs,3
wielded,3
budgetary,3
profit-maximizing,3
transmit,3
rummaging,3
perfecting,3
week-long,3
elevation,3
francs,3
magnet,3
ensembles,3
acetonemia,3
proclamations,3
provoke,3
assemblage,3
reappeared,3
summon,3
shutdown,3
loaves,3
weeklies,3
strauss,3
lipstick,3
ballplayers,3
outsider,3
feasibility,3
soggy,3
jennings,3
prophetically,3
garcia,3
chatham,3
algol,3
"$500,000",3
bland,3
gunman,3
educating,3
venezuela,3
unrealistic,3
millennia,3
irrespective,3
salmon,3
salads,3
bootle,3
huddling,3
sternly,3
ardor,3
foamy,3
predicts,3
wesley,3
overtime,3
beneficiaries,3
loath,3
snubbed,3
insufficiently,3
prototype,3
postscript,3
22nd,3
endings,3
widest,3
antiques,3
inflected,3
boatswain,3
bailly,3
sis,3
booty,3
distillation,3
vehemence,3
sportswriter,3
-78deg,3
i.d,3
shortages,3
searches,3
perlman,3
justifying,3
portuguese,3
mi,3
flipped,3
censure,3
spores,3
viability,3
curtis,3
repaid,3
queries,3
claws,3
usages,3
nyu,3
monsoon,3
freedoms,3
$900,3
embodying,3
earrings,3
tunnels,3
curricula,3
nonresident,3
blasingame,3
bottled,3
hindered,3
sobering,3
scheming,3
mentality,3
bruise,3
constriction,3
oxygens,3
bailey,3
vieth,3
antagonist,3
modal,3
reined,3
shreveport,3
englanders,3
adsorbed,3
accentuated,3
0.3,3
face-to-face,3
pelvic,3
lyon,3
unjust,3
sow,3
triumphs,3
quieted,3
mizell,3
courting,3
stilts,3
tug,3
casualties,3
narratives,3
meteorological,3
incited,3
roller,3
inwardly,3
viewers,3
steinh.auml,3
lapsed,3
grimm,3
whitened,3
democratize,3
lastly,3
concerted,3
creatively,3
undertakes,3
elisabeth,3
fractionation,3
houk,3
homers,3
raf,3
secularized,3
fosters,3
endogamy,3
linkage,3
systemic,3
forearm,3
weinstein,3
musicals,3
muster,3
hummed,3
conyers,3
supermarkets,3
bristling,3
nationality,3
enlarging,3
kan.,3
lalauries,3
drdw,3
unmoved,3
outpost,3
revamped,3
sinful,3
cues,3
jeff,3
footstep,3
idiot,3
upper-middle,3
manually,3
overriding,3
dorothy,3
cascading,3
38-43deg,3
conserve,3
polling,3
notation,3
palladio,3
squinting,3
paot,3
nutcracker,3
toughs,3
consummate,3
bandages,3
arylesterase,3
ruffled,3
emitted,3
tuning,3
velvety,3
scare,3
madrigals,3
emergence,3
niggers,3
x-rays,3
conversational,3
jesuit,3
splitting,3
attuned,3
universality,3
swan,3
sweetness,3
convulsive,3
jerebohms,3
recollections,3
electors,3
uncharted,3
inclusion,3
dispassionately,3
triandos,3
depugh,3
gratifying,3
fitc,3
condemns,3
fanny,3
marxist,3
transforms,3
peaceable,3
grille,3
stasis,3
presumption,3
designating,3
weakest,3
vagueness,3
fatigued,3
fooled,3
shirl,3
368(a),3
farce,3
connective,3
merest,3
umbrellas,3
infants,3
arsenal,3
oaths,3
abbe,3
nothingness,3
non-military,3
monitor,3
hafta,3
bristled,3
aberration,3
animosity,3
separates,3
burly,3
bypass,3
symbolizes,3
ministries,3
hilt,3
god-given,3
ante,3
sailboats,3
postulate,3
12%,3
generality,3
personally-owned,3
litigants,3
non-taxable,3
broadside,3
madmen,3
confabulation,3
375degc,3
compensate,3
inboard,3
ab,3
bop,3
bounty,3
foresee,3
resided,3
"$5,000,000",3
behaviour,3
incepting,3
flamboyant,3
indisposed,3
bayed,3
protecting,3
metro,3
offshore,3
musically,3
sawtimber,3
footnote,3
outdated,3
lordship,3
starter,3
bede,3
infliction,3
birefringence,3
marketed,3
broad-brimmed,3
winder,3
variability,3
hodgkin,3
typed,3
invest,3
interruptions,3
apparition,3
esteemed,3
paws,3
pyrometer,3
debacle,3
disappears,3
memorize,3
bloodshed,3
subscribed,3
lobe,3
pocasset,3
oratory,3
feeley,3
crittenden,3
rancor,3
3-1/2,3
laudanum,3
oscillation,3
chopin,3
punish,3
cupply,3
piddington,3
custodian,3
coleridge,3
metaphors,3
resonances,3
guitars,3
oilcloth,3
munitions,3
brisbane,3
preface,3
infinitesimal,3
sash,3
reagents,3
noose,3
waterways,3
stratum,3
sojourner,3
faintest,3
armored,3
rodent,3
grenade,3
purposeful,3
certification,3
snag,3
cricket,3
ostensible,3
breakup,3
5.5,3
pistons,3
2-1/2,3
retardation,3
off-broadway,3
baullari,3
kennel,3
meteor,3
feats,3
all-time,3
contrived,3
sloane,3
brocklin,3
vernava,3
1.0,3
majors,3
macro-instructions,3
implacable,3
osmotic,3
flats,3
clemente,3
rebelling,3
sweet-sour,3
discreet,3
hemingway,3
carne,3
planer,3
sabotage,3
multitude,3
mozart,3
fractionated,3
hercules,3
propagandist,3
keyhole,3
uppon,3
spurs,3
beggar,3
suitors,3
thawed,3
uncounted,3
skeptics,3
subjugation,3
davy,3
gasp,3
outwardly,3
cribs,3
skullcap,3
audacity,3
bandit,3
grimace,3
serpents,3
venereal,3
reflectors,3
subspecies,3
camper,3
grands,3
christine,3
empties,3
handspikes,3
nasser,3
bricklayers,3
hindu,3
greenville,3
giveaways,3
taoist,3
sparky,3
mashed,3
conformists,3
giorgio,3
mana,3
shuld,3
uncritical,3
reaffirmed,3
diminishes,3
mistakenly,3
easing,3
heidegger,3
amaze,3
world-famous,3
psychopathic,3
hemmed,3
cleverness,3
pimp,3
off-duty,3
exclusiveness,3
callers,3
competitor,3
typicality,3
brevity,3
wilt,3
classmate,3
postgraduate,3
exemplified,3
dignitaries,3
messrs.,3
sheraton-biltmore,3
mid-thirties,3
damages,3
diarrhoea,3
rum,3
specialize,3
bewilderment,3
expertise,3
choreography,3
crowning,3
goldwater,3
tenements,3
substantive,3
harping,3
hegelian,3
hegel,3
cost-of-living,3
adage,3
identifying,3
alix,3
paw,3
vietnam,3
gilt,3
instrumentalists,3
swarm,3
postponing,3
oust,3
igbo,3
re,3
threesome,3
hurting,3
rats,3
trouser,3
whiskers,3
babel,3
uncomfortably,3
investigative,3
choreographic,3
mustached,3
ineligible,3
excite,3
laurel,3
galli,3
new-found,3
accumulate,3
imminent,3
lecturing,3
macaulay,3
slanted,3
robbie,3
fronting,3
saddlebags,3
sideways,3
doorknob,3
advertise,3
ciudad,3
indignities,3
tidewater,3
depravity,3
aliens,3
savoring,3
meanness,3
cherkasov,3
compulsively,3
grape,3
disabling,3
underwear,3
myocardial,3
lyndon,3
faltered,3
bobbing,3
overtly,3
flynn,3
vertebral,3
nuances,3
upsurge,3
time-honored,3
hopelessness,3
troupe,3
homemaker,3
absent-minded,3
flailing,3
midsummer,3
functioned,3
ahmad,3
coefficient,3
inquisition,3
launches,3
correlated,3
homesteaders,3
mobilizing,3
publick,3
panes,3
bronc,3
faiths,3
unkind,3
batter,3
splashed,3
lurking,3
1:4,3
diluting,3
clasped,3
nutritional,3
blithely,3
keeler,3
constantinople,3
rationing,3
diffusing,3
'48,3
edwards,3
parisian,3
predictive,3
explorers,3
defensible,3
glimmer,3
maturing,3
paie,3
dispatches,3
traveller,3
assurances,3
laurence,3
artistry,3
housman,3
undo,3
soluble,3
alcoholic,3
slicker,3
wasteland,3
stearns,3
woolly,3
prednisone,3
mid-twentieth,3
comin',3
everett,3
absent-mindedly,3
strut,3
ottoman,3
rawson,3
lords,3
granular,3
aerosolized,3
conditional,3
messy,3
chips,3
decca,3
fused,3
corrupting,3
galvanizing,3
algebraically,3
delights,3
protestations,3
colossal,3
motivates,3
admonitions,3
revolutionibus,3
isotropic,3
lever-action,3
proton,3
extra-sensory,3
bulbs,3
tablespoonful,3
forged,3
demography,3
arbogast,3
droplets,3
equating,3
ahmet,3
pallid,3
interpersonal,3
half-dozen,3
itemized,3
thermocouples,3
overlapped,3
observatory,3
sparked,3
dissuade,3
scrubbing,3
watercolors,3
snort,3
commencement,3
rectifier,3
half-hearted,3
havoc,3
unreasonable,3
campground,3
horsemanship,3
sub-interval,3
folds,3
strapping,3
progressions,3
supervising,3
disregarding,3
knuckle,3
audition,3
masseur,3
astride,3
prematurely,3
woo,3
ultimatum,3
hostages,3
chen,3
kidnaped,3
racketeers,3
allegory,3
checklist,3
brussels,3
glossary,3
geneticist,3
litter,3
bleakly,3
prepositional,3
helplessly,3
vaulting,3
loomed,3
choppy,3
veracity,3
cloying,3
apaches,3
allocate,3
haydn,3
goaded,3
vermilion,3
orchard,3
waver,3
rembrandt,3
pronouncement,3
creighton,3
posing,3
administer,3
discharging,3
charmed,3
derrick,3
rockfork,3
puncher,3
newfoundland,3
peppery,3
settler,3
envision,3
mid-june,3
churchgoing,3
cumbersome,3
justices,3
hideously,3
vying,3
cabot,3
antler,3
"1,500",3
duffel,3
maladjusted,3
contractors,3
sx-21,3
horowitz,3
railing,3
epistemology,3
crests,3
refuted,3
maku,3
wayward,3
moons,3
militarist,3
bandits,3
beheld,3
conjoined,3
gus,3
bowing,3
freehand,3
thrifty,3
inconvenience,3
triplets,3
jewels,3
d.a,3
overload,3
winged,3
dully,3
yearned,3
mckenzie,3
agamemnon,3
barstow,3
bellini,3
pietro,3
longue,3
intrusion,3
undisciplined,3
comin,3
jeremiah,3
superfluous,3
thermometry,3
lola,3
paradoxical,3
insensitive,3
defenseless,3
po'k,3
dixieland,3
marsicano,3
booths,3
composing,3
chateau,3
schoolroom,3
fascicles,3
renoir,3
delineation,3
transcribed,3
inexorable,3
mined,3
frostbite,3
torture,3
carping,3
uncles,3
grieving,3
perpetrated,3
roaming,3
stupendous,3
broglio,3
golfer,3
bartlett,3
blue-green,3
idiosyncrasies,3
dismissing,3
gaines,3
rightfield,3
rudolph,3
homesick,3
baylor,3
nile,3
dove,3
straws,3
apathy,3
detonated,3
disorderly,3
cartoonist,3
irritations,3
foibles,3
pagnol,3
rundown,3
odious,3
bernini,3
reavey,3
laity,3
metaphysic,3
self-reliant,3
nuclide,3
freeing,3
knowlton,3
landscaped,3
staging,3
kernel,3
scrape,3
substrates,3
edifice,3
uncommitted,3
depositions,3
pawnshop,3
colonnade,3
choctaws,3
locale,3
acheson,3
pledge,3
macdonald,3
praisegod,3
sighting,3
fielding,3
reps,3
emphatically,3
zodiacal,3
azaleas,3
kindred,3
routines,3
marrying,3
passionately,3
individualist,3
bmews,3
sorely,3
livres,3
casino,3
cinematic,3
sims,3
ideologies,3
len,3
congratulated,3
nieman,3
troup,3
schema,3
bess,3
endeared,3
delays,3
dyer,3
synonyms,3
mute,3
titanic,3
precocious,3
wert,3
hinton,3
fingered,3
octillion,3
fulfilling,3
mo,3
4:30,3
pledges,3
caloric,3
jehovah,3
saluted,3
freudian,3
penalized,3
tortoise,3
bludgeon,3
hirsch,3
leukemia,3
doctrinal,3
aec,3
strives,3
halleck,3
snacks,3
misbehavior,3
integrals,3
specification,3
1.1,3
judson,3
freya,3
pal,3
murdering,3
stemmed,3
fudomae,3
hepatitis,3
seekers,3
yesteryear,3
-yes,3
sofas,3
whir,3
diverting,3
neptune,3
pfohl,3
hounds,3
reborn,3
hoops,3
retrospect,3
idealism,3
bevy,3
marketings,3
spilled,3
groaned,3
maverick,3
amici,3
pumped,3
virtuoso,3
well-fed,3
honeysuckle,3
1950s,3
coachman,3
ejaculated,3
equator,3
inherently,3
adversely,3
steadier,3
shuddering,3
alloys,3
underwood,3
picnics,3
curbing,3
uppermost,3
ached,3
inadequacy,3
melissa,3
etiquette,3
idleness,3
leeds,3
mondrian,3
miserably,3
flaw,3
profundity,3
shoals,3
maneuvered,3
reservoirs,3
wiggled,3
straddling,3
programmer,3
malcolm,3
dalloway,3
ordinances,3
skull,3
catering,3
hitching,3
belied,3
smith-hughes,3
delaney,3
infallible,3
1955-57,3
censuses,3
sur,3
coasted,3
perdido,3
sapio,3
slated,3
comprises,3
soda,3
cheat,3
squinted,3
cooke,3
allusion,3
defeating,3
bolster,3
rightfully,3
sommers,3
nominee,3
bulged,3
nakedness,3
spouted,3
masks,3
devotees,3
showers,3
satisfies,3
murtaugh,3
reid,3
durkheim,3
colcord,3
caste,3
lusty,3
cryptic,3
rhyme,3
jesse,3
payday,3
wide-ranging,3
organdy,3
accented,3
fates,3
confirms,3
hampered,3
vickery,3
'58,3
solicitude,3
one-room,3
dresbach,3
compliment,3
candid,3
depressions,3
harbored,3
compensations,3
cobra,3
slaying,3
burch,3
bickering,3
carlson,3
canvass,3
rooming,3
enlightening,3
ave,3
slam,3
courthouse,3
industrious,3
melee,3
rainfall,3
mclish,3
smirk,3
nothin,3
bulging,3
concession,3
rhinoceros,3
flare,3
nakamura,3
pickoff,3
sunnyvale,3
snaked,3
scarcity,3
connect,3
gordin,3
sharon,3
intriguing,3
annum,3
ferrell,3
tripod,3
prancing,3
diverted,3
intermittent,3
storehouse,3
avoids,3
melodrama,3
slipper,3
repressed,3
gentler,3
egyptians,3
healthful,3
1:256,3
drown,3
colman,3
henderson,3
cabbage,3
beckstrom,3
billed,3
gulped,3
apologetic,3
typhus,3
three-man,3
addicted,3
alvarez,3
idaho,3
mar.,3
outdistanced,3
liberal-conservative,3
filibuster,3
fastidious,3
axiomatic,3
booker,3
refine,3
left-handed,3
100-109deg,3
loper,3
graciously,3
downwind,3
zealand,3
chattanooga,3
policy-makers,3
2.4,3
handstands,3
float,3
non-service-connected,3
oversimplification,3
batavia,3
platonic,3
gamble,3
esquire,3
ripping,3
sponsoring,3
pta,3
twenty-second,3
polypropylene,3
butted,3
discontinuous,3
overtake,3
low-wage,3
islamic,3
chopped,3
maximal,3
loot,3
moslem,3
accelerators,3
ruler,3
resentful,3
ncta,3
sancho,3
marries,3
loosen,3
samos,3
vista,3
pillage,3
covenant,3
impudent,3
herbs,3
erhart,3
joiner,3
bondi,3
festivals,3
tibetan,3
decimal,3
turnout,3
leases,3
leasing,3
pioneering,3
guinea,3
rodder,3
admissions,3
10'',3
kerygma,3
rippling,3
grocer,3
communicated,3
buri,3
platoons,3
mg/l/hr,3
malta,3
pleas,3
gentility,3
advising,3
niche,3
extinction,3
enthusiasts,3
sourly,3
strivings,3
unobtrusive,3
truism,3
sores,3
dolley,3
23rd,3
speculation,3
madeleine,3
pane,3
cloudburst,3
demoralize,3
tolerable,3
appetites,3
md,3
deprive,3
yea,3
ditties,3
gargery,3
wherefore,3
bundled,3
elinor,3
problematic,3
radiations,3
psi,3
indexing,3
glee,3
disprove,3
sceptical,3
propped,3
spires,3
indiscriminate,3
self-destruction,3
diligence,3
superficially,3
justifications,3
timberlands,3
whitemarsh,3
incitement,3
solomon,3
ramble,3
clutches,3
blister,3
vested,3
potentiality,3
dorr,3
durin',3
monologue,3
bracing,3
conquering,3
decree,3
elaborated,3
slanderer,3
one-time,3
oxide,3
nitrate,3
septic,3
slumber,3
supra,3
headless,3
5.7,3
acquaint,3
accompaniments,3
childbirth,3
omissions,3
minimizing,3
disgrace,3
kettle,3
patter,3
thanking,3
contorted,3
soccer,3
utner,3
saturn,3
bribed,3
provincialism,3
bantus,3
sonnet,3
mccullough,3
somber,3
smoother,3
aloft,3
airline,3
abbas,3
boosted,3
converge,3
atheists,3
patronized,3
vous,3
sant',3
unavoidably,3
gillespie,3
unaccompanied,3
place-names,3
ludicrous,3
inconsequential,3
citizenry,3
blanks,3
post-world,3
sorghum,3
wager,3
dipylon,3
dispel,3
literate,3
underscored,3
cinema,3
imprecisely,3
howling,3
up-to-date,3
pokes,3
totalled,3
permeated,3
fooling,3
courcy,3
21st,3
pee,3
damaging,3
credulity,3
liberality,3
expands,3
hitherto,3
oration,3
interplanetary,3
announcer,3
donate,3
staunch,3
mending,3
revelations,3
sagged,3
fleischmanns,3
origen,3
demure,3
gaped,3
typography,3
alerted,3
shied,3
telegraphic,3
damascus,3
reigning,3
fuzz,3
anthea,3
dew,3
onleh,3
glowering,3
reverent,3
hetty,3
reinforces,3
brocade,3
rebelliously,3
inholdings,3
carwood,3
saxton,3
circumference,3
swooping,3
metrecal,3
punctured,3
wellesley,3
non-violence,3
gusts,3
stoic,3
roughcast,3
persecuted,3
ablaze,3
teammates,3
gestured,3
copied,3
tidings,3
conceding,3
contingent,3
.22-caliber,3
highlights,3
decanting,3
magistrate,3
westinghouse,3
insults,3
dwarf,3
p.d.i.,3
potted,3
shipbuilding,3
premarital,3
eradication,3
keegan,3
nouns,3
bonnet,3
siebern,3
apprentices,3
mediumistic,3
similarities,3
parrillo,3
juxtaposition,3
emerald,3
ala.,3
plows,3
digestive,3
driers,3
macpherson,3
gerald,3
orthodontics,3
exported,3
ebony,3
martinez,3
cures,3
'52,3
ierulli,3
good-natured,3
autopsy,3
depredations,3
photographing,3
diets,3
gloriana,3
violations,3
hawkins,3
ptc,3
maltese,3
sprouted,3
telepathy,3
deduce,3
rigged,3
"16,000",3
giggled,3
epileptic,3
broods,3
studs,3
cocky,3
deviant,3
poorest,3
clot,3
inconclusive,3
sown,3
cliburn,3
reprisal,3
$3,3
igor,3
confessing,3
approximations,3
pars,3
radioactivity,3
overdeveloped,3
thorn,3
conspired,3
resuspended,3
telephoning,3
dropouts,3
authorship,3
kindergarten,3
eric,3
nozzles,3
shimmering,3
burman,3
frick,3
praying,3
schaack,3
hendl,3
therewith,3
bronchi,3
rammed,3
improvised,3
beveled,3
poncho,3
shuffle,3
ponderous,3
veered,3
chariot,3
drinker,3
gratuitous,3
barring,3
dostoevsky,3
revert,3
positivists,3
minded,3
husky,3
undershirt,3
mekong,3
frontal,3
nightly,3
originals,3
dissection,3
seclusion,3
repetitions,3
incandescent,3
90deg,3
attributing,3
invading,3
colorless,3
intimidated,3
pushers,3
mynheer,3
evacuated,3
domains,3
jude,3
nostrils,3
light-weight,3
hillbilly,3
inlets,3
polycrystalline,3
subtype,3
out-of-pocket,3
configurations,3
sullam,3
balloons,3
8th,3
aptitude,3
2:20,3
workouts,3
thermocouple,3
tangency,3
angola,3
1'',3
taft-hartley,3
delirium,3
impromptu,3
envelopes,3
sordid,3
thrust-to-weight,3
hale,3
quietness,3
valery,3
chambermaid,3
whitman,3
catheter,3
arrogance,3
transporting,3
reprints,3
baltic,3
lilacs,3
actresses,3
piercing,3
furor,3
hallmark,3
verbenas,3
brackish,3
woodward,3
disarming,3
unsigned,3
coughing,3
unsold,3
crystallization,3
saws,3
reconstructed,3
disarmed,3
blurted,3
arousing,3
aspirin,3
hectic,3
insularity,3
service-connected,3
presumes,3
batteries,3
radio-tv,3
thirty-two,3
migrant,3
oceanography,3
purposive,3
relativity,3
doubting,3
danube,3
unattractive,3
imagines,3
pit-run,3
orthographic,3
diversification,3
unanalyzed,3
unnecessarily,3
perpetually,3
fascinate,3
dined,3
undistinguished,3
headmaster,3
flattery,3
redoubled,3
blumberg,3
3%,3
jelly,3
fugitive,3
tell-tale,3
agility,3
marmara,3
unveiled,3
unabashed,3
craftsman,3
abject,3
redecorating,3
r+d,3
incomparably,3
bedding,3
dependency,3
inexorably,3
chalk,3
catalogues,3
utilitarian,3
suspend,3
bricklaying,3
stringy,3
eskimo,3
thrilled,3
nestled,3
cohen,3
open-mouthed,3
moroccan,3
unending,3
nero,3
reproach,3
nearness,3
awaits,3
dickson,3
soundly,3
drone,3
lieutenants,3
tethered,3
elm,3
ducking,3
emeritus,3
inc,3
vowels,3
dialed,3
drawled,3
"$17,000",3
grooves,3
unstained,3
billie,3
"60,000",3
downpour,3
rupture,3
foolishly,3
under-achievement,3
shrinkage,3
maturation,3
cocoon,3
double-stage,3
nonreactivity,3
fertilized,3
somerset,3
emaciated,3
tablet,3
proviso,3
tortuous,3
spurdle,3
laban,3
orchids,3
averted,3
neckline,3
officiated,3
shamrock,3
hurrays,3
resistor,3
amenable,3
extraterrestrial,3
twinkle,3
clinton,3
disdain,3
illumined,3
hardtack,3
iodinating,3
expansiveness,3
mischievous,3
hillman,3
howls,3
katya,3
keeper,3
alfredo,3
modestly,3
cumberland,3
abstracted,3
adulthood,3
chandelier,3
infinitely,3
memorials,3
watson-watt,3
unsympathetic,3
$14,3
charge-excess,3
wakefulness,3
alusik,3
gluttons,3
feedback,3
ores,3
instrumentalities,3
pizza,3
lats,3
coconuts,3
probed,3
weatherproof,3
herdin',3
arrests,3
shires,3
sheeran,3
prosper,3
nishima,3
blinds,3
zimmerman,3
promenade,3
arousal,3
nonspecifically,3
commence,3
sw,3
biceps,3
jejunum,3
withstand,3
intrigues,3
pedro,3
methodological,3
foyer,3
wobble,3
inspections,3
four-year,3
thoroughfare,3
bunt,3
pebbles,3
junta,3
anachronism,3
psychiatry,3
overhauling,3
affectionately,3
masonic,3
astray,3
abscesses,3
trough,3
esplanade,3
mailings,3
encampment,3
sufferer,3
ominously,3
longfellow,3
microcosm,3
unallocable,3
jeweler,3
sheriffs,3
hym,3
troy,3
betrays,3
aspire,3
revel,3
trastevere,3
depict,3
floral,3
moderation,3
moloch,3
persistently,3
upheaval,3
bawdy,3
crammed,3
mocked,3
antiquity,3
repent,3
social-economic,3
dictate,3
hardwick,3
exquisitely,3
fascism,3
carload,3
personalized,3
congregationalists,3
inexperience,3
rationed,3
cadenza,3
plaintiffs,3
vaughan,3
lawmaking,3
horsemen,3
boeing,3
morgenthau,3
instruct,3
hessians,3
boatman,3
roundhead,3
poorer,3
injunction,3
commentaries,3
slaked,3
mph,3
laguerre,3
fussy,3
smithsonian,3
ten-foot,3
scaffolding,3
spoil,3
tenderfoot,3
handgun,3
rim-fire,3
musicianship,3
lyricist,3
disinterest,3
calibers,3
rockies,3
neutrality,3
chants,3
frills,3
gravest,3
chess,3
blest,3
ethereal,3
phrased,3
realizes,3
basil,3
chimneys,3
phonograph,3
announces,3
legitimized,3
shakers,3
humanitarian,3
amortization,3
emulate,3
likened,3
speeded,3
breakdowns,3
harpers,3
grape-arbor,3
collusion,3
grate,3
strands,3
facet-planes,3
crumbled,3
introject,3
impinge,3
silhouetted,3
diminutive,3
"800,000",3
gloomy,3
lumps,3
divinities,3
carelessly,3
bard,3
farfetched,3
calving,3
adjectival,3
fragrant,3
spilling,3
recitation,3
pod,3
aviator,3
pointedly,3
pumblechook,3
blur,3
cloak,3
coding,3
inflection,3
nonverbal,3
oceans,3
shenanigans,3
courageously,3
vociferous,3
rein,3
ill-conceived,3
showcase,3
thames,3
g(t),3
constituting,3
schematically,3
cedric,3
tailor-made,3
alleging,3
lurch,3
materialize,3
irreconcilable,3
quake,3
insomnia,3
incensed,3
yellow-green,3
turbulence,3
powerless,3
adequacy,3
inflicting,3
cheyennes,3
inflexible,3
epiphany,3
lawman,3
sired,3
cattlemen,3
formula-fold,3
herter,3
behavioral,3
subsidy,3
footing,3
sweeneys,3
cathedrals,3
divinely,3
parallelism,3
cackled,3
lather,3
pornsen,3
grits,3
advertisements,3
churning,3
pitiable,3
ventricle,3
exacerbation,3
lamar,3
alternatively,3
re-elected,3
shuffling,3
inna,3
rationally,3
jerking,3
sneakers,3
fetching,3
vascular,3
synagogue,3
homemakers,3
disagreed,3
lurked,3
ultracentrifuge,3
tormented,3
secondarily,3
accretion,3
gregg,3
yeast,3
50-foot,3
rolls-royce,3
churchmen,3
5-1,3
probes,3
cores,3
reactants,3
oakes,3
maxine,3
buick,3
flaxseed,3
illustrious,3
mcconnell,3
pier,3
acoustical,3
piezoelectric,3
swearing,3
mendelssohn,3
klux,3
excludes,3
dimes,3
smithfield,3
furthered,3
amazingly,3
supplemental,3
instructional,3
lenient,3
ga,3
veneration,3
ministering,3
shutdowns,3
lutheran,3
memorandum,3
vicky,3
threading,3
tracked,3
reinforcements,3
vivacious,3
shipper,3
stratton,3
tailin',3
brook,3
folksy,3
khaju,3
leverk.uuml,3
progressivism,3
ionosphere,3
'do,3
pneumonia,3
boasting,3
ionized,3
bows,3
grandparents,3
taxis,3
attaching,3
rosaries,3
boosting,3
chenoweth,3
sr.,3
relaxes,3
reckoning,3
berra,3
swarming,3
sod,3
cossack,3
ruefully,3
farthest,3
unsuitable,3
monsters,3
mankowski,3
powdery,3
wrigley,3
sulphur,3
correctness,3
perversely,3
sensor,3
burkes,3
day-to-day,3
mammals,3
redeposition,3
addiction,3
pubescent,3
vacationing,3
lambeth,3
bets,3
battling,3
leash,3
reformer,3
struggles,3
confer,3
foraging,3
precariously,3
minnett,3
moos,3
assail,3
esthetic,3
pores,3
offended,3
stub,3
detector,3
fares,3
harrison,3
overfall,3
amsterdam,3
muscovy,3
chromatographic,3
ounces,3
schematic,3
marion,3
doorways,3
melville,3
eclectic,3
menarche,3
coop,3
crafts,3
snowstorm,3
chattered,3
marketplace,3
conformist,3
cosmology,3
eighty-three,3
spikes,3
intolerable,3
interprets,3
bascom,3
blue-eyed,3
unbalanced,3
motley,3
induces,3
itinerary,3
insulin,3
prodigy,3
translucent,3
leaks,3
supplementing,3
iraq,3
price-consciousness,3
despised,3
viewpoints,3
additive,3
peel,3
mundane,3
shiny,3
fortitude,3
rots,3
scrutinized,3
matt,3
bonfire,3
implicitly,3
mopping,3
executioner,3
sultan,3
larkspur,3
suggestibility,3
anticipations,3
involuntary,3
bas-relief,3
bourgeois,3
lounged,3
uplands,3
hesitant,3
counterattack,3
eagerness,3
longstanding,3
labels,3
pacers,3
2:25,3
nonsingular,3
merciless,3
donned,3
estranged,3
shin,3
sobs,3
omission,3
trays,3
rimanelli,3
fateful,3
proletariat,3
rdination,3
oder,3
discriminatory,3
codification,3
defect,3
obeying,3
comprising,3
hurrah,3
beware,3
wesleyan,3
traditionalism,3
insecure,3
abstracting,3
dissolution,3
sovereigns,3
nominate,3
self-defense,3
hug,3
brigade,3
persuasively,3
champs,3
lavish,3
enrichment,3
yellow-dwarf,3
nebulous,3
vomiting,3
excessively,3
afghan,3
categorical,3
rackets,3
abstractionists,3
unused,3
averting,3
ripening,3
mimetic,3
perceives,3
reclining,3
luxuries,3
parable,3
usp,3
ornamented,3
twinge,3
speechless,3
thiouracil,3
d'artaguette,3
sheaf,3
ape,3
steamboat,3
patrolling,3
mono-iodotyrosine,3
adler,3
aspiration,3
overcrowded,3
flax,3
gravitation,3
sounion,3
litters,3
nonexistent,3
suppositions,3
comprehending,3
profited,3
grapevine,3
clockwise,3
o'donnell,3
indistinguishable,3
backyards,3
cultivate,3
pushes,3
hoop,3
airs,3
assented,3
pax-ordo,3
streamed,3
divination,3
visualize,3
kikuyu,3
trespasses,3
tomatoes,3
15-30,3
pocketbook,3
earnestness,3
recounts,3
oas,3
coined,3
mosk,3
lax,3
shortest,3
long-awaited,3
jannequin,3
renditions,3
dispensation,3
apartheid,3
jurisprudence,3
plateau,3
absorbing,3
aerosols,3
archangel,3
encompassed,3
birkhead,3
quotas,3
tolls,3
epitomized,3
matrimony,3
.38,3
dispatching,3
overlords,3
bugging,3
middletown,3
toot,3
ecliptic,3
complying,3
ruddy,3
stirling,3
rallies,3
nation-wide,3
shareholders,3
defiant,3
horseback,3
redoute,3
flowered,3
mme,3
segregationist,3
unspoken,3
roundup,3
em,3
overcame,3
squabbles,3
outlived,3
citizenship,3
splash,3
impunity,3
steels,3
accumulating,3
jumbled,3
sharper,3
observable,3
dilatation,3
undersea,3
lag,3
maples,3
self-confident,3
catalog,3
rustic,3
pastel,3
banquets,3
reassemble,3
beginners,3
2-year-olds,3
interchangeable,3
molten,3
inflated,3
arden,3
uneconomical,3
welded,3
saledo,3
machinists,3
ineffective,3
motion-picture,3
haggling,3
undisturbed,3
cluck,3
sparring,3
shanty,3
scarlet,3
hoodlum,3
barry,3
upsets,3
expansions,3
gouged,3
synonym,3
ransacked,3
counseled,3
glowered,3
gateway,3
12-gauge,3
worcestershire,3
fellowships,3
frayed,3
aberrant,3
spectacles,3
homeowners,3
$40,3
feast,3
boon,3
jurist,3
chop,3
hateful,3
greed,3
disillusionment,3
breathtaking,3
dramatize,3
holstered,3
lathered,3
standby,3
wrought,3
zones,3
lingo,3
retorted,3
herein,3
cheery,3
mackey,3
millidegrees,3
millidegree,3
precepts,3
showman,3
freckles,3
drury,3
critters,3
icebox,3
cury,3
stan,3
lineup,3
rawlins,3
lengthening,3
idiotic,3
outbreaks,3
dimensioning,3
bavaria,3
forfeit,3
anti-intellectual,3
nip,3
est,3
orthopedic,3
nischwitz,3
trappings,3
tumble,3
buster,3
downgraded,3
saleslady,3
fueloil,3
brittle,3
orthodontists,3
throbbed,3
accusation,3
$750,3
manhours,3
grapefruit,3
underway,3
thumbs,3
offerings,3
radiance,3
repudiated,3
blocking,3
dissension,3
bbb,3
wyatt,3
dewey,3
squadron,3
canal,3
academies,3
slant,3
retinal,3
cakes,3
lewd,3
hoodlums,3
advocacy,3
exquisite,3
antennae,3
curses,3
trample,3
fuses,3
relativistic,3
eustis,3
owning,3
shouldered,3
dryfoos,3
restorability,3
leaflets,3
necrosis,3
dummy,3
interface,3
thicknesses,3
recurred,3
stepson,3
vindicated,3
hoeve,3
spirito,3
flory,3
collagen,3
detergency,3
ku,3
adapting,3
asw,3
blvd,3
karen,3
innocently,3
twirler,3
unrestricted,3
louse,3
redder,3
jewelry,3
profusely,3
.07,3
rotting,3
opus,3
socialized,3
renamed,3
hulks,3
l'turu,3
busts,3
ounce,3
trademark,3
clings,3
chasing,3
hoped-for,3
han',3
hurl,3
mc/sec,3
translations,3
effecting,3
dante,3
1912-13,3
tracking,3
swallowing,3
supplant,3
cr,3
rapping,3
missail,3
clam,3
corkscrew,3
cecilia,3
diagnose,3
reap,3
ordo,3
valve,3
andover,3
lured,3
auxiliaries,3
impressionist,3
modeled,3
inventive,3
connotations,3
disunity,3
specifying,3
truncated,3
indigenous,3
heroism,3
bothers,3
4-inch,3
stake-out,3
grubb,3
resolving,3
betterment,3
understandably,3
sustenance,3
muslim,3
excesses,3
casbah,3
lindemann,3
trapper,3
instructive,3
curia,3
heredity,3
what's-his-name,3
giovanni,3
guatemala,3
anti-french,3
salvador,3
groundwork,3
tiepolo,3
gilman,3
royce,3
francaise,3
matunuck,3
conjecture,3
hempstead,3
mystic,3
compensatory,3
originating,3
single-step,3
hath,3
public-spirited,3
middle-south,3
admirer,3
fiend,3
impoverished,3
dismaying,3
balaguer,3
pioneered,3
portico,3
torsos,3
shan,3
differentiable,3
spacecraft,3
kernels,3
recapture,3
institutionalized,3
naples,3
subservient,3
purring,3
wanton,3
ordeal,3
top-level,3
short-run,3
borromini,3
peach,3
warns,3
alsatian,3
retard,3
barricade,3
waspish,3
narrows,3
alight,3
divers,3
high-spirited,3
three-day,3
cadre,3
weakly,3
gardening,3
monarch,3
socialistic,3
outback,3
disordered,3
congruent,3
puccini,3
self-appointed,3
inspire,3
keyed,3
babes,3
novice,3
clientele,3
dashiell,3
proprietorships,3
lamplight,3
prosodic,3
cartoon,3
creepers,3
crumb,3
threadbare,3
crystallites,3
orbiting,3
erecting,3
objectionable,3
race-driver,3
2:30.3-:36,3
recede,3
autoloader,3
sachems,3
slackened,3
shortening,3
militarily,3
double-step,3
explosives,3
stepwise,3
intelligently,3
taras,3
transact,3
maroon,3
minuteman,3
yosemite,3
rads,3
cheaply,3
"4,000",3
pulitzer,3
sunken,3
eqn,3
swaying,3
barbecues,3
exerts,3
spiced,3
stoneware,3
reappears,3
resorting,3
kilometers,3
relented,3
absences,3
restful,3
teammate,3
grabs,3
swimmers,3
presser,3
staunchest,3
awarding,3
bristle,3
appeasement,3
manthey,3
verloop,3
rationalist,3
sinless,3
illegitimate,3
incite,3
blacks,3
masons,3
conjugal,3
sacramento,3
mantel,3
pick-up,3
guesses,3
unlined,3
blessings,3
enchantment,3
necessitates,3
pianists,3
doorstep,3
aflame,3
perceptive,3
transcending,3
inverted,3
forgetfulness,3
ludwig,3
hilton,3
fertilizers,3
mckee,3
stagecoach,3
goitre,3
thud,3
unleashed,3
rapture,3
13.5,3
amidst,3
non-fiction,3
penniless,3
lucrative,3
blotted,3
carve,3
v-1,3
ulanys,3
klan,3
$125,3
hog,3
prosecuting,3
hobbies,3
brandel,3
bureaucratic,3
iocsixf,3
ozone,3
capsules,3
cortlandt,3
deposition,3
otis,3
netherlands,3
$7,3
tiniest,3
exhausting,3
gallantry,3
u.m.c.i.a.,3
overreach,3
distraction,3
caroli,3
ratcliff,3
keene,3
thousandth,3
shucks,3
seaweed,3
wickedness,3
devastated,3
geologists,3
gadfly,3
porto,3
thinkin,3
implementing,3
specter,3
judiciary,3
prejudicial,3
deep-set,3
takin,3
egotist,3
underprivileged,3
consonant,3
italics,3
salute,3
unsolved,3
thrashed,3
momoyama,3
musial,3
dell,3
fifteen-minute,3
excavation,3
chisholm,3
stimulates,3
mazeroski,3
self-sufficient,3
hevin,3
murmur,3
guilford-martin,3
willamette,3
clinic,3
rogues,3
quell,3
kiz,3
"3,500",3
place-kicking,3
evadna,3
twenty-first,3
setbacks,3
bathrobe,3
core-negro,3
intergroup,3
leopoldville,3
twitch,3
deceit,3
nausea,3
handbag,3
fouling,3
unwise,3
adair,3
marv,3
spouse,3
hush,3
packs,3
pompous,3
edna,3
precede,3
overtures,3
steelers,2
intermittently,2
poppy,2
disproportionate,2
aromatic,2
fennel,2
circumscribing,2
meanin',2
travelin',2
wohaw,2
splotched,2
parametric,2
misconstrued,2
unheeded,2
jubilantly,2
agone,2
irrevocable,2
pursues,2
annoy,2
hosaka,2
lieutenant-governor,2
okamoto,2
mennonite,2
tree-clumps,2
monasteries,2
conan,2
repetitious,2
calibre,2
towsley,2
telegrams,2
eros,2
fifty-odd,2
settles,2
gladius,2
hieronymus,2
1.07,2
och,2
poirot,2
generalists,2
asterisks,2
lifeless,2
cloudy,2
practised,2
clamor,2
volumetric,2
reaffirmation,2
emphases,2
playmates,2
reorganizations,2
waned,2
longer-term,2
astronaut,2
unimaginable,2
vernacular,2
topping,2
illnesses,2
overflow,2
escorting,2
dearest,2
westport,2
georges,2
stings,2
jubilant,2
ironical,2
unsaturated,2
physique,2
panicked,2
5:12,2
mealtime,2
eked,2
exponents,2
worshipped,2
colloquium,2
aniseikonic,2
compels,2
pastures,2
conjectures,2
refreshment,2
yin-yang,2
realms,2
successively,2
27:1,2
testaments,2
arraigned,2
unlucky,2
age-and-sex,2
engender,2
abigail,2
misconceptions,2
lanza,2
omits,2
catskills,2
sniff,2
simple-minded,2
papp,2
rhythmically,2
cosmologists,2
judiciously,2
fretting,2
mischa,2
reinhardt,2
eerie,2
tchaikovsky,2
gilels,2
bouffant,2
copland,2
authentically,2
humanness,2
piquant,2
spatially,2
terpers,2
viewless,2
lebanese,2
centuries-old,2
1860-70,2
yearnings,2
thrush,2
oppressors,2
inanimate,2
congresswoman,2
appraisals,2
lipchitz,2
apostles,2
correlating,2
dowry,2
nonconformist,2
abc,2
everest,2
larceny,2
day-watch,2
ingleside,2
meditative,2
sub-tests,2
infidelity,2
dusky,2
time-servers,2
credible,2
palpable,2
matured,2
wemmick,2
drummed,2
reek,2
formality,2
tantrum,2
rumdum,2
clucks,2
peeked,2
jutting,2
haltingly,2
truthfulness,2
-henry,2
redactor,2
leave-taking,2
grief-stricken,2
obscene,2
yellowing,2
indenture,2
reloaded,2
erd.ouml,2
macromolecules,2
goddammit,2
straggling,2
yawning,2
hooves,2
declaimed,2
ligands,2
monomer,2
hexagonal,2
fibrin,2
carboloy,2
cherries,2
tonsil,2
epoxy,2
resorcinol,2
birch,2
monosyllables,2
concentric,2
checkup,2
tranquil,2
proteolysis,2
surly,2
brides,2
blackjack,2
unprotected,2
cantor,2
merry-go-round,2
excursion,2
mourners,2
nobleman,2
senile,2
chastity,2
ravenous,2
violets,2
fortresses,2
fig,2
scatter,2
nociceptive,2
flogged,2
onlookers,2
burrows,2
desertion,2
snodgrass,2
2-liter,2
bygone,2
humiliated,2
curling,2
headwalls,2
agglutinins,2
misshapen,2
kneeled,2
sickly,2
serological,2
cultivating,2
aggressor,2
gnashing,2
offenders,2
scornfully,2
sirens,2
discredit,2
seidel,2
blazed,2
inversion,2
fervently,2
stills,2
low-pitched,2
quatrain,2
six-point,2
rumbled,2
hand-to-hand,2
liter,2
isotopic,2
prolific,2
flexed,2
exuberantly,2
diety,2
mistrial,2
whiteness,2
vera,2
emissary,2
constricted,2
atonement,2
6-foot,2
susceptibility,2
double-entendre,2
pillar,2
ferromagnetic,2
watchful,2
aggies,2
carreon,2
solitude,2
commissioned,2
axial,2
heroics,2
boils,2
milky,2
lopez,2
gauer,2
rocklike,2
riddles,2
appropriateness,2
single-handedly,2
amorous,2
relieves,2
forgit,2
gagarin,2
josiah,2
lodley,2
spongy,2
'55,2
outrageous,2
bolsheviks,2
piero,2
sitters,2
billikens,2
billiken,2
buell,2
pinching,2
deauville,2
readjust,2
wall-to-wall,2
enameling,2
drafty,2
exterminate,2
pre-season,2
cornmeal,2
menus,2
reproductions,2
congregational-baptist,2
impressing,2
sermons,2
balkans,2
comus,2
bodice,2
reformatory,2
penny-wise,2
tawdry,2
dragnet,2
gargle,2
'research,2
vernier,2
ge,2
marietta,2
primed,2
skidding,2
yr.,2
legume,2
low-moisture,2
interment,2
grenier,2
transducers,2
denting,2
olympics,2
improperly,2
choruses,2
admirers,2
accolade,2
life-long,2
swig,2
flooding,2
insulate,2
m.p.h,2
horseplay,2
self-sacrifice,2
coerce,2
trek,2
prompts,2
"$12,500",2
armadillo,2
belvedere,2
merc,2
blackmail,2
grisly,2
shaker,2
palsy,2
dutifully,2
raincoats,2
craven,2
jiffy,2
stetson,2
quizzical,2
sanatorium,2
cross-legged,2
flaky,2
crackpots,2
refunds,2
bonanza,2
photogenic,2
crackle,2
dryness,2
heilman,2
cayenne,2
incense,2
s+w,2
240-grain,2
kolpakova,2
enervating,2
allocations,2
armchairs,2
b-47,2
ineptness,2
center-punch,2
improper,2
piloting,2
11%,2
setter,2
wilbur,2
upped,2
mano,2
teahouse,2
unmatched,2
cobalt,2
lumped,2
pavese,2
lineage,2
cosmopolitanism,2
publique,2
saracens,2
trickster,2
u.n.,2
overdue,2
flickered,2
disarray,2
coosa,2
obsesses,2
benevolent,2
simplifies,2
royalties,2
riddled,2
alienate,2
afresh,2
augmenting,2
catalytic,2
tucking,2
top-drawer,2
enslave,2
contentions,2
clarke,2
covington,2
stidger,2
petrified,2
wordlessly,2
lark,2
commemorated,2
agatha,2
schelling,2
darwinism,2
gibbon,2
howse,2
shedding,2
dramatizes,2
scrivener,2
bi,2
low-class,2
realist,2
disparity,2
journeyed,2
zoologist,2
defensiveness,2
encumbered,2
dweller,2
vineyard,2
chronicles,2
plummer,2
axioms,2
pembroke,2
injurious,2
foolhardy,2
libretto,2
dislocations,2
pengally,2
sublimate,2
align,2
bashful,2
catechism,2
one-arm,2
gortonists,2
persisting,2
sparsely,2
pawcatuck,2
hither,2
forgave,2
rabid,2
fostering,2
hoisted,2
characterizations,2
busses,2
thermodynamically,2
fashioning,2
koenigsberg,2
manin,2
fast-closing,2
vexed,2
differentiate,2
crescent,2
presences,2
5-day,2
formalized,2
bridgehead,2
trench,2
alors,2
ramillies,2
beryl,2
seaside,2
wilhelmina,2
waterproof,2
greenhouse,2
traitor,2
4-0,2
dolan,2
gags,2
ex-liberals,2
lubell,2
exclamations,2
poltava,2
hive,2
5-run,2
lunchtime,2
clurman,2
snowballs,2
defeats,2
preprepared,2
strafe,2
yoneda,2
emanuele,2
cotillion,2
exec,2
echoing,2
varnishes,2
trager,2
stepmother,2
renovation,2
backwards,2
cider,2
wasp,2
shimmy,2
lagged,2
absoluteness,2
non-christians,2
irreverence,2
erased,2
giveth,2
quixotic,2
nadir,2
bolger,2
belated,2
fatalities,2
monty,2
poverty-stricken,2
schultz,2
conceals,2
leonato,2
rosen,2
salfininistas,2
paralyzed,2
sergei,2
ill-fated,2
trouble-free,2
loc,2
refreshingly,2
chantey,2
getz,2
anton,2
lp,2
ruse,2
rouse,2
disloyal,2
abbott,2
conciliatory,2
adopts,2
mazurka,2
dais,2
covent,2
propeller,2
unjustifiable,2
cooperman,2
prides,2
castros,2
depersonalization,2
heroin,2
debs,2
51st,2
fing,2
olson,2
fortify,2
filles,2
amoral,2
plunder,2
punctuation,2
skidded,2
disabuse,2
seekonk,2
haircut,2
busboy,2
macready,2
roofer,2
spying,2
painstakingly,2
accredited,2
domokous,2
escheat,2
peabody,2
ruts,2
litorigin,2
malicious,2
ankle-deep,2
sandalwood,2
broom,2
unleavened,2
withhold,2
closets,2
oui,2
holdup,2
astor,2
writhe,2
meted,2
punishments,2
aw,2
hoods,2
gutters,2
deities,2
signified,2
girlishly,2
violates,2
georgia-pacific,2
11:30,2
cestre,2
wobbly,2
skippers,2
blue-black,2
regulate,2
turban,2
bake-off,2
deathbed,2
ablard,2
pitt,2
aurora,2
doin,2
sullenly,2
stethoscope,2
grooms,2
whinnied,2
fingernails,2
7-6,2
murkland,2
navigator,2
frito,2
soothed,2
preflight,2
rotate,2
lumpy,2
foreheads,2
sarpsis,2
"$50,000",2
prickly,2
restricts,2
morose,2
den,2
twelve-hour,2
extractor,2
starring,2
curie,2
drip,2
haranguing,2
brutally,2
fairbrothers,2
splits,2
teats,2
porches,2
smoothing,2
lectured,2
flex,2
defocusing,2
landau,2
dodging,2
becket,2
hustled,2
latex,2
braving,2
front-page,2
handbook,2
venomous,2
ooze,2
curry,2
frictional,2
blisters,2
cringed,2
grasping,2
bluntness,2
counteracting,2
tickled,2
dactyls,2
schenk,2
rock-and-roll,2
squirmed,2
hardness,2
poisons,2
straps,2
chute,2
puckered,2
mineralogical,2
crip,2
dodged,2
limped,2
harrow,2
one-sided,2
rattled,2
antisocial,2
miguel,2
mis-ter,2
snail,2
ca.,2
somethin',2
fling,2
0.001,2
seeping,2
clammy,2
sneers,2
contributor,2
matting,2
hostage,2
longshoremen,2
incipiency,2
spittle,2
baldness,2
saddles,2
gogh,2
durkin,2
comprehensively,2
campfire,2
splintered,2
overturned,2
infinitum,2
shapely,2
wisecracked,2
coloratura,2
lois,2
beasts,2
diam,2
ica,2
incompatible,2
rangers,2
illusory,2
blundered,2
comradeship,2
gunpowder,2
19th-century,2
assiniboine,2
faked,2
dependents,2
acquisitions,2
galway,2
fictitious,2
accusingly,2
embargo,2
brotherly,2
prix,2
narration,2
caltech,2
buzzed,2
stunts,2
financier,2
gusto,2
sans,2
epitome,2
bleed,2
hourly,2
residences,2
gynecologists,2
repairmen,2
abides,2
plume,2
biplane,2
1.00,2
wheat-germ,2
pertain,2
intervene,2
smoldered,2
ghostly,2
truest,2
influencing,2
temperate,2
ejected,2
tinsel,2
rochford,2
enthalpy,2
mccauley,2
regrettably,2
7-passenger,2
adhesives,2
humanities,2
snyder,2
easements,2
research-staff,2
resounding,2
qualitatively,2
fattening,2
investor,2
beccaria,2
varian,2
mongolia,2
der,2
heaviness,2
hearers,2
borrower,2
poignancy,2
hydrophobic,2
engraving,2
brushfire,2
unfounded,2
dismemberment,2
decking,2
departs,2
bilge,2
trivia,2
privations,2
anti-secrecy,2
purled,2
stopper,2
220deg,2
caraway,2
eradicate,2
burners,2
misinterpret,2
messengers,2
cistern,2
randomly,2
anti-human,2
adirondack,2
honeybee,2
battlefields,2
spanish-american,2
northland,2
seasoning,2
ribes,2
lookout,2
crewel,2
retires,2
blistered,2
mon-fay,2
flem,2
amiss,2
outboards,2
percy,2
toppled,2
holyoke,2
brookfield,2
jose,2
subgross,2
adobe,2
determinedly,2
endorsement,2
epiphyseal-diaphyseal,2
iodination,2
geocentric,2
regimes,2
tersely,2
grubby,2
basements,2
de-iodinating,2
third-dimensional,2
jewishness,2
medication,2
edema,2
abreaction,2
opinionated,2
lining,2
green-brown,2
pacifist,2
psychically,2
consoled,2
kingsley,2
vidal,2
jams,2
auf,2
glomerular,2
betide,2
peterhouse,2
frivolity,2
frontiersmen,2
vacuolization,2
endeavored,2
ttger,2
emanation,2
specie,2
amazon,2
localization,2
clair,2
maladies,2
moonlit,2
uniting,2
unresolved,2
subsystem,2
blindfolded,2
conscription,2
compromised,2
t.w.,2
tool-and-die,2
tempers,2
abysmal,2
clustering,2
reviving,2
overlay,2
chartist,2
't,2
wharves,2
couched,2
lyking,2
tennyson,2
lacquer,2
pronounce,2
colonists,2
platonist,2
non-political,2
disparagement,2
tortures,2
instructs,2
demarcation,2
chew,2
siesta,2
clemenceau,2
worsted,2
asinine,2
scheherazade,2
actualities,2
unenthusiastic,2
i-th,2
friendlier,2
barbecued,2
disentangle,2
democratization,2
dublin,2
shah,2
appended,2
courtship,2
rensselaer,2
messing,2
beatings,2
phonies,2
worrisome,2
sidled,2
negligent,2
slyly,2
superhuman,2
disheveled,2
girdle,2
howser,2
physiognomy,2
detriment,2
d'etat,2
bric-a-brac,2
alphabet,2
hit-run,2
thermonuclear,2
endeavoring,2
arabs,2
ricans,2
prolixity,2
lineback,2
cowman,2
furthering,2
vowing,2
barbs,2
maiden,2
champassak,2
savannakhet,2
broiled,2
devastation,2
digger,2
non-partisan,2
recite,2
piles,2
mccullers,2
aspencades,2
vicenza,2
inured,2
westphalia,2
frolicking,2
intern,2
schuman,2
multi-million-dollar,2
/18,2
musique,2
interregnum,2
deller,2
mettle,2
preconceptions,2
'god,2
beige,2
pinar,2
pheasants,2
tax-exemption,2
lammermoor,2
piedmont,2
sellers,2
albanians,2
twenty-year,2
expressionist,2
wed,2
improvisations,2
progeny,2
presupposes,2
carbines,2
cavanagh,2
mommy,2
hues,2
galilee,2
chestnuts,2
persona,2
"4,500",2
wastebasket,2
obsequious,2
grandmothers,2
serpent,2
corcoran,2
picketed,2
liners,2
cruisers,2
gunnar,2
magenta,2
outlying,2
brake,2
weber,2
cavorting,2
fifty-five,2
dosed,2
petting,2
wagged,2
somnolent,2
about-faced,2
deodorant,2
guerin,2
sheraton-dallas,2
jessie,2
tulips,2
denouement,2
eaton,2
dwindled,2
tensioning,2
timbered,2
femininity,2
withered,2
lawrenceville,2
misinterpreted,2
unpredictability,2
tailor,2
hydroxyl-rich,2
mid,2
end-use,2
myrrh,2
clogged,2
resins,2
gould,2
nameless,2
slat,2
redeem,2
antidote,2
infuriating,2
five-month,2
renowned,2
trances,2
snickered,2
louvre,2
topcoat,2
hand-woven,2
hindrances,2
fellini,2
bends,2
mille,2
aleck,2
peppermints,2
wedged,2
flange,2
oblivion,2
hul,2
casassa,2
music-loving,2
nw.,2
embarked,2
pen-and-ink,2
feelers,2
undoing,2
sobbed,2
deslonde,2
adrien,2
commissary,2
high-ceilinged,2
carbons,2
flautist,2
managements,2
eighty-fifth,2
inshore,2
seamen,2
impolitic,2
garvier,2
shrinks,2
protagonist,2
stockroom,2
doran,2
parading,2
purify,2
reverberated,2
fatigues,2
sh,2
hacking,2
darker,2
moaned,2
brag,2
acknowledgment,2
revolting,2
contender,2
archipelago,2
disintegrate,2
combellack,2
fargo,2
basel,2
pretexts,2
expertly,2
splashes,2
exasperated,2
directive,2
mardi,2
alla,2
mawr,2
smilingly,2
didn,2
rata,2
conspiracies,2
remanded,2
tailgate,2
winded,2
colloquial,2
roundhouse,2
y-region,2
toured,2
swingin',2
pakistanis,2
merciful,2
swinburne,2
reappraisal,2
hunkered,2
wade,2
authoritarianism,2
broadcasters,2
thin-lipped,2
ignoramus,2
whirring,2
refueling,2
excellency,2
bastion,2
beneficiary,2
leavin,2
itemizing,2
herons,2
ancillary,2
heedless,2
primaries,2
chills,2
discourses,2
sardines,2
denunciations,2
psychopath,2
hunts,2
alf,2
parodied,2
helpers,2
dousman,2
ravages,2
selfless,2
bestow,2
opted,2
quiescent,2
re-created,2
dotted,2
birth-prevention,2
scary,2
scuttled,2
anti-semite,2
pyramid,2
fangs,2
ups,2
moralist,2
spokane,2
distortions,2
ticks,2
surfactants,2
stateroom,2
intolerance,2
elizabethans,2
abounded,2
wilcox,2
assyrian,2
journeys,2
agglomerate,2
therapists,2
6-passenger,2
scr,2
strap,2
servile,2
engineering-management,2
campgrounds,2
cognizance,2
reinforcing,2
pre-selling,2
branded,2
180deg,2
communistic,2
tutoring,2
clearness,2
audio,2
backbends,2
promulgated,2
watercolorist,2
crispness,2
follies,2
cools,2
woodcock,2
inapplicable,2
thrower,2
releasing,2
avenging,2
inadvertently,2
heterozygous,2
tokens,2
slowest,2
kin,2
bonded,2
rough-sanded,2
guitarist,2
harbert,2
prick,2
oblivious,2
paprika,2
bologna,2
childishly,2
metering,2
"$2,000,000",2
dwarfs,2
abilene,2
lazybones,2
lancaster,2
waning,2
wintry,2
interposition,2
berkshires,2
it',2
caruso,2
coppery,2
incompletely,2
fir,2
well-adjusted,2
oxalate,2
54-17,2
.264,2
biologists,2
formalities,2
prudent,2
2:30-:34.3,2
tearfully,2
2:36,2
peroxide,2
raceway,2
hypertrophy,2
stroking,2
chamfer,2
trapping,2
bio-assay,2
ghoreyeb,2
squadrons,2
conquests,2
bicycles,2
free-lance,2
beguiled,2
sacrificing,2
echelon,2
nagasaki,2
vtol,2
signify,2
fledgling,2
dishonesty,2
supervises,2
tosses,2
speculators,2
milliliter,2
gunners,2
cortico-hypothalamic,2
synchronous,2
mcpherson,2
xenophobia,2
consolidate,2
oczakov,2
titre,2
identifications,2
precipitating,2
problem-solving,2
limbo,2
anti-nazi,2
telescoped,2
venn,2
uto-aztecan,2
articulated,2
saucers,2
out-migrants,2
rand,2
buren,2
gleason,2
phonemics,2
gerundial,2
contagious,2
subordinator,2
executors,2
inspected,2
nonreactors,2
steroids,2
sacraments,2
straight-haired,2
incongruities,2
roosters,2
orestes,2
funston,2
vaccination,2
corridors,2
orators,2
eclipse,2
b-plane,2
conquete,2
locus,2
sicker,2
turnover,2
stubbornness,2
philosophies,2
duplicated,2
tellers,2
day-after-day,2
data-processing,2
reinforcement,2
taussig,2
nymphomaniacs,2
colosseum,2
self-discovery,2
pseudo-thinking,2
collingwood,2
respite,2
guthrie,2
aspirant,2
reviewers,2
joins,2
vocalist,2
matriculate,2
coffee-house,2
scourge,2
petits,2
after-school,2
entreated,2
ontario,2
phi,2
schopenhauer,2
vade,2
sortie,2
cinders,2
maddening,2
confessions,2
lovering,2
rebellious,2
fleas,2
despondent,2
1880s,2
coquette,2
repnin,2
juggling,2
fours,2
replacements,2
conscripted,2
honeymooned,2
romanticize,2
dine,2
complimented,2
dueling,2
repute,2
coddington,2
robin,2
expel,2
tricked,2
"$1,000,000",2
ulbricht,2
overflowing,2
flotte,2
competitively,2
ladgham,2
seceded,2
howorth,2
zachrisson,2
sussex,2
accommodating,2
oldsmobile,2
athalie,2
calamitous,2
doo,2
beinge,2
jitters,2
stardom,2
eloquently,2
rigidity,2
dour,2
breaching,2
obituaries,2
woodwards,2
87th,2
thomson,2
heavy-electrical-goods,2
orations,2
reedy,2
resourcefulness,2
pater,2
miscalculation,2
antagonisms,2
vol.,2
clatter,2
madman,2
ha,2
detectors,2
konitz,2
riviera,2
filth,2
evocative,2
carlo,2
galt,2
sandburgs,2
truer,2
lockies,2
dressers,2
permanence,2
flavored,2
groceries,2
$90,2
46th,2
cost-data,2
swoops,2
spotting,2
momma,2
trophies,2
discredited,2
nautical,2
kretchmer,2
wash.,2
beaker,2
slackening,2
squads,2
grader,2
sister-in-law,2
bores,2
dunkel,2
dresbachs,2
detention,2
bins,2
emmert,2
orcutt,2
re-election,2
bakery,2
newbold,2
quarter-century,2
weekday,2
shiloh,2
christi,2
scarsdale,2
carr,2
cityscapes,2
syria,2
hatched,2
belted,2
blasting,2
mugs,2
feuchtwanger,2
juices,2
martinis,2
dampen,2
nicer,2
3/8-inch,2
adjustable,2
stickler,2
finley,2
burnings,2
corder,2
grassy,2
meditating,2
wagging,2
arapacis,2
reverses,2
light-colored,2
stewards,2
defraud,2
loyalist,2
reorientation,2
under-developed,2
anti-organization,2
peace-loving,2
legislatures,2
colquitt,2
scans,2
swipe,2
anders,2
ferment,2
wrenches,2
4-day,2
wastewater,2
rap,2
relentlessness,2
sunshades,2
patronizing,2
engineer',2
inhibitor,2
coverlet,2
chauffeur-driven,2
hubba,2
flirtation,2
rasp,2
straddled,2
receptive,2
wither,2
brochure,2
ch,2
life-like,2
staked,2
washer,2
smacked,2
facilitates,2
inexact,2
sage,2
compressive,2
comets,2
chiropractor,2
spike,2
inclusions,2
differentiability,2
delineating,2
gurion,2
legitimately,2
cain,2
ushered,2
phantom,2
eluding,2
recited,2
suns,2
woodwind,2
metabolic,2
enlightenment,2
armpit,2
bums,2
one-night,2
nernst,2
helmets,2
sonic,2
sentient,2
trajectory,2
tolstoy,2
programed,2
leaky,2
healthily,2
apportionments,2
fluttered,2
classically,2
inducement,2
trucking,2
bobbsey,2
planar,2
representational,2
pluck,2
translating,2
handsomer,2
proponent,2
arturo,2
hop,2
lawmen,2
ninety-six,2
begrudge,2
bipartisan,2
ragging,2
fleischman,2
fleming,2
oatnut,2
plain-clothesmen,2
flocked,2
h.ouml,2
apogee,2
longhand,2
sluiced,2
triviality,2
esthetics,2
stocky,2
mough,2
strutted,2
wind-swept,2
wickedly,2
whaddya,2
vocational-advancement,2
aristide,2
feebly,2
merges,2
basking,2
bombings,2
rabble,2
cockroaches,2
strippers,2
alimony,2
tango,2
trash,2
poling,2
concretely,2
palisades,2
infrequently,2
dookiyoon,2
yawn,2
punching,2
fluctuating,2
exacts,2
rationalization,2
harnessed,2
curtailed,2
neutralization,2
"1,083,000",2
genre,2
hypocrite,2
formative,2
multitudes,2
outface,2
20-to-1,2
antietam,2
fer,2
artisans,2
l'union,2
cupboard,2
full-grown,2
tiber,2
sangallo,2
harvests,2
predominance,2
deportees,2
trickle,2
durability,2
harem,2
offender,2
divergence,2
-you,2
viall,2
gogol,2
regal,2
zeros,2
spattered,2
unqualified,2
cages,2
stump,2
enveloping,2
semantically,2
adverbial,2
cables,2
phillip,2
pavements,2
dismally,2
macabre,2
looms,2
emptier,2
mallory,2
burnham,2
bounding,2
backstage,2
centrifuge,2
hathaway,2
deplorable,2
stuffing,2
schaeffer,2
redecorated,2
keynotes,2
above-mentioned,2
espoused,2
cones,2
sluggish,2
albums,2
totality,2
harmonic,2
miscellany,2
crave,2
fanatical,2
adapters,2
5-5,2
chou,2
franco,2
decomposing,2
comically,2
timex,2
storyline,2
self-employed,2
non-thermal,2
strata,2
perky,2
activate,2
hannah,2
alwin,2
sects,2
redress,2
petipa-minkus,2
verreau,2
wangenheim,2
dtisches,2
inflow,2
hilarious,2
unauthorized,2
octave,2
porosity,2
perish,2
babylonians,2
underlining,2
wayside,2
trachea,2
one-sixth,2
unchanging,2
thermodynamics,2
1:12,2
stoned,2
restlessness,2
constructively,2
obliteration,2
bashaw,2
progression,2
unattended,2
guar,2
filberts,2
prayin',2
congestive,2
chlorothiazide,2
degradation,2
interpreting,2
conseil,2
lymph,2
smilin',2
kodama,2
heuvelmans,2
shatter,2
forsaken,2
counts/minute,2
ortega,2
banal,2
staminate,2
ginger,2
doctrinaire,2
wander-years,2
4.1,2
29.2,2
outbreak,2
respiration,2
heartbreaking,2
untrue,2
scrutin,2
brassy,2
alabamas,2
transversus,2
praises,2
hemosiderin,2
friable,2
infiltrated,2
sustaining,2
liberace,2
dystrophy,2
unwholesome,2
fairfax,2
piccadilly,2
bonus,2
$8,2
lesion,2
monde,2
das,2
ziffren,2
troubling,2
tahiti,2
boone,2
cusp,2
labelled,2
cowley,2
hesitantly,2
inhibits,2
nathaniel,2
dereliction,2
stomped,2
agile,2
stowe,2
smokehouse,2
tomblike,2
telegraphed,2
rte.,2
transformers,2
phantasy,2
festivus,2
imperfectly,2
hogs,2
nestling,2
atreus,2
lucretia,2
pig-drunk,2
essayed,2
behaves,2
flattening,2
collages,2
lordly,2
sect,2
pervading,2
tobin,2
evaded,2
oversubscribed,2
nutritive,2
central-city,2
reinhard,2
potomac,2
remembrance,2
canopy,2
unfinished,2
restlessly,2
disillusioned,2
exemplify,2
moths,2
physiologic,2
boxed,2
travelogue,2
shrug,2
laments,2
lob-scuse,2
affidavits,2
falsehoods,2
neocortical-hypothalamic,2
lice,2
survey-type,2
obscenities,2
prognosis,2
common-sense,2
premonition,2
lexical,2
libertines,2
descends,2
stabbed,2
chinless,2
hypocrites,2
beggars,2
decry,2
sonnets,2
expiation,2
mon-khmer,2
orvil,2
juke,2
sinuous,2
eluard,2
apocalypse,2
electroshock,2
hun,2
drunker,2
nomias,2
bogy,2
agonizes,2
knob,2
synchrony,2
fortman,2
bragg,2
underlined,2
complements,2
britten,2
essences,2
water-soluble,2
fables,2
dilation,2
bentley,2
indexes,2
lodges,2
jerk,2
danaher,2
lavallade,2
insulating,2
midshipmen,2
andrews,2
ironed,2
indigestion,2
r.p.m.,2
tinkling,2
prowess,2
unassisted,2
physiologist,2
doubtfully,2
peppered,2
scraggly,2
insidious,2
7-4,2
whipsnade,2
overshoes,2
over-achievers,2
puppy,2
portentous,2
lapping,2
internalized,2
sweeter,2
transcendent,2
paralyzes,2
mono-unsaturated,2
showings,2
xrelease,2
octoroon,2
devils,2
lagoons,2
decorum,2
opposes,2
sledding,2
gout,2
voodoo,2
anticipates,2
southwestern,2
goody,2
31st,2
bonaventure,2
integrating,2
connexion,2
outlaw,2
fungus,2
pooling,2
rip-roaring,2
boos,2
r-n.j.,2
duffy,2
tripping,2
hopkinsian,2
last-minute,2
pantomime,2
zurich,2
newlyweds,2
sedimentation,2
receded,2
whittier,2
status-roles,2
cone-sphere,2
fractures,2
diffidence,2
dist,2
transference,2
pumped-up,2
convincingly,2
ripened,2
notables,2
poultices,2
terry-cloth,2
eyeball,2
melanesian,2
sassafras,2
corked,2
"$4,500,000",2
copra,2
crucified,2
bordeaux,2
riverbanks,2
neuropsychiatric,2
adjective,2
three-fourths,2
kenny,2
pennock,2
unuttered,2
yogi,2
meritorious,2
tee-wah,2
hollered,2
hay-shakers,2
blotting,2
victimized,2
80%,2
emptiness,2
connects,2
myofibrillae,2
bubbled,2
solly,2
emboldened,2
cross-striations,2
prod,2
dilated,2
shod,2
shoot-down,2
semi-major,2
rivaled,2
undermined,2
debuting,2
urinary,2
mead,2
herrick,2
revivalism,2
coronado,2
enigmatic,2
princesse,2
rallying,2
shoettle,2
corrections,2
obligingly,2
feted,2
carre,2
furlough,2
coal-black,2
handmade,2
focuses,2
great-grandfather,2
spectrometer,2
esse,2
calder,2
memorizing,2
deliberation,2
nodes,2
bulls,2
twenty-nine,2
hunched,2
inwardness,2
possum,2
thirteenth,2
snellville,2
calvary,2
bursts,2
manipulated,2
diaphragmic,2
practicality,2
cambodia,2
onslaughts,2
$65,2
banisters,2
reichenberg,2
rackety,2
mother-of-pearl,2
trigonal,2
roquemore,2
debilitating,2
thoroughgoing,2
co-workers,2
registrations,2
year-to-year,2
paving,2
leeway,2
individualists,2
c+o,2
1930s,2
collisions,2
paranoid,2
deplored,2
ornery,2
welter,2
quickstep,2
three-round,2
fritz,2
two-fold,2
meekly,2
confiscated,2
hydrophilic,2
initiates,2
acrobatic,2
zubkovskaya,2
anglicans,2
crunch,2
pius,2
cadillacs,2
volcano,2
glycerol,2
refining,2
rarity,2
emotionalism,2
deteriorating,2
smallpox,2
mmm,2
disrepute,2
low-temperature,2
pretends,2
closed-door,2
harrowing,2
pros,2
rainstorm,2
quarrelsome,2
nudity,2
deferent,2
idling,2
spurt,2
air-conditioning,2
compassionate,2
caroline,2
ensconced,2
**f,2
preston,2
sseldorf,2
glycerin,2
iraqw,2
countered,2
tribesmen,2
foreign-policy,2
refuel,2
pfc,2
theorize,2
enlivened,2
outnumber,2
takings,2
five-cent,2
junkers,2
loose-jointed,2
hunk,2
conduction,2
5.6,2
monopolistic,2
atrocities,2
aristotelian,2
ablation,2
blauberman,2
shockwave,2
gaussian,2
junctures,2
sprue,2
macarthur,2
8.6-mm,2
developers,2
delegating,2
feuds,2
$8.00,2
palmed,2
dockside,2
expediting,2
sheathing,2
billboards,2
poughkeepsie,2
teheran,2
unlocks,2
honan,2
four-lane,2
drake,2
carvings,2
hoc,2
non-contributory,2
non-academic,2
butterfly,2
cosmological,2
6:15,2
mart,2
geared,2
prerogatives,2
high-quality,2
misrepresents,2
theorists,2
infantile,2
virgil,2
masts,2
merritt,2
'simplicity',2
discontinue,2
friedenwald,2
seventies,2
dashes,2
somersault,2
finer,2
descendant,2
migrated,2
incantation,2
broadcastings,2
attest,2
gill,2
compressor,2
sheen,2
plotting,2
beta,2
tambourine,2
pedantic,2
orchesis,2
outlining,2
congregationalist,2
creditors,2
brewery,2
gibault,2
popish,2
laminated,2
alden,2
fil,2
soothsayers,2
hastening,2
donaldson,2
highlighting,2
moisten,2
re-sharpening,2
winsor,2
whizzed,2
granddaughter,2
usher,2
broiler,2
anchors,2
toasting,2
sear,2
uprisings,2
tapestries,2
devery,2
fanciful,2
26th,2
salubrious,2
candidly,2
recapitulation,2
witt,2
burl,2
salvo,2
total-cost,2
healer,2
sears,2
parasols,2
skeet,2
jean-paul,2
detestable,2
fowler,2
fairchild,2
antecedents,2
english-speaking,2
bernhardt,2
encroaching,2
cannibals,2
distrusted,2
gusty,2
other-directed,2
avowed,2
relativism,2
hotly,2
lien,2
bloodhounds,2
silesia,2
top-quality,2
inordinately,2
sapling,2
gute,2
1938-39,2
volunteering,2
figone,2
sobriquet,2
profuse,2
stave,2
2:04.2h,2
lingered,2
fortescue,2
genus,2
tyme,2
2:32,2
substantiate,2
crews,2
case-history,2
lovable,2
aversion,2
evolving,2
hapgood,2
eddy,2
stardel,2
parsifal,2
yorkers,2
turnouts,2
hovel,2
tiptoeing,2
4:45,2
highpoint,2
stubble,2
monagan,2
reimburseable,2
centralizing,2
aurally,2
babin,2
regius,2
collaborate,2
indulgent,2
presto,2
gettysburg,2
timbre,2
waldo,2
proprieter,2
sanding,2
1-1/4'',2
2:34h,2
2:34,2
flick,2
amonasro,2
deserving,2
fps,2
underwent,2
conceives,2
upland,2
adversity,2
bondsman,2
highlight,2
khrushchevs,2
gianicolo,2
bedridden,2
modifiers,2
halves,2
horse-radish,2
kroger,2
pimps,2
gator,2
quicksilver,2
youngish,2
mailer,2
magnificence,2
frock,2
unrewarding,2
honorary,2
lashes,2
vacuuming,2
6-inch,2
dialectics,2
grinsfelder,2
dearborn,2
rockport,2
elvis,2
electrocardiograph,2
pulsing,2
cartilage,2
baum,2
sequoia,2
unimpeachable,2
repulsions,2
propionate,2
crux,2
cents-per-hour,2
concessionaire,2
pacify,2
mingle,2
first-level,2
foodstuffs,2
'fellows,2
vacuum-formed,2
pegs,2
bolder,2
hauls,2
flicker,2
gals,2
dilemmas,2
prehistoric,2
squash,2
falter,2
freshly,2
skating,2
shoveled,2
pre-shaped,2
dilate,2
encircled,2
pauses,2
o.-c.,2
monica,2
neon-lit,2
starred,2
ghouls,2
perse,2
manningham,2
runner-up,2
kempe,2
guidebook,2
materialistic,2
virdon,2
quickie,2
paragon,2
uglier,2
scaled,2
o'brien,2
felons,2
forbears,2
dent,2
appease,2
appalled,2
dissemination,2
crooned,2
tanner,2
trifling,2
aylesbury,2
whoe,2
flutter,2
demoniac,2
centre,2
sweetest,2
leaden,2
pallor,2
banded,2
repose,2
lawless,2
pitchfork,2
landslide,2
hals,2
lessing,2
gloated,2
uncorked,2
yuh,2
grunting,2
banned,2
treble,2
colonna,2
minstrel,2
sizzled,2
flawless,2
22-year-old,2
untenable,2
one-quarter,2
treasured,2
sprinted,2
scoreless,2
satis,2
hating,2
invincible,2
moors,2
co-chairmen,2
gourd,2
discordantly,2
frescos,2
airless,2
hundredth,2
stereotypes,2
inculcation,2
dryin',2
piecemeal,2
divorcee,2
eskimos,2
shackles,2
shrilled,2
dissipated,2
readjustment,2
ida,2
pitied,2
deliverance,2
brassiere,2
secretary-treasurer,2
hartes,2
purgation,2
censors,2
smear,2
ill-equipped,2
vertically,2
entwined,2
"$200,000",2
gaming-card,2
choicest,2
rumbling,2
mistrusted,2
nerien,2
moneys,2
torrents,2
pique,2
arbitration,2
intrusions,2
frees,2
hausman,2
firecrackers,2
anguished,2
edgar,2
francesco,2
santo,2
kennard,2
uncooperative,2
illusive,2
seeped,2
averell,2
granary,2
inactivate,2
reside,2
megawatt,2
bait,2
extricate,2
falsehood,2
escritoire,2
boundless,2
grunt,2
breakfasts,2
pickets,2
impassable,2
cheered,2
cate,2
unblinkingly,2
prowl,2
surmises,2
paunchy,2
blemish,2
prettyman,2
horribly,2
unpredictable,2
assuaged,2
paraxial,2
wardens,2
polishing,2
liverpool,2
impeccably,2
blissfully,2
torrence,2
prep,2
mahmoud,2
overpopulation,2
sterilizing,2
greenfield,2
haijac,2
sturch,2
canvassers,2
unattached,2
municipality,2
fair-sized,2
wont,2
sizzling,2
isocyanate,2
peep,2
jagan,2
stans,2
onus,2
intransigence,2
applauding,2
uninitiated,2
airily,2
kolkhoz,2
lucas,2
happenstance,2
buoyant,2
naomi,2
mormon,2
boulevards,2
locomotive,2
catfish,2
innesfree,2
paray,2
siepi,2
visage,2
lso,2
eight-inch,2
shirts,2
sokolov,2
orphaned,2
st.auml,2
supt.,2
brownlow,2
moiseyev,2
ably,2
atkinson,2
numinous,2
"$15,000,000",2
skirmishing,2
pharmaceutical,2
cherokee,2
ceasing,2
frothingham,2
eras,2
overshadowed,2
nan,2
habitable,2
symmetrical,2
tappan,2
recluse,2
hex,2
transplant,2
cav,2
adherent,2
luang,2
ten-gallon,2
nosebleed,2
decanted,2
borglum,2
ivies,2
wedlock,2
labors,2
exoneration,2
oil-bearing,2
straightaway,2
ministerial,2
koinonia,2
oleanders,2
pompey,2
like-minded,2
quavering,2
perpendicular,2
pre-civil,2
egalitarianism,2
externally,2
ensues,2
zemlinsky,2
jeffersonians,2
blithe,2
formalism,2
swedes,2
lucretius,2
curio,2
sensuous,2
inferential,2
cramp,2
fumed-oak,2
stendhal,2
households,2
dell',2
mccay,2
balding,2
raped,2
hulking,2
chiseled,2
well-deserved,2
jaded,2
low-level,2
waitress,2
limber,2
sure-sure,2
exhaled,2
disdainful,2
accosted,2
slap,2
swerving,2
preparedness,2
snugly,2
bright-eyed,2
bearish,2
custody,2
wholly-owned,2
fieldwork,2
terminus,2
cleavage,2
strenuously,2
6-1/2,2
midair,2
tantrums,2
diffused,2
wholeness,2
jumps,2
styron,2
hempel,2
pavilions,2
transmitting,2
plaza,2
ridiculed,2
onlooker,2
importation,2
t-34,2
unheard-of,2
memory-images,2
adored,2
hide-out,2
vittorio,2
confidently,2
irreversible,2
equinox,2
cocoa,2
quince,2
manic,2
attakapas,2
deranged,2
pests,2
swellings,2
fela,2
stragglers,2
pullover,2
galatians,2
zendo,2
alternation,2
beecher,2
heralded,2
fines,2
capitulation,2
buddhists,2
discipleship,2
commuted,2
parallels,2
eye-undeceiving,2
mitigates,2
2.75,2
circulatory,2
suburbanite,2
darkest,2
ochre,2
moiseyeva,2
alexandre,2
curd,2
manny,2
exiled,2
non-god,2
french-canadian,2
vocalists,2
josef,2
cultist,2
alvise,2
wistful,2
appreciative,2
lingerie,2
osborne,2
theatre-by-the-sea,2
memorabilia,2
operas,2
liturgical,2
2.0,2
concealment,2
recoilless,2
poetically,2
tito,2
suez,2
structurally,2
darkling,2
idiosyncratic,2
complimentary,2
adverbs,2
gar-dene,2
idealization,2
priam,2
unrecognized,2
thankfulness,2
accomplice,2
'why',2
puddles,2
dreaded,2
jolla,2
deadliest,2
roughened,2
prized,2
light-headed,2
dictating,2
irresolute,2
homage,2
purport,2
contacting,2
red-clay,2
flatus,2
unambiguously,2
clashes,2
going-over,2
/10,2
carbide,2
gantlet,2
catalysts,2
outstandingly,2
gobbled,2
head-tossing,2
kit,2
floundering,2
satiety,2
o'dwyer,2
valet,2
xavier,2
interact,2
p(t),2
low-pass,2
tilts,2
tactile,2
computes,2
wisp,2
grind,2
tempt,2
clips,2
78th,2
arm-levitation,2
hesitancy,2
ungodly,2
srelease,2
ameaux,2
dsw,2
3-94,2
nettled,2
hopper,2
cupboards,2
wilkes,2
necks,2
curtly,2
exogamy,2
tousled,2
hypothesized,2
regulative,2
pugh,2
"10,000,000",2
dogmas,2
starched,2
websterville,2
disdaining,2
eldon,2
ferraro,2
kickoff,2
decomposes,2
ajar,2
perils,2
sulked,2
raiders,2
malevolence,2
spanned,2
scalar,2
2-5,2
jilted,2
allison,2
aloneness,2
torino,2
top-grade,2
wieners,2
reversal,2
pillared,2
video,2
fouled,2
achaeans,2
"$23,000,000",2
herded,2
cronies,2
depraved,2
canteen,2
"$80,738",2
gentleness,2
boyer,2
parichy,2
morosely,2
outriggers,2
mets,2
heave,2
celebrates,2
lindsay,2
"350,000",2
amigo,2
huhmun,2
cocktails,2
muddied,2
twinkling,2
recommends,2
fiddle,2
emigrant,2
37deg,2
rickenbaugh,2
dismounting,2
sean,2
relay,2
perkins,2
buckled,2
armata,2
9.4,2
pampa,2
debilitated,2
firelight,2
whiteface,2
thundered,2
bulloch,2
dabbing,2
pines,2
pettigrew,2
waked,2
masquerade,2
necropsy,2
taffeta,2
goitrogen,2
halting,2
ringed,2
tasmania,2
curl,2
kirkwood,2
homogenate,2
realty,2
"27,000",2
kililngsworth,2
jowl,2
feasts,2
miss.,2
plugugly,2
creased,2
romanticism,2
s.c.,2
vp,2
f-108,2
mists,2
logan,2
governs,2
phyllis,2
prosecutors,2
typhoid,2
measles,2
stockholder,2
reams,2
cafeterias,2
practitioner,2
gullible,2
calico,2
bragged,2
noticeably,2
smarter,2
leland,2
mittens,2
pouches,2
wreckage,2
remodeling,2
flier,2
7:45,2
stairways,2
pours,2
captivating,2
blinding,2
redecoration,2
ransack,2
oftentimes,2
crags,2
grail,2
schmitt,2
hibernate,2
screened,2
antisera,2
formalize,2
swap,2
high-sounding,2
sluice,2
anti-infective,2
oldenburg,2
90-degree,2
chinning,2
mats,2
workmanlike,2
internationalist,2
roving,2
greenberg,2
fielders,2
alfresco,2
1:512,2
heady,2
colossus,2
pool-side,2
federalism,2
declivity,2
obstructionist,2
tavern,2
unify,2
pulleys,2
kai-shek,2
apostle,2
42-inch,2
haute,2
"$32,000",2
nationalized,2
grist,2
undercut,2
burglars,2
8-oz.,2
broil,2
soapy,2
mouthing,2
bayezit,2
granville,2
livelier,2
hubs,2
all-powerful,2
profusion,2
14.7,2
vainly,2
ministered,2
sweepstakes,2
slung,2
gaseous,2
afar,2
impurity,2
portraying,2
pump-action,2
21-inch,2
molal,2
nay,2
germantown,2
silvery,2
brochures,2
crupper,2
cc,2
mecum,2
escutcheon,2
boatyards,2
affront,2
meditation,2
superintendents,2
earsplitting,2
figment,2
ome,2
half-century,2
begley,2
twos,2
seynes,2
g.ouml,2
caricature,2
untruth,2
hereabouts,2
gears,2
convection,2
hasseltine,2
o.e.c.d.,2
capped,2
benelux,2
deepened,2
breezes,2
acquires,2
illegally,2
ceecee,2
deft,2
avarice,2
pleases,2
dedicates,2
albeit,2
bradbury,2
theatricals,2
specious,2
heathen,2
pensioner,2
dreamlike,2
stowed,2
larks,2
methuselah,2
c.c.b.,2
exhaustive,2
sierra,2
forty-six,2
obedient,2
yff,2
excursions,2
garrick,2
laredo,2
survivalists,2
finberg,2
preceeding,2
leesona-holt,2
installments,2
spider,2
capturing,2
thinke,2
blasphemies,2
transcendentalism,2
chivalrous,2
athenian,2
click,2
fancied,2
metrical,2
pursuers,2
whiting,2
regiments,2
fuhrmann,2
liters,2
culver,2
foot-loose,2
doorbell,2
azalea,2
county-wide,2
omen,2
culminating,2
speechlessness,2
crumbling,2
symbolizing,2
haumd,2
dirge,2
candor,2
coils,2
roos,2
tracers,2
squeaked,2
liberty-and-union,2
seceding,2
racks,2
tombigbee,2
semi-rigid,2
sartre,2
church-state,2
bas-reliefs,2
broxodent,2
chancery,2
rhinos,2
re-enactment,2
barking,2
runnin',2
pedestrians,2
menderes,2
prolonging,2
rediscovery,2
northampton,2
undergoes,2
longer-lived,2
elysees,2
acquittal,2
schwab,2
decadent,2
suicides,2
professing,2
two-run,2
conceptuality,2
felled,2
consume,2
modicum,2
parasitic,2
backyard,2
binders,2
textual,2
exhilarating,2
crannies,2
rangy,2
debunking,2
insubstantial,2
capitalizing,2
nightmarish,2
viscera,2
chorines,2
j.d.h.,2
fifty-three,2
rachmaninoff,2
bella,2
boaz,2
nervousness,2
conjures,2
contretemps,2
rehash,2
button-down,2
partakes,2
fullback,2
nickel-iron,2
katangans,2
depaul,2
grad,2
detachable,2
viciousness,2
benched,2
manufactures,2
unconstitutional,2
craving,2
seafarers,2
elector,2
foresaw,2
contemptuously,2
unerring,2
spirituals,2
wiring,2
apprenticeship,2
ballast,2
nullified,2
shrewdly,2
metalworking,2
enriched,2
semi-literate,2
ira,2
cimabue,2
reprinted,2
dialogues,2
babylon,2
prettily,2
aeronautics,2
unbridled,2
boroughs,2
roster,2
sinusoidal,2
intonaco,2
nogay,2
neapolitan,2
verge,2
sable,2
downcast,2
reprimanded,2
deppy,2
stung,2
irrevocably,2
seductive,2
advertisement,2
wave-length,2
preconceived,2
recalcitrant,2
empedocles,2
sanctimonious,2
availed,2
paraded,2
preachers,2
valuations,2
emanating,2
bequeathed,2
leaping,2
exemplar,2
babbitt,2
orally,2
parvenu,2
advises,2
cognitive,2
praising,2
hallmarks,2
nogaret,2
declarations,2
lapels,2
lana,2
thackeray,2
philology,2
stiffens,2
discerned,2
inspecting,2
insurmountable,2
maitland,2
endurable,2
interviewer,2
maxim,2
no.euml,2
caller,2
cps,2
empiricism,2
irreproducibility,2
fable,2
purge,2
ms,2
antony,2
journalists,2
choral,2
fantastically,2
inaccuracy,2
darwin,2
negate,2
liveliness,2
apollinaire,2
scramble,2
wyndham,2
poises,2
conceits,2
caravaggio,2
triptych,2
chartres,2
inter,2
mobutu,2
endowment,2
transoms,2
incorporate,2
prohibit,2
inaudible,2
analyzes,2
postponement,2
commemorate,2
rancorous,2
klees,2
disperse,2
armory,2
grande,2
sleek,2
plaque,2
gaping,2
competed,2
ersatz,2
reciting,2
negatively,2
$110,2
cost-raising,2
hearer,2
65deg,2
allegoric,2
furrowed,2
enslavement,2
watt,2
ensuring,2
acquitted,2
refreshments,2
skillet,2
toasted,2
one-stroke,2
06-05,2
wrenched,2
analysed,2
templeman,2
frothy,2
laodicean,2
plunges,2
disabilities,2
naps,2
watercolorists,2
foreground,2
gyms,2
wigmaker,2
overeating,2
aback,2
semi-skilled,2
lex,2
discretionary,2
watchers,2
lanterns,2
boogie,2
simulation,2
wrestle,2
gypsum,2
knocks,2
relive,2
wilshire,2
disinclination,2
jamaica,2
comet,2
prophetic,2
pulsation,2
buffeted,2
clogging,2
zero-magnitude,2
alcohols,2
houtz,2
20-year-old,2
recounted,2
imperfections,2
erasing,2
cagey,2
undetermined,2
clique,2
byrnes,2
prussia,2
sittings,2
lattice,2
jew-baiter,2
implicated,2
enemy-jew,2
swerve,2
fittest,2
buildup,2
mackinac,2
reb,2
inoculation,2
vendors,2
brothels,2
volcanic,2
racketeer,2
clubbed,2
multi-year,2
appreciatively,2
wrangled,2
babbled,2
euphoria,2
resembling,2
sushi,2
not-ace,2
nonresidential,2
incinerator,2
uninjured,2
shields,2
twitching,2
niger,2
amelia,2
mrads,2
coworkers,2
haskell,2
clawed,2
steeper,2
belch,2
belching,2
teetering,2
prepackaged,2
wil,2
picketing,2
volition,2
b(t),2
double-valued,2
torpor,2
marcellus,2
unhitched,2
spurious,2
tabulation,2
stagger,2
applicability,2
4.5,2
snug,2
direct-sum,2
swerved,2
full-fledged,2
tacloban,2
muffler,2
bumblebee,2
tick,2
mixer,2
bleaching,2
arson,2
salvaging,2
peddlers,2
indictments,2
pantas,2
duller,2
p-11,2
anthropologist,2
bib,2
horsely,2
sneaker,2
proximal,2
seepage,2
yachting,2
commando,2
sonny,2
misdemeanor,2
insinuation,2
outlaws,2
hangin',2
drawback,2
assaying,2
blocky,2
laced,2
maw,2
loophole,2
foal,2
oystchers,2
godless,2
doting,2
glazer,2
bridesmaids,2
fulfills,2
paunch,2
bone-weary,2
rer,2
masterful,2
farnese,2
osseous,2
banners,2
separable,2
christmastime,2
caravans,2
pittsburghers,2
insulted,2
hacked,2
rathbone,2
sethness,2
aggie,2
whooping,2
carvalho,2
stationery,2
balkan,2
darkly,2
7:00,2
gauged,2
glassy,2
fortifications,2
jeweled,2
marc,2
unsmiling,2
bathyrans,2
haggard,2
o'dwyers,2
bishopsgate,2
thynne,2
bewitched,2
testicle,2
goitrogens,2
roundly,2
goodnight,2
correspondingly,2
peeping,2
gaylor,2
bucs,2
frost-bitten,2
disrupting,2
slopping,2
pathologist,2
undersecretary,2
haddix,2
ubiquitous,2
burbank,2
intractable,2
colon,2
conformance,2
hangover,2
scowling,2
reclaim,2
downtrodden,2
week-ends,2
packers,2
unoriginals,2
crawls,2
abolished,2
impious,2
ovation,2
pens,2
fantasia,2
romanza,2
nucleotide,2
bulba,2
analeptic,2
wwrl,2
mourned,2
slices,2
imperialism,2
delon,2
chico,2
bruising,2
affirming,2
modernists,2
leslie,2
ethicist,2
paschal,2
sherrill,2
lefthander,2
high-rep,2
ailing,2
nineteen-year-old,2
corns,2
malingering,2
manly,2
castor,2
celebrants,2
amateurish,2
"1,700",2
mockery,2
marmon,2
propitious,2
ferro,2
abasement,2
mayoral,2
delegations,2
lubra,2
conclave,2
unequally,2
strindberg,2
blaine,2
nacht,2
beriberi,2
$3.5,2
bluish,2
pumpkin,2
layering,2
reminiscence,2
bellman,2
dullest,2
planner,2
frenchmen,2
prop.,2
owls,2
oceanographic,2
lefty,2
crate,2
gender,2
jackass,2
mcnaughton,2
thrills,2
palate,2
monteverdi,2
influent,2
crowed,2
petted,2
symington,2
one-thirty,2
burgess,2
loudspeakers,2
ol',2
dishearten,2
forgiving,2
lila,2
finger-post,2
crickets,2
sanford,2
transforming,2
stabilize,2
lambert,2
roused,2
lanky,2
bespectacled,2
unscrewed,2
frances,2
conducive,2
ungrateful,2
nicaragua,2
reclaimed,2
overdone,2
minerva,2
glenda,2
litigant,2
death's-head,2
triservice,2
introspective,2
beau,2
ervin,2
rotten,2
mild-mannered,2
sight-seeing,2
concierge,2
tawes,2
buckra,2
dislodge,2
terrifies,2
inept,2
tiredly,2
abbot,2
adulterers,2
ferdinand,2
budgeted,2
untold,2
functionary,2
giddy,2
hissed,2
vestige,2
yodeling,2
mackerel,2
sisk,2
crazed,2
scripps,2
necktie,2
unwisely,2
acknowledges,2
topgallant,2
soloviev,2
shuttered,2
artless,2
suspecting,2
one-two-three,2
walters,2
shawnee,2
claus,2
veterinarian,2
neisse,2
broadens,2
testimonial,2
steuben,2
haughty,2
e.g.t.,2
craved,2
efficacious,2
searing,2
knee-length,2
stamina,2
coupe,2
subjectivist,2
distributive,2
gauntlet,2
anachronisms,2
blockading,2
year-earlier,2
scorched,2
featureless,2
eurydice,2
bibliography,2
oozed,2
timeless,2
imputation,2
hatchway,2
wadded,2
yuba,2
specks,2
belowground,2
battery-powered,2
pivot,2
chow,2
shove,2
tacking,2
thar,2
jacksons,2
lasalle,2
estimating,2
dukes,2
near-at-hand,2
numbing,2
fairies,2
expectantly,2
culprit,2
lumiere,2
transylvania,2
philosophizing,2
elusive,2
stalemate,2
concordant,2
low-key,2
grub,2
one-eighth,2
syllabicity,2
breakfasted,2
combatant,2
manes,2
enmeshed,2
rustled,2
three-fifths,2
elation,2
preposition,2
"7,000",2
ditches,2
bawled,2
predicator,2
"80,000",2
longevity,2
honour,2
interludes,2
apprehended,2
bundy,2
waits,2
une,2
western-style,2
earns,2
prescriptions,2
plunking,2
questioner,2
break-even,2
"$1,200",2
chafing,2
stolidly,2
impotence,2
corroborated,2
tyrant,2
bustle,2
self-assertive,2
puttering,2
taunts,2
old-style,2
anticipating,2
kelp,2
/m.,2
spells,2
immensity,2
progressing,2
norwegian,2
sorrentine,2
me-210,2
high-powered,2
restudy,2
ecological,2
jobless,2
welding,2
hard-liquor,2
thermoforming,2
leased,2
easement,2
silicon,2
dismembered,2
multi-valued,2
bosch,2
forma,2
esmarch,2
galvanic,2
0.6,2
dormitory,2
interstitial,2
zworykin,2
ranger,2
solves,2
backdrop,2
patchwork,2
workman,2
adjusts,2
well-trained,2
3-cm,2
overhangs,2
3.03,2
oversize,2
harmed,2
glass-fiber,2
laxness,2
strategically,2
stipulate,2
torch,2
travellers,2
affording,2
louvers,2
handyman,2
resin-saturated,2
13/16-inch,2
recur,2
dowel,2
sponged,2
primes,2
surmised,2
sedately,2
grilled,2
mushroom,2
hooks,2
pre-history,2
pearls,2
auctioneer,2
gages,2
resolutely,2
charleston,2
gatlinburg,2
cloves,2
cooperated,2
carbondale,2
non-existent,2
napkins,2
accessibility,2
conformational,2
unpatriotic,2
naebm,2
.458,2
tenancy,2
interlayer,2
centrifugation,2
rheumatic,2
2:01.1h,2
lullwater,2
gene-princess,2
dream-miss,2
heel-miracle,2
discourteous,2
iran,2
3-3/4'',2
classed,2
lengthen,2
ferocity,2
multiplies,2
charms,2
brahmsian,2
schramm,2
surging,2
reimbursements,2
ganges,2
remake,2
captors,2
daley,2
commending,2
subtilis,2
kenyon,2
improbable,2
tempest,2
bing,2
occident,2
steppes,2
underestimated,2
adrenal,2
bovine,2
votive,2
propositions,2
lueger,2
sloe,2
syndrome,2
catkin,2
woefully,2
montaigne,2
thermodynamic,2
disowned,2
thro,2
soothe,2
burlingham,2
separateness,2
mollify,2
revolts,2
unintended,2
druncke,2
maye,2
bye,2
tole,2
unconvincing,2
preferentially,2
meanes,2
chastisement,2
mythologies,2
colombian,2
pandemic,2
alpers,2
mainstream,2
klauber,2
peptidases,2
foxholes,2
assimilate,2
statuses,2
sorrows,2
macromolecular,2
peripherally,2
asheville,2
sabre,2
befuddled,2
draw-file,2
impaled,2
shabbily,2
windfall,2
'13,2
arrayed,2
tombs,2
negociant,2
c'est,2
fike,2
city-wide,2
ex-mrs,2
infestation,2
souvenir,2
disbursement,2
interferes,2
banjo,2
pelting,2
kieffer,2
busch,2
timeliness,2
goodman,2
germane,2
clyde,2
composes,2
admits,2
1787-89,2
thorp,2
ein,2
hafiz,2
galveston,2
anarchical,2
interpenetrates,2
peltry,2
inadvertent,2
tinkering,2
byproduct,2
lashing,2
beale,2
yeller,2
engrossed,2
bein',2
flavoring,2
plumped,2
diman,2
pears,2
broached,2
wentworth,2
thundering,2
belvidere,2
edgewater,2
hyphenated,2
textured,2
frans,2
hector,2
25th,2
motorist,2
angelic,2
contexts,2
ch'an,2
quietism,2
incurably,2
emancipate,2
parentage,2
khan,2
mcdaniel,2
subdue,2
pragmatism,2
hyperbole,2
playoff,2
unitarians,2
unitarianism,2
7%,2
foolishness,2
unreality,2
patio,2
nyberg,2
lunation,2
baron,2
8-inch,2
impersonation,2
tamiris,2
laureate,2
philippoff,2
skeleton,2
evocations,2
unfailingly,2
dicks,2
airstrip,2
maximums,2
refrigerators,2
censored,2
clemency,2
hessian,2
underwriting,2
$12.50,2
turtleneck,2
bestseller,2
quemoy,2
ethically,2
holiness,2
mccone,2
trimmer,2
sokolsky,2
wanders,2
browny-haired,2
alkaline,2
hopefuls,2
deceleration,2
unfrozen,2
disputed,2
necklaces,2
indemnity,2
legation,2
i.r.s.,2
preponderance,2
tremor,2
1%,2
westmore,2
gonzalez,2
binds,2
norell,2
imprudently,2
nasal,2
jesting,2
skylights,2
staggeringly,2
urgings,2
lionel,2
jacobs,2
densities,2
carmody,2
recessed,2
hurriedly,2
biscayne,2
niagara,2
carmine,2
bugle,2
"8,280",2
possum-hunting,2
windsor,2
confucius,2
unasked,2
bleary,2
ginmill,2
bontempo,2
low-grade,2
presentable,2
aridity,2
fulbright,2
perplexed,2
geraldine,2
drones,2
unparalleled,2
garter,2
jabbed,2
lingers,2
tits,2
amplification,2
helium-4,2
bordel,2
nauseated,2
fire-fighting,2
diatomic,2
sweet-smelling,2
sixty-two,2
chavis,2
uselessness,2
rae,2
5.4,2
skyscraper,2
irina,2
hormones,2
fluoride,2
synagogues,2
hazel,2
shackled,2
long-established,2
dispensed,2
yokosuka,2
intriguingly,2
cellist,2
formby,2
10:30,2
markings,2
chins,2
defiantly,2
shaggy,2
blaming,2
looseness,2
pyknotic,2
leapt,2
reeled,2
distract,2
carousing,2
stinking,2
rumored,2
sabine,2
zeiss,2
sneezed,2
karsner,2
outspread,2
gras,2
thugs,2
bryn,2
christiansen,2
unstrung,2
swirl,2
biologist,2
bawh,2
wiles,2
versed,2
hoffa,2
cornwallis,2
reliving,2
seniority,2
takin',2
untie,2
trigger-happy,2
stacey,2
birdies,2
blandly,2
gaps,2
aspirants,2
blatant,2
100-yard,2
unhurriedly,2
ocular,2
sourdough,2
underline,2
unruly,2
pluralistic,2
bellboys,2
moth,2
"2,100",2
integrates,2
perpetuation,2
lame,2
paternalism,2
frugality,2
deviants,2
dioxide,2
unconditionally,2
digesting,2
cords,2
glycol,2
thorny,2
stationary,2
brandenburg,2
ebbing,2
atlantis,2
decrement,2
newsboy,2
congested,2
peruvian,2
"160,000",2
greenest,2
decedent,2
wavy,2
conferees,2
geochemistry,2
pendulum,2
1/6,2
delusion,2
unplowed,2
inhibiting,2
chatting,2
bellowing,2
oldsters,2
ambushed,2
approvingly,2
comma,2
sihanouk,2
self-centered,2
decisiveness,2
locker-room,2
merrily,2
coleman,2
connoisseurs,2
spies,2
/l/,2
healthier,2
oncoming,2
ridiculously,2
phonetic,2
phonemes,2
substitution,2
previsions,2
battering,2
robby,2
$3.00,2
time-+-motion,2
trusses,2
dutchess,2
fad,2
switchgear,2
incompetent,2
stoves,2
boiler,2
remorseless,2
wraps,2
lactating,2
bali,2
feed-lot,2
interne,2
reiterated,2
pre-primary,2
unimpressive,2
blight,2
culminate,2
pitiless,2
lyricism,2
purgatory,2
awnings,2
out-of-the-way,2
sophie,2
incapacitated,2
heaviest,2
played-out,2
1909-10,2
fairmont,2
lighthearted,2
skiis,2
complicate,2
5-foot,2
hushed,2
paperweight,2
aggressively,2
dampness,2
tightest,2
essentials,2
basting,2
amusingly,2
cosmopolitan,2
megaton,2
phipps,2
forbidding,2
speculated,2
purports,2
kirkpatrick,2
platter,2
hobbes,2
repainting,2
countrywide,2
repairing,2
gassed,2
pride-starlette,2
covert,2
dimitri,2
balked,2
ex-president,2
ever-increasing,2
embryonic,2
noncommittal,2
authorizes,2
canoes,2
unwarrantable,2
buchanan,2
betsey,2
hot-shot,2
manipulating,2
blacksmith,2
selectively,2
"3,000-foot",2
godsend,2
hand-in-glove,2
'30s,2
upper-class,2
addabbo,2
matchless,2
foreseeing,2
equitably,2
aromas,2
thinning,2
levies,2
sensationalism,2
gratuitously,2
balmy,2
canny,2
pseudo-anthropological,2
envisions,2
hutchinson,2
constrained,2
gym,2
nietzsche,2
benighted,2
sombre,2
epics,2
callousness,2
arouses,2
idealistic,2
libido,2
messiah,2
epithet,2
aurelius,2
domina,2
cooped,2
sybil,2
midweek,2
intrigued,2
academics,2
beall,2
windham,2
perplexing,2
benchmarks,2
heresy,2
husbandry,2
sha,2
irremediable,2
chasm,2
elsinore,2
emphatic,2
unforeseen,2
savoyards,2
tuscany,2
lightest,2
chivalry,2
vigilant,2
goodwin,2
"400,000",2
stepmothers,2
arabian,2
dogmatically,2
hobbled,2
exigencies,2
morrow,2
eighty-five,2
determinants,2
pondering,2
knowledgeable,2
vocabularies,2
tripped,2
unpredictably,2
step-by-step,2
tendons,2
evicted,2
gingerly,2
forrest,2
commandment,2
litz,2
urbanism,2
self-government,2
spooky,2
self-interest,2
strictest,2
aboveground,2
saudi,2
upswing,2
astounded,2
nth,2
terraced,2
sabina,2
endearments,2
amortize,2
diagnosing,2
audited,2
starchy,2
belasco,2
beaujolais,2
chilblains,2
marginality,2
insidiously,2
l',2
graded,2
pulverized,2
bodybuilders,2
definition-specialization,2
dumbbell,2
$11,2
diario,2
solicited,2
anchorite,2
oberlin,2
muslims,2
adventists,2
indigenes,2
visitation,2
fives,2
believeth,2
trusteth,2
commonplaces,2
distinctively,2
demythologize,2
fishes,2
oz.,2
blomdahl,2
rink,2
boasts,2
stratification,2
shutting,2
insuperable,2
kant,2
marcel,2
24%,2
f.b.i,2
belaboring,2
shrapnel,2
portfolio-maker,2
legitimacy,2
wearisome,2
nikolai,2
unimpaired,2
well-designed,2
tannhaeuser,2
unclear,2
wiggling,2
rebuttal,2
en-lai,2
crass,2
burlesque,2
loopholes,2
pervades,2
numbness,2
lacey,2
weaves,2
perusal,2
suspensor,2
tonics,2
halo,2
luster,2
fathered,2
finder,2
vestibule,2
congratulatory,2
felling,2
compilations,2
cleanly,2
bumped,2
drizzling,2
pontchartrain,2
wobbled,2
feint,2
calmer,2
bordered,2
insurrection,2
peonies,2
chicks,2
inhibitory,2
stuffy,2
interchanges,2
cuffs,2
shipment,2
diagnosticians,2
stupidly,2
filippo,2
-let,2
unsteady,2
goddamned,2
swamps,2
gowns,2
jacopo,2
rheinholdt,2
yorktown,2
robber,2
sowbelly,2
whisked,2
time-span,2
tampering,2
reactionaries,2
hellfire,2
stifling,2
collie,2
postures,2
tormenting,2
veining,2
wrongdoing,2
arid,2
brush-off,2
thoreau,2
repressive,2
assertive,2
plaintive,2
selma,2
vehement,2
pertinence,2
spa,2
notebook,2
feeding-pain,2
felicities,2
greening,2
abernathy,2
hedge,2
drapery,2
yelp,2
imitators,2
pouch,2
crates,2
hump,2
brahmaputra,2
endures,2
chunk,2
arteriolosclerosis,2
summate,2
lurching,2
felonious,2
sodden,2
gingham,2
housekeeper,2
0.85%,2
fingertips,2
mannerism,2
delicately,2
jabbing,2
weir,2
ovals,2
cliffs,2
belton,2
tipsy,2
co-ordination,2
conestoga,2
inactivation,2
inhibitors,2
thickets,2
reaffirm,2
stinging,2
teased,2
high-density,2
ageless,2
arterioles,2
remnants,2
hyperemia,2
moccasins,2
canister,2
remnant,2
end-product,2
rump,2
sprained,2
whacked,2
ministrations,2
bilateral,2
flatiron,2
channel-type,2
well-developed,2
f.r.,2
shepard,2
pulova,2
bolingbroke,2
sicilians,2
photocathodes,2
studios,2
pups,2
galena,2
accountant,2
glinted,2
wraith-like,2
mono,2
sensitized,2
sclerosis,2
tasteful,2
vasorum,2
ram,2
opelika,2
dominating,2
rescind,2
guiana,2
courtroom,2
subpenas,2
norway,2
ticked,2
unobtrusively,2
rumford,2
sabbath,2
unearthed,2
sniffing,2
initiator,2
neutralists,2
harriman,2
nesting,2
transcripts,2
riddling,2
shiflett,2
paralanguage,2
hatfield,2
comeback,2
/mbf,2
85%,2
oilheating,2
drinkers,2
kiwanis,2
winless,2
all-weather,2
committeewoman,2
nab,2
irreparable,2
"39,000",2
duren,2
1.24,2
inadequacies,2
orthicon,2
tcu,2
bolker,2
natal,2
bacillus,2
presuming,2
florid,2
fascist,2
crystallizing,2
eluded,2
inclement,2
laurels,2
2-run,2
sacrilege,2
mauch,2
gable,2
1/8-inch,2
2.512,2
1960-61,2
recess,2
unfired,2
biscuit,2
sumner,2
tasty,2
armour,2
overhand,2
crusaders,2
heliopolis,2
objector,2
closeups,2
equilibrated,2
teaspoonful,2
handguns,2
glison,2
2:02.3,2
2:33h,2
vieux,2
dane,2
$18,2
endow,2
four-o'clock,2
coddled,2
brumby,2
uranyl,2
paycheck,2
disbanded,2
by-laws,2
oil-water,2
50th,2
stephanie,2
zurcher,2
destroyer,2
n.j.,2
anti-american,2
colo.,2
signaled,2
carpeting,2
plain-spoken,2
synchronized,2
mussolini,2
1959-60,2
bugged,2
luncheons,2
capacitor,2
cooky,2
postman,2
stubs,2
cynthia,2
todd,2
calorimeter,2
homestead,2
entrant,2
playboy,2
rochdale,2
orlando,2
cause-and-effect,2
four-letter,2
allegro,2
slang,2
casanova,2
tuck,2
suspensions,2
amend,2
menaced,2
purged,2
undisputed,2
townsmen,2
three-fold,2
milcote,2
3.3,2
chekhov,2
sentinels,2
11-year-old,2
vow,2
beyeler,2
r.h.,2
"$1,500,000",2
ruh,2
brooke,2
grads,2
visualized,2
hotham,2
mcgeorge,2
stewardess,2
misstep,2
forty-three,2
hijacked,2
stalling,2
steward,2
hijackers,2
crabs,2
microfilm,2
area-wide,2
ephesus,2
miantonomi,2
clinch,2
aquidneck,2
demurrer,2
boliou,2
aired,2
calming,2
opthalmic,2
encrusted,2
nine-thirty,2
asteria,2
pore,2
appropriating,2
accuses,2
postmen,2
waxy,2
adore,2
modifies,2
vivacity,2
exuded,2
stanislas,2
converting,2
sketchbook,2
loathing,2
draughts,2
half-conscious,2
despondency,2
exuberance,2
glasgow,2
dreamer,2
circulate,2
devotions,2
permeates,2
on-site,2
foolproof,2
etched,2
incorruptible,2
squandered,2
-ism,2
besieged,2
cherishing,2
prejudged,2
columnists,2
affluent,2
bidder,2
reformers,2
coups,2
dawning,2
favour,2
dangled,2
coates,2
hookup,2
rowley,2
pomham,2
mortared,2
irredeemable,2
epigraph,2
serenaded,2
three-dimensionality,2
poetizing,2
improvise,2
imaging,2
shrewish,2
hardboiled,2
mater,2
credentials,2
lizzy,2
rootless,2
orgiastic,2
claps,2
patent-sharing,2
compeyson,2
corroborees,2
caetani,2
unearned,2
dugan,2
wintered,2
fanatics,2
sweatshirt,2
schlesinger,2
camilla,2
delving,2
gossiping,2
cinder,2
carnal,2
judaism,2
dispossessed,2
seedbed,2
serratus,2
schoolmates,2
esterases,2
bonzes,2
immaterial,2
peptides,2
inculcated,2
nun,2
londonderry,2
sacrificium,2
demythologized,2
editorially,2
silica,2
objectification,2
deactivation,2
brazos,2
norma,2
purging,2
lifts,2
erik,2
ranches,2
corroborate,2
busiest,2
instantaneously,2
toobin,2
memoir,2
resnik,2
calmness,2
tahse,2
imprimatur,2
containment,2
flavors,2
jerebohm,2
myth-making,2
woodworking,2
war-ridden,2
maidens,2
co-op,2
sakellariadis,2
abler,2
smithereens,2
imperiously,2
streetcars,2
overturning,2
papier-mache,2
thermoelectric,2
snobbish,2
comedies,2
originates,2
mend,2
analogously,2
syndicated,2
outnumbered,2
insubordinate,2
impartiality,2
large-package,2
forgetful,2
goggle-eyed,2
roundabout,2
mort,2
edit,2
porcelain,2
h.m.,2
gauss,2
dimethylglyoxime,2
allay,2
keenest,2
spokes,2
orpheus,2
asymmetrically,2
faustus,2
rescuing,2
heare,2
upgrading,2
zounds,2
hedges,2
yore,2
member',2
christened,2
christie,2
remarried,2
bereft,2
senioritatis,2
rewriting,2
imbibed,2
moored,2
vonnegut,2
sleeper,2
wakes,2
priming,2
disrespect,2
volstead,2
purporting,2
pave,2
dauntless,2
fascists,2
adele,2
self-sufficiency,2
diligent,2
glint,2
micrometeoritic,2
ex,2
orderings,2
divertimento,2
clicks,2
perturbations,2
unemotional,2
hooper,2
basso,2
discerning,2
subtract,2
modernism,2
displaced,2
ostentatious,2
teetotaler,2
sorrel,2
sampson,2
grattan,2
2:40,2
anita,2
small-game,2
nonpartisan,2
deluxe,2
.410,2
prospered,2
redwood,2
hostler,2
coachmen,2
hard-boiled,2
prosaic,2
goodbody,2
epsom,2
dashboard,2
transshipment,2
six-foot,2
harding,2
seaquarium,2
unfold,2
pawn,2
patriarch,2
balzac,2
"1,600",2
mid-1960,2
fatuous,2
interlibrary,2
desserts,2
reenact,2
"15,000",2
$18.9,2
evaporation,2
grated,2
herpetologists,2
bevel,2
weldwood,2
notched,2
informative,2
leopold,2
maynard,2
dark-haired,2
morphology,2
roommates,2
conveniences,2
radiators,2
pare,2
starlet,2
bogeyed,2
caucus,2
reprisals,2
color-tv,2
bottleneck,2
weaning,2
battleground,2
precautionary,2
ever-growing,2
over-emphasized,2
publicizing,2
24'',2
impervious,2
tenite,2
landrum-griffin,2
'49,2
racy,2
$7.00,2
courtly,2
fleisher,2
despatched,2
ruffian,2
swears,2
springing,2
slapstick,2
taurog,2
mounded,2
fun-loving,2
insecticides,2
irene,2
uncertainly,2
hammond,2
heinkel,2
high-protein,2
orifices,2
instinctive,2
deep-seated,2
emancipated,2
aforementioned,2
pohly,2
foul-smelling,2
cudgels,2
renders,2
impacted,2
psychoactive,2
meaningfulness,2
malice,2
certiorari,2
thick-walled,2
madness,2
resign,2
reappear,2
second-degree,2
pronouncements,2
pharmacological,2
rejoin,2
marella,2
underlie,2
galtier,2
conn.,2
all-american,2
sweets,2
skid,2
coverall,2
mucking,2
parolees,2
screams,2
hummocks,2
diaries,2
pert,2
misguided,2
rearing,2
pegboards,2
missy,2
detoured,2
biz,2
uncontrollable,2
worthiest,2
spineless,2
self-preservation,2
freddie,2
white-topped,2
voluble,2
too-large,2
alertness,2
stifled,2
parched,2
gangster,2
humanistic,2
lockup,2
shootin',2
blunder,2
buckboard,2
skulls,2
manila,2
vero,2
.280,2
half-drunk,2
ormoc,2
head-on,2
equanimity,2
cotter,2
memberships,2
jarred,2
grazed,2
slop,2
lubbock,2
pathogenic,2
pauson,2
glide,2
parental,2
auburn,2
nudge,2
merz,2
whiz,2
tallies,2
lowe,2
rigging,2
warily,2
urn,2
stacking,2
conic,2
wristwatch,2
criticizing,2
dishonor,2
gallows,2
sickening,2
assignee,2
reimbursement,2
sinewy,2
condescension,2
scheduling,2
glorify,2
titus,2
scudding,2
58th,2
blush,2
copeland,2
sierras,2
chide,2
aquinas,2
epicure,2
boxcars,2
simplistic,2
confusing,2
exacerbated,2
tactful,2
norfolk,2
electrically,2
grimaced,2
nuit,2
it-wit,2
bessarabia,2
1961-62,2
appointee,2
tugged,2
po',2
windowpanes,2
jaunty,2
shit,2
tien,2
crescendo,2
quickening,2
donations,2
surmounted,2
ensue,2
'nuff,2
sparling,2
reelection,2
aloes,2
loins,2
grumbled,2
contadini,2
kv,2
eq,2
correlations,2
drawl,2
ballestre,2
synthesized,2
mavis,2
magpies,2
orgies,2
gummy,2
indefinable,2
brittany,2
ascended,2
wails,2
mutely,2
noisemakers,2
gulp,2
hydride,2
invalidate,2
homosexual,2
downturn,2
wister,2
vault,2
'n',2
squibb,2
searchlight,2
shrugs,2
vaughn,2
novo,2
redondo,2
thirty-three,2
prostate,2
adaptable,2
sochi,2
multipactor,2
softener,2
playmate,2
front-line,2
thirty-fourth,2
self-delusion,2
algeria,2
soviet-chinese,2
replenished,2
wily,2
simplicities,2
cervantes,2
interlining,2
conjured,2
mitigating,2
foy,2
masterpieces,2
corelli,2
acceptability,2
milhaud,2
wallenstein,2
clowns,2
salting,2
fluidity,2
belgium,2
delicacies,2
ewc,2
naturalness,2
sterility,2
five-elements,2
dreiser,2
indwelling,2
mysticism,2
pushup,2
riotous,2
handcuffs,2
old-timer,2
cramps,2
prosecute,2
hrothgar,2
lath,2
kola,2
sexy,2
surrealists,2
lasso,2
maladjustments,2
roach,2
capo,2
convened,2
uno,2
sed,2
lope,2
shirking,2
anonymity,2
arcades,2
mitropoulos,2
jacksonian,2
yankeefication,2
metamorphosed,2
legalized,2
actuated,2
tabula,2
rasa,2
gregorius,2
naught,2
solicitous,2
rebuke,2
belligerence,2
auditions,2
"150,000,000",2
conelrad,2
flaunted,2
libertarians,2
world-shaking,2
emergent,2
crudely,2
bigotry,2
mausoleum,2
commentators,2
crossman,2
polyesters,2
culminated,2
cushions,2
nairo,2
force',2
westerner,2
hillyer,2
enjoyable,2
tsem,2
middle-age,2
chartroom,2
rdf,2
beets,2
compensating,2
disclosure,2
disbursements,2
piped,2
rinker,2
pullman,2
submachine,2
raiding,2
lissa,2
blackboard,2
hulk,2
clog,2
enrollments,2
maximize,2
steadied,2
irreverent,2
briefer,2
dora,2
spiked,2
camaraderie,2
implored,2
transcription,2
broody,2
wattles,2
nonlinguistic,2
adjoins,2
slits,2
carelessness,2
rostrum,2
peacock,2
cove,2
manassas,2
sumter,2
noncompliance,2
pilate,2
flea,2
haunts,2
squealed,2
tenement,2
amusements,2
detente,2
yehhh,2
theatrically,2
disrepair,2
defray,2
shakily,2
decried,2
debauchery,2
montmartre,2
rebound,2
swallows,2
insolent,2
woodland,2
thaxter,2
ballots,2
double-breasted,2
mysteriously,2
heavers,2
remonstrated,2
.5,2
castaneda,2
nerve-shattering,2
sheridan,2
reappearance,2
bedspread,2
vis-a-vis,2
bowden,2
pecked,2
indiscreet,2
tabulations,2
gloved,2
6.4,2
quarter-mile,2
surpassed,2
arrogant,2
reprieve,2
camouflaged,2
himalayas,2
short-contact,2
batted,2
howsam,2
contagion,2
sociability,2
rimmed,2
thirty-eighth,2
waldorf-astoria,2
rochester,2
weightlessness,2
scherer,2
brushy,2
hitter,2
beadles,2
reassuringly,2
onct,2
out'n,2
caked,2
tines,2
keane,2
stepanovich,2
cheyenne,2
puffing,2
probate,2
unclaimed,2
ramirez,2
y'know,2
blum,2
tentacles,2
fearlessly,2
nautilus,2
narcotic,2
indicted,2
rd.,2
reflexly,2
drawing-room,2
cortico-fugal,2
r.ouml,2
nucleoli,2
outflow,2
wheeling,2
circling,2
dynamo,2
crows,2
blackfeet,2
allergic,2
counteracted,2
chaikoff,2
nester,2
alps,2
durante,2
gambit,2
kathleen,2
consorting,2
7/2,2
ditmars,2
parson,2
apiece,2
highs,2
branched,2
funniest,2
ice-filled,2
waterway,2
long-sought,2
limping,2
mayonnaise,2
condiments,2
mushrooms,2
decorate,2
climaxed,2
chases,2
dope,2
tris,2
schlek,2
domineering,2
morley,2
diethylaminoethyl,2
leak,2
takeoffs,2
$9,2
prerequisite,2
erupt,2
coughed,2
keening,2
eerily,2
1/c,2
debility,2
contradictorily,2
money-saving,2
epidemics,2
remuneration,2
$10.50,2
coverings,2
catalogs,2
overpowered,2
silos,2
existentialist,2
catapulted,2
ejection,2
baslot,2
rhinotracheitis,2
salamander,2
callas,2
massage,2
bio-medicine,2
tumbler,2
marveled,2
congregate,2
pitifully,2
tripolyphosphate,2
by-products,2
neo-classicism,2
orchestrations,2
slavic,2
clams,2
self-criticism,2
winters,2
prostrate,2
337degc,2
luscious,2
radioed,2
tacked,2
laps,2
trimming,2
misalignment,2
counterbalance,2
asymmetric,2
vindictive,2
bureaus,2
default,2
gashes,2
teletype,2
hr.,2
spate,2
melamine,2
beefed-up,2
industrialization,2
canyons,2
curricular,2
loquacious,2
dwellers,2
repayable,2
moorish,2
belmont,2
subversive,2
takeover,2
yvette,2
varmint,2
unaccountably,2
gale,2
2:26,2
cruise,2
dogged,2
2:32.2h,2
mon-goddess,2
"22,000",2
toughest,2
tack-solder,2
blends,2
5-3/4'',2
caliper,2
lionized,2
volley-ball,2
clan,2
aeschbacher,2
reissue,2
discreetly,2
compassionately,2
montana,2
.027,2
paean,2
doria,2
longstreet,2
circularity,2
non-verbal,2
sentinel,2
infinity,2
discovers,2
secession,2
non-jewish,2
isaacs,2
meg,2
lustre,2
dystopia,2
unfailing,2
mathematician,2
hutton,2
wylie,2
unabated,2
bois,2
att,2
tooke,2
conduct',2
ani,2
respectfully,2
haverhill,2
burnet,2
manmade,2
subsidiaries,2
$538,2
craze,2
nennius,2
beachhead,2
lyricists,2
five-gallon,2
reine,2
retentive,2
rangelands,2
stepped-up,2
suzerain,2
flanders,2
sanderson,2
admonished,2
avenge,2
defection,2
tragedians,2
full-scale,2
levelled,2
imitates,2
corrupted,2
titanium,2
harassing,2
lapped,2
eccentrics,2
flank,2
captures,2
pup,2
reclassified,2
recitative,2
inferno,2
scriptural,2
time-temperature,2
disobedient,2
abundantly,2
assorted,2
madam,2
comedians,2
immemorial,2
leger,2
accretions,2
pseudo-capitalism,2
relayed,2
bough,2
dionysian,2
chanting,2
ordain,2
creators,2
jumpy,2
omaha,2
millionaire,2
eel,2
saud,2
despot,2
demeanor,2
reel,2
documentaries,2
trite,2
seep,2
franz,2
campitelli,2
pilloried,2
sirs,2
aristocrats,2
exacting,2
considerately,2
misrepresentation,2
unsalted,2
hapless,2
notebooks,2
castroism,2
recount,2
3:3,2
2:1,2
romances,2
constraint,2
amass,2
newbiggin,2
ch'in,2
overreached,2
confessional,2
frolic,2
automated,2
cowardice,2
indefensible,2
kingstown,2
creston,2
fjords,2
chubby,2
gontran,2
authorization,2
bodin,2
catches,2
cole,2
mortals,2
physicists,2
barrington,2
noxious,2
hedison,2
theretofore,2
fifty-fifth,2
industrialist,2
commits,2
cooch,2
nkrumah,2
biophysical,2
cosponsored,2
6.9,2
1/3,2
fairmount,2
retrieve,2
executor,2
bifocals,2
tintable,2
leathers,2
two-system,2
rulings,2
short-of-war,2
stipulates,2
overflowed,2
rocco,2
disenfranchisement,2
rebutted,2
lumbering,2
snowed,2
microwave,2
undependable,2
reunited,2
dung,2
shameful,2
fetid,2
mucus,2
rampart,2
torches,2
cancellation,2
milord,2
activism,2
majesty,2
smugglers,2
retaliatory,2
resale,2
one-twentieth,2
industriously,2
plied,2
outweigh,2
braver,2
1.25-cm,2
teacart,2
exerting,2
endothermic,2
pasty,2
washings,2
85deg,2
tryin,2
chugging,2
coning,2
sip,2
gruesome,2
insiders,2
mussels,2
37degc,2
incurable,2
jingled,2
gravid,2
atta,2
navel,2
lodgings,2
saturdays,2
droughts,2
oversized,2
incessantly,2
graveyards,2
geologist,2
midshipman,2
lobules,2
segmental,2
flowerpot,2
toodle,2
anatomically,2
grand-daughter,2
namesake,2
nutrient,2
fussing,2
absolution,2
undressed,2
lactate,2
fleshy,2
ferociously,2
basophilic,2
sipped,2
calinda,2
yearbook,2
pectoralis,2
bg,2
snorkle,2
asynchrony,2
somatic,2
wolpe,2
assam,2
wilder,2
spartan,2
autonomic-somatic,2
statesmanship,2
recklessly,2
beckoning,2
half-filled,2
golly,2
duds,2
hoof,2
bellies,2
disappointments,2
repentance,2
stressful,2
slash-b,2
clinics,2
stratified,2
wilfully,2
berries,2
cognizant,2
sluices,2
keg,2
mitch,2
occlusion,2
commutes,2
validate,2
hiking,2
canadians,2
intersecting,2
hustle,2
coincidences,2
dotting,2
diagnosed,2
groove,2
geysers,2
scolding,2
terse,2
communicational,2
hyperbolic,2
3.46,2
anti-soviet,2
hugged,2
non-party,2
vacancies,2
enthusiast,2
torrio-capone,2
quadratic,2
pasley,2
interrogation,2
self-deception,2
gust,2
postmark,2
vitals,2
assiniboia,2
alexis,2
entertainer,2
ridiculing,2
sensitives,2
lower-status,2
sanipractor,2
miseries,2
disagreements,2
teamed,2
distributes,2
confine,2
functionalism,2
sacrificed,2
lubricant,2
folk-lore,2
procreative,2
leroy,2
excruciating,2
ruptured,2
shampoo,2
fm,2
strawberries,2
prowling,2
besiegers,2
real-life,2
swoop,2
mylar,2
dufresne,2
divisional,2
entrusted,2
canonized,2
unrecognizable,2
feeder,2
smallness,2
nationalisms,2
flimsy,2
werther,2
vicarious,2
paree,2
20th-century,2
bianco,2
cocteau,2
strangeness,2
colds,2
prefabricated,2
tacitly,2
hon'ble,2
fruition,2
transcendence,2
expressionists,2
leapfrog,2
parry,2
3/16'',2
eraser,2
magoun,2
glazing,2
bards,2
mythic,2
signpost,2
overshadow,2
shafts,2
on-the-scene,2
polymeric,2
benzene,2
crystallography,2
forty-two,2
appetizing,2
scattergun,2
wedge-shaped,2
.375,2
fn,2
adhesion,2
photoelectronic,2
2:30.3-:35.3,2
last-named,2
valentine,2
torrid,2
work-out,2
lotus,2
domed,2
7-3,2
spacer,2
candies,2
filipino,2
pogroms,2
yachtel,2
prima-facie,2
hard-fought,2
dissents,2
hone,2
taunted,2
suave,2
tyler,2
vibrancy,2
carson,2
fifty-two,2
instinctual,2
hyannis,2
toppling,2
perfumed,2
stephenson,2
one-digit,2
public-school,2
oum,2
consultations,2
diem,2
knauer,2
smoldering,2
hangman,2
pardoned,2
md.,2
yardage,2
coercive,2
re-birth,2
carmichael,2
40-year-old,2
gomez,2
verbatim,2
gimbel,2
springboard,2
'met',2
gracie,2
off-beat,2
eighties,2
arab,2
fetish,2
lorenz,2
comprehended,2
manipulations,2
mullenax,2
punnished,2
baileefe,2
merrill,2
safari,2
drapers,2
aldermen,2
ferris,2
mayfair,2
nairne,2
balconies,2
brokerage,2
influenza,2
crowder,2
dequindre,2
camden,2
kegham,2
venom,2
juras,2
jailed,2
carol,2
tigard,2
straggle,2
culprits,2
hedonistic,2
inalienable,2
saul,2
people-oriented,2
molinari,2
mirth,2
bevo,2
ymca,2
paneled,2
delude,2
pesce,2
sacrificial,2
reverted,2
vagabond,2
laguna,2
franciscans,2
oases,2
heirs,2
mea,2
horde,2
thunderous,2
panyotis,2
bays,2
cabanas,2
insubordination,2
fairways,2
bogeys,2
shuns,2
bentham,2
kasai,2
secretary-general,2
carnegey,2
infantryman,2
sluggishly,2
mullen,2
turin,2
contemptible,2
crimean,2
rambling,2
raoul,2
maligned,2
regularity,2
puissant,2
unfenced,2
unfairly,2
etv,2
demonstrably,2
uttering,2
ignite,2
niebuhr,2
self-styled,2
exposures,2
trujillos,2
outsmarted,2
level-headed,2
nihilist,2
consolidating,2
requisitioned,2
riches,2
libyan,2
autism,2
capitulated,2
capitalistic,2
racetrack,2
weariness,2
pristine,2
prefaced,2
rentals,2
whim,2
'aberrant,2
devour,2
supposing,2
haverfield,2
condescending,2
tankers,2
cellular,2
sinusoids,2
conn,2
smeared,2
pinks,2
absorptions,2
lippman,2
befall,2
kyne,2
weddings,2
consanguinity,2
accommodates,2
deviance,2
thirty-nine,2
associating,2
concretistic,2
rinascimento,2
spada,2
interdenominational,2
crevice,2
seizin',2
throwed,2
pushin',2
oxidised,2
nondrying,2
tung,2
algebra,2
half-time,2
unannounced,2
eleazar,2
eloquence,2
bernoulli,2
chronologically,2
parings,2
informant,2
maggots,2
faring,2
bitterest,2
projective,2
physiology,2
freaks,2
high-set,2
captives,2
taoists,2
otherworldly,2
alleviation,2
attaches,2
preconditioned,2
efficaciously,2
hinduism,2
weigel,2
incarnate,2
preside,2
wei,2
intrusive,2
baskets,2
parris,2
**h,2
mid-october,2
aspen,2
invigoration,2
succinctly,2
lieder,2
30-odd,2
eyewitness,2
riegger,2
idyll,2
tularemia,2
gems,2
qua,2
gershwins,2
sedate,2
obliterate,2
chansons,2
intimidate,2
hackneyed,2
thenceforth,2
seventeenth-century,2
doggedly,2
salle,2
suez-hungary,2
isopleths,2
heightening,2
phs,2
self-defeating,2
cadmium,2
landlords,2
vitriolic,2
entry-limiting,2
migrants,2
pre-legislative,2
mundt,2
dressy,2
lucius,2
ziegfeld,2
discounted,2
blackmailer,2
one-gee,2
conceiving,2
pidgin,2
dwindle,2
wheaton,2
sputnik,2
breakwater,2
rey,2
status-conscious,2
dragons,2
erie,2
remarking,2
revere,2
technicalities,2
federal-state,2
wycoff,2
debora,2
thawing,2
reminders,2
sails,2
baby-dear,2
numerically,2
cadence,2
pursuer,2
konishi,2
perluss,2
typified,2
hordes,2
cordon,2
ungainly,2
pieta,2
arimathea,2
bookcase,2
upward-mobile,2
sociologist,2
urns,2
impotent,2
misjudged,2
a-coming,2
lengthened,2
finnegan,2
stifle,2
colloidal,2
rooftop,2
dungeon,2
consign,2
occipital,2
trenchard,2
michelson,2
potboiler,2
half-intensity,2
bon,2
crumble,2
outta,2
stylized,2
imitating,2
pettit,2
lexicon,2
epigrams,2
philological,2
second-half,2
throes,2
son-of-a-bitch,2
buckles,2
bedford,2
subside,2
exemptions,2
lawful,2
poodle,2
intramural,2
constricting,2
sneaky,2
appeased,2
gilded,2
rossi,2
unheated,2
sardonic,2
bayou,2
sneak,2
micrometer,2
crone,2
octaves,2
blob,2
plodded,2
pretender,2
cashmere,2
acknowledgement,2
metaphorical,2
newtonian,2
ellipses,2
waterfall,2
watchmaker,2
tate,2
sedan,2
senor,2
supplicating,2
elegiac,2
ridding,2
tramped,2
agin,2
brightened,2
shorthand,2
padlock,2
senora,2
habitually,2
lamentations,2
fisk,2
entrust,2
expressionless,2
concurred,2
lances,2
hypocritical,2
two-season,2
synchronizers,2
clear-channel,2
runoff,2
determinations,2
kooning,2
gallium/germanium,2
crater,2
copolymers,2
atp,2
spaceship,2
"40,000,000",2
rotates,2
energetically,2
field-flattening,2
s-11,2
s-20,2
anthropologists,2
awry,2
damed,2
orney,2
gyrocompass,2
deposed,2
disloyalty,2
north-south,2
bootleggers,2
rightness,2
x-gyro,2
defying,2
rok,2
public-opinion,2
sniper,2
hereditary,2
rdw,2
$30,2
buzzes,2
escapades,2
teenager,2
outlay,2
weatherford,2
4-year,2
regents,2
summerdale,2
advisement,2
spectacularly,2
ind.,2
housework,2
ore,2
accelerations,2
breathes,2
redistributed,2
vexing,2
excuses,2
three-way,2
grins,2
anti-aircraft,2
veering,2
oversoft,2
angst,2
alcorn,2
milt,2
reproducing,2
hoses,2
a.a.u.,2
sylvania,2
bldg.,2
hearsay,2
leaguers,2
rabb,2
individual-contributor,2
$9.50,2
campsites,2
rumen,2
no-hit,2
incompetents,2
volta,2
banshees,2
duffers,2
sienna,2
jangling,2
cubs,2
commies,2
stylization,2
in-laws,2
logged,2
knotty,2
long-lived,2
pate,2
heather,2
okla.,2
railhead,2
bateau,2
confederates,2
stephanotis,2
herewith,2
greenleaf,2
carport,2
gaston,2
pierson,2
unscientific,2
invisibly,2
assailant,2
patties,2
macropathological,2
pullings,2
overlooking,2
bryce,2
500-mile,2
natchez,2
refurbished,2
pankowski,2
patrolmen,2
redwoods,2
greased,2
botanists,2
alva,2
finland,2
$170,2
bumper,2
crow,2
democratic-endorsed,2
whitetail,2
journal-bulletin,2
lass,2
"$40,000",2
ogled,2
2:30.3-:36.1,2
right-of-entry,2
scalloped,2
yokel,2
bea,2
jacksonville,2
jon,2
palermo,2
booklets,2
phenomenal,2
ass'n,2
donation,2
decadence,2
tempos,2
effectuate,2
fair-weather,2
letitia,2
bouton,2
minn.,2
boucher,2
well-to-do,2
alarmingly,2
dazzled,2
aforesaid,2
confirming,2
hypocrisies,2
courtesan,2
metamorphosis,2
pangs,2
mourn,2
amiable,2
laboriously,2
home-run,2
intensifying,2
civilians,2
eire,2
change-over,2
stilted,2
b.a.,2
communist-led,2
emmerich,2
quetzal,2
betancourt,2
catherwood,2
contradicted,2
venezuelan,2
tacit,2
occidental,2
oxcart,2
expediency,2
captivated,2
indochina,2
evaporated,2
shepherds,2
immeasurable,2
incomprehensible,2
ruthlessly,2
covetousness,2
dexamethasone,2
informational,2
hazlitt,2
alacrity,2
mccrady,2
worcester,2
hemorrhaging,2
inevitability,2
ezra,2
scandinavian,2
baldwin,2
four-element,2
destitute,2
bilked,2
exonerate,2
margenau,2
venerated,2
confiding,2
cigars,2
philistines,2
expeditious,2
feline,2
enrico,2
seaports,2
a-1,2
tediously,2
shaven,2
instructing,2
readable,2
kamieniec,2
reviewer,2
semblance,2
carmack,2
rethink,2
tongue-in-cheek,2
mistaking,2
henley,2
continuities,2
frothing,2
hyperemic,2
greenish,2
mossberg,2
censures,2
freest,2
present-time,2
inadequately,2
tempting,2
marylanders,2
st.-pol,2
empowered,2
contingent-fee,2
unimproved,2
chadwick,2
grande-bretagne,2
kahn,2
transferee,2
red-light,2
mycenae,2
descartes,2
versailles,2
oracle,2
convening,2
worshipful,2
self-will,2
nott,2
unconnected,2
historiography,2
andean,2
grosvenor,2
chatted,2
southampton,2
shibboleth,2
studiously,2
plugs,2
$29,2
awfulness,2
tombstone,2
babylonian,2
facet,2
run-up,2
leavened,2
snowball,2
adjourned,2
i-e,2
underdog,2
pseudo-glamorous,2
orthographies,2
bull-sessions,2
calabria,2
hitchcock,2
nimbly,2
flyers,2
scorned,2
compress,2
forthrightness,2
elaboration,2
edgy,2
muck,2
unclouded,2
campaigners,2
texoma,2
adjoined,2
side-stepped,2
overbearing,2
fifty-ninth,2
perennially,2
kimberly,2
0.16,2
mon-columbia,2
tartary,2
herring,2
falsify,2
unresponsive,2
systematizing,2
graphically,2
top-tang,2
12-1/2-inch,2
materiel,2
spinach,2
fry,2
trickling,2
ashen,2
massed,2
wordsworth,2
mellowed,2
5-7,2
hiawatha,2
bunyan,2
mosques,2
sculptural,2
belge,2
juxtaposed,2
chant,2
titian,2
reactivated,2
wholes,2
grounding,2
enumerated,2
tidbits,2
conserving,2
non-jew,2
shawls,2
hoffman,2
shipwreck,2
bloch,2
chauncey,2
stanbury,2
cartwheels,2
catastrophically,2
berkely,2
medically,2
gastrointestinal,2
tug-of-war,2
libel,2
economizing,2
alkalis,2
magnetized,2
gradations,2
preliminaries,2
mobilize,2
methyl,2
depressingly,2
inexcusable,2
interrelationships,2
premiums,2
fill-ins,2
quiz,2
immersion,2
mile-long,2
contradicts,2
binoculars,2
supervisory,2
'consultants,2
enforceable,2
weathering,2
unintentionally,2
weather-resistant,2
brackets,2
stainless,2
stair,2
twain,2
lean-to,2
facial,2
fade,2
bullies,2
unacquainted,2
cluttered,2
judas,2
euclid,2
epidermis,2
hundred-odd,2
submucosa,2
cc.,2
spleen,2
landings,2
curtiss,2
brand-new,2
paperback,2
monastery,2
tapering,2
conquerors,2
artisan,2
biopsy,2
humorists,2
primly,2
outburst,2
zur,2
injected,2
milks,2
9.8,2
diabetic,2
inertia,2
absurdities,2
exposes,2
overestimation,2
hallowed,2
suddenness,2
obtrudes,2
teen-ager,2
8.6,2
logistic,2
perforce,2
pantry,2
rowed,2
francois,2
joyride,2
superstitions,2
amateurs,2
dextrous,2
syrupy,2
desirability,2
graver,2
eruption,2
lug,2
nudged,2
wispy,2
shipmate,2
orbital,2
fedora,2
repertoire,2
robertson,2
scouts,2
warships,2
1/16,2
disagrees,2
1959a,2
veer,2
scarred,2
rees,2
spine-chilling,2
oratorical,2
dissenting,2
hijacking,2
chapels,2
lacerations,2
monitors,2
patrolled,2
philco,2
sahara,2
banking,2
levis,2
crooks,2
rumble,2
$1.8,2
moistened,2
$1.9,2
heal,2
homogeneously,2
textile-producing,2
remoteness,2
wingman,2
gracias,2
briefed,2
tenets,2
mah,2
$14.00,2
bobbed,2
salacious,2
unchallenged,2
knee-type,2
calloused,2
willcox,2
ferocious,2
puffy,2
provost,2
flipping,2
beetling,2
accumulates,2
chick,2
motioning,2
wrapper,2
lonesome,2
spills,2
eying,2
miyagi,2
subic,2
four-wood,2
tillotson,2
cloudless,2
uproar,2
qualifies,2
multitudinous,2
hour-long,2
alberto,2
wearying,2
signor,2
metabolism,2
rudely,2
urethanes,2
72nd,2
unscathed,2
gord,2
masquerades,2
holier-than-thou,2
scatterbrained,2
shuffled,2
furnaces,2
availabilities,2
cleft,2
waded,2
reliability,2
predictably,2
briefing,2
obsolescent,2
confounded,2
lull,2
relevancy,2
oneness,2
mid-fifties,2
minuet,2
curator,2
wring,2
fujimoto,2
lenygon,2
knoll,2
statuary,2
disarm,2
crucifying,2
finishes,2
no-nonsense,2
loft,2
stalking,2
eckenfelder,2
clotheshorse,2
hiss,2
punk,2
celie,2
fright,2
home-grown,2
edmund,2
listens,2
sneaking,2
u.s.c.,2
bibliographies,2
reprehensible,2
malevolent,2
shrimp,2
registrants,2
discorporate,2
long-distance,2
animation,2
get-together,2
coffeepot,2
fast-opening,2
perennian,2
gizenga,2
subscribing,2
eighty-seventh,2
posthumous,2
rapists,2
laughlin,2
transparency,2
wrinkle,2
dramatist,2
marlene,2
nudes,2
powered,2
albanian,2
capet,2
impasse,2
knight-errant,2
jenni,2
loyalists,2
objectivity,2
matchmaker,2
wind-blown,2
"$3,500,000",2
beforehand,2
varani,2
djangology,2
livshitz,2
carmen,2
yardstick,2
8%,2
whitrow,2
rumpled,2
systematized,2
haphazard,2
somerville,2
julep,2
retelling,2
indecisive,2
by-passing,2
cen-tennial,2
hardwicke-etter,2
poly-unsaturated,2
d'art,2
diametrically,2
ciphers,2
b.b.c.,2
longings,2
sadistic,2
professionalism,2
warhead,2
raging,2
festive,2
quietist,2
3:7,2
1:48,2
sluggers,2
deltoids,2
punctually,2
windy,2
germinate,2
rooting,2
joey,2
celebrations,2
coyness,2
naktong,2
mortars,2
prabang,2
pak,2
dabbling,2
anise,2
henchmen,2
coloration,2
snead,2
dey,2
belletch,2
pincian,2
rioters,2
sarkees,2
bridal,2
furiouser,2
demoralizes,2
o'sullivan,2
samovar,2
paraphrase,2
post-bellum,2
yoknapatawpha,2
expounded,2
whore,2
deep-sea,2
voegelin,2
loon,2
anglo-american,2
journalese,2
subs,2
alton,2
grillwork,2
snowfall,2
parlance,2
robbing,2
2:22,2
deadliness,2
westbrook,2
