token,freq
the,37060
of,15584
to,14856
in,13977
and,11300
a,10818
said,5872
on,5699
is,4814
that,4243
for,4181
was,3760
with,3552
by,3483
from,3278
as,3126
at,3092
he,3025
it,2784
be,2633
this,2237
percent,2190
are,2010
which,1978
will,1968
has,1962
an,1892
have,1857
not,1774
were,1754
its,1694
had,1685
but,1528
their,1462
after,1449
would,1416
his,1357
they,1348
we,1341
also,1282
bank,1246
or,1180
year,1167
who,1127
two,1126
first,1125
been,1123
government,1075
one,1068
last,1013
us,983
when,957
can,931
i,930
more,888
up,847
indonesia,833
trillion,832
state,809
other,805
there,755
pt,745
only,738
people,727
so,724
rate,720
over,713
than,693
billion,692
into,690
all,678
out,678
time,677
world,665
new,655
against,646
minister,634
three,619
because,617
second,613
about,612
could,578
president,576
told,575
she,571
some,570
market,562
here,561
if,556
no,555
while,552
still,549
economic,546
million,530
foreign,528
before,523
wednesday,523
since,522
per,521
between,509
tuesday,504
through,504
them,497
points,492
monday,465
inflation,460
police,456
company,450
rupiah,443
very,443
made,440
years,438
thursday,437
such,436
central,434
these,433
development,431
now,429
oil,429
growth,428
capital,427
security,426
dollar,425
four,424
united,422
set,422
increase,408
number,407
system,404
just,395
minutes,393
international,390
win,390
killed,385
used,374
country,372
indonesian,371
expected,362
during,361
under,360
make,359
end,358
our,354
high,353
do,353
interest,351
same,347
most,344
financial,341
many,339
exchange,338
league,336
north,336
home,334
third,334
friday,333
finance,332
back,332
national,329
according,327
price,326
group,326
u.,325
five,325
meeting,322
may,321
like,320
well,319
added,318
down,316
game,314
iraq,314
director,313
public,312
cup,311
her,310
side,309
states,303
military,303
next,303
economy,302
due,300
reached,299
south,298
statement,298
including,298
day,297
should,294
being,294
earlier,291
match,290
another,290
official,290
around,289
however,288
any,287
business,286
use,286
sunday,285
then,284
investment,283
take,283
what,282
period,282
bi,280
budget,280
month,279
several,279
week,279
level,277
team,276
net,276
troops,276
where,276
countries,271
off,268
s.,265
prices,265
officials,261
total,261
information,260
global,260
japan,259
part,258
even,258
nuclear,257
good,256
process,256
gas,255
former,255
forces,254
body,254
real,252
local,251
months,249
report,248
season,248
final,248
energy,246
place,245
city,245
goal,244
half,243
sector,243
water,241
general,241
until,240
ministry,240
six,239
reported,239
micro,239
those,239
reach,238
top,238
called,238
banks,236
bonds,236
agency,236
found,233
must,232
play,232
saturday,231
way,231
won,230
target,230
lead,229
spokesman,225
attack,224
following,223
technology,223
shares,223
early,223
talks,222
long,219
credit,219
jakarta,219
did,216
both,216
open,215
him,214
quarter,213
profit,212
prime,211
area,211
put,210
support,210
came,209
based,209
s,209
round,208
far,208
country's,207
result,207
took,207
without,206
late,206
power,205
you,203
palestinian,203
left,202
among,201
able,201
air,201
news,200
later,200
need,200
plan,199
each,198
war,197
how,197
held,197
become,196
least,196
get,195
champions,195
different,194
days,193
income,192
loans,190
production,188
leaders,188
much,187
small,186
coach,185
service,185
control,185
funds,184
compared,184
work,183
order,183
tbk,183
head,182
share,181
force,181
pressure,181
iraqi,180
program,180
companies,179
stock,179
japanese,178
issue,178
data,177
domestic,177
china,177
victory,177
main,176
east,176
form,176
change,175
higher,175
does,174
industry,173
attacks,173
right,173
near,173
investors,172
agreement,172
banking,172
indonesia's,172
my,172
striker,171
company's,171
rose,171
yet,170
regional,170
already,170
shot,170
big,170
various,170
house,170
past,170
meanwhile,169
region,169
loan,169
again,169
fourth,168
tax,168
american,168
using,168
problem,168
think,168
worth,168
minute,168
iran,167
life,166
known,166
away,166
amount,165
fuel,165
ahead,164
israeli,163
further,163
given,163
political,162
come,162
behind,162
march,162
services,161
chief,160
help,160
strong,159
june,158
every,158
played,158
possible,157
free,157
condition,156
meet,156
position,156
secretary,156
human,156
taken,155
see,155
peace,154
korea,154
better,154
beat,154
club,153
law,153
title,153
reporters,152
hit,151
start,151
within,151
visit,150
go,150
major,150
money,149
times,149
southern,149
office,148
despite,148
increased,148
going,147
although,147
eight,147
games,146
know,145
violence,144
others,144
clear,144
baghdad,144
face,144
food,143
credits,143
army,143
source,143
continue,142
seven,142
french,142
fund,142
give,142
move,142
important,142
goals,141
research,141
sources,141
bank's,141
whether,141
sales,141
nine,140
car,140
lower,140
want,140
policy,140
rating,139
previous,139
project,138
low,138
west,138
april,138
draw,137
scored,137
matches,137
nations,137
went,136
decision,136
cooperation,136
unit,136
lost,136
saying,136
december,136
record,136
seed,135
province,135
afghanistan,135
ago,135
conditions,135
party,134
players,134
special,134
internet,134
it's,133
gave,133
computer,133
species,133
institution,133
january,132
israel,131
soldiers,131
wounded,131
bomb,130
caused,130
point,130
value,130
living,129
government's,129
efforts,129
members,129
asked,129
midfielder,129
best,128
movement,128
fact,128
drop,128
media,128
too,128
middle,127
structure,127
sri,126
impact,126
making,126
really,126
above,126
current,125
enough,125
natural,125
say,125
return,125
men,125
conference,124
signed,124
fire,123
forward,123
less,123
cannot,123
never,122
few,122
2-1,122
rise,122
agreed,122
deal,121
similar,121
blood,121
injured,121
light,121
defence,120
rice,120
cause,120
british,120
seen,120
increasing,119
crude,119
weeks,119
provide,119
dead,118
recent,118
poverty,118
african,117
namely,117
today,117
recorded,117
fell,117
though,117
me,117
role,117
management,116
own,116
death,116
sent,116
working,116
france,116
chinese,116
february,116
september,115
difficult,115
close,115
issued,115
senior,115
develop,114
tons,114
groups,114
positive,114
hope,113
morning,113
court,113
risk,113
run,113
trade,112
publicly-listed,112
taliban,111
un,111
likely,111
chance,111
keep,111
needed,111
fighting,111
crisis,110
strengthen,110
means,110
adding,110
done,110
problems,110
series,109
developed,109
bush,109
carried,109
health,109
champion,108
certain,108
died,108
reports,108
average,108
defeat,108
rupiah's,108
showed,108
site,108
break,108
soon,107
might,107
got,107
man,107
future,107
announced,107
asian,106
operation,106
building,106
predicted,106
study,106
television,106
spot,106
russian,106
cells,105
led,105
whose,104
great,104
failed,104
rp,104
2-0,104
things,104
raise,104
received,103
remain,103
poor,103
defender,103
corporate,103
press,103
opening,103
often,102
resources,102
taking,102
european,102
aid,102
governor,102
trying,102
having,102
therefore,102
australian,102
hamas,101
leader,101
consumption,101
needs,101
below,101
network,100
children,100
cell,100
once,99
started,99
strike,99
1-0,99
activities,99
2006.,98
reduce,98
authorities,98
rebels,98
theory,98
earth,98
currency,98
grow,98
deficit,98
border,98
afp,98
itself,97
performance,97
i'm,97
division,97
inside,97
union,97
hours,97
district,97
goods,97
pakistan,96
debt,96
large,96
2007.,96
chemical,96
considered,95
figure,95
africa,95
board,95
products,95
sea,95
usually,95
product,95
conducted,95
believed,95
cost,95
night,95
effort,95
scientists,95
northern,94
action,93
fifth,93
august,93
areas,93
player,93
continued,93
especially,93
animal,93
arab,93
projects,93
key,92
situation,92
front,92
created,92
bayern,92
stable,92
show,92
ball,92
bond,91
why,91
released,91
design,91
stage,91
representatives,91
barrel,91
winner,91
july,91
always,91
old,90
land,90
almost,90
semester,90
serve,90
private,90
claimed,90
deputy,90
islamic,89
find,89
dropped,89
suicide,89
planning,89
asia,89
ended,89
am,89
bodies,89
speed,88
india,88
produce,88
towards,88
cut,88
russia,88
capacity,88
biggest,88
material,88
climate,88
outside,87
women,87
sides,87
washington,87
weapons,87
operations,87
access,87
regulation,87
stay,87
range,87
korean,87
estimated,86
space,86
rates,86
improve,86
line,86
tournament,86
joint,86
post,86
hospital,86
base,86
pay,86
step,86
hold,85
saw,85
little,85
produced,85
leave,84
arrested,84
launched,84
opposition,84
term,84
october,84
vice,84
workers,84
named,83
yen,83
followed,83
planned,83
nature,83
fall,83
quite,83
parties,83
abbas,83
hard,83
bri,83
quoted,83
provided,82
community,82
firm,82
institutions,82
arsenal,82
contract,82
moved,82
militants,82
premier,82
rights,82
operating,82
evolution,82
penalty,82
fish,82
german,82
gdp,82
decided,81
dollars,81
demand,81
birds,80
thus,80
town,80
event,80
winning,80
committee,80
stood,80
software,80
aimed,80
wanted,80
remaining,79
affairs,79
ground,79
suffered,79
loss,79
across,79
don't,79
currently,79
basis,79
owned,79
previously,79
council,79
prevent,78
millions,78
along,78
incident,78
electricity,78
financing,77
believe,77
race,77
thousands,77
release,77
milan,77
try,77
available,77
projected,77
parts,77
n.,77
began,77
al-qaeda,77
november,77
leg,77
actually,77
young,77
create,76
twice,76
member,76
airport,76
changes,76
playing,76
exports,76
indian,76
lot,76
armed,75
iranian,75
coal,75
boost,75
assets,75
chelsea,75
plans,75
monetary,75
injury,75
killing,75
italian,75
afghan,74
limited,74
lyon,74
immediately,74
developing,74
met,74
java,74
madrid,74
nearly,74
beijing,74
construction,74
hand,74
cellular,74
rest,74
surface,74
case,74
function,74
largest,74
relations,74
raised,74
serious,73
closed,73
transaction,73
age,73
web,73
mulyani,73
stop,73
full,73
plant,73
involved,73
latest,73
initial,73
effect,73
gross,73
balance,72
brazilian,72
stadium,72
optimistic,72
daily,72
competition,72
buy,72
customers,72
hour,72
year's,72
broke,72
western,72
wings,71
name,71
researchers,71
existence,71
spanish,71
programs,71
short,71
either,71
germany,71
presidential,71
university,71
bottom,71
additional,71
america,71
privatization,71
fired,71
quality,70
white,70
potential,70
oxygen,70
progress,70
history,70
confirmed,70
via,70
world's,69
reason,69
results,69
factors,69
fossil,69
kept,69
tour,69
eastern,69
campaign,68
easily,68
matter,68
football,68
carry,68
focus,68
opened,68
together,68
thing,68
civilians,68
present,68
administration,67
mission,67
certainly,67
manager,67
parliament,67
website,67
fight,67
ratio,67
extra,67
reaching,67
designed,67
test,67
1-1,67
advantage,67
suspected,67
send,67
temperature,66
facilities,66
included,66
systems,66
reserves,66
ready,66
england,66
medco,66
distribution,66
required,66
road,66
lebanon,66
allowed,66
example,66
mining,66
goalkeeper,66
maintain,66
ban,65
forced,65
question,65
besides,65
flight,65
occurred,65
formed,65
header,65
gaza,65
turn,65
electric,65
australia,65
themselves,65
ltd,65
stability,65
animals,65
6-4,64
de,64
negotiations,64
6-3,64
grew,64
election,64
becomes,64
struck,64
equipment,63
weekend,63
issues,63
leading,63
family,63
stated,63
reduced,63
inter,63
longer,63
let,63
training,63
coming,63
directly,63
evidence,63
shareholders,63
bacteria,63
experience,63
accused,63
heavy,63
king,63
cross,62
kind,62
education,62
brought,62
plants,62
saudi,62
brain,62
creation,62
programme,62
something,61
creatures,61
look,61
explosion,61
bought,61
particularly,61
reuters,61
pefindo,61
looked,61
export,61
became,61
cabinet,61
2005.,61
field,61
whole,61
protection,61
size,61
fatah,61
bps,61
whereas,61
department,60
revised,60
protect,60
mainly,60
application,60
abdullah,60
materials,60
expressed,60
zone,60
comes,60
controlled,60
complex,60
compound,60
michael,60
newspaper,60
facility,60
summit,60
approach,60
britain,60
ratings,60
chances,60
assistance,60
infrastructure,60
thought,60
getafe,60
losing,60
nation,60
3-0,59
expenditures,59
shiite,59
terms,59
palestinians,59
units,59
difference,59
civil,59
course,59
debts,59
tokyo,59
steps,59
somalia,59
vehicle,59
eggs,59
york,59
policies,59
coalition,59
possibility,59
receipts,58
mandiri,58
liverpool,58
extraordinary,58
station,58
happen,58
opportunity,58
wide,58
muslim,58
stake,58
sectors,58
teams,58
looking,58
students,58
scoring,57
sunni,57
intelligence,57
paid,57
syariah,57
david,57
says,57
completed,57
hundreds,57
mechanism,57
normal,57
offered,57
afternoon,57
phone,57
soldier,57
allow,57
starting,57
disease,57
red,57
session,57
businesses,56
coast,56
proposed,56
korea's,56
remained,56
barcelona,56
championship,56
woman,56
embassy,56
recently,56
score,56
causing,56
al,56
radio,56
evening,56
damage,56
internal,56
electronic,56
missing,56
turned,56
offer,56
strategic,56
hoped,56
grand,56
conflict,55
powerful,55
happened,55
didn't,55
career,55
george,55
details,55
getting,55
message,55
sold,55
live,55
funding,55
kick,55
saddam,54
communication,54
toll,54
6-2,54
deposits,54
include,54
makes,54
draft,54
heart,54
implementation,54
lebanese,54
ways,54
strengthened,54
basic,54
cancer,54
activity,54
significant,54
chairman,54
feet,53
fast,53
moving,53
tried,53
admitted,53
malaysia,53
charge,53
host,53
throughout,53
casualties,53
paper,53
save,53
call,53
clashes,53
shows,53
person,53
build,53
appeared,53
medium,53
headed,53
method,53
retail,53
users,52
europe,52
bni,52
fiscal,52
amid,52
center,52
majority,52
room,52
single,52
computers,52
ties,52
response,52
population,52
established,52
sixth,52
fighters,52
nigeria,52
surplus,52
gunmen,52
green,52
corner,52
relatively,52
blast,52
securities,52
paris,52
separate,52
reactor,52
success,52
john,52
bring,51
posted,51
social,51
effective,51
operational,51
wants,51
takes,51
pass,51
common,51
singapore,51
interview,51
returned,51
fixed,51
trip,51
transfer,51
related,51
ever,51
rivals,51
sun,51
modern,51
contributed,51
islamist,51
hopes,51
improving,51
island,51
spain,51
subsidy,50
finish,50
italy,50
digital,50
sevilla,50
solution,50
state-owned,50
science,50
diplomatic,50
travel,50
video,50
discuss,50
revenues,50
decrease,50
negative,50
account,50
bird,50
fly,50
quickly,50
shown,50
forms,50
fully,50
semi-final,50
annual,50
huge,50
imports,50
weight,50
metres,50
village,50
discussed,49
payment,49
munich,49
doing,49
liquidity,49
eye,49
strategy,49
table,49
industries,49
lens,49
double,49
keeper,49
rival,49
environment,49
subsidiary,49
association,49
ice,49
active,49
growing,49
2008.,49
beaten,49
robert,49
fans,49
carrying,49
finished,49
online,49
notes,49
manchester,49
marseille,49
factor,49
thanks,49
closer,49
type,49
semi-finals,49
supported,49
expand,49
existing,48
noted,48
pacific,48
bid,48
highest,48
attention,48
darfur,48
ligue,48
china's,48
remains,48
eventually,48
interior,48
achieve,48
plane,48
trend,48
advanced,48
analyst,48
secure,48
issuance,48
battery,48
sell,48
respectively,48
elections,48
types,48
sound,47
bombs,47
federer,47
decline,47
commercial,47
injuries,47
quarter-final,47
port,47
finding,47
seventh,47
tie,47
officers,47
cover,47
battle,47
commission,47
urged,47
ability,46
satellite,46
necessary,46
vehicles,46
rather,46
centre,46
meant,46
index,46
euro,46
racing,46
perfect,46
fresh,46
faced,46
6-1,46
6.3,46
tough,46
tamil,46
seconds,46
external,46
abe,46
hike,46
governments,46
maximum,46
supply,46
sign,46
rising,46
described,46
affected,45
scheme,45
terrorism,45
published,45
missed,45
investigation,45
rally,45
felt,45
captain,45
understand,45
argentine,45
works,45
insurgents,45
school,45
signals,45
nickel,45
direct,45
instead,45
scheduled,45
valencia,45
feel,45
bad,45
somali,45
transactions,45
complete,45
carbon,45
squad,45
ten,45
lending,45
engineering,45
easy,45
bureau,44
tariff,44
happy,44
refused,44
giving,44
trading,44
pakistani,44
astra,44
"rp9,300",44
holding,44
olympic,44
protests,44
delta,44
supporters,44
picture,44
joined,44
layer,44
3-1,44
job,44
row,44
ruling,44
regions,44
model,44
olmert,44
fellow,44
strengthening,44
egypt,44
threat,44
authority,44
legs,43
insects,43
managed,43
figures,43
strength,43
places,43
seems,43
3-2,43
tiger,43
warned,43
arms,43
sectarian,43
bambang,43
weather,43
w.,43
stages,43
officer,43
soil,43
charged,43
upon,43
skin,43
slow,43
insurance,43
worked,43
agents,43
appreciation,43
genetic,43
cards,43
rebel,43
google,43
sunday's,43
resolution,43
telecommunication,43
detained,43
capability,43
mark,43
businessmen,43
tight,43
tanks,42
helped,42
view,42
levels,42
kilometres,42
overall,42
beating,42
beginning,42
medical,42
act,42
arrived,42
quarter-finals,42
mutations,42
interesting,42
seeking,42
providing,42
considering,42
deposit,42
uses,42
identified,42
block,42
benchmark,42
knowledge,42
antam,42
mfi,42
civilian,42
winners,42
located,42
sale,42
join,42
import,42
bilateral,42
plantation,42
victims,42
bundesliga,42
generation,42
responsibility,42
purpose,41
rocket,41
dutch,41
atmosphere,41
book,41
congress,41
substitute,41
nothing,41
accept,41
terrorist,41
clash,41
covered,41
numbers,41
direction,41
reaction,41
monitor,41
reserve,41
purchase,41
straight,41
yudhoyono,41
islamists,41
selling,41
measures,41
moreover,41
train,41
lives,41
confidence,41
eyes,41
selection,41
transportation,40
placed,40
addition,40
markets,40
distributed,40
telkom,40
changed,40
unity,40
denied,40
miles,40
legal,40
task,40
london,40
lack,40
supporting,40
tigers,40
adb,40
statistics,40
society,40
virus,40
payments,40
operator,40
shape,40
personnel,40
challenge,40
mother,40
ii,40
relegation,40
evolutionary,40
telephone,40
god,40
mega,40
obtained,40
aircraft,39
kidnapped,39
greater,39
heat,39
muscles,39
dpr,39
indicated,39
microsoft,39
agricultural,39
liquid,39
individual,39
hole,39
robot,39
facing,39
probably,39
enterprises,39
moment,39
helicopters,39
commitment,39
visitors,39
corruption,39
minus,39
search,39
uefa,39
scientist,39
status,39
japan's,39
kim,39
edge,39
that's,39
origin,39
location,39
jumped,39
sure,39
consecutive,39
olympique,39
listed,39
km,38
operators,38
damaged,38
overcome,38
allah,38
technical,38
qualifying,38
bombing,38
james,38
smaller,38
soe,38
ethiopian,38
radical,38
journalists,38
comment,38
born,38
your,38
card,38
assumed,38
slightly,38
implemented,38
berlin,38
reflected,38
plastic,38
hosts,38
susilo,38
barca,38
enter,38
murray,38
expenditure,38
friendly,38
sulawesi,38
greenback,38
signs,38
demands,37
fernando,37
burhanuddin,37
presence,37
explained,37
hezbollah,37
spread,37
interim,37
cheney,37
connection,37
outstanding,37
tv,37
accounts,37
spending,37
interbank,37
running,37
illegal,37
machine,37
content,37
core,37
functions,37
lose,37
creature,37
flow,37
amounting,37
gone,37
fed,37
gradually,37
regarding,37
begin,37
industrial,37
independent,37
provision,37
deaths,37
accident,37
safe,37
bit,36
minimum,36
"rp9,100",36
militant,36
bordeaux,36
sometimes,36
isaf,36
applied,36
benefits,36
bigger,36
wednesday's,36
rule,36
causes,36
prepared,36
provides,36
controversial,36
memory,36
declined,36
professional,36
warning,36
wing,36
extend,36
volume,36
care,36
resulted,36
influence,36
nadal,36
acquisition,36
telkomsel,36
waiting,36
worst,36
expect,36
knee,36
returning,36
waters,36
principle,36
excise,36
elements,36
cars,36
van,36
streets,36
stored,36
stopped,36
spokesperson,36
institute,36
outlook,36
producing,36
drew,36
protesters,36
offices,35
attacked,35
date,35
attempt,35
understanding,35
protein,35
sanctions,35
executive,35
serie,35
fought,35
concern,35
generally,35
arabia,35
driven,35
jan,35
producer,35
deep,35
surgery,35
ali,35
nato,35
lake,35
rules,35
street,35
widely,35
americans,35
intended,35
ensure,35
palm,35
targeted,35
qatar,35
starts,35
spent,35
benefit,35
faster,35
organization,35
year-on-year,35
jsx,35
avoid,35
suspended,35
add,35
grant,35
extended,34
affect,34
interested,34
dangerous,34
ownership,34
era,34
subject,34
conventional,34
replaced,34
agencies,34
trial,34
people's,34
passengers,34
concept,34
capable,34
substance,34
spokeswoman,34
bill,34
witnesses,34
residents,34
regime,34
everything,34
cash,34
processing,34
tennis,34
features,34
channel,34
list,34
laptop,34
boediono,34
iran's,34
claim,34
display,34
simple,34
increases,34
protest,34
plus,34
halftime,34
anything,34
pace,34
ending,34
hill,34
appearance,34
mosque,34
ambassador,34
slam,34
language,34
park,34
hamburg,34
commander,34
steel,34
tehran,33
roma,33
fine,33
bangladesh,33
cpo,33
drive,33
st,33
distance,33
regulations,33
traffic,33
century,33
property,33
macro,33
pulled,33
seek,33
rain,33
captured,33
gap,33
structures,33
limit,33
follow,33
quartet,33
developments,33
opportunities,33
hopefully,33
engine,33
focused,33
uranium,33
6.5,33
english,33
warming,33
initiative,33
mahmoud,33
successful,33
mohamed,33
speaking,33
stroke,33
singles,33
crowd,33
formation,33
commodities,33
concerned,33
dr,33
mostly,33
improved,33
fields,33
shots,33
taxes,33
continues,33
highly,33
survive,33
relationship,33
mexico,33
invasion,33
household,33
democratic,33
letter,33
pyongyang,33
female,32
converted,32
arrest,32
fair,32
syria,32
perform,32
werder,32
williams,32
raising,32
includes,32
aggregate,32
glass,32
user,32
everton,32
ministers,32
phenomenon,32
insect,32
bremen,32
doubles,32
proved,32
sports,32
served,32
address,32
liga,32
diseases,32
answer,32
invest,32
atletico,32
m.,32
son,32
cities,32
referring,32
comments,32
surabaya,32
faces,32
standard,32
argentina,32
hydrogen,32
bringing,32
impossible,32
black,32
alone,32
tank,32
seized,32
schalke,32
experts,32
read,32
holders,32
neighbouring,32
therapy,32
alleged,32
costs,32
responsible,32
device,31
dominated,31
complicated,31
saturday's,31
second-placed,31
alternative,31
mutation,31
expansion,31
losses,31
staff,31
treatment,31
jankovic,31
guards,31
saving,31
approved,31
plantations,31
exploded,31
davydenko,31
brazil,31
vote,31
critical,31
launching,31
indeed,31
launch,31
risks,31
oic,31
electrical,31
triggered,31
offensive,31
flying,31
ease,31
pressures,31
explain,31
mass,31
significantly,31
weakened,31
leaving,31
linked,31
assumption,31
san,31
patient,31
wave,31
technique,31
camp,31
environmental,31
secured,31
la,31
us-led,31
sumatra,31
worries,31
billions,30
expensive,30
banned,30
indosat,30
i.,30
indrawati,30
seriously,30
defense,30
religious,30
tin,30
darwin,30
push,30
efficient,30
realization,30
coordinating,30
safety,30
himself,30
reaches,30
calls,30
branch,30
reasons,30
execution,30
improvement,30
recovered,30
observer,30
unable,30
we're,30
primera,30
consists,30
links,30
andy,30
biological,30
consumer,30
us$,30
larger,30
truck,30
energi,30
failure,30
grenade,30
totally,30
popular,30
note,30
driver,30
maker,30
discovered,30
monitoring,30
request,30
holes,30
enable,30
determined,30
los,30
offering,30
discussions,30
acquired,30
explosives,30
receive,30
gain,30
hussein,30
collected,30
navy,30
mogadishu,30
struggle,30
creating,30
egyptian,30
tribal,30
emergency,30
track,30
7-6,30
directorate,30
sending,30
sudan,30
defeated,30
sbi,30
scale,30
suffering,29
foreigners,29
dolphin,29
meantime,29
a.,29
qualifier,29
mortgage,29
acquire,29
heading,29
king's,29
iraqis,29
entered,29
villa,29
thailand,29
confirm,29
federal,29
0-0,29
stronger,29
imposed,29
yellow,29
independence,29
wall,29
insurgency,29
prior,29
struggling,29
customs,29
characteristics,29
consider,29
blamed,29
forum,29
contact,29
demanded,29
true,29
provincial,29
signing,29
"rp9,200",29
families,29
regular,29
examples,29
percents,29
dozens,29
ghana,29
overseas,29
ton,29
monthly,29
reptiles,29
kostaman,29
opponent,29
bakrie,29
websites,29
apart,29
passed,29
poll,29
swiss,29
associated,29
targets,29
toward,29
psg,29
rejected,29
completely,29
birdies,29
angeles,29
forecast,29
scientific,29
buying,29
requirement,29
soft,29
possibly,29
bappenas,29
newly,29
universe,29
leaves,28
atomic,28
serving,28
clubs,28
signal,28
blue,28
observed,28
missile,28
equal,28
showing,28
savings,28
gulf,28
kevin,28
month's,28
juventus,28
fee,28
royal,28
equalised,28
2-2,28
deadly,28
dortmund,28
organs,28
summer,28
smoke,28
violent,28
farmers,28
integrated,28
reducing,28
component,28
claims,28
surprise,28
peacekeepers,28
frequently,28
box,28
iraq's,28
turkish,28
visiting,28
approval,28
indicators,28
drilling,28
mobile,28
sharia,28
achieved,28
spaniard,28
marine,28
budi,28
non-performing,28
villarreal,28
enrichment,28
betis,28
meetings,28
talk,28
republic,28
questions,28
shut,28
wrong,28
molecule,28
defending,28
kalimantan,28
condoleezza,28
gates,28
promised,28
dna,28
committed,28
shortly,28
tsunami,28
survey,27
le,27
sites,27
written,27
exactly,27
discussion,27
believes,27
djokovic,27
priority,27
gained,27
appeal,27
strongly,27
criminal,27
contribution,27
nasa,27
dragonfly,27
mean,27
ordered,27
agriculture,27
operate,27
maintained,27
star,27
suspects,27
plays,27
guard,27
carlos,27
withdrawal,27
exploration,27
feb,27
kuznetsova,27
e.,27
aware,27
territory,27
meters,27
thomas,27
simply,27
river,27
entering,27
candidates,27
combat,27
characteristic,27
review,27
corporation,27
phase,27
duty,27
magazine,27
pte,27
organisation,27
feature,27
charges,27
giant,27
prepare,27
worried,27
weakening,27
dialogue,27
helping,27
speech,27
entire,27
pull,27
egg,27
titles,27
onto,27
bones,27
kill,27
moon,27
missiles,27
metal,27
seeded,27
termites,27
deployment,27
miranda,27
crashed,27
succeeded,27
prison,27
mature,27
refugees,27
conduct,27
frenchman,27
tuesday's,26
doubt,26
ac,26
wind,26
fossils,26
ship,26
movements,26
decades,26
broken,26
lungs,26
unfortunately,26
we've,26
shooting,26
publicly,26
vietnam,26
roddick,26
laws,26
birth,26
automatically,26
investor,26
establishment,26
offspring,26
jose,26
headquarters,26
supplies,26
fiorentina,26
yield,26
bi's,26
advance,26
soccer,26
autonomy,26
wait,26
india's,26
destroyed,26
disaster,26
wounding,26
accepted,26
analysts,26
books,26
thousand,26
setting,26
humanitarian,26
gives,26
tottenham,26
roads,26
surge,26
supervisory,26
rully,26
clean,26
enjoyed,26
long-term,26
lowering,26
reality,26
divided,26
danger,26
command,26
outer,26
falling,26
sufficient,26
requires,26
expanded,26
handed,26
generated,26
instruments,26
hurt,26
trouble,26
miss,26
atp,26
ahmed,26
combined,26
assist,26
turkey,26
predict,25
eto'o,25
feed,25
senegal,25
projection,25
tankers,25
windows,25
rebounds,25
studies,25
positions,25
vision,25
nearby,25
bomber,25
deployed,25
soaring,25
emerged,25
solid,25
aside,25
i've,25
occasion,25
alliance,25
involvement,25
bus,25
pratama,25
sensitive,25
ships,25
category,25
olympics,25
events,25
stocks,25
tony,25
mentioned,25
guided,25
measure,25
bees,25
goes,25
cement,25
roberto,25
volatile,25
exceed,25
cases,25
sets,25
replace,25
closing,25
tended,25
au,25
receiving,25
increasingly,25
document,25
extremely,25
wenger,25
serb,25
alive,25
crackdown,25
relating,25
prospects,25
ipo,25
drug,25
abducted,25
compete,25
object,25
sentiment,25
decide,25
educational,25
nano,25
unrest,25
reading,25
auction,25
fit,25
ehud,25
monday's,25
resistance,25
fueled,25
barrels,25
screen,25
explanation,25
week's,25
bombings,25
paul,25
strip,25
counterpart,25
tested,25
cgi,25
leverkusen,25
feathers,25
fear,25
ruled,25
conte,25
factions,25
appointed,25
eighth,25
crimes,25
allegedly,25
roger,25
stuttgart,25
obvious,25
initially,24
ousted,24
rockets,24
debentures,24
individuals,24
officially,24
technologies,24
bar,24
square,24
specific,24
breaking,24
ivory,24
clearly,24
objective,24
blocked,24
periods,24
nicolas,24
lee,24
acid,24
analysis,24
indicates,24
exist,24
toni,24
unless,24
proposal,24
rescue,24
saved,24
successive,24
pushed,24
presented,24
terrorists,24
gold,24
primary,24
implement,24
sharp,24
weak,24
prey,24
atm,24
strugglers,24
pentagon,24
supervision,24
nancy,24
b,24
helmand,24
ongoing,24
liberation,24
keeps,24
sharapova,24
testing,24
trust,24
basically,24
class,24
regard,24
assistant,24
pattern,24
muscle,24
niger,24
ministry's,24
frank,24
2.5,24
dark,24
earned,24
hikes,24
dioxide,24
kinds,24
frequency,24
customer,24
genes,24
dividends,24
c,24
wells,24
findings,24
7-5,24
shinzo,24
sporting,24
flew,24
foot,24
sinaga,23
representative,23
involving,23
apply,23
sacked,23
enjoy,23
fundamental,23
drawn,23
upset,23
bat,23
revenue,23
encourage,23
music,23
crime,23
championships,23
forming,23
originally,23
derby,23
unique,23
amounts,23
identify,23
treasury,23
men's,23
love,23
crucial,23
beyond,23
connected,23
minority,23
occupied,23
euros,23
stations,23
helicopter,23
relation,23
activists,23
nova,23
booked,23
winter,23
etc,23
sealed,23
pitch,23
laughing,23
merely,23
season's,23
comfortable,23
roadside,23
error,23
couple,23
nor,23
moscow,23
laptops,23
questioned,23
survival,23
reforms,23
martin,23
trillions,23
equipped,23
danamon,23
impacts,23
ceasefire,23
matters,23
second-half,23
upper,23
rafael,23
bapepam-lk,23
weapon,23
consisted,23
tear,23
employees,23
experiment,23
contrary,23
sheikh,23
deals,23
ring,23
possess,23
citing,23
story,23
peaceful,23
expenses,23
standings,23
aggressive,23
dismissed,23
pair,23
shock,22
hong,22
settle,22
mohammad,22
molecules,22
asean,22
managing,22
parliamentary,22
picked,22
fate,22
seemed,22
howard,22
concrete,22
count,22
hot,22
depends,22
killings,22
difficulties,22
occurs,22
basra,22
guerrillas,22
medicine,22
superb,22
assessment,22
vitamin,22
partner,22
represented,22
neither,22
middlesbrough,22
resident,22
kong,22
mallorca,22
looks,22
ceiling,22
occur,22
raid,22
kalla,22
stress,22
surely,22
fan,22
obtain,22
organizations,22
houses,22
heard,22
manufacturing,22
succeed,22
encounter,22
pulp,22
six-party,22
stand,22
unknown,22
referred,22
earn,22
lived,22
idea,22
useful,22
cooperative,22
passing,22
opponents,22
assumptions,22
referee,22
otherwise,22
cambrian,22
diego,22
rare,22
boss,22
culture,22
raw,22
1980s,22
6-0,22
participants,22
option,22
pilgrims,22
agenda,22
ask,22
engaged,22
women's,22
meaning,22
processes,22
guilty,22
patrol,22
freedom,22
bca,22
joining,22
child,22
contrast,22
manage,22
multi,22
daniel,22
employee,22
sensor,22
sky,22
patients,22
careful,22
rebound,22
fitch,22
forest,22
allows,22
whom,22
driving,22
thayib,22
henin,22
inspired,22
height,22
agent,22
participation,22
enables,22
controlling,22
hotel,22
saudara,22
portuguese,22
subscribers,22
traded,21
newcastle,21
purposes,21
soybean,21
rich,21
lift,21
vowed,21
coordination,21
t,21
zimbabwe,21
threw,21
declared,21
holds,21
metz,21
becoming,21
reform,21
1.5,21
intervention,21
mechanisms,21
bayer,21
interests,21
facilitate,21
applications,21
marked,21
observation,21
dream,21
2004.,21
crash,21
heads,21
whatever,21
delegation,21
treated,21
"rp9,000",21
fled,21
objects,21
personal,21
sudanese,21
edwin,21
equivalent,21
gets,21
lamp,21
circulation,21
overnight,21
bank/bi,21
planet,21
currencies,21
policemen,21
sex,21
manner,21
curb,21
tell,21
delivery,21
owner,21
spurs,21
acts,21
moderate,21
efficiency,21
assigned,21
beings,21
solar,21
caught,21
threatened,21
installed,21
peacekeeping,21
ally,21
handling,21
abductions,21
judge,21
proper,21
earning,21
mine,21
preparing,21
commanders,21
quick,21
paying,21
substances,21
11th,21
lowered,21
sustained,21
doctors,21
check,21
criticism,21
conducive,21
breaks,21
concentration,21
expert,21
burning,21
totaling,21
nigerian,21
islands,21
phones,21
abduction,21
nucleus,21
transport,21
determine,21
monitors,21
purchasing,21
bali,21
maria,21
beirut,21
california,21
jerusalem,21
stars,21
scores,21
semen,21
cameroon,21
relevant,21
partnership,21
friends,21
gnat,21
writing,21
image,21
boycott,21
palace,21
contain,21
element,21
store,21
powers,20
davis,20
4-2,20
boy,20
bbc,20
protecting,20
resolve,20
stoppage,20
ranked,20
concerns,20
corresponding,20
buildings,20
consisting,20
wife,20
rivers,20
challenges,20
can't,20
villages,20
club's,20
secret,20
compatriot,20
favourites,20
rp500,20
lots,20
southeast,20
epa,20
bilbao,20
allocation,20
juan,20
knocked,20
hands,20
pointed,20
fluctuations,20
colleagues,20
wolfsburg,20
nationals,20
window,20
lawyer,20
czech,20
kg,20
sense,20
bukit,20
10th,20
agree,20
suspension,20
hotspur,20
particular,20
qualify,20
provinces,20
fabio,20
artificial,20
vital,20
actively,20
attached,20
"1,000",20
hopanoid,20
healthy,20
implementing,20
netherlands,20
unseeded,20
scene,20
anonymity,20
constant,20
polymer,20
massive,20
perfectly,20
watch,20
negotiator,20
fees,20
delivered,20
immediate,20
indicate,20
confident,20
lies,20
appropriate,20
respect,20
differences,20
involve,20
spoke,20
adopted,20
insisted,20
asset,20
third-placed,20
competitive,20
nevertheless,20
muhammad,20
touch,20
appear,20
clearance,20
restore,20
peter,20
hearing,20
kiloliters,20
seoul,20
tests,20
unidentified,20
mineral,20
controls,20
darwinism,20
standing,20
travelling,20
pakistan's,20
sumatera,20
aim,20
henry,20
fa,20
eta,20
tunisia,20
ocean,20
built,20
consolidated,20
recognize,20
vessels,20
lowest,20
words,20
marketing,20
imf,20
victim,20
borders,20
components,20
zaragoza,20
gene,20
doubled,20
tool,20
commissioner,20
realized,20
democrats,20
schools,20
housing,20
troubled,20
responded,19
wisdom,19
"10,000",19
choice,19
requirements,19
tiny,19
homes,19
chain,19
ideas,19
torres,19
mind,19
organ,19
drugs,19
peninsula,19
continuing,19
planes,19
fulham,19
usd,19
charles,19
composition,19
explosive,19
suggested,19
fears,19
nest,19
fighter,19
camera,19
establish,19
thick,19
assault,19
subsidiaries,19
qualification,19
flies,19
recover,19
harm,19
transferred,19
attract,19
managers,19
contains,19
santander,19
allies,19
assembly,19
winger,19
normally,19
expectations,19
parents,19
sugar,19
pln,19
luis,19
decree,19
sees,19
revolutionary,19
cairo,19
organisms,19
ones,19
6.8,19
operated,19
incentives,19
internasional,19
remote,19
dispute,19
laid,19
tensions,19
willing,19
guarantee,19
state's,19
motor,19
bridge,19
equity,19
contribute,19
npls,19
samples,19
p.,19
milk,19
levante,19
diplomat,19
unbeaten,19
referendum,19
detect,19
varied,19
rusman,19
enemy,19
bin,19
blow,19
practice,19
smoking,19
follows,19
commodity,19
piece,19
recognition,19
withdraw,19
finals,19
declining,19
attended,19
shipping,19
quarters,19
oldest,19
pollution,19
hundred,19
demonstrators,19
collision,19
seeing,19
wish,19
raids,19
nerve,19
stressed,19
learn,19
raul,19
pertamina,19
freed,19
ivanovic,19
attempts,19
equaliser,19
produces,19
kingdom,19
himpunan,19
angola,19
grants,19
continuously,19
rp1,19
bumi,19
fenerbahce,19
remarks,19
pictures,19
resignation,19
pretty,19
mccormack,19
threats,19
britain's,19
prompted,19
revealed,19
juve,19
observe,19
decade,19
ceremony,19
climb,19
anniversary,19
boat,19
reference,19
typically,19
researcher,18
preventing,18
intervene,18
package,18
davenport,18
wen,18
miami,18
consumers,18
consequences,18
sadr,18
ancient,18
6.2,18
tree,18
villagers,18
performing,18
shi'ite,18
magnitude,18
talking,18
team's,18
taiwan,18
collapsed,18
camel,18
jewish,18
formula,18
jaya,18
performed,18
allowing,18
justice,18
kabul,18
abu,18
shell,18
super,18
djalil,18
ida,18
identity,18
lay,18
jump,18
delay,18
omar,18
halt,18
dividend,18
taxation,18
firms,18
portfolio,18
expects,18
colombia,18
cutting,18
male,18
kilometers,18
17th,18
jail,18
settlement,18
processed,18
visited,18
entrance,18
protected,18
flanking,18
ltte,18
catch,18
superior,18
partners,18
girondins,18
panin,18
definitely,18
dozen,18
city's,18
finally,18
grenades,18
mike,18
journal,18
aspects,18
doctor,18
athletic,18
composed,18
effects,18
ear,18
upward,18
burns,18
playmaker,18
generate,18
debut,18
mortar,18
tissues,18
brings,18
condemned,18
weaken,18
ronald,18
18th,18
fungi,18
planted,18
actions,18
woods,18
extremists,18
flexible,18
forcing,18
knew,18
pole,18
vfl,18
emirates,18
die,18
ethnic,18
concluded,18
opinion,18
struggled,18
contest,18
hoping,18
terror,18
jersey,18
reconciliation,18
13th,18
disarmament,18
telecom,18
automotive,18
explosions,18
federation,18
subprime,18
consequently,18
contained,18
lifted,18
ninth,18
communist,18
resume,18
cottbus,18
delhi,18
hydrocarbon,18
harmful,17
aspect,17
cheap,17
vfb,17
accord,17
2003.,17
closely,17
appears,17
mount,17
paskah,17
first-half,17
keeping,17
suffer,17
downward,17
buried,17
universities,17
proof,17
you're,17
student,17
largely,17
telecommunications,17
ideal,17
ronaldo,17
anticipate,17
spring,17
six-nation,17
underground,17
tarantula,17
bush's,17
recording,17
wealth,17
earnings,17
fluid,17
plunged,17
productivity,17
cited,17
truce,17
rapidly,17
co,17
forehand,17
advantages,17
orbit,17
pledged,17
2010.,17
tally,17
stomach,17
refugee,17
espanyol,17
layers,17
pieces,17
eradication,17
collect,17
blew,17
executed,17
successfully,17
deflation,17
backed,17
replacement,17
twenty,17
reconstruction,17
trap,17
shops,17
membrane,17
citizens,17
standards,17
gmt,17
lankan,17
proteins,17
gathering,17
sentenced,17
license,17
assists,17
spider,17
ben,17
else,17
e,17
welfare,17
procedures,17
australia's,17
2002.,17
honey,17
businessman,17
instructions,17
introduced,17
opposite,17
mistake,17
masters,17
elbaradei,17
floods,17
fragile,17
evolutionist,17
prospect,17
conducting,17
ahmadinejad,17
he/she,17
channeled,17
troop,17
intensive,17
colony,17
malaysian,17
capitalism,17
biomass,17
simultaneously,17
enforcement,17
aged,17
flower,17
"3,000",17
announcement,17
sailors,17
muslims,17
streak,17
repeatedly,17
estimate,17
slipped,17
resigned,17
cent,17
bee,17
exercise,17
disorder,17
dawn,17
enterprise,17
framework,17
father,17
conversion,17
anthony,17
documents,17
arm,17
names,17
programmes,17
agreements,17
senate,17
satisfied,17
8.25,17
1970s,17
christopher,17
benzema,17
valladolid,17
canada,17
instruction,17
principles,17
transitional,17
nepal,17
offshore,17
complained,17
manuel,17
slowdown,17
separately,17
minor,16
capitalist,16
26-year-old,16
envoy,16
tools,16
presidency,16
d.,16
negara,16
netted,16
girls,16
20-year-old,16
brief,16
flights,16
moves,16
turmoil,16
senator,16
diplomacy,16
cold,16
ldr,16
adhi,16
sidelines,16
briefing,16
nigeria's,16
adrift,16
serves,16
urban,16
stepped,16
worse,16
blasts,16
smell,16
ppn,16
candidate,16
calculation,16
so-called,16
surprising,16
consortium,16
mans,16
impoverished,16
rapid,16
mutual,16
militia,16
none,16
variety,16
lanka's,16
reiterated,16
alert,16
deserved,16
lanka,16
nusantara,16
instrument,16
sensors,16
experiments,16
abandoned,16
jusuf,16
sector's,16
smes,16
porto,16
abroad,16
effectively,16
el,16
"4,000",16
mars,16
darwin's,16
hat-trick,16
elected,16
calling,16
partly,16
"50,000",16
arrival,16
e-mail,16
dinosaurs,16
remarkable,16
robots,16
dealers,16
burden,16
failing,16
color,16
ki-moon,16
mecca,16
baby,16
blair,16
clay,16
delayed,16
territories,16
detected,16
chamber,16
bandung,16
mechanical,16
valid,16
productive,16
discovery,16
wake,16
1.7,16
narrow,16
portsmouth,16
invested,16
apparent,16
seem,16
version,16
disappointed,16
three-month,16
republican,16
erupted,16
iaea,16
switzerland,16
evolutionists,16
pga,16
postponed,16
word,16
channeling,16
crown,16
attend,16
ismail,16
organic,16
hu,16
hunting,16
tropical,16
attackers,16
danareksa,16
firing,16
rely,16
cable,16
temporary,16
tends,16
d,16
character,16
sparked,16
bolton,16
ireland,16
sanchez,16
delighted,16
nobody,16
vessel,16
genocide,16
finalists,16
venture,16
supposed,16
sheet,16
constitution,16
camps,16
divestment,16
proceeds,16
governors,16
dec,16
anti,16
achievement,16
zealand,16
repeated,16
locations,16
code,16
levelled,16
complexity,16
evolved,16
languages,16
husband,16
receives,16
convoy,16
haniya,16
economists,16
hitting,16
inflationary,16
changing,16
composite,16
portugal,16
reduction,16
dam,16
gun,16
del,16
voted,16
consist,16
2001.,16
mubarak,16
records,16
expanding,16
learning,16
sept,16
wins,16
automatic,16
girl,16
stayed,16
waves,16
circumstances,16
integration,16
capitalization,16
cloud,16
accordance,16
stade,16
iata,16
alleviation,16
heavily,16
prosperity,15
absorption,15
fruit,15
flexibility,15
newest,15
france's,15
capabilities,15
side's,15
path,15
granted,15
convinced,15
textile,15
detail,15
falls,15
quake,15
memorandum,15
chest,15
profitability,15
accompanied,15
someone,15
tiebreak,15
dakar,15
celtic,15
wasn't,15
organisers,15
mohammed,15
examine,15
output,15
foundation,15
cigarettes,15
sharply,15
latter,15
militias,15
structural,15
walls,15
islamabad,15
crew,15
string,15
guinea,15
reportedly,15
favourite,15
lps,15
boston,15
districts,15
investigating,15
courts,15
contributing,15
engines,15
write,15
transparent,15
snow,15
mukherjee,15
polls,15
isolated,15
journey,15
shootout,15
optimism,15
excess,15
reactive,15
generator,15
idb,15
melbourne,15
macro-economic,15
severe,15
flawless,15
sudden,15
tissue,15
ham,15
sms,15
destruction,15
formal,15
tackle,15
architecture,15
distribute,15
runs,15
biotechnology,15
promising,15
psychological,15
text,15
fierce,15
marines,15
won't,15
2009.,15
sport,15
emergence,15
safely,15
karim,15
thin,15
us$100,15
emerging,15
4-1,15
democracy,15
intention,15
provider,15
intermediate,15
obstacles,15
thursday's,15
aging,15
yes,15
breakthrough,15
belgian,15
antara,15
combustion,15
drove,15
drogba,15
stands,15
carrier,15
seal,15
strikes,15
revolution,15
ions,15
stunning,15
bright,15
children's,15
watching,15
ribery,15
prefecture,15
belonging,15
christian,15
midway,15
observers,15
participate,15
danish,15
schiavone,15
categories,15
putin,15
stronghold,15
italy's,15
bii,15
paramilitary,15
sv,15
offers,15
feeling,15
rural,15
disclosed,15
opposed,15
maturity,15
duisburg,15
cooking,15
aims,15
happens,15
mercurius,15
birmingham,15
catania,15
hive,15
consideration,15
qaeda,15
penalties,15
maybe,15
steve,15
faction,15
friend,15
accurate,15
flu,15
gresik,15
cool,15
warm,15
waziristan,15
mobile-8,15
murder,15
imported,15
selected,15
tourists,15
radiation,15
recognise,15
suddenly,15
consistent,15
permit,15
occupation,15
attempted,15
eu,15
edged,15
swimming,15
angle,15
arrive,15
resumed,15
"2,000",15
regularly,15
germany's,15
skill,15
pato,15
intense,15
physical,15
npl,15
borussia,15
let's,15
payable,15
medium-scale,15
bullying,15
israel's,15
sluggish,15
singh,15
nation's,15
yonhap,15
heriawan,15
currents,15
supports,15
originated,15
6.1,15
absence,15
traditional,15
dolphins,15
attending,15
mouse,14
yesterday,14
inco,14
gunfire,14
desert,14
finishing,14
investigate,14
offset,14
climbed,14
naval,14
nato-led,14
inflow,14
riot,14
conceded,14
leads,14
unchanged,14
2000.,14
kashmir,14
poultry,14
computing,14
wounds,14
group's,14
prove,14
centers,14
ranks,14
cisse,14
worker,14
spell,14
informed,14
diving,14
chasing,14
veteran,14
recreativo,14
speaker,14
javier,14
doha,14
teenager,14
announce,14
negotiating,14
solutions,14
principal,14
roh,14
procedure,14
sekuritas,14
crossing,14
labor,14
indication,14
stakes,14
approximately,14
displaced,14
jumping,14
freely,14
richard,14
steven,14
al-maliki,14
counter,14
quell,14
samuel,14
intermediary,14
congressional,14
regarded,14
trained,14
investments,14
behavior,14
professor,14
classic,14
mitsubishi,14
panel,14
demonstration,14
favorable,14
14th,14
absolutely,14
factory,14
tomorrow,14
koreas,14
song,14
nuri,14
islam,14
studied,14
classified,14
mahut,14
indofood,14
amendments,14
rounds,14
kerosene,14
kids,14
collapse,14
consumed,14
formally,14
peak,14
views,14
variations,14
nikolay,14
on-year,14
alonso,14
there's,14
fastest,14
organized,14
astonishing,14
p,14
correct,14
baghdatis,14
essential,14
insurgent,14
strel,14
welcome,14
antam's,14
rangers,14
everyone,14
roles,14
siro,14
everybody,14
somewhat,14
ihsanoglu,14
exists,14
turning,14
luca,14
kenya,14
tasks,14
unlikely,14
overcame,14
crater,14
golf,14
restrictions,14
hostage,14
15th,14
governance,14
piled,14
kurdish,14
speculation,14
stunned,14
ringgit,14
sought,14
convert,14
relatives,14
khan,14
6.4,14
traveling,14
greatest,14
style,14
temperatures,14
ahmad,14
page,14
traits,14
holy,14
represent,14
quoting,14
enemies,14
existed,14
attacking,14
prevented,14
qualified,14
hassan,14
commonly,14
zenit,14
recognized,14
hectares,14
cia,14
understood,14
goalless,14
friday's,14
pick,14
damascus,14
dust,14
investigators,14
mountain,14
prompting,14
promises,14
jordan,14
mauritania,14
9.25,14
cargo,14
railway,14
admit,14
length,14
"5,000",14
bni's,14
nerves,14
brother,14
surrounding,14
saves,14
mario,14
settled,14
ends,14
feared,14
calm,14
germain,14
volley,14
incidents,14
seeds,14
anticipation,14
repay,14
storage,14
asking,14
saddam's,14
bone,14
spend,14
shift,14
steer,14
francisco,14
earthquake,14
guns,14
conservative,14
certificates,14
rush,14
destroy,14
random,14
passenger,14
trophy,14
effectiveness,13
argument,13
contingent,13
solve,13
mamby,13
guys,13
obviously,13
sitting,13
farma,13
arsenal's,13
niaga,13
backhand,13
chris,13
non,13
-led,13
quit,13
pgn,13
briefly,13
directors,13
decreased,13
nuremberg,13
overweight,13
clinched,13
choose,13
mottaki,13
door,13
empowerment,13
encouraging,13
detailed,13
distinct,13
inter-bank,13
pilot,13
luas,13
mudflow,13
donor,13
rp10,13
frankfurt,13
react,13
haj,13
crossed,13
stones,13
objections,13
outcome,13
circuit,13
mexican,13
deny,13
permanent,13
dry,13
networks,13
nice,13
upcoming,13
submitted,13
franck,13
zis,13
pemeringkat,13
exceeded,13
lautan,13
corp,13
giants,13
jelena,13
decisions,13
detention,13
battles,13
observing,13
improvements,13
eat,13
bpr,13
eased,13
route,13
sony,13
fertilizer,13
offside,13
profile,13
1.8,13
israelis,13
16th,13
kidnappings,13
coverage,13
capture,13
prix,13
island's,13
approached,13
lawmakers,13
mickelson,13
famous,13
citizen,13
brantas,13
stealing,13
scandal,13
lakers,13
riyadh,13
dealing,13
waste,13
thinking,13
uncertain,13
pages,13
trigger,13
emission,13
dictator,13
valued,13
migration,13
cross-border,13
mixed,13
mammals,13
melt,13
format,13
violation,13
antonio,13
wawrinka,13
marathon,13
wound,13
funded,13
scenario,13
lasted,13
yongbyon,13
custody,13
5-3,13
cleared,13
identification,13
goeltom,13
logic,13
coastal,13
carries,13
rahman,13
ensuing,13
accounted,13
motorcycle,13
benjamin,13
debate,13
kevlar,13
tom,13
pounds,13
yearly,13
tpt,13
sofyan,13
clouds,13
obligations,13
article,13
intake,13
covering,13
debtors,13
spain's,13
focusing,13
coup,13
disbursement,13
combination,13
lipid,13
rushed,13
humans,13
bej,13
rovers,13
house's,13
methods,13
lazio,13
myself,13
paddy,13
wizards,13
abandon,13
mahmud,13
critics,13
colombian,13
phyla,13
sciences,13
displays,13
lippo,13
anyone,13
attitude,13
northeast,13
dick,13
aces,13
pain,13
wta,13
murcia,13
cycle,13
north's,13
aqsa,13
owing,13
efek,13
depending,13
jailed,13
easing,13
server,13
journalist,13
lawyers,13
basel,13
rings,13
require,13
reverse,13
platform,13
gerrard,13
tongue,13
"21,500",13
sochaux,13
russia's,13
constitutional,13
greece,13
radicals,13
blake,13
watched,13
arena,13
generations,13
breast,13
instance,13
polar,13
powered,13
disappointment,13
promote,13
particles,13
recovery,13
xl,13
rubber,13
ivan,13
owns,13
machines,13
bochum,13
tsvangirai,13
occurrence,13
photos,13
sentence,13
degrees,13
short-term,13
wrapped,13
liberalization,13
eve,13
belonged,13
tender,13
khartoum,13
garden,13
moya,13
hertha,13
programming,13
tend,13
sentiments,13
disrupt,13
proven,13
sudan's,13
acting,13
demanding,13
meat,12
hanover,12
koeman,12
express,12
coincidence,12
sydney,12
mancini,12
renault,12
costa,12
prof,12
colour,12
identical,12
appreciate,12
7.5,12
flat,12
karya,12
intel,12
lines,12
chennai,12
petroleum,12
undergoing,12
allocated,12
xi,12
3.5,12
flash,12
tambang,12
remove,12
aso,12
tower,12
commerce,12
depth,12
hepatitis,12
athens,12
hair,12
deliver,12
closest,12
survived,12
disclose,12
bloodshed,12
shared,12
notably,12
expectation,12
atom,12
donors,12
unveiled,12
torn,12
small-,12
section,12
restaurant,12
kidnapping,12
split,12
inflows,12
revive,12
bases,12
stimulate,12
extending,12
thierry,12
mouth,12
rfid,12
arif,12
defensive,12
dollar-denominated,12
fracture,12
multilateral,12
disappeared,12
nervous,12
anybody,12
keen,12
unlike,12
bag,12
mugabe,12
frontier,12
upgraded,12
native,12
mdc,12
kuwait,12
calendar,12
lane,12
assassination,12
smuggling,12
hosni,12
sort,12
frogs,12
cnn,12
numerous,12
primitive,12
crushed,12
marco,12
pph,12
thermal,12
first-round,12
thrown,12
transformation,12
exchanges,12
bhp,12
married,12
kilograms,12
downtown,12
dimension,12
reggina,12
da,12
evaluate,12
putting,12
aspirin,12
opens,12
surprised,12
tariffs,12
younger,12
batteries,12
reflect,12
prima,12
maoists,12
communications,12
opener,12
asam,12
his/her,12
jobs,12
grown,12
appointment,12
reproduction,12
catalyst,12
acknowledged,12
tens,12
impressive,12
restive,12
satonda,12
knows,12
burned,12
swap,12
skills,12
weakness,12
sunnis,12
andrew,12
wigan,12
coached,12
stance,12
monarch,12
huelva,12
circle,12
xinhua,12
klose,12
disasters,12
unclear,12
makmur,12
m,12
dechy,12
metals,12
snatched,12
jambi,12
crowded,12
umkm,12
cautious,12
non-tax,12
casillas,12
sole,12
chemicals,12
dementieva,12
retina,12
divisions,12
originate,12
swept,12
pyongyang's,12
appearances,12
portal,12
experienced,12
simon,12
maintaining,12
bv,12
ran,12
cleveland,12
library,12
mauresmo,12
mayor,12
shoulder,12
lutein,12
sophisticated,12
5-0,12
visits,12
sampdoria,12
statements,12
teachers,12
ramos,12
smooth,12
4-0,12
passage,12
criteria,12
daughter,12
chaos,12
cap,12
stuck,12
darmin,12
udinese,12
termite,12
suitable,12
galaxy,12
seminar,12
helps,12
obligation,12
file,12
defend,12
highway,12
weekly,12
physically,12
compounds,12
lille,12
fat,12
somalia's,12
respiratory,12
laboratory,12
constructed,12
poison,12
excessive,12
link,12
intensity,12
agus,12
penetration,12
voice,12
cloning,12
farm,12
transmission,12
injuring,12
discussing,12
adebayor,12
teaching,12
timber,12
frozen,12
recovering,12
adviser,12
diplomats,12
atoms,12
broadcast,12
explore,12
shanghai,12
establishing,12
membership,12
royalties,12
margin,12
gathered,12
lights,12
communities,12
clock,12
billiton,12
anymore,12
meets,12
sustainable,12
desktop,12
welcomed,12
disappointing,12
devices,12
lie,12
long-range,12
"500,000",11
clothes,11
mulia,11
attractive,11
resign,11
january-march,11
plunge,11
marcos,11
older,11
briton,11
sexual,11
marga,11
articles,11
jones,11
lebaran,11
cavaliers,11
copy,11
contents,11
wu,11
mistakes,11
prediction,11
guaranteed,11
carefully,11
rallied,11
curfew,11
coaches,11
tsonga,11
laden,11
arrears,11
suspicion,11
philippe,11
mirror,11
exact,11
vertebrates,11
landed,11
financed,11
shocked,11
sample,11
svetlana,11
21st,11
reactions,11
han,11
qur,11
lpg,11
affirmed,11
clot,11
croatia,11
photo,11
blasted,11
activist,11
serena,11
segment,11
syrian,11
humanity,11
thai,11
colombia's,11
amman,11
inspectors,11
22-year-old,11
importance,11
drawing,11
fun,11
slowly,11
slip,11
prevention,11
targeting,11
ants,11
campbell,11
adequate,11
slot,11
protested,11
amazing,11
historic,11
urgent,11
pursue,11
adjustment,11
chavez,11
amounted,11
right-wing,11
taxpayers,11
rahmat,11
astronomy,11
lng,11
provisions,11
carl,11
softwares,11
com,11
hamas-led,11
worry,11
mali,11
variation,11
wireless,11
policeman,11
celebrate,11
lucky,11
depend,11
continuous,11
fifa,11
difficulty,11
taste,11
collided,11
bay,11
holder,11
extension,11
12th,11
monitored,11
enzyme,11
fundamentals,11
award,11
follow-up,11
filled,11
outfit,11
lifting,11
santoro,11
deploy,11
belarus,11
ports,11
background,11
negotiators,11
eating,11
dropping,11
molecular,11
tourist,11
sleep,11
neutron,11
wrote,11
rains,11
samsung,11
possibilities,11
destroying,11
storm,11
viewed,11
limits,11
processor,11
penguins,11
rupiah-denominated,11
rallies,11
promotion,11
manufacturers,11
closure,11
ryan,11
canal,11
recipe,11
electronics,11
avian,11
inspiration,11
till,11
comeback,11
underwriters,11
mikhail,11
orders,11
tim,11
concerning,11
begins,11
doesn't,11
aggression,11
nablus,11
colonel,11
organism,11
alves,11
wonderful,11
fc,11
dramatic,11
providers,11
16.,11
calleri,11
removed,11
harrison,11
midfield,11
boats,11
sank,11
impasse,11
razzano,11
hybrid,11
collection,11
sounds,11
deeper,11
invention,11
4.9,11
yemeni,11
reptile,11
suzetta,11
remember,11
"20,000",11
africa's,11
encouraged,11
guerrilla,11
preferred,11
pleased,11
psv,11
dpa,11
armando,11
mention,11
war-torn,11
conglomerate,11
holmes,11
playoff,11
attacker,11
nasution,11
preparations,11
turbulence,11
aston,11
disputed,11
belong,11
empoli,11
phil,11
fluctuation,11
jihad,11
exit,11
adequacy,11
specially,11
comprehensive,11
badly,11
somebody,11
realize,11
fallen,11
unemployment,11
nowadays,11
affecting,11
8.5,11
temple,11
wasp,11
heroin,11
bear,11
usual,11
engagement,11
devastating,11
atpk,11
substantial,11
llodra,11
estimates,11
cooperate,11
bordering,11
jonathan,11
fuels,11
payers,11
jordanian,11
elite,11
hicks,11
extra-time,11
fourth-placed,11
president's,11
market's,11
novak,11
burn,11
cuba,11
medics,11
fermentation,11
habitat,11
academic,11
kaka,11
suggest,11
values,11
dhaka,11
diet,11
warnings,11
exhibition,11
conclude,11
six-month,11
ranging,11
representing,11
julio,11
bolivia,11
intervened,11
bound,11
maliki,11
hostages,11
master,11
unacceptable,11
fairly,11
cigarette,11
military's,11
cleric,11
wearing,11
continent,11
eelam,11
vladimir,11
begun,11
tactics,11
beckham,11
camara,11
chad,11
serbian,11
ionization,11
inner,11
promissory,11
leftist,11
wood,11
ransom,11
toulouse,11
imagine,11
planting,11
apparently,11
wars,11
haniyeh,11
hanging,11
20th,11
karzai,11
bottle,11
shortage,11
similarly,11
oxide,11
breeding,11
eintracht,11
las,11
directions,11
resistant,11
input,11
silva,11
advertisement,11
context,11
cancelled,11
worldwide,11
colors,11
items,11
suspend,11
confrontation,11
plenary,11
risen,11
prevailing,11
slower,11
premiership,11
specifically,11
larvae,11
dynamic,11
conservation,10
temporarily,10
projections,10
cure,10
venezuela,10
rp3,10
cheaper,10
papers,10
exchanged,10
returns,10
rp200,10
nts,10
examined,10
bombers,10
flood,10
separatist,10
foods,10
securing,10
amendment,10
justine,10
gasoline,10
0.10,10
angel,10
scrap,10
"rp9,150",10
1.9,10
motion,10
krakatau,10
qualities,10
root,10
smokers,10
disputes,10
underwent,10
bulls,10
runner-up,10
birthday,10
replied,10
unaudited,10
musharraf,10
intact,10
reporter,10
possession,10
clinton,10
perception,10
spots,10
belongs,10
victor,10
suspect,10
von,10
airlines,10
jet,10
disbursed,10
ford,10
birdie,10
holdings,10
floating,10
plasma,10
login,10
muamalat,10
adopt,10
1999.,10
obstacle,10
footage,10
rehabilitation,10
relief,10
allocate,10
pledge,10
oxidation,10
constantly,10
smallest,10
gunship,10
potentials,10
colombo,10
accuse,10
they're,10
lestari,10
restored,10
predators,10
batticaloa,10
pleaded,10
benfica,10
sediment,10
diameter,10
featured,10
strategies,10
insists,10
32-year-old,10
excellent,10
dominant,10
sessions,10
minister's,10
enrg,10
diesel,10
concentrate,10
ware,10
segments,10
seemingly,10
teacher,10
manpower,10
morales,10
tries,10
par,10
ambush,10
junior,10
renounce,10
resulting,10
strasbourg,10
preliminary,10
original,10
2.1,10
5-4,10
joseph,10
telling,10
tube,10
subsystem,10
variables,10
dated,10
isn't,10
engineers,10
sub,10
hear,10
hunt,10
texas,10
originates,10
stephen,10
tired,10
bucks,10
elimination,10
lampung,10
agro,10
governing,10
msmb,10
carquefou,10
valenciennes,10
timah,10
ottmar,10
introduce,10
6-7,10
comprised,10
relegated,10
convicted,10
panic,10
energie,10
5-1,10
anelka,10
yahoo,10
rp250,10
unfavorable,10
creditor,10
responding,10
loyal,10
festivities,10
we'll,10
files,10
refusal,10
tubes,10
gaps,10
peng,10
rp50,10
toronto,10
land-dwelling,10
harry,10
absorb,10
synthesis,10
sme,10
slammed,10
techniques,10
bauxite,10
chelsea's,10
branches,10
kadin,10
"30,000",10
accounting,10
"100,000",10
errors,10
rp300,10
mines,10
measurement,10
garcia,10
usa,10
trapped,10
approaching,10
hamper,10
brpt,10
calculated,10
cuts,10
slogans,10
motivation,10
zoo,10
steam,10
utilization,10
bloody,10
tomori,10
yusuf,10
creditors,10
restructuring,10
pregnancy,10
shareholder,10
hewitt,10
jena,10
burst,10
protects,10
symptoms,10
gajah,10
residence,10
setiawan,10
carroll,10
empty,10
hantuchova,10
easier,10
mid-table,10
region's,10
non-oil/non-gas,10
cultural,10
jerez,10
arsene,10
bahana,10
dubai,10
resort,10
striking,10
ingredients,10
switch,10
lions,10
meter,10
two-goal,10
floor,10
describing,10
toba,10
watchdog,10
biologists,10
tradition,10
cocaine,10
zvonareva,10
vegetables,10
executives,10
volatility,10
workshop,10
grip,10
1.,10
innovation,10
belief,10
angry,10
counterparts,10
sean,10
almeria,10
schedule,10
keegan,10
tournaments,10
maintenance,10
meles,10
serial,10
fluids,10
allegations,10
supreme,10
criticised,10
adjust,10
wished,10
abe's,10
baseline,10
jets,10
domain,10
sharing,10
sight,10
14.,10
celebrated,10
kandahar,10
mountains,10
couldn't,10
thank,10
favour,10
reflects,10
ripped,10
day's,10
norway,10
mathieu,10
deivid,10
harvard,10
c.,10
manhattan,10
homeland,10
monarchy,10
aziz,10
hall,10
prisoners,10
eliminated,10
undergo,10
organisations,10
injury-time,10
creates,10
bayern's,10
transparency,10
bans,10
frame,10
tipsarevic,10
tyres,10
massimo,10
landing,10
triumph,10
motivated,10
neighbours,10
awareness,10
ranking,10
abbas's,10
physiological,10
channels,10
attorney,10
vera,10
arranged,10
consulate,10
chocolate,10
ambitions,10
developer,10
activated,10
denmark,10
zia,10
images,10
tanker,10
races,10
gemayel,10
classes,10
hostile,10
ramallah,10
17.,10
swede,10
rubidium,10
lopez,10
shariah,10
stopping,10
medcoenergi,10
budgets,10
larva,10
amidst,10
blackburn,10
lasting,10
reasonable,10
lubricating,10
separated,10
jasa,10
five-year,10
merger,10
founded,10
tail,10
hitzfeld,10
iron,10
tied,10
basque,10
siniora,10
defenders,10
stipulated,10
messages,10
staged,10
intend,10
antioxidant,10
breathing,10
trees,10
afterwards,10
miscellaneous,10
boxing,10
formerly,10
deportivo,10
creator,10
duties,10
ethiopia,10
incredible,10
peron,10
laurent,10
covers,10
rankings,9
bureaucracy,9
bernabeu,9
mugabe's,9
attracted,9
accordingly,9
excellence,9
prints,9
ourselves,9
emerge,9
minimize,9
bourse,9
accelerate,9
ellis,9
pending,9
prasad,9
5.9,9
hardware,9
broker,9
demonstrate,9
ray,9
zambia,9
qualifiers,9
craft,9
subjects,9
preparation,9
crossbar,9
conakry,9
motogp,9
beckett,9
solved,9
sealing,9
mosul,9
palermo,9
hero,9
hindu,9
beneficial,9
suzuki,9
searching,9
shrine,9
compensation,9
co2,9
lung,9
binding,9
methane,9
28-year-old,9
completing,9
measured,9
rarely,9
two-day,9
thrilling,9
neighboring,9
kalbe,9
functioning,9
hexagonal,9
keita,9
diyala,9
serbia,9
collins,9
incoming,9
shop,9
youth,9
cm,9
properly,9
tendency,9
broadband,9
metric,9
delegates,9
acceleration,9
ticket,9
israeli-palestinian,9
complaints,9
artillery,9
andreas,9
availability,9
sedan,9
apexindo,9
thirty,9
aids,9
paleontologist,9
evolve,9
venezuelan,9
ankle,9
nationwide,9
coupon,9
government-set,9
wage,9
remnants,9
clauses,9
bri's,9
wembley,9
trucks,9
missions,9
chicago,9
regulated,9
employment,9
chechnya,9
morocco,9
mankind,9
guatemala,9
e-book,9
napoli,9
rescued,9
sheep,9
sit,9
felix,9
pct,9
houston,9
investigations,9
marion,9
killer,9
alberto,9
jm,9
adult,9
mccain,9
aerial,9
widespread,9
rider,9
mandiri's,9
kahn,9
rome,9
wax,9
senegalese,9
extent,9
leverage,9
exporter,9
seasonal,9
avram,9
naturally,9
involves,9
trailing,9
zapatero,9
indicating,9
asteroid,9
register,9
containers,9
assume,9
pan,9
schuster,9
tone,9
art,9
constituted,9
packages,9
nests,9
feeding,9
sergio,9
specialized,9
addressed,9
kagame,9
he's,9
triggering,9
merkel,9
percentage,9
nominal,9
impose,9
exposed,9
tightly,9
georgian,9
routine,9
bes,9
constraints,9
arbil,9
partial,9
synthetic,9
bogey,9
contacts,9
elsewhere,9
bmri,9
liberal,9
jmb,9
strikers,9
apol,9
frequent,9
contracts,9
mysterious,9
barito,9
migrate,9
fill,9
likewise,9
youngest,9
rakyat,9
sam,9
23-year-old,9
issuers,9
producers,9
four-year,9
i'll,9
austria,9
chronic,9
marking,9
deserve,9
dealt,9
dedicated,9
"200,000",9
nelson,9
weaknesses,9
illness,9
5.7,9
tourism,9
coruna,9
reliable,9
alessandro,9
hugo,9
drink,9
anti-government,9
executing,9
raced,9
petraeus,9
magnetic,9
vavuniya,9
nobel,9
desperate,9
irna,9
designer,9
djibril,9
4-3,9
prophet,9
georgia,9
requested,9
anticipated,9
crack,9
suggests,9
realistic,9
lieutenant,9
socialist,9
courtesy,9
guillermo,9
canadian,9
trail,9
non-cash,9
jointly,9
extensive,9
logistics,9
8.9,9
us$10,9
31-year-old,9
walcott,9
fertility,9
imposing,9
brown,9
darkness,9
exercised,9
violations,9
fail,9
handled,9
bounced,9
southwest,9
walked,9
subordinated,9
christmas,9
budgetary,9
atms,9
tyson,9
airbase,9
transition,9
lacked,9
anbar,9
determines,9
resolved,9
nalbandian,9
non-bank,9
keane,9
banten,9
2.4,9
first-leg,9
rp100,9
ida-,9
skull,9
austrian,9
pigment,9
dallas,9
brigades,9
chosen,9
opec,9
consistently,9
containing,9
consequence,9
bppt,9
jordan's,9
hampered,9
luck,9
advertising,9
flag,9
silica,9
mystery,9
cruising,9
succession,9
abuse,9
phases,9
bench,9
boosted,9
two-year,9
cannon,9
slice,9
advised,9
learned,9
gains,9
ifc,9
arminia,9
ida+,9
suns,9
proportion,9
delicate,9
phoenix,9
forestry,9
pauleta,9
decreases,9
precaution,9
commitments,9
evident,9
rp15,9
vegas,9
jolie,9
answers,9
bukopin,9
collective,9
ochoa,9
orientation,9
situated,9
drought,9
carlo,9
persons,9
venus,9
moths,9
jim,9
5-2,9
evaluation,9
messi,9
roman,9
reputation,9
ms,9
determining,9
owners,9
mcenroe,9
reveal,9
registered,9
checkpoints,9
vogts,9
behaviour,9
milan's,9
nistelrooy,9
except,9
limitation,9
bsm,9
clotting,9
multiple,9
religion,9
ptba,9
"rp9,400",9
momentum,9
pirolisis,9
obtaining,9
brothers,9
seismic,9
alongside,9
blame,9
coffee,9
william,9
exposure,9
cheney's,9
tunggal,9
adults,9
line-up,9
weigh,9
volcanic,9
cooperatives,9
santos,9
soes,9
iranians,9
influenced,9
quotes,9
8.75,9
studying,9
withdrawing,9
ordinary,9
backs,9
interaction,9
1.2,9
profits,9
wimbledon,9
stick,9
caen,9
honour,9
drinking,9
drastically,9
photographer,9
waluyanto,9
seasons,9
passes,9
stem,9
mandate,9
welterweight,9
refusing,9
vaccine,9
england's,9
wildcard,9
chips,9
cardiovascular,9
25-year-old,9
lebanon's,9
alain,9
mahadhesi,9
enhancement,9
isolation,9
maturing,9
colonization,9
unusual,9
palestine,9
approaches,9
bullet,9
speak,9
estate,9
sick,9
bird's,9
independency,9
bielefeld,9
appreciated,9
drivers,9
ion,9
rocks,9
sake,9
jorge,9
amelie,9
industry's,9
conveyed,9
denounced,9
importers,9
contributions,9
smith,9
mixture,9
calculations,9
quetta,9
robredo,9
bills,9
execute,9
deeply,9
petersburg,9
kanoute,9
extremist,9
spirit,9
youths,9
fred,9
exhibit,9
6-5,9
moments,9
proposals,9
decider,9
instantly,9
moslems,9
maoist,9
knowing,9
contributor,9
coupled,9
incomes,9
consciousness,9
ballack,9
prize,9
logistical,9
fuad,8
avoiding,8
bail,8
bats,8
3-6,8
andre,8
favourable,8
juande,8
lying,8
towers,8
sonar,8
competitions,8
henri,8
displayed,8
decreasing,8
models,8
prospective,8
agri,8
amin,8
positively,8
forests,8
rocked,8
foul,8
urging,8
indf,8
butterfly,8
introduction,8
lampard,8
treaty,8
mothers,8
vertebrate,8
legitimate,8
miraculous,8
rp1.5,8
fruits,8
reproductive,8
shapes,8
invitation,8
wajima,8
stream,8
strokes,8
contractor,8
g.,8
detonated,8
founder,8
victories,8
"1,500",8
brilliant,8
ferguson,8
buyer,8
pillars,8
stories,8
conditional,8
breakaway,8
ishikawa,8
progressive,8
shaped,8
accessibility,8
insufficient,8
sticks,8
stalled,8
depression,8
correction,8
flagellum,8
santa,8
philippines,8
sacking,8
reminded,8
frederic,8
fabregas,8
bankers,8
contractors,8
stabilize,8
bio,8
tours,8
cuckoo,8
durrani,8
jiabao,8
midnight,8
connections,8
three-day,8
factories,8
battling,8
determination,8
0.7,8
marched,8
mmscfd,8
berth,8
amateur,8
audit,8
bartoli,8
primarily,8
multimedia,8
fulfill,8
bapepam,8
apps,8
defeats,8
two-time,8
toppled,8
pluto,8
dwt,8
trafford,8
tribunal,8
hilton,8
entity,8
advice,8
walking,8
gregory,8
deutsche,8
confirmation,8
"60,000",8
morgan,8
loan-to-deposit,8
escalation,8
discipline,8
simulation,8
unicef,8
robin,8
gyanendra,8
auxerre,8
acorn,8
initiatives,8
secondary,8
zero,8
rennes,8
wholly,8
bkd,8
scotland,8
extreme,8
edition,8
understands,8
deadline,8
clever,8
us$60,8
tommy,8
withdrew,8
sidelined,8
electoral,8
kajaki,8
frog,8
1991.,8
fluctuating,8
aide,8
rostock,8
waved,8
keyboard,8
concentrated,8
arrests,8
potentially,8
actor,8
inc,8
county,8
vfi,8
marc,8
rupiahs,8
invited,8
noticed,8
spare,8
murdered,8
assailants,8
disperse,8
sebastien,8
butterflies,8
teeth,8
alias,8
hamid,8
on-month,8
revenge,8
jintao,8
staying,8
cracker,8
uri,8
gang,8
indo,8
slight,8
wanderers,8
half-time,8
rises,8
convention,8
underway,8
tonnes,8
leipheimer,8
unifil,8
methanol,8
cruz,8
defendant,8
scraped,8
btel,8
bryant,8
indications,8
27.,8
emory,8
usage,8
capped,8
evacuated,8
eduardo,8
jumps,8
feather,8
probability,8
demonstrations,8
fix,8
faith,8
mate,8
latin,8
cornet,8
well-known,8
altogether,8
questioning,8
aspirations,8
rainfall,8
blind,8
anggito,8
indictment,8
phosphor,8
mascherano,8
pure,8
torino,8
polri,8
wom,8
tense,8
approve,8
saturnus,8
casey,8
filler,8
oecd,8
foodstuffs,8
ljubicic,8
predicts,8
argentina's,8
absorbed,8
vast,8
doers,8
manageable,8
outgoing,8
proceed,8
unions,8
pharmaceutical,8
emotional,8
doping,8
12.3,8
rested,8
static,8
ambitious,8
utilize,8
shifting,8
aaron,8
finger,8
blocks,8
blunder,8
trilobites,8
ambulances,8
amphibian,8
controversy,8
lebron,8
capdevila,8
investigated,8
investing,8
burundi,8
bout,8
mm,8
leadership,8
rp2,8
moody's,8
e8,8
classification,8
restart,8
engineer,8
didier,8
voters,8
panama,8
issuing,8
regardless,8
gatlin,8
ambushed,8
youzhny,8
anywhere,8
milwaukee,8
admits,8
compare,8
cholesterol,8
realizing,8
achieving,8
spies,8
averaged,8
tip,8
stretched,8
administered,8
snout,8
synergy,8
connecting,8
prodi,8
awards,8
surrender,8
lionel,8
scorer,8
shelter,8
yemen,8
genoa,8
rodriguez,8
authors,8
alto,8
tobacco,8
4.7,8
punishment,8
surged,8
describe,8
dahlan,8
consultant,8
viruses,8
johansson,8
retired,8
bogor,8
gangs,8
cavenaghi,8
dwi,8
11.,8
lisbon,8
timetable,8
tehran's,8
bob,8
nepalese,8
warren,8
richards,8
ana,8
ambassadors,8
stuff,8
grant's,8
walter,8
accepting,8
untr,8
doubtful,8
ze,8
heritage,8
mice,8
celtics,8
shells,8
roof,8
tension,8
puts,8
us$150,8
prayers,8
bulb,8
inspection,8
excavations,8
piero,8
battled,8
abc,8
mortality,8
ulfa,8
syahrial,8
"9,000",8
integrity,8
anwar,8
manufacturer,8
secretariat,8
experiences,8
relegation-threatened,8
punched,8
gedi,8
riding,8
ppnbm,8
power-sharing,8
grams,8
onions,8
describes,8
caribbean,8
miller,8
transform,8
enjoying,8
strain,8
lehmann,8
eighth-seeded,8
ancestors,8
patterns,8
bumn,8
politically,8
releasing,8
indicative,8
browser,8
anaerobic,8
fewer,8
bombed,8
essien,8
pipe,8
armoured,8
grounds,8
reluctant,8
nepal's,8
liquefied,8
0.5,8
expense,8
directed,8
-backed,8
acknowledge,8
encountered,8
chartered,8
subsidies,8
setback,8
beach,8
mud,8
disable,8
adjacent,8
adam,8
banker,8
steegmans,8
engage,8
5-7,8
dependent,8
metabolism,8
rebuild,8
cpu,8
sand,8
nusa,8
citra,8
solely,8
unmarked,8
letters,8
steroid,8
stainless,8
plame,8
spaceship,8
kirkuk,8
clone,8
lobato,8
clearing,8
al-jazeera,8
eliminate,8
e-mails,8
zones,8
entrepreneurs,8
spectacular,8
shiites,8
immigrants,8
rout,8
subunit,8
phenomena,8
earthquakes,8
touched,8
snakes,8
romania,8
visa,8
hanged,8
dan,8
guarantees,8
heavyweight,8
strict,8
mrs,8
appealed,8
tonight,8
physics,8
critic,8
5.5,8
actual,8
membranes,8
makassar,8
canas,8
6.6,8
persuade,8
tempo,8
wider,8
oust,8
burnley,8
croatian,8
submarine,8
parallel,8
blueprint,8
furthermore,8
develops,8
desire,8
oxfam,8
pitt,8
al-shemmari,8
niang,8
expression,8
innovative,8
wet,8
repair,8
miroslav,8
sprint,8
entry,8
checking,8
lender,8
facts,8
sejahtera,8
100th,8
gradual,8
harcourt,8
relative,8
batubara,8
levin,8
mclaren,8
uncertainty,8
tumor,8
chanting,8
amnesty,8
expertise,8
"rp9,050",8
grabbed,8
bahrain,8
beak,7
enriched,7
cubic,7
adjusted,7
leasing,7
comparison,7
tevez,7
clan,7
valuable,7
wheat,7
leak,7
tadpoles,7
defeating,7
centuries,7
sragen,7
rudd,7
undisclosed,7
interactions,7
2.2,7
stakeholders,7
purchases,7
ferrero,7
discharge,7
zlatan,7
midyearly,7
smokes,7
gunung,7
taxi,7
printing,7
paleontologists,7
draws,7
teenagers,7
miguel,7
jay,7
completion,7
festival,7
warm-up,7
risky,7
flown,7
freekick,7
manufactured,7
gasquet,7
khalilzad,7
4.,7
solana,7
panda,7
1997.,7
slowed,7
horn,7
us$300,7
commercially,7
varying,7
i'd,7
psp,7
popularity,7
coal-fired,7
stromatolite,7
meshaal,7
circles,7
voluntary,7
elena,7
programmed,7
solidarity,7
lord,7
travels,7
differentiate,7
appeals,7
accuracy,7
grace,7
defensively,7
ignored,7
categorized,7
frequencies,7
bayelsa,7
30-year-old,7
compliance,7
accusing,7
necessaries,7
trunks,7
contra,7
retained,7
sheets,7
opium,7
canceled,7
farmer,7
extinct,7
surveillance,7
fitri,7
steaua,7
certificate,7
stewart,7
totaled,7
ortega,7
build-up,7
stretch,7
gmail,7
industrialized,7
examination,7
chicken,7
aceh,7
pulling,7
aviv,7
kyuma,7
squads,7
10.,7
buoy,7
pension,7
spreading,7
arch-rivals,7
favorite,7
indosat's,7
pore,7
emmanuel,7
"250,000",7
placement,7
unbelievable,7
poisonous,7
resolving,7
marks,7
indicator,7
14.1,7
entertainment,7
jaw,7
blockage,7
discover,7
dominating,7
rounded,7
sustain,7
hidayat,7
tracking,7
mps,7
ori,7
thickness,7
prefer,7
displaying,7
celsius,7
notebook,7
ill,7
audited,7
electron,7
innovations,7
imperial,7
4-4,7
sustainability,7
urge,7
krkic,7
adrian,7
clashed,7
dirk,7
parachinar,7
nationalist,7
pump,7
successor,7
ethiopia's,7
cake,7
neglected,7
1.1,7
riders,7
practical,7
rolling,7
anfield,7
itb,7
boxer,7
quota,7
profitable,7
najaf,7
fortunate,7
nutrients,7
surrounded,7
logistic,7
economist,7
blta,7
applying,7
whales,7
gen,7
jbic,7
revise,7
backing,7
bolelli,7
residential,7
turns,7
superbly,7
ruiz,7
clinching,7
linking,7
sulphur,7
hamad,7
locals,7
petrokimia,7
accuses,7
appoint,7
buyers,7
clinch,7
wilson,7
hence,7
possesses,7
rp80,7
ozone,7
artery,7
fmi,7
elders,7
foremost,7
abdul,7
oman,7
precautionary,7
decisive,7
fragments,7
bodmer,7
entirely,7
seeks,7
g,7
bureaucratic,7
atlanta,7
19th,7
six-way,7
couples,7
wheel,7
optimum,7
college,7
self,7
dismissal,7
populated,7
recreation,7
agnes,7
yan,7
1990s,7
saint,7
collaboration,7
wastes,7
rock,7
perrin,7
smuggled,7
spur,7
accountancy,7
greek,7
non-governmental,7
crop,7
stamford,7
etienne,7
prototype,7
resource,7
embassies,7
bangladeshi,7
dive,7
hushovd,7
rejection,7
ministerial,7
embattled,7
projector,7
geological,7
lutfi,7
pinto,7
acceptance,7
medc,7
perfection,7
pool,7
mental,7
tapped,7
volcano,7
tougher,7
comprise,7
scare,7
accurately,7
dynamics,7
indirectly,7
pembangunan,7
procurement,7
bacterial,7
repeat,7
aslim,7
sleeping,7
collecting,7
i/2003,7
cope,7
formulated,7
vitamins,7
swim,7
instant,7
tugu,7
upsurge,7
pelosi,7
neck,7
us$500,7
ballistic,7
reflection,7
editor,7
dog,7
voiced,7
options,7
southwestern,7
peruvian,7
duta,7
territorial,7
protective,7
indirect,7
vibration,7
kingdoms,7
wbc,7
guantanamo,7
advertisements,7
instalments,7
disappearance,7
advices,7
's,7
floated,7
shopping,7
theories,7
joe,7
indicted,7
embryo,7
bidding,7
florida,7
excited,7
atalanta,7
memories,7
refer,7
formulation,7
distributing,7
egyptians,7
victoria,7
comprises,7
undermine,7
legislative,7
analyzed,7
column,7
diverted,7
fails,7
pushing,7
cruised,7
sweden,7
iii,7
corporations,7
kri,7
technological,7
gonzalez,7
corrected,7
protestors,7
degree,7
aftermath,7
ruben,7
sugiyama,7
genetics,7
tutankhamun,7
resemble,7
surrendered,7
aboard,7
silence,7
kenyan,7
virtual,7
intends,7
seats,7
emerges,7
diane,7
w,7
wild,7
coast's,7
davies,7
affair,7
hung,7
transmitted,7
yards,7
ministries,7
passwords,7
turin,7
conglomerates,7
batasuna,7
reaffirmed,7
email,7
mobility,7
uncover,7
unlimited,7
publisher,7
respond,7
adds,7
basement,7
supremo,7
soro,7
0.62,7
radwanska,7
sunk,7
harder,7
balanced,7
harbour,7
bersama,7
demirel,7
responses,7
kumasi,7
fed's,7
"rp9,500",7
gunners,7
danamon's,7
mid,7
pavel,7
disadvantage,7
suck,7
siena,7
kimia,7
bloodiest,7
steady,7
traditionally,7
gandhi,7
eclipse,7
delivering,7
counts,7
dollar's,7
livorno,7
cyber,7
volkan,7
competitiveness,7
guidance,7
hamas's,7
warrant,7
riau,7
turbine,7
faculty,7
objectives,7
creative,7
lashed,7
comply,7
12-month,7
oss,7
calender,7
fishing,7
geo,7
characters,7
familiar,7
underlined,7
copper,7
regain,7
circulatory,7
navigation,7
throw,7
intelligent,7
detroit,7
initiated,7
buffer,7
rank,7
nisp,7
clots,7
ancestor,7
competing,7
ise,7
papua,7
suspicious,7
francesco,7
soviet,7
nou,7
mw,7
infantry,7
developers,7
diversified,7
whale,7
barriers,7
timo,7
tie-break,7
warehouse,7
hills,7
wouldn't,7
nowhere,7
invented,7
definition,7
pointing,7
compatible,7
broad,7
tunnels,7
iker,7
senses,7
yadav,7
hansa,7
empower,7
sad,7
5.4,7
subsequently,7
freezing,7
full-year,7
considers,7
colonial,7
eliminating,7
schemes,7
forget,7
awarded,7
truba,7
kuranyi,7
backbone,7
lapindo,7
ferrari,7
notice,7
mitra,7
sometime,7
southeastern,7
bernd,7
andres,7
wrinkles,7
prevents,7
kidney,7
designs,7
guidelines,7
concessions,7
commissioners,7
accomplished,7
shifted,7
combine,7
matrix,7
participating,7
spite,7
significance,7
insist,7
deadliest,7
chip,7
namibia,7
resilience,7
laundering,7
anna,7
fars,7
bleeding,7
density,7
hart,7
distinguish,7
kismayo,7
bookings,7
oscar,7
traders,7
gerard,7
chakvetadze,7
restructurization,7
encounters,7
selular,7
mamadou,7
stitches,7
veterans,7
puerto,7
hildebrand,7
prince,7
loud,7
ultimately,7
uncovered,7
province's,7
siad,7
plot,7
f.,7
addresses,7
airplane,7
accra,7
quarterly,7
globalization,7
hide,7
peru,7
interfax,7
inter-korean,7
telescope,7
noting,7
motorcycles,7
resembles,7
highlighted,7
moroccan,7
trainers,7
fluctuated,7
anxious,7
supplied,7
metro,7
2-6,7
removing,7
eager,7
tel,7
hariri,7
raptors,7
underwriter,7
presse-agentur,7
timor,7
thigh,7
perpetrated,7
mounting,7
northwest,7
feels,7
locally,7
undisbursed,7
traffics,7
recruit,7
excelcomindo,7
swadesi,7
5.2,7
fantastic,7
operatives,7
hypothesis,7
alex,7
acute,7
consume,7
chemist,7
escape,7
vicious,7
claiming,7
acquiring,7
glad,7
romanian,7
trafficking,7
kur,7
commit,7
lobster,7
nose,7
nihat,7
afraid,7
bold,7
flawlessly,7
cameras,7
beetle,7
bkpm,7
daniele,7
amazon,7
longest,7
gbagbo,7
borowski,7
lakes,7
pipeline,7
obi,7
charlie,7
inaugural,7
audience,7
fr0042,7
ailing,7
screens,7
rajapakse,7
allocating,7
hawaii,6
monaco,6
perhaps,6
9.9,6
recommendations,6
endorsed,6
carter,6
accomplish,6
99.99,6
second-seeded,6
tuber,6
spurring,6
symbol,6
proboscis,6
3-3,6
calculating,6
singapore's,6
droughts,6
suburb,6
unconscious,6
certification,6
moore,6
practices,6
variable,6
citarum,6
enzymes,6
secondly,6
contacted,6
underlying,6
corrupt,6
lavrov,6
denies,6
cole,6
obama,6
alzheimer's,6
woman's,6
carcinogens,6
depreciation,6
iajuddin,6
prologue,6
enhancing,6
arrangement,6
tikrit,6
songs,6
northwestern,6
poland,6
accumulation,6
dominance,6
jens,6
departure,6
"80,000",6
slid,6
sweat,6
mastrogiacomo,6
brussels,6
moons,6
tanzania,6
paulo,6
caldwell,6
equalise,6
4-6,6
humidity,6
ould,6
bommel,6
honda,6
explaining,6
searched,6
marketed,6
tickets,6
construct,6
putt,6
calories,6
surya,6
alu,6
importer,6
witnessed,6
bell,6
hidden,6
us$120,6
kupedes,6
lifestyle,6
experiencing,6
mas,6
idaa-,6
banners,6
l.,6
1.04,6
conversation,6
organise,6
glacier,6
touching,6
artifacts,6
trezeguet,6
rape,6
cylinders,6
bts,6
grave,6
charity,6
jungle,6
amelia,6
patience,6
argued,6
draskovic,6
promoting,6
instability,6
emissions,6
bhd,6
laudrup's,6
realised,6
one-day,6
saarc,6
firefly,6
honduras,6
gomez,6
terry,6
babel,6
35th,6
accidents,6
sampoerna,6
eko,6
osasuna,6
insisting,6
abide,6
defined,6
totalling,6
broadcaster,6
internationals,6
21-year-old,6
wrap,6
heels,6
23rd,6
lecturers,6
arnaud,6
dalai,6
5.1,6
pack,6
sukses,6
fluctuate,6
digging,6
downing,6
janko,6
sponsored,6
receptors,6
useless,6
all-star,6
ambition,6
dome,6
pray,6
crush,6
banning,6
expecting,6
youssef,6
clients,6
mou,6
hailed,6
votes,6
operates,6
perusahaan,6
consensus,6
dismantle,6
roa,6
exile,6
needing,6
threatens,6
2011.,6
end-2006,6
remote-controlled,6
prosecutor,6
visas,6
manual,6
claudio,6
archive,6
intercepted,6
unpopular,6
flooding,6
j.,6
uniqueness,6
samsuar,6
10-year,6
reacted,6
constrained,6
bruce,6
harvest,6
zeiss,6
awaiting,6
25th,6
chatting,6
reeled,6
entertaining,6
theme,6
speculated,6
exploit,6
deflected,6
posed,6
snake,6
judges,6
duration,6
outing,6
rhodopsin,6
hafiz,6
negroponte,6
boosting,6
magazine's,6
dutchman,6
cordoba,6
accelerated,6
embedded,6
exploitation,6
curling,6
intensively,6
ibrahim,6
hits,6
worshippers,6
consolation,6
oxidative,6
analyze,6
pti,6
humiliating,6
usaha,6
sons,6
escaped,6
aug,6
macula,6
brand,6
laying,6
repayment,6
inevitable,6
spectrum,6
fabian,6
bowl,6
fleeing,6
lcd,6
us$700,6
mentally,6
pervez,6
equities,6
aec,6
aali,6
terrestrial,6
buffon,6
exporters,6
eruption,6
purchased,6
experimental,6
chick,6
0.16,6
4.1,6
rewarded,6
jimmy,6
us$1,6
dbs,6
eradicating,6
communicate,6
vegetable,6
abilities,6
voltage,6
bryan,6
celebrating,6
refinancing,6
caretaker,6
millonarios,6
baghdad's,6
ovum,6
mutu,6
cocktail,6
benitez,6
frenchwoman,6
sharia-based,6
darwinist,6
manado,6
holiday,6
suited,6
topped,6
haas,6
activate,6
coagulation,6
bank/bi's,6
prostitutes,6
relax,6
permission,6
hadad,6
accusations,6
contested,6
stormed,6
tata,6
lorient,6
mix,6
wright,6
flexicash,6
zurich,6
enters,6
lopera,6
roughly,6
north-west,6
'keeper,6
samarasinghe,6
tokyo's,6
genome,6
slamet,6
neighbourhood,6
capital's,6
istanbul,6
donated,6
klbf,6
fashion,6
koizumi,6
dominate,6
veto,6
accompanying,6
pironkova,6
capello,6
apartment,6
proposing,6
54th,6
opposing,6
subsequent,6
rossi,6
us$200,6
patrolling,6
tomatoes,6
lowly,6
nazarbayev,6
captivity,6
esia,6
sgro,6
micro-financial,6
abimanyu,6
ibrahimovic,6
propose,6
granite,6
hollywood,6
recognizing,6
diversity,6
brigade,6
catching,6
ore,6
0.02,6
r.,6
radial,6
bullets,6
sacrifice,6
judicial,6
mujahideen,6
5.3,6
competitors,6
14.2,6
cba,6
moratti,6
matched,6
treble,6
digest,6
writer,6
extortion,6
monorail,6
yunus,6
orleans,6
oral,6
allen,6
lintasarta,6
defoe,6
mansour,6
abandoning,6
valencia's,6
neighbour,6
grows,6
behalf,6
italians,6
survivors,6
reflecting,6
drum,6
jeff,6
zidan,6
cyprus,6
b.,6
absorbing,6
fren,6
gordon,6
cassano,6
aiko,6
plenty,6
consultation,6
detection,6
cdma,6
in-form,6
politics,6
lyon's,6
diarra,6
hardly,6
makers,6
she's,6
accelerating,6
computer's,6
ceramic,6
confirming,6
submit,6
makemake,6
finances,6
pact,6
hussein's,6
amphibians,6
sucked,6
asahi,6
third-round,6
bii's,6
nash,6
commandos,6
schnyder,6
nutrition,6
shimbun,6
ages,6
extremism,6
smashed,6
regulate,6
minimal,6
oppose,6
oil-rich,6
properties,6
berbatov,6
theoretically,6
thumped,6
trio,6
kufuor,6
zakat,6
fitness,6
flexi,6
grade,6
embargo,6
tamale,6
chapter,6
olmert's,6
commands,6
essence,6
honest,6
protesting,6
greenhouse,6
xavi,6
tune,6
mathematics,6
indigenous,6
tragedy,6
superiority,6
aftershocks,6
ram,6
awakening,6
ism,6
mayweather,6
uniforms,6
armour,6
optimally,6
lama,6
accessed,6
worsening,6
kidnap,6
squandered,6
womb,6
persada,6
intent,6
bc,6
contacting,6
adverse,6
hungarian,6
sylvain,6
halting,6
artha,6
lindsay,6
spp,6
virtually,6
japex,6
throne,6
checkpoint,6
dujail,6
passive,6
nine-month,6
borrow,6
avoided,6
descended,6
illegally,6
sweeping,6
nominated,6
e-books,6
laudrup,6
27-year-old,6
wasted,6
reigning,6
cooperates,6
eric,6
siachen,6
attributed,6
seventh-seeded,6
albeit,6
packed,6
second-round,6
climbs,6
deemed,6
al-sadr,6
fleet,6
duo,6
barre,6
lays,6
hang,6
strongest,6
busy,6
prosecutors,6
newspapers,6
disk,6
abused,6
10-man,6
propaganda,6
mediation,6
airstrike,6
demonstrated,6
pertiwi,6
receipt,6
mummies,6
flour,6
affects,6
supplements,6
today's,6
yakubu,6
unforced,6
basketball,6
renewed,6
deciding,6
biologist,6
skeleton,6
inheritance,6
topple,6
speedy,6
destinations,6
pc,6
developmental,6
upheaval,6
swift,6
grass,6
observatory,6
arizona,6
margins,6
doer,6
anderlecht,6
free-kick,6
organised,6
aneka,6
medan,6
mt,6
sparking,6
sharif,6
arabian,6
winless,6
accidentally,6
rp75,6
mosley,6
zimbabwe's,6
8.50,6
adapted,6
sequence,6
exploited,6
fretilin,6
casquero,6
nsw,6
secretly,6
sink,6
hijacker,6
battlefield,6
teammate,6
algeria,6
restrict,6
factional,6
belgium,6
butter,6
motitoi,6
non-oil,6
capsized,6
nurse,6
paramilitaries,6
airline,6
mend,6
lawmaker,6
proud,6
unikom,6
neumann,6
margaret,6
5.97,6
maluku,6
tayan,6
recreational,6
stationed,6
mirza,6
evaporation,6
fever,6
mattek,6
arguing,6
refined,6
convince,6
mediacom,6
hardliners,6
kraft,6
fabrice,6
30th,6
fatal,6
sunderland,6
shake,6
hartadi,6
bengkulu,6
condemn,6
towns,6
fr0045,6
severely,6
"35,000",6
bye,6
occupying,6
feyenoord,6
exchange's,6
torture,6
fernandez,6
cbi,6
"rp9,250",6
crystal,6
throwing,6
pranab,6
norwegian,6
excluded,6
conscious,6
violated,6
extract,6
prominent,6
surveyed,6
slide,6
converting,6
hutu,6
telegraph,6
speeds,6
50th,6
conclusion,6
choi,6
rig,6
accessible,6
width,6
barred,6
yogyakarta,6
designated,6
cesc,6
generators,6
ltls,6
absolute,6
employed,6
batam,6
intellectual,6
weighing,6
paypal,6
selecting,6
pioneer,6
reporting,6
comprising,6
injected,6
and/or,6
pncr,6
tyre,6
regency,6
kings,6
caps,6
tap-in,6
rp5,6
followers,6
pregnant,6
mosques,6
bimo,6
samir,6
ouster,6
khazanah,6
whereabouts,6
mortars,6
ramadi,6
crocodiles,6
scope,6
kolkata,6
utilizing,6
sahara,6
servicemen,6
consultative,6
thereby,6
potency,6
machinery,6
motive,6
elnusa,6
scan,6
pound,6
hospitals,6
smart,6
dying,6
isat's,6
capita,6
cbs,6
movie,6
argues,6
convenient,6
sack,6
sugiharto,6
revision,6
szavay,6
1.6,6
arabs,6
deadlock,6
chickens,6
sir,6
toxic,6
bondarenko,6
bosscha,6
alize,6
guess,6
asthma,6
sizes,6
fingers,6
museum,6
buana,6
solo,6
dangerously,6
landmark,6
gould,6
joachim,6
abdullahi,6
olivier,6
coaching,6
arming,6
ricardo,6
koeman's,6
cannavaro,6
visual,6
macular,6
inform,6
padang,6
persistent,6
assisting,6
abdomen,6
meier,6
flows,6
flags,6
apparatus,6
erdogan,6
vte,6
medal,6
twelve,6
ironically,6
eindhoven,6
cristiano,6
chandra,6
peroxide,6
tradable,6
compass,6
runway,6
mere,6
engaging,6
convincing,6
laugh,6
fort,6
youtube,6
arpeni,6
koirala,6
bolivian,6
confirms,6
nasional,6
yamaha,6
lorenzo,6
stores,6
oliver,6
eagles,6
oils,6
greatly,6
loaded,6
rwanda,6
boj,6
macau,6
bengal,6
relies,6
nairobi,6
52nd,6
applies,6
drowned,6
pose,6
partially,6
arenas,6
indolakto,6
amiruddin,6
melting,6
qin,6
friendship,6
attempting,6
osama,6
bitter,6
introducing,6
precision,6
responsibilities,6
montoya,6
labour,6
unexpected,6
bunch,6
cesar,6
concessional,6
iggi,6
bounce,6
prompt,6
back-to-back,6
preston,6
forth,6
parma,6
heavier,6
mullah,6
27th,6
becker,6
telecomunication,6
correlation,6
environments,5
whoever,5
klinsmann,5
turkey's,5
linkage,5
shelling,5
liverpool's,5
liege,5
explorer,5
film,5
sulaiman,5
promise,5
fo,5
ivo,5
internecine,5
orange,5
jeeps,5
bosowa,5
pursued,5
confiscated,5
supersonic,5
carboran,5
e&,5
altitude,5
mixing,5
claws,5
switzerland's,5
us$1.3,5
stabbed,5
eddy,5
wallace,5
proves,5
continents,5
nba,5
informing,5
johnson,5
npt,5
tearing,5
lamarck,5
pjaa,5
four-times,5
benefited,5
immune,5
vertically,5
krci,5
wherever,5
stone,5
origins,5
fasting,5
sweden's,5
enhanced,5
brink,5
refuse,5
anz,5
licenses,5
llc,5
outrage,5
honeybees,5
5.6,5
counter-insurgency,5
exhibited,5
horizon,5
fins,5
distributor,5
pardon,5
parliament's,5
petrol,5
dispatch,5
democrat,5
inches,5
secular,5
description,5
irreducible,5
absorbs,5
paolo,5
recipient,5
replaces,5
nathalie,5
pistols,5
daniela,5
lips,5
hilmi,5
prisoner,5
whistle,5
derived,5
federer's,5
asuransi,5
tunnel,5
sharafi,5
league's,5
claude,5
bizimungu,5
biomimetic,5
paradigm,5
hasan,5
anaguid,5
retsky,5
fiber,5
ebay,5
briatore,5
participated,5
retreat,5
refuses,5
unite,5
connect,5
satisfy,5
concession,5
disclosure,5
leonard,5
baggage,5
indonesians,5
mardy,5
invaded,5
tuju,5
suprijadi,5
offence,5
tibetan,5
slovakian,5
t-cash,5
negotiate,5
spate,5
stretching,5
cups,5
crowds,5
bendtner,5
4.6,5
nitrate,5
sliding,5
conclusions,5
sa,5
topics,5
akol,5
ilanthiriyan,5
addis,5
ace,5
tier,5
tenggara,5
rode,5
mada,5
commanding,5
gravitational,5
projectiles,5
negotiated,5
hamilton,5
lesions,5
rolando,5
wonder,5
three-point,5
khaled,5
neoliberalism,5
males,5
hokkaido,5
ppa,5
consolidation,5
clement,5
15.,5
post-traumatic,5
last-minute,5
kenny,5
nuansa,5
reef,5
transplant,5
pp,5
peru's,5
joan,5
riawan,5
scottish,5
noto,5
anyway,5
condemnation,5
unexploded,5
sponge,5
evidences,5
buyback,5
explored,5
expressing,5
abating,5
blog,5
p53,5
troubles,5
enactment,5
consuming,5
blown,5
ultraviolet,5
rebel-held,5
destructive,5
ukrainian,5
paleontology,5
sami,5
chase,5
vest,5
rp23,5
infinite,5
balloon,5
arfa,5
continental,5
bow,5
ayu,5
sasae,5
5.25,5
bulgarian,5
landslides,5
pupuk,5
snapped,5
bronchitis,5
coordinator,5
enhance,5
robust,5
chanted,5
uk,5
concepts,5
reveals,5
crushing,5
spying,5
washington's,5
crt,5
plates,5
angles,5
cracked,5
crises,5
broadcasting,5
anton,5
vienna,5
failures,5
sidoarjo,5
permata,5
comprehensively,5
corn,5
sadc,5
buoys,5
diagonal,5
germ,5
rwandan,5
bmg,5
branded,5
easter,5
last-gasp,5
endangered,5
emotion,5
populations,5
berlian,5
18-year-old,5
chilean,5
paid-up,5
nakamura,5
disturbing,5
moslem,5
deputies,5
rotation,5
europe's,5
cech,5
augusta,5
shadow,5
listen,5
constitute,5
assisted,5
surpassed,5
farther,5
testimony,5
vicinity,5
reversed,5
par-four,5
qtel,5
yudhoyono's,5
queen,5
dogs,5
neurons,5
permanently,5
cagliari,5
burn-in,5
majapahit,5
abruptly,5
poured,5
repo,5
elementary,5
rid,5
seizure,5
ambono,5
embodied,5
higuain,5
advantageous,5
randomly,5
drastic,5
tragic,5
6.7,5
sergei,5
pablo,5
capitalists,5
accords,5
partition,5
pdams,5
differently,5
contradiction,5
paek,5
chancellor,5
weed,5
footballer,5
bojan,5
ph,5
dimitar,5
agnieszka,5
unified,5
manned,5
scandals,5
kerosene-to-gas,5
bearing,5
kpu,5
tanjung,5
sigit,5
lizard,5
infected,5
rainy,5
hatton,5
jahja,5
carolina,5
cartoons,5
gularso,5
immense,5
nowitzki,5
divide,5
swiftly,5
pinnacle,5
lim,5
modest,5
laju,5
load,5
nuclear-armed,5
referees,5
public's,5
transferring,5
outskirts,5
lawless,5
statue,5
shorter,5
nets,5
supervising,5
19.,5
talent,5
interrogated,5
dadullah,5
courses,5
asii,5
module,5
drayton,5
burgess,5
patty,5
cooperated,5
jva,5
spiral,5
biochemical,5
concludes,5
thinner,5
andrea,5
situations,5
chaired,5
crocodile,5
abdallah,5
sister,5
fence,5
mauritanian,5
okay,5
stiff,5
kader,5
camels,5
scooter,5
exceptional,5
muamalat's,5
freeze,5
capillaries,5
armenian,5
doors,5
pursuing,5
person's,5
lap,5
flee,5
19-year-old,5
historical,5
kicked,5
credibility,5
presumed,5
nikkei,5
broader,5
camoranesi,5
competent,5
gps,5
confront,5
lands,5
throat,5
dslng,5
anteater,5
bam,5
spiralling,5
digestive,5
roots,5
esa,5
intensities,5
inherited,5
arabic,5
genera,5
eleven,5
hiding,5
lleyton,5
indians,5
merchant,5
deconcentration,5
stride,5
stanislas,5
aerospace,5
miracle,5
simone,5
exciting,5
12-kg,5
earliest,5
runners-up,5
truth,5
qotbi,5
owning,5
11.9,5
manunggal,5
glasgow,5
baddeley,5
collateral,5
trilion,5
alexander,5
dried,5
feeds,5
asylum,5
taha,5
spacecraft,5
gomes,5
enabling,5
garbage,5
stripped,5
buses,5
murders,5
bass,5
tame,5
outspoken,5
reject,5
censor,5
accountant,5
barrier,5
woodgate,5
hotlines,5
mumbai,5
"150,000",5
holidays,5
shame,5
deliberately,5
brushed,5
6.0,5
belarusian,5
anxiety,5
libor,5
obliged,5
tightening,5
massacre,5
post-fasting,5
fifth-placed,5
empire,5
anchor,5
orlando,5
exclusive,5
kobe,5
larry,5
al-fadel,5
porong,5
trimegah,5
knockout,5
6.06,5
hashemi,5
socio-economic,5
clothing,5
portion,5
sparkling,5
armstrong,5
perceived,5
institutes,5
stolen,5
match-fixing,5
anatomical,5
"2,500",5
arta,5
graphics,5
vibrations,5
uganda,5
challenging,5
uribe,5
bech,5
syndication,5
temasek,5
zeljko,5
cuttlefish,5
karlsruhe,5
sweet,5
roy,5
celebration,5
centimetre,5
1960s,5
machu,5
locked,5
biology,5
trace,5
weren't,5
versions,5
dinner,5
paradorn,5
unstable,5
willingness,5
strive,5
metathesis,5
charging,5
anti-syrian,5
timing,5
inch,5
herself,5
morale,5
non-tradable,5
migrant,5
photons,5
woodward,5
lady,5
hosseini,5
idbbb,5
multinational,5
dissolve,5
seas,5
inquiry,5
skeletons,5
shi'ites,5
networking,5
tide,5
flowers,5
prevailed,5
forever,5
conducts,5
correspondents,5
resist,5
gasparotto,5
founders,5
sainz,5
charoen,5
cancellara,5
median,5
islet,5
reproduce,5
thread,5
prestigious,5
explanations,5
angled,5
newer,5
they've,5
respected,5
nasri,5
motor-vehicle,5
polling,5
belugas,5
"9,100",5
possessing,5
fluorescent,5
instinct,5
indah,5
cast,5
swallow,5
km/h,5
hungary,5
sinar,5
pilgrimage,5
mizan,5
optical,5
suggesting,5
inevitably,5
oil-producing,5
strengths,5
dau,5
advancement,5
dynamite,5
unharmed,5
evo,5
looming,5
siregar,5
richardson,5
assessments,5
associates,5
select,5
broadcasted,5
breach,5
fein,5
guide,5
mikel,5
shale,5
philadelphia,5
hinder,5
satisfaction,5
peers,5
getafe's,5
gaydamak,5
ac-130,5
camouflage,5
passport,5
nicklas,5
sticky,5
hidayah,5
intricate,5
matte,5
witness,5
dreams,5
acceptable,5
employer,5
infection,5
brutal,5
escalating,5
radars,5
alternatives,5
venue,5
birdied,5
progressed,5
fights,5
min-soon,5
knock,5
fission,5
pipelines,5
ideology,5
editorial,5
metropolitan,5
corridor,5
speakers,5
inject,5
ababa,5
lithium,5
state-of-the-nation,5
compromise,5
worrying,5
fulfillment,5
documentation,5
franco,5
manmohan,5
identities,5
rolled,5
rp2.6,5
tears,5
irrigation,5
deplorable,5
functional,5
occupy,5
dampen,5
beautiful,5
exceeding,5
fault,5
rubble,5
mood,5
trash,5
bed,5
overthrown,5
efficiently,5
loeb,5
hormone,5
flamini,5
eliminates,5
alvaro,5
employ,5
subdistrict,5
infants,5
persistence,5
wonders,5
empi,5
stabilise,5
non-oil/gas,5
bread,5
roland,5
stubbornly,5
exploring,5
transmit,5
handle,5
intermediation,5
weekley,5
tape,5
balls,5
26.,5
finalised,5
jermaine,5
carded,5
reviewing,5
equidad,5
anteaters,5
jufer,5
modification,5
joel,5
mavericks,5
bpk,5
disabled,5
economics,5
united's,5
kidnappers,5
intensify,5
cords,5
nuggets,5
astronomers,5
santiago,5
tigris,5
poorer,5
flared,5
anti-us,5
ronaldinho,5
"400,000",5
sticking,5
high-profile,5
pelosi's,5
typical,5
citroen,5
kurdistan,5
martyrs,5
relieved,5
midweek,5
gunned,5
listing,5
gather,5
9.00,5
emphatic,5
santoso,5
picchu,5
administrations,5
detainees,5
hosting,5
pro-government,5
flashing,5
mph,5
soar,5
nitrogen,5
obesity,5
khost,5
economies,5
undertaken,5
boundary,5
sadr's,5
consulting,5
addressing,5
nutritious,5
pronounced,5
slavery,5
inflammation,5
raging,5
hub,5
standoff,5
mounted,5
16.8,5
jury,5
uzbek,5
rice's,5
judging,5
sworn,5
zebari,5
ernesto,5
apex,5
fixed-rate,5
measuring,5
paktiawal,5
rp4,5
credible,5
happening,5
radar,5
stemming,5
srebotnik,5
assure,5
agung,5
sunlight,5
retire,5
elegant,5
three-times,5
astronaut,5
sao,5
ruud,5
hsdpa,5
banana,5
unrelated,5
woodpecker,5
supervise,5
aaji,5
ellison,5
slaves,5
wgc-accenture,5
advisory,5
abbondanzieri,5
fauna,5
starone,5
32nd,5
lighting,5
bpkp,5
imitate,5
0.25,5
unhcr,5
guy,5
coordinate,5
hughes,5
seller,5
consumes,5
amd,5
domination,5
mr,5
tracks,5
packaging,5
hackers,5
chemistry,5
missouri,5
philipp,5
bloc,5
olga,5
entertain,5
unison,5
timor's,5
signalled,5
embarrassing,5
tumors,5
rocking,5
3-kg,5
unprecedented,5
anode,5
terminals,5
enforced,5
rashid,5
predecessor,5
echo,5
buenos,5
junichiro,5
steganografy,5
noise,5
knocking,5
perceive,5
apple,5
racist,5
publication,5
assess,5
java-bali,5
cat,5
routed,5
8.2,5
hormones,5
excludes,5
neighborhood,5
yed,5
hotels,5
carbon-14,5
fixing,5
fahrenheit,5
atik,5
anti-corruption,5
motionless,5
npf,5
negotiation,5
jaish,5
representation,5
proliferation,5
wrapping,5
safeguard,5
icmi,5
alike,5
2.8,5
"1,100",5
dani,5
debris,5
"8,000",5
amara,5
spilled,5
portofolio,5
photographs,5
us$30,5
aban,5
hilla,5
stimulating,5
hopeful,5
flowing,5
mhz,5
shall,5
iia,5
0.8,5
taxpayer,5
andean,5
celebrations,5
weaponry,5
ivica,5
equipments,5
revealing,5
mp3,5
objection,5
k.,5
settlements,5
arrives,5
rp82.3,5
69th,5
speculations,5
miracles,5
specialised,5
carragher,5
featuring,5
dos,5
vieira,5
hairs,5
poachers,5
smoothly,5
relationships,5
luxury,5
arriving,5
1.21,5
fires,5
ambulance,5
man's,5
presenting,5
awaits,5
heartland,5
haven't,5
modeling,5
eddie,5
church,5
pedro,5
posts,5
penetrate,5
barrage,5
ibm,5
3rd,5
swedish,5
rp4.5,5
cuevas,5
dependency,5
mestalla,5
colored,5
purple,5
mubarak's,5
honeycomb,5
separation,5
oct,5
middle-income,5
showdown,5
shadows,5
mini,5
realise,5
utilise,5
disturb,5
frustration,5
bladder,5
estoril,5
nodded,5
ensuring,5
ascend,5
clusters,5
tiga,5
cook,5
tarrifs,5
thoroughly,5
cardiff,5
basile,5
us$6,5
mancini's,5
negligence,5
photography,5
pertamina's,5
talked,5
aides,5
seat,5
stimulates,5
dana,5
formulating,5
bridges,5
researched,5
cushion,5
constituent,5
mahdi,5
fourth-seeded,5
moqtada,5
esteban,5
routes,5
releases,5
colours,5
resurgent,5
chaudhry,5
clinic,5
strange,5
syndicated,5
real's,5
dates,5
vukovic,5
21.,5
dating,5
preserve,5
us$2,5
sends,5
kazim-kazim,5
bury,5
oxidant,5
winds,5
mussa,5
professionals,5
occurring,5
authorization,5
threaten,5
65th,5
hunger,5
critically,5
jr,5
7-3,5
pilots,5
assam,5
rats,5
akale,5
sutherland,5
brian,5
adams,5
relayed,5
criticized,5
en,5
drama,5
pizjuan,5
calderon,5
lone,5
influences,5
constraint,5
emphasized,5
fake,5
coincidences,5
unsp,5
robbie,5
damages,5
accumulated,5
tumbled,5
stipulates,5
meteorology,5
directing,5
sweep,5
mayapada,5
sufficiently,5
download,5
unquestionably,5
11.5,5
marx,5
golden,5
mistress,5
chains,5
plta,5
beshir,5
hypertension,5
palembang,5
burnt,5
immigration,5
0.75,5
'bb,5
firmly,5
somehow,5
brigadier,5
trustee,5
himalayan,5
rector,5
recommended,5
caffeine,5
heavy-duty,5
close-range,5
bosnian,5
rp11,5
blocking,5
onshore,5
gianluigi,5
administrative,5
kyoto,5
weighted,5
salim,5
invade,5
sovereign,5
metamorphosis,5
bangkok,5
calibration,5
6.26,5
academy,5
practically,5
finland,5
assertion,5
v,5
"2,5",5
privately-run,5
azhar,5
affordable,5
counting,5
rico,5
dinosaur,5
one-month,5
relaxed,5
thinks,5
idul,5
secretary-general,5
govortsova,5
coupons,5
musa,5
participant,5
4.8,5
challengers,5
reply,5
lucio,5
terman,5
voting,5
odesnik,5
aussie,5
tips,5
sinn,5
cortex,5
polish,5
pest,5
cattle,5
nearest,5
us$1.5,5
astana,5
explains,5
feminine,5
outpost,5
1980.,4
igor,4
yang,4
forgotten,4
bloodied,4
gases,4
phenomenal,4
toyota,4
outbreaks,4
intimidate,4
defiance,4
routinely,4
impede,4
halim,4
governmental,4
planets,4
kinetic,4
leap,4
justin,4
bite,4
cepu,4
radek,4
incentive,4
recognising,4
unesco,4
7.2,4
doubted,4
hammered,4
6.,4
finalize,4
clarify,4
ki,4
nonetheless,4
tabungan,4
kirchen,4
relying,4
cancers,4
sangin,4
renowned,4
protracted,4
legislators,4
database,4
chitin,4
quickest,4
20-strong,4
rp40,4
trje,4
taiwan's,4
turnover,4
alphabet,4
one's,4
kicks,4
pltu,4
michigan,4
noon,4
14.5,4
snatch,4
turks,4
7.9,4
females,4
7-0,4
florent,4
erekat,4
gonzalo,4
horizontal,4
suppliers,4
boiled,4
docking,4
nectar,4
ensures,4
zhang,4
exedy,4
lecture,4
asia's,4
interactive,4
prone,4
antioksidant,4
brotodiningrat,4
non-indigenous,4
pontevedra,4
pfister,4
bubbles,4
24th,4
hornets,4
iv,4
gilbert,4
braulio,4
remembered,4
uncertainties,4
34-day,4
waving,4
bernard,4
ballooned,4
rupee,4
loetan,4
asia-pacific,4
hamstring,4
brazilian-born,4
bulk,4
wayne,4
encore,4
makeshift,4
scc,4
crm,4
dismay,4
connectors,4
cave,4
4.4,4
longtime,4
'you,4
firmansyah,4
install,4
embezzlement,4
pegged,4
shah,4
argentinian,4
23.,4
occasions,4
pepsis,4
attained,4
konare,4
non-interest,4
"7,000-strong",4
mummy,4
17-year-old,4
6.30,4
labuhan,4
alkali,4
abkhazia,4
ufuk,4
35-year-old,4
populous,4
declaration,4
medicines,4
reunions,4
abda,4
defence-splitting,4
persero,4
9.5,4
australians,4
provocative,4
ghanaian,4
owen,4
wrist,4
influx,4
crts,4
militancy,4
maduro,4
liter,4
stepanek,4
jenin,4
whenever,4
boylan,4
fermented,4
wetlands,4
cottage,4
distinguished,4
zeaxanthine,4
tursunov,4
rabobank,4
craven,4
arief,4
oriented,4
shouting,4
aromatic,4
second-division,4
vink,4
handler,4
"300,000",4
sabotage,4
mourning,4
continuation,4
northerners,4
beverages,4
petric,4
polluted,4
fouad,4
make-up,4
launches,4
ethanol,4
weekend's,4
teamed,4
bars,4
brave,4
rnl,4
clemente,4
dismantling,4
haroun,4
ntb,4
kawasaki,4
bogeys,4
expose,4
rp895,4
infertile,4
ammonium,4
enrich,4
initiate,4
disabling,4
designing,4
sugandhi,4
parry,4
contenders,4
3-5,4
bypass,4
mathematical,4
ramadan,4
uruguayan,4
mata,4
dimensions,4
jo-wilfried,4
beef,4
politic,4
deepen,4
guarded,4
cancellation,4
calf,4
senegal's,4
readers,4
tomb,4
jaime,4
grands,4
mistakenly,4
drives,4
tadjuddin,4
aman,4
danatama,4
elder,4
odds,4
apologized,4
undoubtedly,4
daughters,4
gb,4
rwanda's,4
sincerely,4
complement,4
loses,4
decades-old,4
al-aqsa,4
tjandradjaja,4
hesitate,4
30-metre,4
stints,4
pires,4
harare,4
confederation,4
mustafa,4
tomas,4
giorgio,4
upstream,4
anatomy,4
ruptured,4
consultations,4
cicinho,4
darren,4
lewis,4
pistons,4
tipped,4
10.5,4
benefiting,4
mickael,4
adjusting,4
moo,4
siberia,4
shiozaki,4
first-ever,4
ukraine,4
praise,4
porous,4
rost,4
migrating,4
ranges,4
msv,4
bsa,4
harassment,4
unnamed,4
hu's,4
howell,4
silver,4
zhejiang,4
tounge,4
picking,4
palo,4
boundaries,4
rotating,4
mentality,4
landslide,4
monsoon,4
meteorological,4
priorities,4
earth's,4
marxist,4
tangible,4
kps,4
bottles,4
queensland,4
rasiah,4
wong,4
treating,4
pierre-paul,4
hosted,4
ai,4
kppu,4
highlight,4
quarter-finalists,4
condemns,4
left-wing,4
emails,4
steadily,4
syria's,4
combines,4
first-time,4
inflicted,4
kadyrov,4
arbitration,4
stennis,4
implanted,4
gennaro,4
heights,4
bajo,4
utilized,4
references,4
concentrates,4
drafted,4
rp42.03,4
muscular,4
programmers,4
kooyong,4
setiaatmadja,4
answered,4
confused,4
jerome,4
mentioning,4
subaru,4
fuelled,4
maximally,4
soeharto,4
safin,4
programmer,4
gender,4
simpedes,4
wire,4
stuttering,4
fullback,4
impression,4
santoro's,4
nightmare,4
james's,4
martowardojo,4
shook,4
gruelling,4
cce,4
uruzgan,4
disburse,4
tortured,4
two-week,4
somalis,4
digester,4
indoor,4
larriva,4
dinari,4
optimized,4
soccer's,4
ausma,4
chose,4
pac,4
administrator,4
shoji,4
photograph,4
hyypia,4
two-hour,4
onion,4
brassinolide,4
albelda,4
kicking,4
horrible,4
vapors,4
des,4
rays,4
kohlschreiber,4
foreigner,4
mainstream,4
bina,4
ekmeleddin,4
necessity,4
psg's,4
ant,4
halted,4
loom,4
martowardoyo,4
pokphand,4
rugged,4
dual,4
fr0050,4
k,4
portugal's,4
0.07,4
pulse,4
fightback,4
symposium,4
armenians,4
breakdown,4
double-faulting,4
retain,4
kashima,4
summoned,4
taufik,4
captors,4
taro,4
patrick,4
premiere,4
potito,4
analyses,4
nieminen,4
slim,4
virginie,4
tightened,4
top-seeded,4
withdrawn,4
nagle,4
nationalities,4
golovin,4
2.3,4
spraying,4
contador,4
garver,4
glover,4
habit,4
represents,4
umbrella,4
zoologist,4
benign,4
amil,4
myth,4
fulham's,4
lifespan,4
tighten,4
makelele,4
satisfying,4
slump,4
bjp-2,4
borne,4
replacements,4
66th,4
shouted,4
rods,4
low-interest,4
humbled,4
toys,4
minnesota,4
exempted,4
uranium-based,4
ghazi,4
deserves,4
doubling,4
pumping,4
repeating,4
conflicts,4
durability,4
chipped,4
under-23,4
hinkel,4
touches,4
respiration,4
therefrom,4
arbitrary,4
dprk,4
downloaded,4
moo-hyun,4
vietnamese,4
encroached,4
programmability,4
dire,4
marcelinho,4
inundated,4
nowak,4
britons,4
complain,4
monte,4
tetrapods,4
conspiracy,4
5.,4
aves,4
apology,4
independently,4
montenegro,4
decent,4
advocate,4
greeting,4
discrimination,4
symbolic,4
ezequiel,4
viral,4
3.9,4
safer,4
praised,4
digestion,4
poked,4
wary,4
one-year,4
suwondo,4
alpha,4
force's,4
alwin,4
marred,4
depthx,4
repression,4
visible,4
publishers,4
three-time,4
auckland,4
kurnadi,4
poisoning,4
us$140,4
uruguay's,4
privatized,4
ks,4
disallowed,4
zip,4
prostitution,4
ks's,4
florence,4
lipids,4
rp989.3,4
unanimous,4
recaptured,4
us$95,4
event's,4
mountainous,4
upbeat,4
hectare,4
facilitates,4
plate,4
e-money,4
phillip,4
finalist,4
diminish,4
rocket-propelled,4
anger,4
nabi,4
impulse,4
flavonol,4
chambers,4
chili,4
asiatic,4
chaotic,4
sedaya,4
commissioned,4
priced,4
montesin,4
bore,4
suazo,4
precedent,4
15-year-old,4
cemetery,4
recipients,4
elaborating,4
shuttle,4
naked,4
escorting,4
angela,4
client,4
striving,4
foes,4
punished,4
pre-season,4
kutcher,4
resolutions,4
trilateral,4
kalac,4
guti,4
un's,4
charter,4
winston,4
juninho,4
forums,4
commons,4
katarina,4
protocol,4
tells,4
hyun,4
adoption,4
immunity,4
eps,4
steel's,4
street's,4
cooperating,4
january-may,4
imam,4
backup,4
terrible,4
politician,4
0.01,4
overtime,4
hatching,4
tee,4
fomenting,4
fil,4
fukushima,4
jaws,4
h,4
bmw,4
tseng,4
bakrieland,4
cytoplasm,4
arabia's,4
heating,4
overshadowed,4
calcium,4
emitted,4
algerian,4
olic,4
casualty,4
worm,4
labs,4
feud,4
epas,4
viability,4
disturbed,4
rp20,4
delegate,4
mena,4
hirvonen,4
samartino,4
icon,4
atkinson,4
crackers,4
invertebrates,4
small-and,4
barbules,4
conclusive,4
alkenes,4
wto,4
overhead,4
periodically,4
greenland,4
pixels,4
printed,4
label,4
topic,4
schuettler,4
0.21,4
reward,4
liaison,4
panasonic,4
aircrafts,4
restricted,4
raises,4
fingerprints,4
firework,4
regulatory,4
buchori,4
diabetes,4
franchise,4
scrambled,4
retirement,4
vakarai,4
sodium,4
runup,4
fadjrijah,4
farhan,4
dig,4
downstream,4
bulgaria,4
cycling,4
incursion,4
trains,4
borrowing,4
investama,4
"rp9,350",4
suryo,4
guillaume,4
scrutiny,4
equally,4
engulfed,4
ritual,4
autumn,4
lonard,4
lukman,4
nnsa,4
foundations,4
baathists,4
you've,4
challenged,4
lower-than-expected,4
diversify,4
reformation,4
anthony's,4
wages,4
judah,4
enabled,4
gaining,4
usaid,4
inputs,4
angered,4
unrwa,4
earmarked,4
dissolution,4
empowered,4
festive,4
numbered,4
domino,4
globally,4
halfway,4
respectable,4
fills,4
wanting,4
organel,4
22nd,4
battalion,4
24.,4
betting,4
deepening,4
processors,4
ekaterina,4
9.75,4
cry,4
khodorkovsky,4
equilibrium,4
arrangements,4
perkasa,4
madrid's,4
parked,4
assuming,4
educated,4
disappear,4
haven,4
77th,4
transfers,4
bags,4
bjp-1,4
converter,4
cassava,4
six-times,4
kilogram,4
circuits,4
genus,4
tamudo,4
berau,4
enjoys,4
purnomo,4
reflex,4
defended,4
transported,4
councils,4
bankruptcy,4
b2,4
ndi,4
controller,4
cylinder,4
manuver,4
blowing,4
"1,400",4
stun,4
velocity,4
indisputable,4
servant,4
plutonium,4
singer,4
grains,4
bulog,4
robinho,4
centrifuges,4
luggage,4
2.6,4
orangutan,4
turbulent,4
saba,4
sandisk,4
skeletal,4
alcohol,4
geophysics,4
walk,4
numerical,4
amateurs,4
possessed,4
scholarships,4
chhattisgarh,4
4.2,4
observations,4
permitted,4
pele,4
snore,4
bandwidth,4
pocket,4
phylum,4
g8,4
similarities,4
amr,4
stretches,4
astronouts,4
samarinda,4
amsterdam,4
piquet,4
fulfil,4
deploying,4
guides,4
strongman,4
commenting,4
hurled,4
corps,4
facial,4
fulfilled,4
"25,000",4
8.0,4
pressured,4
kye,4
collaborating,4
conte's,4
pores,4
regime's,4
advancing,4
bind,4
bashary,4
restoring,4
fame,4
shin,4
contracting,4
meta,4
promoted,4
poles,4
hooked,4
ignoring,4
centralization,4
bids,4
adjustments,4
issuer,4
double-digit,4
renewable,4
respective,4
interconnection,4
near-daily,4
al-beshir,4
prospectus,4
11.6,4
disrupted,4
hyperoxia,4
neville,4
switching,4
slumped,4
dragged,4
graduate,4
agogo,4
3.,4
siti,4
headers,4
inter's,4
"12,000",4
maxis,4
fatalities,4
firefighters,4
update,4
auxiliary,4
barricades,4
ericsson,4
upgrade,4
rotate,4
trainer,4
meal,4
rp3.9,4
inspector,4
isabel,4
valdes,4
cuban,4
malaria,4
haq,4
der,4
sebastian,4
sicc,4
mild,4
presents,4
francesca,4
endowed,4
querrey,4
eligible,4
misery,4
nationally,4
rattled,4
airflow,4
gabriel,4
valley,4
gear,4
turtles,4
stoner,4
persen,4
assembled,4
filter,4
fifteen,4
yuslam,4
confessed,4
sun-drenched,4
laser,4
nonsense,4
inaugurated,4
deferred,4
rumors,4
functionality,4
bat's,4
acoustic,4
galaxies,4
mates,4
divert,4
51st,4
trait,4
lenses,4
interferon,4
theo,4
swaguna,4
federation's,4
coupet,4
kangean,4
diagnostic,4
stagnant,4
transducin,4
seydou,4
wishing,4
embark,4
deviation,4
gallows,4
multiartha,4
third-seeded,4
deepest,4
chanvit,4
garitano,4
karrada,4
croatia's,4
expressions,4
cimb,4
scientifically,4
serrano,4
clocked,4
sugarcane,4
lansana,4
economical,4
walkover,4
timely,4
warn,4
distances,4
kuyt,4
al-bina,4
purely,4
deliveries,4
justified,4
handing,4
condolences,4
scarce,4
exercises,4
demographic,4
rough,4
agustin,4
notion,4
bribes,4
spaniards,4
piracy,4
depositor,4
maryland,4
maru,4
mulyaman,4
echoed,4
mladen,4
cms,4
riquelme,4
legend,4
nurses,4
cmg,4
guardian,4
4.5,4
stimulated,4
architectural,4
teen,4
occasionally,4
actress,4
postponement,4
lion,4
h5n1,4
incubation,4
cilic,4
rookie,4
apache,4
shaukat,4
durable,4
lam,4
kyodo,4
certainty,4
exclusively,4
tritium,4
disrupting,4
brightness,4
lukas,4
pipes,4
cgmp,4
backward,4
abundant,4
melanism,4
log,4
mail,4
optic,4
ajax,4
algae,4
squares,4
obese,4
alishtari,4
polymers,4
nos,4
pim's,4
hideouts,4
markus,4
gatot,4
reviewed,4
implication,4
1984.,4
specify,4
ibrd,4
extraction,4
aerodynamic,4
billionaire,4
withstand,4
cocoon,4
oksidative,4
fugitive,4
lifeline,4
zimbabwean,4
ultra,4
andalucians,4
jupiter,4
collagen,4
folded,4
excl,4
passports,4
emphasis,4
herman,4
"950,000",4
assessed,4
arutmin,4
julien,4
equality,4
rigid,4
khaleda,4
considerable,4
alicante,4
outclassed,4
25-metre,4
ramadhan,4
mode,4
linux,4
loudspeaker,4
flap,4
hump,4
airforce,4
kahveci,4
shipment,4
conocophilips,4
dili,4
shutting,4
counter-productive,4
poland's,4
surfaces,4
hunter,4
depository,4
buli,4
bagram,4
worthy,4
inspections,4
almunia,4
colliding,4
chemotherapy,4
mari,4
gm,4
tornado,4
commonwealth,4
borrowed,4
sixth-seeded,4
assad,4
destination,4
weaker,4
cube,4
parliamentarians,4
toure,4
captive,4
rochadi,4
interface,4
twin,4
pouch,4
liver,4
einder,4
copenhagen,4
hospitalized,4
recruitment,4
wooden,4
specifying,4
phosphorous,4
cartagena,4
environmentally,4
outset,4
addiction,4
salvador,4
lease,4
relocate,4
rp7,4
installations,4
thrashing,4
barzan,4
pleading,4
interpreter,4
pangestu,4
yabunaka,4
adaptation,4
drops,4
dreaming,4
surf,4
ntt,4
agni-iii,4
patrols,4
charcoal,4
bug,4
holocaust,4
accommodate,4
thumping,4
sswj,4
firstly,4
drilled,4
depended,4
boom,4
prohibited,4
strom,4
brotherhood,4
overcoming,4
cumulative,4
optimal,4
ioaa,4
wear,4
pounced,4
differ,4
five-day,4
daewoo,4
sugarcane-based,4
41st,4
cristian,4
authorized,4
courtside,4
2-4,4
veins,4
kompas,4
filament,4
arise,4
intimidation,4
premium,4
s/a,4
census,4
paleontological,4
fia,4
bacterium,4
flowed,4
organizational,4
coordinated,4
standby,4
chechen,4
traumatic,4
slovakia,4
barry,4
geneticists,4
rifles,4
crowned,4
ias,4
kangaroo,4
debutant,4
counted,4
loaned,4
vulnerable,4
wenger's,4
afghanistan's,4
magic,4
chloride,4
holiest,4
masses,4
columbia,4
alabama,4
enacted,4
subjected,4
antennae,4
shia,4
kpc,4
5.07,4
dreamspark,4
campus,4
akbar,4
solberg,4
neutralize,4
undersecretary,4
basket,4
sctv,4
continually,4
raja,4
destabilize,4
naming,4
nick,4
starter,4
competed,4
24-hour,4
recall,4
vandalism,4
jindal,4
soepomo,4
chased,4
surveys,4
totalled,4
croat,4
gerrard's,4
influential,4
standardized,4
edward,4
tap,4
travelled,4
hover,4
microevolution,4
redknapp,4
thrashed,4
woodwork,4
10-point,4
geologists,4
drill,4
booking,4
fifa's,4
spouse,4
positives,4
calculate,4
hasina,4
colorful,4
bodman,4
quietly,4
hardship,4
morgenthau,4
wahyu,4
habituation,4
fortune,4
ssa,4
qala,4
warring,4
santosa,4
cluster,4
isolating,4
recognizes,4
socialism,4
lonsum,4
leader's,4
al-zamli,4
regiment,4
exert,4
moskalenko,4
mix-doubles,4
personally,4
colonies,4
thoughts,4
asserts,4
characterized,4
alarming,4
hawiye,4
countless,4
laureate,4
kye-gwan,4
spatial,4
amazingly,4
ameliorating,4
improves,4
shield,4
life-threatening,4
kau,4
pro,4
non-proliferation,4
nicholas,4
marwijk,4
parent,4
libby,4
probable,4
slain,4
cosmin,4
pasir,4
ramon,4
8.4,4
chevanton,4
watergate,4
raya,4
nixon,4
ruins,4
hesitation,4
enke,4
hendro,4
cpal,4
govou,4
gwan,4
0.03,4
stationary,4
tires,4
sidney,4
seawater,4
mangole,4
ankara,4
vocal,4
wraps,4
sanctuary,4
simmering,4
sknbi,4
congratulate,4
motorists,4
transfusion,4
excluding,4
bike,4
koreans,4
6.01,4
bolivia's,4
vendor,4
logitech,4
diverse,4
literature,4
donadoni,4
archbishop,4
"160,000",4
boeing,4
scenarios,4
mirantha,4
saeb,4
licensing,4
gresik's,4
holcim,4
pursuit,4
abkhaz,4
terminate,4
semantic,4
complicate,4
armies,4
extradition,4
author,4
dawei,4
bowed,4
ears,4
button,4
mediterranean,4
aryasinha,4
gilberto,4
breathe,4
martyred,4
state-run,4
singapore-based,4
extinction,4
writers,4
hungry,4
badminton,4
informatics,4
ideally,4
tenure,4
rooted,4
sensation,4
irish,4
hoffenheim,4
band,4
leaked,4
petrova,4
astronauts,4
medco's,4
float,4
inti,4
crc,4
mideast,4
undermining,4
fertile,4
atmospheric,4
ferrell,4
jiangsu,4
conviction,4
strained,4
helpful,4
niken,4
peels,4
allergic,4
ink,4
jamie,4
demolished,4
centimetres,4
elderly,4
scot,4
northeastern,4
dogged,4
bda,4
translator,4
denia,4
bajaur,4
relates,4
smallholder,4
mitigated,4
tamils,4
slomka,4
lipi,4
tan,4
vague,4
34-year-old,4
marat,4
achilles,4
prosecution,4
distortion,4
supplying,4
urgency,4
parried,4
problematic,4
peoples,4
76th,4
resumption,4
bolster,4
carcinogen,4
cares,4
shrugged,4
password,4
adapt,4
derivatives,4
roadblocks,4
takeover,4
sanction,4
netting,4
billed,4
babbage,4
babies,4
lovers,4
eritrea,4
contemporary,4
sheffield,4
liberian,4
faction's,4
35.5,4
fast-breaking,4
outflow,4
alaska,4
clarity,4
palmas,4
finds,4
recalled,4
oversight,4
photographers,4
concacaf,4
reader,4
ivomas,4
interpol,4
rica,4
mabira,4
petrochemical,4
vests,4
denver,4
garros,4
roll,4
22.,4
raided,4
wibowo,4
revoked,4
spree,4
siege,4
january-september,4
innocent,4
aiming,4
expands,4
doubts,4
legally,4
hezbollah's,4
minds,4
accessing,4
warriors,4
64th,4
63rd,4
byrd,4
retreated,4
argue,4
louis,4
surprisingly,4
multiply,4
posting,4
fr0036,4
horna,4
applicable,4
don,4
hatem,4
reduces,4
chlorine,4
murr,4
devastated,4
entitled,4
end-2007,4
top-10,4
hollow,4
preserved,4
us$135,4
banco,4
us$130,4
curled,4
clip,4
elaborate,4
waging,4
cocoa,4
bogota,4
seoul's,4
medellin,4
togo,4
shane,4
partnered,4
mutated,4
preparedness,4
suffers,4
unification,4
brains,4
pembangkit,4
iordanescu,4
arrange,4
interact,4
map,4
milito,4
robotic,4
tribes,4
wealthy,4
remarked,4
spontaneously,4
fog,4
pscg,4
what's,4
employers,4
egypt's,4
genuine,4
katongo,4
sinhalese,4
dialogs,4
tatiana,4
forwards,4
imbalance,4
voices,4
amongst,4
large-scale,4
uche,4
farms,4
ijarah,4
bullish,4
dassanayake,4
optimize,4
jelle,4
replacing,4
transporting,4
parker,4
1994.,4
'aa-idn,4
catalans,4
surfaced,4
nov,4
catalysts,4
martinez,4
rafflesia,4
1-2,4
wrestlers,4
ensured,4
meals,4
lacking,4
bremen's,4
alter,4
podolski,4
fines,4
smelter,4
fatigue,4
abadi,4
army's,4
beauty,4
raikkonen,4
improvised,4
storing,4
bbia,4
caucasus,4
anarchy,4
aires,4
greetings,4
ate,4
limonin,3
inspected,3
watchers,3
brothels,3
tangerang,3
behest,3
watt,3
inciting,3
creativity,3
jica,3
buildup,3
ukms,3
dashed,3
albion,3
elephant,3
shuttlers,3
corrupted,3
complementary,3
installs,3
lacks,3
23.9,3
rp125,3
barca's,3
threaded,3
stupid,3
pangan,3
combining,3
kantaya,3
kaltim,3
kidneys,3
loyalty,3
cruiser,3
disciplines,3
breath,3
tranquillo,3
alonso's,3
mda,3
clearest,3
minerals,3
cavity,3
piling,3
flaps,3
biofuel,3
seville,3
levi,3
papin,3
first-semester,3
landreau,3
differs,3
narrowing,3
altintop,3
cycles,3
aero,3
coins,3
precipitation,3
carotenoid,3
ta,3
cc,3
entrepreneurship,3
masaran,3
swindon,3
gnats,3
clippers,3
odemwingie,3
nirwana,3
tsv,3
outright,3
"17,000",3
pomala,3
swerving,3
bankrupt,3
antibiotics,3
startech,3
maliki's,3
tall,3
algiers,3
kimi,3
briquette,3
micah,3
guinea-bissau,3
yields,3
notification,3
2.75,3
tambangraya,3
glavermas,3
vanity,3
analyzing,3
farc,3
teammates,3
desired,3
underworld,3
canberra,3
quartet's,3
hebdo,3
continuity,3
manufacture,3
consistency,3
utterly,3
michel,3
kaka's,3
fumio,3
configuration,3
rednic,3
hamada,3
salary,3
p4k,3
disarmed,3
precious,3
perspective,3
prefers,3
levelling,3
mulya,3
islamonline,3
diallo,3
sentencing,3
reprisal,3
1985.,3
arianto,3
rogerio,3
whitman,3
jong-il,3
boards,3
81st,3
chekalin,3
rasheed,3
tayyip,3
yusuf's,3
praying,3
invading,3
39.4,3
sword,3
cudicini,3
spearheading,3
revert,3
zabul,3
billy,3
war-ravaged,3
jill,3
bent,3
kickoff,3
outcomes,3
1-6,3
forthcoming,3
melzer,3
four-day,3
departing,3
9.4,3
inca,3
correa,3
us$62,3
8.3,3
facto,3
crashing,3
stole,3
servants,3
ocalan,3
lifetime,3
coincided,3
jong,3
christoph,3
announcing,3
shropshire,3
gauge,3
raft,3
year-old,3
slap,3
manning,3
alerted,3
declare,3
otoparts,3
hallmark,3
borrowings,3
unify,3
winters,3
guests,3
pampered,3
predecessors,3
verdasco,3
alaska's,3
seventeen,3
extensions,3
renault's,3
ipswich,3
take-off,3
pink,3
oxford,3
mbeki,3
annum,3
dietary,3
loosen,3
obliges,3
lodged,3
doroud,3
frantic,3
molotov,3
api,3
emperor,3
pm,3
canisters,3
us$63,3
professors,3
interchange,3
iraqi-us,3
johnny,3
terai,3
copies,3
credentials,3
1.67,3
antawn,3
jeremy,3
jenty,3
blazing,3
shore,3
historians,3
truly,3
subversive,3
salihamidzic,3
6.2-6.4,3
capitalize,3
baluchistan,3
maximize,3
reopening,3
clinical,3
burhanudin,3
flank,3
speeding,3
sceptical,3
madrassa,3
serbia's,3
proving,3
recurrent,3
deceptive,3
tolerable,3
expire,3
reid,3
three-pointer,3
freddy,3
forgot,3
nino,3
conventions,3
cibulkova,3
consult,3
nyse,3
telkom's,3
41-year-old,3
sprayed,3
grim,3
toughest,3
adjoins,3
tri,3
waterway,3
apiece,3
gritty,3
jabero,3
erry,3
sdn,3
infiltration,3
amran,3
safina,3
storms,3
full-scale,3
ichthyosaurs,3
cheyrou,3
distraction,3
ginsi,3
hammer,3
surpass,3
awad,3
uncontrollable,3
manouchehr,3
instinctive,3
rp1.7,3
aeroplane,3
georgia's,3
viable,3
xp,3
principally,3
seaweed,3
parc,3
vacant,3
bprs,3
relinquished,3
judiciary,3
"600,000",3
jack,3
discoveries,3
morphology,3
vacuum,3
seniora,3
"13,000",3
diagonally,3
hartfield,3
bulletproof,3
widow,3
small-scale,3
much-anticipated,3
separatists,3
clarified,3
cohen-aloro,3
second-hand,3
crustaceans,3
collaborated,3
rp38.5,3
robotics,3
renounces,3
comparisons,3
diluted,3
skins,3
metre,3
definite,3
blacks,3
artist,3
paz,3
zamora,3
hovering,3
tectonic,3
crust,3
migrates,3
hicks's,3
auctioned,3
retaliation,3
fats,3
kalou,3
union's,3
oumar,3
exacerbated,3
13.5,3
emergencies,3
month-to-month,3
defining,3
shatt,3
hardest,3
tuition,3
secrete,3
hariri's,3
smash,3
scattered,3
verify,3
modified,3
blackened,3
feliciano,3
probe,3
clicks,3
goven,3
nicknamed,3
noodle,3
thicker,3
warmer,3
insult,3
removal,3
printer,3
maccracken,3
daya,3
vcb,3
prevail,3
slogan,3
lese,3
ruslim,3
malaga,3
dimensional,3
berti,3
mnc,3
outnumbered,3
procession,3
politicians,3
subaru's,3
november's,3
epidemiology,3
glance,3
energi's,3
al-mahdi,3
richter,3
garuda,3
nights,3
downside,3
putra,3
awake,3
supplier,3
prostate,3
reddy,3
throws,3
absurd,3
tribunals,3
pentagon's,3
petr,3
gin,3
hiroshima,3
rabbo,3
setchell,3
marseille's,3
heinous,3
stating,3
andi,3
adaro,3
installing,3
reyes,3
inland,3
traffickers,3
rental,3
chandrasekharam,3
vary,3
"15,000",3
designers,3
dispel,3
lazio's,3
brunei,3
toifilou,3
merchandise,3
11.03,3
nepali,3
outplayed,3
imaging,3
lists,3
fernandes,3
sting,3
addicted,3
day-old,3
flaws,3
agency's,3
16-year-old,3
supernova,3
28.,3
slated,3
rijkaard's,3
swansea,3
second-largest,3
cruise,3
ubuntu,3
avatar,3
soda,3
europa,3
sukoyo,3
insemination,3
magnificent,3
debutants,3
bioterorisme,3
filing,3
behrami,3
repairment,3
borriello,3
inventions,3
40.8,3
ponds,3
1.41,3
wib,3
aviation,3
prerequisite,3
pikaia,3
corners,3
ichthyosaur,3
icp,3
bbk,3
monarchs,3
ym,3
halteres,3
cracks,3
subscription,3
4th,3
apologised,3
botanical,3
cypriot,3
us$1.6,3
sponsoring,3
inzaghi,3
vista,3
tpi,3
riverside,3
us$145,3
item,3
bagged,3
compliment,3
dinara,3
liberate,3
humble,3
uncomfortable,3
"11,000",3
gotten,3
stevenson,3
rijal/greysia,3
21-12,3
sato,3
attaching,3
aviliani,3
candy,3
bernie,3
bammer,3
harmonious,3
magical,3
graphic,3
fluorescence,3
tracked,3
neutralise,3
ncl,3
benitez's,3
eyelashes,3
museums,3
katsav,3
taliban-led,3
asean's,3
o'neil,3
housewives,3
firm's,3
subscribe,3
implicated,3
kakha,3
flores,3
designate,3
fencing,3
halmahera,3
mutually,3
turki,3
dived,3
inhabited,3
sits,3
campaigning,3
likelihood,3
norte,3
panigoro,3
area's,3
38-year-old,3
wayan,3
yunnan,3
rp3.2,3
20.9,3
bolivians,3
consulates,3
3.1,3
carvalho,3
romania's,3
timer,3
sarsour,3
bitterness,3
congestion,3
complaint,3
0.1,3
barnetta,3
fitted,3
scramble,3
boycotted,3
night-time,3
i/2007,3
discharged,3
gell,3
reclaim,3
polisario,3
lend,3
"3,400",3
bonny,3
encapsulated,3
wi-fi,3
mile,3
implied,3
'4,3
taylor,3
hacked,3
enthusiasm,3
right-footed,3
receptor,3
arose,3
faults,3
shark-loan,3
canada's,3
memphis,3
boo,3
chemists,3
ventilation,3
comet,3
fittest,3
cloned,3
photographed,3
aquatic,3
logging,3
misses,3
degraded,3
penetrated,3
essentially,3
posman,3
handball,3
strait,3
ovation,3
in-country,3
resembling,3
accessories,3
eradicated,3
elektronik,3
cautioned,3
us$110,3
octopus,3
prosper,3
descendants,3
rebounded,3
catode,3
al-arab,3
toes,3
non-competitive,3
discovering,3
gorenje,3
moral,3
lescott,3
50-kg,3
compiler,3
cursorial,3
neon,3
inspecting,3
preserving,3
buys,3
thermat,3
joleon,3
lehman,3
audits,3
rp150,3
cyanobacteria,3
denton,3
auditory,3
civilization,3
adhere,3
nevertheles,3
manipulating,3
bucharest,3
september's,3
penetrator,3
enlarge,3
infestation,3
dented,3
subronto,3
subnotebooks,3
ub313,3
oksidant,3
luggable,3
privatize,3
parabronchi,3
pepe,3
infrared,3
utilizes,3
skipper,3
seven-point,3
idle,3
substituted,3
fertilizing,3
railroad,3
depleted,3
endless,3
arango,3
journalism,3
vultures,3
forehead,3
eight-nation,3
warfare,3
macroevolution,3
sights,3
spa,3
super-special,3
grameen,3
specimens,3
outlawed,3
coates,3
evenly,3
asserted,3
harrington,3
72-year-old,3
attain,3
neuroscience,3
bull,3
eisenhower,3
standout,3
renew,3
keith,3
giovani,3
57th,3
levy,3
widjaja,3
bashar,3
joao,3
microscope,3
princes,3
south-eastern,3
fatty,3
organising,3
"2,100",3
atlantis,3
pop,3
prepares,3
bother,3
rp18.3,3
hawks,3
lashing,3
peripherals,3
fragrant,3
kalium,3
petra,3
klimowicz,3
"rp1,000",3
moderately,3
cloth,3
gym,3
purported,3
jilib,3
nasal,3
sukada,3
harsh,3
wb,3
wolfowitz,3
atop,3
bvudzijena,3
tchite,3
recurrence,3
normalisation,3
wise,3
koji,3
us-backed,3
gicquel's,3
manages,3
final-round,3
footing,3
d'aubuisson,3
reacquired,3
binds,3
stormy,3
shaky,3
rhyu,3
werianty,3
tsvetana,3
reinforcements,3
bainimarama,3
"800,000",3
tutsis,3
salad,3
arch,3
non-combat,3
acapulco,3
rematch,3
quelled,3
fruitful,3
maritime,3
2.08,3
corpora,3
rp1.2,3
toni's,3
whittingham,3
half-hour,3
jenas,3
modules,3
kringe,3
sea-dwelling,3
gravitation,3
individually,3
haphazardly,3
nanotechnology,3
enrico,3
discounted,3
quantity,3
ricky,3
unocal,3
jeopardize,3
superconductivity,3
dejan,3
flavonoid,3
refereeing,3
filed,3
kuwaiti,3
walid,3
honored,3
titan,3
padraig,3
contractions,3
schwarzer,3
third-place,3
scoreline,3
quantities,3
demolishes,3
dependence,3
paralyses,3
divest,3
hossein,3
"120,000",3
welcomes,3
telesera,3
heaviest,3
hypothetical,3
interference,3
hardline,3
showcase,3
tbk's,3
'd,3
departments,3
detailing,3
jurgen,3
frans,3
portsmouth's,3
zemarai,3
alan,3
cotto,3
riyals,3
jumblatt,3
assassinated,3
husbandry,3
darussalam,3
tending,3
elect,3
garam,3
bargaining,3
worn,3
poisoned,3
jeep,3
ramli,3
3-year-old,3
triple,3
fixture,3
tabulating,3
manuscripts,3
kideco,3
concentrating,3
dolphin's,3
dreadful,3
rp25,3
suppressed,3
seblat,3
restitution,3
westermann,3
syarial,3
arteries,3
peretz,3
dijon,3
illustrating,3
sensitivity,3
simbolon,3
uniform,3
rp6.9,3
interpreted,3
apexindo's,3
globe,3
premises,3
duarte,3
antenna,3
stronger-than-expected,3
qpr,3
overloaded,3
yenagoa,3
merseyside,3
felipe,3
corrections,3
rallying,3
relocation,3
bentley,3
breakfast,3
overt,3
platelets,3
biosynthesis,3
raf,3
csc,3
precautions,3
tug,3
practiced,3
realising,3
heed,3
provoke,3
self-determination,3
tobago,3
lewin,3
tea,3
refracting,3
bei,3
yu,3
microorganisms,3
stressing,3
practise,3
andahanesa,3
ugandans,3
baidoa,3
sailed,3
"rp2,050",3
differential,3
squatters,3
households,3
bianchi,3
peeled,3
odom,3
acorns,3
nymph,3
overwhelmingly,3
passion,3
garut,3
djibouti,3
zanetti,3
medication,3
terminated,3
silvio,3
fabianski,3
hacker,3
eggshell,3
mosaic,3
amniotic,3
frontline,3
antarmuka,3
refinery,3
jse,3
compulsory,3
anticipative,3
echolocation,3
viktor,3
robocon,3
"23,100",3
fractional,3
fr0047,3
msb,3
lean,3
7-8,3
republic's,3
joints,3
poisons,3
triggers,3
seychelles,3
evolution's,3
asks,3
inter-region,3
tirta,3
symptom,3
radius,3
kettlewell,3
international's,3
aligned,3
reinsurance,3
span,3
cyril,3
mating,3
emphasizes,3
gasification,3
batista,3
inhale,3
onbase,3
lasts,3
trips,3
alleviate,3
decentralization,3
elizabeth,3
botanist,3
loebis,3
bazaar,3
washing,3
supercomputers,3
syah,3
sordo,3
carcinogenic,3
masjids,3
cleaning,3
sarwono,3
nonstop,3
1993.,3
sevilla's,3
survivor,3
coincidental,3
janurianto,3
pietojo,3
two-match,3
beats,3
bubble,3
spark,3
gunpowder,3
danny,3
third-party,3
switched,3
anderson,3
oven,3
melts,3
rigs,3
false,3
erakat,3
amsberg,3
demobilized,3
ejected,3
pouring,3
precursor,3
plunging,3
boubakeur,3
premature,3
dominika,3
salvador's,3
frustrating,3
seaside,3
unconfirmed,3
g-8,3
spectators,3
mahadhesis,3
innumerable,3
sistan-baluchestan,3
palangkaraya,3
obstruct,3
vanstone,3
zawahri,3
ho,3
corpses,3
refinance,3
mob,3
coca,3
crowns,3
utmost,3
bobby,3
diriye,3
feasible,3
fijian,3
necessarily,3
f,3
milestone,3
sustains,3
blindfolded,3
carmelo,3
goalkeepers,3
caruth,3
barbosa,3
non-corporate,3
pulsating,3
modernize,3
greenside,3
depress,3
"700,000",3
nationality,3
barris,3
polydoras,3
centres,3
jam,3
mercado,3
banega,3
focuses,3
archeologists,3
cpj,3
extraordinarily,3
pakto,3
caterpillar,3
emboldened,3
bsmr,3
specimen,3
licopen,3
withholding,3
benny,3
simultaneous,3
edgar,3
dh,3
detonation,3
jamrah,3
hinted,3
savage,3
avid,3
tenerife,3
spectrometer,3
conceal,3
alumina,3
instincts,3
five-under-par,3
inhabitants,3
villegas,3
tutu,3
left-foot,3
0.45,3
cavalry,3
videos,3
sarafiya,3
optimizing,3
peppered,3
shallow,3
prescott,3
ther,3
contention,3
jerry,3
high-quality,3
0.3,3
petals,3
marksman,3
utiashvili,3
els,3
manara,3
wendel,3
al-tikriti,3
agency-financial,3
haryanto,3
prisons,3
end-2005,3
harsya,3
provocation,3
poster,3
alloy,3
reopen,3
aftershock,3
architects,3
nominations,3
dress,3
rear,3
lumber,3
nantes,3
repatriated,3
pretext,3
sejati,3
b1,3
medic,3
plea,3
swings,3
6.95,3
ft,3
furious,3
weakens,3
ernie,3
cpus,3
30.,3
repurchase,3
lobbying,3
harmony,3
amiens,3
amodu,3
taxable,3
warships,3
spam,3
dup,3
14.4,3
beluga,3
abubakar,3
fdi,3
rp9.7,3
reservations,3
supertoy,3
run-up,3
paint,3
comparable,3
aragones,3
imagined,3
taxa,3
widening,3
biopsy,3
compatriots,3
pressed,3
greediness,3
grouped,3
airports,3
inclined,3
liquidated,3
pak,3
confusion,3
9-21,3
benady,3
montenegrin,3
pumped,3
rue,3
mahendra,3
subsistence,3
gurria,3
abuzayd,3
albatross,3
chromatic,3
enclave,3
particulary,3
allotment,3
karbala,3
spn,3
snacks,3
govinda,3
kettlewell's,3
pad,3
equalising,3
databases,3
visibly,3
3.6,3
pairs,3
bastian,3
nicotine,3
airmen,3
explorations,3
dangers,3
diffuses,3
heals,3
radhi,3
delays,3
long-distance,3
orderly,3
yamagata,3
sappers,3
ounces,3
jabaliya,3
southampton,3
alarm,3
detector,3
thrust,3
ruri,3
dumped,3
villarreal's,3
gudang,3
slaughter,3
leaks,3
hijacking,3
briefed,3
ulrich,3
poised,3
pre-paid,3
overthrew,3
withheld,3
disarm,3
benoit,3
envisaged,3
fulfilling,3
makarova,3
perpetrators,3
streambed,3
ok,3
poorly,3
brin,3
horses,3
pressuring,3
clumsy,3
8.7,3
uproar,3
non-assamese,3
prayer,3
servers,3
strayed,3
us$1.7,3
uss,3
airtight,3
malaka,3
snowfall,3
bps's,3
arithmetic,3
invisible,3
magma,3
kuncoro,3
bangalore,3
ron,3
rgb,3
totti,3
minusidn,3
ii/2007,3
secrets,3
magazines,3
multi-finance,3
sumitomo,3
venues,3
rooney,3
mc,3
loyalists,3
remy,3
swadesi's,3
convenience,3
circular,3
cured,3
johan,3
carriers,3
mahinda,3
hillary,3
cellphone,3
treat,3
wicked,3
abnormalities,3
bandaranaike,3
yussef,3
kefaya,3
syndicate,3
higher-than-expected,3
internally,3
high-level,3
skrtel,3
buddhist,3
big-hitting,3
donka,3
artists,3
nato's,3
tying,3
lethal,3
ammonia,3
pkk,3
aa,3
40th,3
nightclub,3
mar,3
qur'an,3
knife,3
mountain's,3
december's,3
tribesmen,3
divested,3
utomo,3
rp2.2,3
sunshine,3
hasty,3
lover,3
defy,3
repaid,3
satriyo,3
pullout,3
gasol,3
medium-term,3
lobster's,3
carbohydrate,3
chordata,3
warplanes,3
taj,3
nippon,3
nabil,3
paszek,3
37th,3
lahore,3
berdych,3
shuai,3
16.67,3
aca,3
stuart,3
casual,3
responsive,3
micro-,3
vania,3
simplicity,3
liabilities,3
"70,000",3
squared,3
fr0046,3
scouring,3
panucci,3
mobilization,3
stranded,3
quiet,3
jermain,3
registers,3
boos,3
rented,3
painful,3
reclusive,3
unfit,3
dragonflies,3
freeport,3
encroaching,3
occured,3
vibrating,3
grand-slam,3
submerged,3
undercover,3
elastic,3
stays,3
claycourt,3
deteriorating,3
storks,3
complaining,3
predominantly,3
spn20090731,3
regulating,3
semi-official,3
withdrawals,3
benaglio,3
niort,3
regencies,3
boys,3
aminuddin,3
year-end,3
corinthians,3
electrolyte,3
gasses,3
revived,3
threatening,3
rodrigo,3
three-match,3
persie,3
12.5,3
fractures,3
bet,3
ottawa,3
farid,3
romano,3
two-storey,3
hbv,3
celebrities,3
humvee,3
kid,3
toro,3
deceive,3
ordinance,3
densely,3
cris,3
liberia,3
latched,3
spontaneous,3
duran,3
interrupted,3
multiplying,3
armand,3
faiz,3
disagreement,3
malang,3
cpin,3
stickers,3
swallowed,3
ashamed,3
implications,3
rp452.556,3
ka'ban,3
mozilla,3
citrus,3
craybas,3
rumor,3
shortages,3
31st,3
fabiano,3
penetrating,3
polyethylene,3
polytechnic,3
fin,3
0.05,3
viewers,3
14-15,3
mercury,3
endorse,3
derive,3
bani,3
foreign-funded,3
ha,3
chamisa,3
outbreak,3
fatah's,3
prodi's,3
figured,3
riviera,3
ontario,3
wipe,3
architect,3
africans,3
prosperous,3
scared,3
strachan,3
recommending,3
kamel,3
taliban-linked,3
patah,3
nweke,3
dm,3
fisheries,3
primo,3
plight,3
non-financial,3
ecuador,3
caricatures,3
ritzau,3
newcomer,3
achievable,3
fleming,3
coma,3
cones,3
sekondi,3
relaxation,3
tucson,3
malisse,3
ilgauskas,3
defunct,3
sail,3
viewing,3
grouping,3
sukuk,3
turner,3
strengthens,3
climbing,3
generating,3
manifestation,3
"rp1,050",3
trickle,3
newsmen,3
suad,3
mirko,3
southerners,3
incapable,3
chiefly,3
meanings,3
$2.5,3
cursor,3
satelindo,3
taxonomy,3
solving,3
motors,3
geneva,3
tech,3
colin,3
ascendancy,3
s&,3
dragging,3
nec,3
refers,3
roddick's,3
fertilisation,3
bekasi,3
john's,3
sumadi,3
equation,3
finance's,3
noises,3
subsidized,3
gerhard,3
season-opener,3
monochrome,3
last-16,3
tenth,3
administration's,3
foodstuff,3
reptilian,3
herald,3
advisor,3
kenneth,3
schweinsteiger,3
sonia,3
us$36,3
9.3,3
checks,3
dwight,3
siniora's,3
gunawan,3
29.5,3
tacit,3
intensifying,3
pama,3
arresting,3
13.8,3
muliaman,3
epic,3
ayman,3
three-way,3
2017.,3
10.25,3
value-added,3
advocates,3
crippling,3
cordon,3
evil,3
regards,3
informal,3
albakri,3
texan,3
low-trauma,3
infections,3
ethiopians,3
kufa,3
camilo,3
munitis,3
thereafter,3
8.37,3
coloring,3
guiza,3
confined,3
'taxpayer,3
feat,3
secretion,3
0.04,3
lizards,3
restriction,3
"900,000",3
5-5,3
icbc,3
backpacks,3
wheeled,3
charlton,3
verse,3
revelation,3
indomobil,3
demonstrates,3
os,3
handful,3
offences,3
us$1.2,3
pre,3
cooling,3
migratory,3
rovana,3
distributions,3
fleas,3
poses,3
"125,000",3
shelf,3
6.51,3
rom,3
one-shot,3
kanga,3
commercialization,3
harvests,3
subdistricts,3
second-leg,3
checked,3
clarence,3
us$2.6,3
cprl,3
2012.,3
eventhough,3
graft,3
exercising,3
skeptical,3
kremlin,3
backwardness,3
dense,3
container,3
trials,3
sacramento,3
sumanagara,3
trick,3
19.1,3
wartime,3
pierre,3
suitcases,3
sentry,3
apaches,3
dinamika,3
searing,3
team-mate,3
scrape,3
tutsi,3
agreeing,3
distant,3
us$3.7,3
fiercer,3
1.034,3
nesta,3
reminds,3
alam,3
magath,3
gate,3
heinze,3
munggu,3
guinea's,3
sheriff's,3
wijaya,3
outings,3
terminal,3
paul-henri,3
glory,3
paraguay,3
high-tech,3
wishes,3
refuge,3
impressed,3
television's,3
giuliani,3
revered,3
naito,3
zalmay,3
"1,300",3
matsui,3
slovak,3
wahana,3
baquba,3
facilitator,3
investindo,3
undergoes,3
karlovic,3
haryana,3
mid-january,3
us$8.5,3
abstract,3
tariq,3
nicaragua,3
apprehended,3
leeds,3
beirut's,3
sittard,3
readiness,3
sergey,3
arts,3
rp8,3
2015.,3
vca,3
bancosol,3
ignore,3
solis,3
morita,3
slum,3
torch,3
dove,3
podium,3
younis,3
prokop,3
legality,3
palate,3
jamarat,3
sexually,3
waking,3
gelsenkirchen,3
bashir,3
9.,3
15.9,3
shocks,3
analog,3
tontowi,3
greedy,3
acknowledges,3
uncontrolled,3
hauled,3
fist,3
ag,3
explodes,3
sell-offs,3
pumps,3
landreau's,3
21-18,3
pau,3
friend's,3
bronze,3
perth,3
play-off,3
buyups,3
january's,3
bebas,3
ferry,3
marasmiellus,3
engkos,3
soured,3
45-year-old,3
standpoint,3
exporting,3
whit,3
frustrate,3
dance,3
modify,3
infra,3
giraffe,3
honours,3
pursuant,3
markers,3
generates,3
zaragoza's,3
logistik,3
hearts,3
wordpress,3
id,3
kernel,3
jamison,3
pesticides,3
amend,3
svm,3
camacho,3
floyd,3
housefly,3
lava,3
gallery,3
zigzags,3
composing,3
introduces,3
importantly,3
reeling,3
reappointed,3
denying,3
iniesta,3
planning/bappenas,3
titled,3
14.6,3
heaven,3
gifted,3
niaga's,3
us$75,3
disguise,3
philosophy,3
abundance,3
ropes,3
prudence,3
proactive,3
avi,3
emancipation,3
distracted,3
depositors,3
filmed,3
discharges,3
obu,3
gift,3
jennifer,3
pomalaa,3
gable,3
lengthy,3
protester,3
courage,3
motorola,3
ap,3
shao,3
trough,3
hell,3
forgive,3
blta's,3
yani,3
decapitated,3
miserable,3
ford's,3
merkel's,3
manoeuvres,3
divers,3
hilltop,3
chunk,3
community-based,3
filippo,3
masyarakat,3
reinvigorating,3
samarra,3
foundered,3
pantelic,3
pgn's,3
trademark,3
capacities,3
performances,3
remainder,3
body's,3
bild,3
corporindo,3
28.7,3
ranchi,3
cochabamba,3
verses,3
hijacked,3
groundwork,3
veiled,3
us$9.4,3
giovanni,3
array,3
diagnose,3
mother's,3
reassure,3
bmi,3
signature,3
respects,3
76ers,3
excavated,3
ausaid,3
minibus,3
tunis,3
morigami,3
chiefs,3
nationalists,3
catastrophic,3
recommendation,3
moisture,3
weeds,3
manucho,3
enim,3
haaretz,3
garnett,3
legitimacy,3
correctly,3
altitudes,3
allergies,3
opening-round,3
rescuers,3
fiercest,3
ounce,3
joy,3
granollers-pujol,3
steep,3
excises,3
benin,3
kasuri,3
thrombin,3
kuala,3
authenticity,3
cbf,3
layoff,3
pro-,3
achievements,3
misused,3
photuris,3
launchers,3
belgrade,3
chordates,3
thermals,3
rhizobium,3
kuznetsova's,3
catalan,3
nancy's,3
dispatching,3
rp40.6,3
opposition's,3
85th-minute,3
barcelona's,3
perum,3
mb,3
ratooning,3
secreted,3
rp7.7,3
beppenas,3
nfu,3
o'donnell,3
guarding,3
monopoly,3
us$90,3
firmness,3
o.,3
unaware,3
august's,3
athletes,3
60th,3
enriching,3
citizenship,3
halida,3
restaurants,3
widows,3
aideed,3
jaffna,3
sniper,3
irresponsible,3
strife,3
clinically,3
n'djamena,3
mukai,3
pongkor,3
unnecessary,3
guinness,3
habyarimana,3
sbis,3
uprising,3
arguments,3
t-rex,3
dki,3
environmentalists,3
inappropriate,3
guatemalan,3
madrigal,3
pressing,3
boris,3
victorious,3
dmi,3
paintings,3
salt,3
clues,3
allegation,3
dari,3
sat,3
13.,3
ifad,3
hiking,3
chromosome,3
expedite,3
recession,3
protocols,3
reina,3
smugglers,3
amends,3
rusty,3
belem,3
citibank,3
mori,3
eritrean,3
rainer,3
pumas,3
normalization,3
31.,3
alwi,3
cruel,3
trends,3
komeito,3
convene,3
liability,3
appraisal,3
norway's,3
malaysia's,3
mackay,3
nfa,3
interestingly,3
urea,3
profiles,3
dismal,3
technologically,3
assurance,3
glare,3
coelacanths,3
syngas,3
centimeter,3
automobile,3
sensible,3
odour,3
antrax,3
0.72,3
presentation,3
eris,3
jacques,3
metana,3
"2,400",3
peeling,3
up-lift,3
greenback's,3
donald,3
bailout,3
simpati,3
spyware,3
trojan,3
astrophysics,3
favored,3
intensified,3
entities,3
kaladze,3
illustrated,3
19.6,3
robbery,3
antibody,3
fiat,3
inequality,3
massa,3
comb,3
n2,3
enlargement,3
paralysis,3
organizers,3
career-high,3
us$170,3
refrigerator,3
30-minute,3
mourners,3
kpr,3
us$104,3
princess,3
plummer,3
contests,3
recognised,3
barges,3
realisation,3
powder,3
rites,3
rabat,3
mathematicians,3
editors,3
justify,3
fayyad,3
21.8,3
charred,3
stimuli,3
catholic,3
gunbattle,3
provoking,3
cease,3
copa,3
eternal,3
dej,3
otto,3
homicide,3
65.,3
boot,3
rocen,3
balkans,3
50-year-old,3
dhoni,3
bb,3
jazz,3
concluding,3
$100,3
ratios,3
mariano,3
par-three,3
montazeri,3
baluch,3
yahya,3
randrianantoanina,3
he'll,3
financially,3
neutral,3
disseminate,3
salaries,3
archives,3
summary,3
abuses,3
miners,3
khurshid,3
lowers,3
jarkko,3
6.13,3
hamas-controlled,3
rampant,3
"rp9,125",3
rawalpindi,3
stabilization,3
spotted,3
denuclearization,3
1990.,3
brazil's,3
digit,3
injury-hit,3
wildlife,3
bandar,3
chairs,3
waged,3
beheaded,3
metrosel,3
ict,3
yans,3
denny,3
icc,3
fatality,3
questionable,3
allocations,3
us$15,3
vonny,3
giampaolo,3
rp7.9,3
enforce,3
repayments,3
budiono,3
mandatory,3
kestrel,3
expelled,3
fico,3
western-backed,3
dasa,3
tractors,3
drafting,3
withstood,3
okinawa,3
ecuadorean,3
anticipatory,3
kenichiro,3
bengali,3
peer,3
0.80,3
incorrect,3
compiled,3
spy,3
illicit,3
saada,3
exceeds,3
scenes,3
"32,000",3
military-backed,3
speight,3
dividing,3
shelters,3
snap,3
uribe's,3
rp750,3
genetically,3
bystanders,3
aali's,3
25.,3
"4,500",3
resurgence,3
adequately,3
subtle,3
expatriate,3
prudent,3
june's,3
openings,3
brightly,3
reshuffle,3
europeans,3
long-time,3
petersen,3
advertise,3
everywhere,3
cochlea,3
libya,3
prudential,3
henrique,3
faulted,3
eliezer,3
rochus,3
accountable,3
maoulida,3
sari,3
overwhelming,3
tremendous,3
elty,3
repubblica,3
hilal,3
fee-based,3
deer,3
us-iraqi,3
preference,3
ogbaudu,3
emperor's,3
provoked,3
bravely,3
sum,3
raymond,3
hsbc,3
volumes,3
republicans,3
predictable,3
ligament,3
listrik,3
ash,3
ridiculous,3
morris,3
sacrificed,3
oc,3
wasteful,3
idaa,3
explode,3
identifying,3
plausible,3
dictatorship,3
heu,3
majeste,3
russians,3
resuming,3
fertiliser,3
left-hander,3
resisting,3
casco,3
deficiency,3
melted,3
masterfoods,3
define,3
world-class,3
sunrise,3
rhythm,3
imminent,3
investigative,3
yuniarti,3
rio,3
finches,3
criminals,3
edi,3
min,3
us$50,3
reopened,3
79th,3
girija,3
letting,3
1988.,3
hernandez,3
patent,3
upheavals,3
voter,3
curved,3
attracting,3
mallorca's,3
re,3
pancreas,3
functioned,3
chembulk,3
osaka,3
spoils,3
filipino,3
massu,3
cs,3
anti-terror,3
creature's,3
dmitry,3
regret,3
kiefer,3
2007-2009,3
emerson,3
cartel,3
congealed,3
barren,3
interrogation,3
residual,3
raffael,3
leap-frogged,3
nuno,3
constituencies,3
ernst,3
kuerten,3
killers,3
2.9,3
67th,3
ceo,3
inter-governmental,3
leroy,3
spray,3
late-night,3
yasuhisa,3
venom,3
lob,3
souness,3
satisfactory,3
yielded,3
komselindo,3
privatizing,3
embarked,3
restricting,3
lined,3
impossibility,3
robinson,3
protein-rich,3
noticeable,3
pollutions,3
fly's,3
eats,3
bonded,3
bristol,3
translation,3
4.3,3
packaged,3
rp45.72,3
petter,3
labuan,3
crystals,3
five-times,3
astaxanthine,3
yellowish,3
icd,3
bends,3
arctic,3
ocraft,3
rp30,3
oesophagus,3
sediments,3
neighbors,3
darwinian,3
taught,3
algorithm,3
replay,3
propolis,3
tamura,3
electrode,3
opted,3
contracted,3
bidders,3
neo-darwinism,3
android,3
parjo,3
chrome,3
costly,3
akr,3
70th,3
torpedoes,3
tiring,3
positioned,3
20.,3
holyfield,3
tampa,3
life's,3
darker,3
peloton,3
rob,3
shattered,3
mitoji,3
surroundings,3
conglomeration,3
one-two,3
cagni,3
attracts,3
founding,3
canals,3
spiritual,3
seize,3
dull,3
tabloid,3
exception,3
wagner,3
cink,3
systematic,3
jirgas,3
audio,3
eight-year,3
coronary,3
reunification,3
attainment,3
pakistanis,3
athlete,3
wauquiez,3
turf,3
glaser,3
decides,3
literally,3
yukiyoshi,3
neil,3
facets,3
interval,3
al-assad,3
hired,3
recruiting,3
high-speed,3
censorship,3
44-year-old,3
waited,3
bodyguards,3
unveil,3
timur,3
curi,3
denomination,3
pntl,3
shaun,3
al-bashir,3
gil,3
piles,3
rp12,3
landless,3
cumulatively,3
10.7,2
33.2,2
strongholds,2
bagnaresi,2
navy's,2
offenders,2
eventual,2
rp60,2
nii,2
rp42,2
ditched,2
catalogued,2
semi-independent,2
conjunction,2
unsure,2
6.1-percent,2
contravention,2
reasuransi,2
douchez,2
commissions,2
sketches,2
2.11,2
anti-bullying,2
lawlessness,2
piranha,2
salvage,2
tamira,2
ethiopian-backed,2
1975-1990,2
nursing,2
barnas,2
loose,2
dewo,2
mironov,2
uniquely,2
ravinatha,2
dominates,2
tournament's,2
privately,2
sponsors,2
violators,2
kei,2
dennis,2
reception,2
mentions,2
grupo,2
final-stage,2
kyuma's,2
saiba,2
neatly,2
prolific,2
petty,2
georges,2
insulate,2
akhmad/muhammad,2
basf,2
eidur,2
sponsorship,2
lusa,2
hydro-powered,2
clara,2
arab-israeli,2
eka,2
owerri-port,2
carnage,2
firman,2
uphold,2
articulated,2
intifada,2
bhai,2
49.6,2
pholo,2
monarch's,2
almora,2
mid-40s,2
'c/d,2
12.4,2
kwon,2
shipments,2
aa-,2
15.08,2
richweb,2
annually,2
jarmila,2
auctioning,2
2018.,2
toured,2
unanimously,2
stimulation,2
scoured,2
bruges,2
far-right,2
fleets,2
barbed,2
norrebro,2
alona,2
"6,500",2
tactical,2
offtake,2
demoted,2
workplace,2
oswald,2
father's,2
thanked,2
abul,2
hery,2
hasten,2
remanded,2
mishra,2
loading,2
depot,2
boasted,2
gember,2
roitman,2
"31,626,500",2
nomadic,2
umrah,2
minivan,2
rp753.7,2
judo,2
ride,2
opportunist,2
curtail,2
bpd,2
al-maqwartar,2
mustansiriya,2
lyod,2
heated,2
assaults,2
15.92,2
fairness,2
surprises,2
fledgling,2
south-western,2
juve's,2
perkebunan,2
fodder,2
lounge,2
collects,2
municipal,2
myanmar,2
budge,2
umkms,2
smpl,2
takemoto,2
quarantine,2
bendtner's,2
woes,2
pla's,2
cordoned,2
sovereignty,2
last-ditch,2
chittagong,2
rp170,2
stern,2
grizzlies,2
abductees,2
tripoli,2
rift,2
defects,2
indulge,2
indiana,2
statehood,2
denial,2
slaughtered,2
hostility,2
disproved,2
garzon,2
bruised,2
supplement,2
c-rich,2
carriage,2
threes,2
loggerheads,2
wires,2
favoured,2
scattering,2
farewell,2
foresees,2
mehsud,2
nido,2
homemade,2
regrets,2
jails,2
cullinan,2
srichaphan,2
arjen,2
gadio,2
0.4,2
deaf,2
carved,2
razuri,2
kismayu,2
rp763.6,2
intercontinental,2
australian-led,2
straits,2
choi's,2
movies,2
abusing,2
tailed,2
shinjo,2
uncle,2
defendants,2
kenya's,2
answering,2
depressive,2
fssk,2
economically,2
vertical,2
wilhelm,2
bjorkman,2
ukm,2
ancelotti,2
deco,2
antidote,2
cup's,2
28.01,2
ldkp,2
plasm,2
regulates,2
penned,2
gadjah,2
costumers,2
allianz,2
escaping,2
corridors,2
equalize,2
kurnardi,2
thermonuclear,2
downfall,2
jarolim,2
chemically,2
obtains,2
bavisi,2
gel,2
43-year-old,2
weps,2
equalized,2
minimized,2
spore,2
toy,2
sumarlin,2
skibbe,2
invulnerable,2
addict,2
conspiracies,2
boiling,2
2.81,2
1971.,2
forensic,2
cautiously,2
four-time,2
telekomunikasi,2
prsident,2
tua,2
government-proposed,2
reactors,2
stagnation,2
rp16.84,2
redistribution,2
guardians,2
abolish,2
urgently,2
classify,2
pegeons,2
forward's,2
stroked,2
endang,2
dipped,2
pepper,2
polyta,2
heerenveen,2
heerden,2
wuppertal,2
sensing,2
invalidates,2
icl,2
limbs,2
"1,800",2
glasses,2
wrongly,2
wedding,2
12-time,2
sinarmas,2
klbf's,2
adb-funded,2
hasnul,2
cryptography,2
priok,2
tapping,2
0.71,2
millwall,2
trippled,2
astonishment,2
inexperienced,2
simpler,2
stomachs,2
azarenka,2
pesticide,2
kpk,2
geologic,2
maiden,2
whirl,2
k.1,2
succumbed,2
flesh,2
dissolving,2
detecting,2
sap,2
senoro,2
categorically,2
non-principal,2
balances,2
rullings,2
acted,2
erase,2
lumpur,2
"rp9,310/9,315",2
perceptual,2
virtualization,2
pensiun,2
horse,2
supernatural,2
cheese,2
volume-based,2
seymouria,2
precisely,2
bombardier,2
dispersed,2
kordsa,2
nitin,2
artifact,2
tandem,2
resonance,2
top-ranked,2
refrain,2
astronomer,2
tropic,2
11-13,2
evades,2
sells,2
buyup,2
pet,2
irjen,2
insect-produced,2
investasi,2
cows,2
fibers,2
unsurprising,2
capel,2
bert,2
wade,2
hampering,2
ari,2
fined,2
keita's,2
brightest,2
contender,2
84th,2
rothen,2
coating,2
abortive,2
abated,2
36.43,2
profit-taking,2
reciprocal,2
nominees,2
"rp9,170/9,175",2
aravane,2
unexpectedly,2
poppy,2
0.79,2
kazakhstan,2
neat,2
senators,2
watered,2
rp3.09,2
severed,2
commander-in-chief,2
stf,2
explicit,2
khalifa,2
orissa,2
crescent,2
6.04,2
si,2
dossier,2
rp20.78,2
9.2,2
fishery,2
riddled,2
zia's,2
chile,2
zhangjiagang,2
toshiba,2
mangane,2
61st,2
ayhan's,2
re-open,2
targetted,2
aggressor,2
toho,2
2006-2009,2
46.9,2
planning/chairman,2
reconfirmed,2
gusmao,2
inherent,2
flavio,2
forcibly,2
renegades,2
matured,2
livni,2
biofilms,2
roadshow,2
us$126,2
55.8,2
bears,2
helpless,2
occult,2
hip,2
short-lived,2
centenary,2
wool,2
29.02,2
bargain,2
kagoshima,2
budhiwijayanto,2
speaks,2
activation,2
sentosa,2
"rp6,000",2
ravine,2
pin,2
gajdosova,2
aluminum,2
nim,2
believing,2
al-houthi,2
heikki,2
kot,2
36th,2
constricted,2
saparini,2
sponsorships,2
mansoor,2
bumping,2
vaart,2
tahrir,2
ocbc,2
philip,2
defected,2
ekspor,2
motives,2
non-automotive,2
mcgrady,2
campaigns,2
pasta,2
embody,2
ena,2
watchful,2
jason,2
ruddock,2
shortcomings,2
philips,2
swadaya,2
couple's,2
mammal,2
petrovsky,2
kick-off,2
1986.,2
kendy,2
overworked,2
comfortably,2
rp2.1,2
ueda,2
swine,2
excel,2
bigdog,2
hussain,2
bo,2
socceroos,2
rp1.02,2
pjt,2
glorious,2
rows,2
lagos,2
scent,2
bean,2
20.7,2
baruna,2
speculative,2
severity,2
putut,2
handicapped,2
examines,2
six-point,2
statistic,2
baldini,2
lineage,2
pomelo,2
royalty,2
subditrict,2
riyadi,2
vatikan,2
criticize,2
waned,2
purdue,2
brushing,2
clipan,2
similarity,2
rendering,2
dictated,2
6.5-6.9,2
talkmania,2
declines,2
lonergan,2
volt,2
sharpest,2
packet,2
bookshops,2
ibrahimovic's,2
unicellular,2
visitor,2
predictions,2
rofikoh,2
scares,2
controversially,2
cooked,2
bnr,2
37.8,2
habitual,2
plowing,2
karebbe,2
longitudinal,2
alerts,2
spongy,2
dear,2
four-hour,2
yolk,2
incumbent,2
couse,2
anxiously,2
cheering,2
netbook,2
inconsistency,2
crops,2
tricky,2
islanders,2
geographic,2
shaken,2
comprehend,2
btpn,2
algorithms,2
americo,2
thai's,2
lever,2
myoglobin,2
murai,2
pulido,2
unaffected,2
millimeters,2
knees,2
implausible,2
disarray,2
pandas,2
suckle,2
tones,2
asbesstor,2
bottle-nosed,2
npi,2
motherboard,2
rp130.5,2
niles,2
us$57.464,2
bap,2
eubacteria,2
outerspace,2
suhaimi,2
dash,2
accepts,2
megabytes,2
electronical,2
complied,2
edmilson,2
athletics,2
makindo,2
georgios,2
enzo,2
lorik,2
21-19,2
us$360,2
unhulled,2
prescribed,2
federations,2
packing,2
mensah,2
electrolysis,2
floater,2
7.95,2
squeeze,2
mircea,2
us$85,2
unites,2
anarchic,2
israeli-arab,2
rebellion,2
surging,2
insurgency-hit,2
non-cabinet,2
mid-december,2
ikhsan,2
10-foot,2
culprits,2
legislator,2
pharmacy,2
asri,2
imprisonment,2
malcolm,2
edible,2
midst,2
rp289,2
jassim,2
residental,2
6.88,2
cooler,2
october's,2
88th-minute,2
canary,2
22-year-old's,2
bhakti,2
6-6.5,2
nile,2
jean-pierre,2
resisted,2
grondona,2
nightclubs,2
exploding,2
china-russia,2
demilitarisation,2
intrest,2
rocchi,2
pistol,2
sasmita,2
self-defence,2
florian,2
zeitoun,2
eyewitnesses,2
assurances,2
detain,2
ervin,2
idi,2
jolted,2
10.50,2
jesus,2
luton,2
shoot,2
bulletin,2
irbid,2
77.93,2
graeme,2
beverage,2
cologne,2
artajasa,2
hillsborough,2
rudolph,2
ehlers,2
28th,2
quo,2
flush,2
cma,2
gyanendra's,2
severance,2
kaizad,2
non-food,2
manila-based,2
30.5,2
proportions,2
shell-shocked,2
spirited,2
gicquel,2
curbing,2
joey,2
coped,2
non-qualifiers,2
traoui,2
chikhaoui,2
load-bearing,2
kiyoshi,2
correcting,2
contaminate,2
pixel,2
struggles,2
cytoskeleton,2
coincidentally,2
patenting,2
beer,2
surpassing,2
fadel,2
dilligence,2
btn,2
alleges,2
39.2,2
sanni,2
baptista,2
6.28,2
fabrication,2
boy's,2
ansari,2
bang,2
overseeing,2
taya,2
train's,2
runoff,2
houla,2
abdallahi,2
suwaidi,2
35.4,2
informant,2
rp489.9,2
fuzhou,2
saudia,2
temples,2
automobiles,2
pasadena,2
idr1.5,2
pradesh,2
amir,2
rp1.6,2
keonjhar,2
uttarakhand,2
normalcy,2
dacourt,2
inco's,2
pln's,2
revitalizing,2
puygrenier,2
fingertip,2
anti-aircraft,2
hasn,2
daroel,2
pandu,2
morrison,2
15.5,2
paulista,2
feedmills,2
arthakencana,2
dissent,2
akram,2
kias,2
fiercely,2
recyclable,2
graphite,2
harvested,2
ishi,2
intestine,2
violet,2
punch,2
biochemist,2
backside,2
praha,2
prizes,2
8.96,2
immobilized,2
kms,2
potassium,2
"280,731,333",2
thrusting,2
impermeable,2
herry,2
autoparts,2
melchias,2
gradualism,2
adventure,2
millimetre,2
restricts,2
trout,2
abnormal,2
magnesium,2
permian,2
bastia,2
adopts,2
currency's,2
malfunction,2
beehive,2
simplest,2
debenture,2
oppression,2
sectorally,2
waterproof,2
venomous,2
satelite,2
reservoir,2
litres,2
backwards,2
influencing,2
0.87,2
geometric,2
balancing,2
beavers,2
3.17,2
falcon,2
marginal,2
lightweight,2
one-sided,2
us$56.655,2
linnaeus,2
peform,2
protons,2
phosphodiesterase,2
fakih,2
nominating,2
tempers,2
internacional,2
headache,2
initiation,2
unfounded,2
20.2,2
jurietti,2
fathers,2
quarter-finalist,2
phbk,2
tunisian,2
putera,2
gwm,2
rp17.9,2
hamit,2
alfio,2
dies,2
us$1.75,2
proofs,2
tunggal's,2
24.4,2
olof,2
innovate,2
lted,2
phising,2
discloses,2
holcim's,2
pramono,2
turbin,2
e-government,2
12.7,2
counter-attacks,2
expired,2
reluctance,2
fixtures,2
degrade,2
second-from-bottom,2
us$125,2
arrowed,2
acquisitions,2
institutional,2
pennant,2
infrastructures,2
encroach,2
siblings,2
honeybee,2
solana's,2
ruptures,2
six-time,2
savour,2
selongey,2
affiliated,2
ath-thawra,2
hydropower,2
dram,2
texts,2
suffocated,2
0.08,2
burtonii,2
offline,2
11.4,2
a-league,2
yuri,2
brotherly,2
tenders,2
happiest,2
soetjipto,2
unimportant,2
pecking,2
sol,2
sums,2
ngalim,2
ballot,2
thriving,2
inlet,2
neighbourhoods,2
3.58,2
brad,2
tawil,2
treatments,2
clue,2
37-nation,2
lending-to-deposit,2
unfancied,2
travelers,2
masako,2
nephews,2
chested,2
unauthorised,2
january-july,2
eight-team,2
huxley,2
mechanic,2
72nd,2
weevil,2
departments/ministries,2
aktuaria,2
opcode,2
publishing,2
sayed,2
blogs,2
wmo,2
brand-new,2
hamburg's,2
parreira,2
equator,2
defect,2
bapepam's,2
slip-up,2
depicts,2
all-in-one,2
jacquard,2
joko,2
lecturer,2
taslim,2
pin-like,2
splinters,2
peacock's,2
transcend,2
digitalization,2
xavi's,2
embassy's,2
dialog,2
ramayana,2
modifying,2
bump,2
specifications,2
lime,2
arthasentosa,2
mysteries,2
pentasena,2
pengelola,2
interprets,2
perrin's,2
3.7,2
inertia,2
hydrometallurgical,2
cojaal,2
cellars,2
banda,2
mouths,2
infamous,2
suisse,2
rp21,2
hereby,2
eying,2
hollerith,2
1.54,2
intermediates,2
sultan,2
reliability,2
forge,2
11.7,2
kiskenda,2
windy,2
2.7,2
oentoro,2
prioritized,2
wallet,2
barnsley,2
e-mailed,2
natrium,2
knicks,2
shrimp,2
sterling,2
indonesian-made,2
jenny,2
millenium,2
tracheal,2
7.3,2
rp62.4,2
microbes,2
albin,2
indriarsih,2
slept,2
experimented,2
amending,2
speculate,2
rui,2
penalised,2
hydro,2
thailand's,2
gravity,2
buur,2
15.97,2
jena's,2
virtuoso,2
exploits,2
portals,2
photon,2
10.38,2
hardens,2
gala,2
arranger,2
consultants,2
sonification,2
imposition,2
hidrolic,2
rp892,2
3.0,2
endorsements,2
rp117,2
safest,2
rodionova,2
vaccines,2
100-200,2
woodpeckers,2
powerfully,2
enaak,2
sapi,2
afd,2
omar's,2
tapes,2
interpret,2
heal,2
verde,2
"rp9,080",2
willis,2
parking,2
sagna,2
sania,2
rp4.65,2
congratulated,2
counterterrorism,2
25-percent,2
kibaki,2
paints,2
muramuzi,2
formidable,2
rp9.200,2
aqidah,2
700-kilometre,2
calamity,2
richer,2
grievous,2
yong-il,2
jeffrey,2
0.13,2
home-grown,2
1989.,2
tempting,2
hanif,2
lull,2
weird,2
widen,2
matt,2
kelompok,2
francois,2
gema,2
under-20,2
executioner,2
dca,2
baru,2
loop,2
unchallenged,2
lalu,2
raffaele,2
aldo,2
republished,2
graziano,2
rajapakse's,2
deter,2
uganda's,2
apertura,2
hamas-fatah,2
kurth,2
preconditions,2
medically,2
snowstorm,2
nouadhibou,2
tertiary,2
48-hour,2
mazen,2
glamorous,2
dvla,2
1950s,2
filming,2
dressed,2
autonomous,2
prachanda,2
pro-royalists,2
plains,2
hijab,2
jemima,2
salah,2
fry,2
stir,2
party's,2
rioters,2
crutches,2
balawneh,2
driest,2
vieri,2
murillo,2
fbr,2
vidts,2
armor,2
montpellier,2
treason,2
upright,2
escort,2
stumbled,2
diarrhea,2
nominate,2
andriy,2
luciano,2
quelling,2
middle-aged,2
troicki,2
beefed,2
one-way,2
88th,2
eighth-biggest,2
technicians,2
rivalry,2
ajantha,2
stand-off,2
contrasting,2
herrero,2
one-under-par,2
kidwai,2
lyrics,2
unionist,2
pros,2
encircled,2
ndlovu,2
hardcourt,2
aguero,2
ex-girlfriend,2
sara,2
qatar's,2
debilitating,2
thais,2
12-10,2
pagis,2
lucas,2
schumacher,2
quagliarella,2
qarase,2
habyarimana's,2
elton,2
blockade,2
long-hitting,2
treacherous,2
bannu,2
1992.,2
fnl,2
rescheduled,2
nazareth,2
season-high,2
ramis,2
ramna,2
north-eastern,2
coliseum,2
walsall,2
chenkalady,2
narrowly,2
frustrated,2
mbokani,2
closed-circuit,2
sprawling,2
secretive,2
irregularities,2
slow-moving,2
daylight,2
lottery,2
salaam,2
taliban's,2
revamped,2
crisp,2
olive,2
tolerate,2
minors,2
rp94.7,2
tripping,2
o'brien,2
agassi,2
"7,100",2
fore,2
sprinted,2
umum,2
lemerre,2
surmount,2
ditch,2
axis,2
enlarging,2
snack,2
7-4,2
threshold,2
departed,2
34.3,2
south-east,2
personalities,2
abolishing,2
flyweight,2
apec,2
yee,2
ceremonial,2
goodwill,2
injecting,2
recordings,2
avowed,2
motivate,2
36th-minute,2
12.75,2
three-year,2
4.75,2
rp60.4,2
entrances,2
beta,2
eschauer,2
paralysed,2
bloodless,2
backlog,2
quintillion,2
"rp3,000",2
avert,2
kathmandu,2
practicing,2
unofficial,2
"927,000",2
highly-rated,2
35-year,2
moldovan,2
anti-u,2
utility,2
5.75,2
taddei,2
jiang,2
"rp9,201/9,204",2
taped,2
rp2.9,2
jharkhand,2
rewrite,2
non-gas,2
tinted,2
all-russian,2
vii,2
concerted,2
knesset,2
appalling,2
iit,2
guadalupe,2
5.47,2
denisov,2
12-under,2
specialist,2
khatami,2
24-year-old,2
townships,2
spared,2
paving,2
educators,2
contingency,2
morgue,2
6.75,2
modal,2
jackets,2
dirt,2
gul,2
haunting,2
engr,2
jurisdiction,2
liao,2
plo,2
clearer,2
post-mortem,2
sanfrecce,2
tuna,2
win-loss,2
materialized,2
restraint,2
remind,2
wba,2
pensiunan,2
cameramen,2
oasis,2
post-match,2
ramos's,2
leakage,2
rub,2
22.5,2
limp,2
relocated,2
raphael,2
1930s,2
rhetoric,2
hagel,2
drying,2
awja,2
lendings,2
cana,2
basques,2
saleh,2
naruhito,2
zoellick,2
sliced,2
fibres,2
emphasised,2
curious,2
econit,2
26th,2
6.0-6.5,2
four-wheel,2
21-9,2
unsettled,2
samudra,2
citigroup,2
html,2
baton-charged,2
openness,2
nanosilica,2
incurred,2
revitalize,2
minar,2
brooklyn,2
rp9.5,2
rayatama,2
methanococcoides,2
lay-off,2
36.2,2
rp5.7,2
19.7,2
arizmendi,2
pelt,2
compensated,2
notation,2
whipping,2
zico's,2
harddisk,2
6.03,2
filtering,2
jovem,2
shrug,2
rituals,2
reasoning,2
matchwinner,2
unleashing,2
distillation,2
anesthetic,2
amare,2
pietruschka,2
mid-august,2
publish,2
arches,2
summon,2
nashville,2
estimation,2
homeostasis,2
rezai,2
grosso,2
monica,2
cmos,2
narcotics,2
patiently,2
cartilage,2
bunches,2
dae,2
maros,2
frees,2
consumption's,2
narita,2
dileep,2
aquitaine,2
anadarko,2
burdisso,2
appliances,2
putts,2
atmospher,2
exhange,2
ancestry,2
manually,2
rossoneri,2
breezed,2
consciously,2
13.6,2
disruption,2
unpredictable,2
wasps,2
transforms,2
yong,2
trailed,2
hat,2
hernan,2
snails,2
sperm,2
kuan,2
pazzini,2
jung,2
replays,2
queasy,2
hook,2
medications,2
wisesa,2
ferrari's,2
rainfalls,2
aboutrika,2
torsten,2
determinant,2
upside,2
repairation,2
us$3.79,2
long-bodied,2
radiocarbon,2
bcmc,2
platypus,2
unfinished,2
kusmayanto,2
subsidize,2
ton/ha,2
cambiasso's,2
paloschi,2
mendel,2
mempawah,2
snorer,2
bioterrorism,2
autoraya,2
kitty,2
sensoric,2
comparing,2
boundless,2
eldredge,2
altering,2
smoothen,2
microbas,2
kalijambe,2
lastly,2
us$57,2
chooses,2
groin,2
jjb,2
granddaughter,2
ubaliyo,2
fortuna,2
quarter-on-quarter,2
varies,2
faithful,2
onslaught,2
57.4,2
booming,2
ashes,2
bouteflika,2
pit,2
ahap,2
omanthai,2
chiang,2
libraries,2
continent's,2
amodu's,2
rp609.2,2
salam,2
yasukuni,2
contributes,2
jae,2
lance,2
hilarius,2
'insulting,2
blighted,2
mullahkhail,2
mediate,2
pinata,2
dignity,2
sawa,2
khoso,2
cameraman,2
pacifist,2
synchronization,2
rp1.4,2
slash,2
hakim,2
ordnance,2
anugrah,2
pyrometallurgical,2
christos,2
wales,2
adversary,2
rioting,2
under-fire,2
touted,2
liked,2
easiest,2
births,2
cowardly,2
unconditional,2
rooftops,2
two-state,2
sphere,2
ecuador's,2
jadida,2
dump,2
fundamentalist,2
afford,2
masterminding,2
traitor,2
shahab,2
estela,2
stabilizing,2
paralyzed,2
rejects,2
paris-nice,2
symbiotic,2
ipcc,2
verifying,2
scrapped,2
avoidance,2
inmates,2
berlusconi,2
commemorating,2
mandela,2
papi,2
ten-man,2
stringent,2
freelance,2
saint-etienne,2
ota,2
rp91.8,2
uncapped,2
iverson's,2
eradicate,2
ugandan,2
chair,2
adelaide,2
us$5.97,2
manzanillo,2
abdur,2
regimes,2
convictions,2
plaques,2
us$10.20,2
entangled,2
rp1.3,2
gonna,2
rp176,2
katunayake,2
overturned,2
accredited,2
sport's,2
liedson,2
thirty-one,2
seething,2
yong-nam,2
senatorial,2
kashima's,2
wahid,2
four-game,2
robben,2
admission,2
atletico's,2
antlers,2
dug,2
cmnp,2
awami,2
plume,2
sq,2
tamed,2
scuffled,2
skidded,2
anees,2
"2,300",2
$770,2
accumulates,2
maverick,2
danilo,2
shunted,2
undertake,2
spectre,2
al-anbar,2
ousmane,2
us$127,2
tang,2
aslam,2
"2,600",2
gambari,2
"$152,000",2
earthquake-prone,2
madelin,2
confectionery,2
balzer,2
mistaken,2
amar,2
cabrera,2
ingushetia,2
hyung-taik,2
hopeless,2
obligors,2
chirac,2
rp493,2
mindset,2
samjhauta,2
edwards,2
inauguration,2
slashing,2
resolutely,2
fourths,2
rudi,2
anti-terrorism,2
tornadoes,2
us$3,2
toyama,2
8:30,2
mizote,2
tighter,2
laden's,2
cherry,2
champion's,2
illiano,2
three-pointers,2
lieutenant-colonel,2
"3,274-mile",2
dizziness,2
truiden,2
hottest,2
micoud,2
crazy,2
aboisso,2
"321,268",2
ndiaye,2
nekkavi,2
dismissing,2
buerger,2
furyk,2
co-defendants,2
roh's,2
cnpc,2
shootings,2
hayal,2
hazard,2
dormitory,2
waits,2
caffeinated,2
federico,2
essay,2
5.77,2
goodison,2
towering,2
20.75,2
bothered,2
13-month,2
dismembered,2
16.1,2
mid-june,2
"3,902",2
inter-palestinian,2
wit,2
cambiasso,2
no-smoking,2
custom,2
pre-election,2
jacob,2
hasn't,2
empress,2
ldl,2
rp482,2
rind,2
primasura,2
eugene,2
investation,2
limoges,2
delvecchio,2
transforming,2
compelled,2
paratroopers,2
tents,2
unarmed,2
naldo's,2
troopers,2
"1,000-dollar",2
pedestrians,2
post-genocide,2
soemadi,2
loomed,2
9th,2
horrendous,2
hizbut,2
saudis,2
uzbekistan,2
nonprofit,2
organiser,2
ecological,2
ohio,2
congo,2
apathy,2
lamarck's,2
ethiopia-backed,2
paradoxically,2
stoning,2
splinter,2
mundo,2
swaguna's,2
climatic,2
fuji,2
mcdade,2
mover,2
zamora's,2
navas,2
lavezzi,2
fielding,2
ample,2
societies,2
0.6,2
dots,2
never-say-die,2
gabashvili,2
fattuh,2
basing,2
wahanaartha,2
nabh4,2
colonialism,2
du,2
galvanic,2
lazcano,2
rp546,2
leaking,2
polda,2
worsen,2
ferdinand,2
tombs,2
brom,2
alms,2
vastly,2
pledging,2
wawan,2
travellers,2
mahfoedz,2
1.37,2
surgical,2
skyrocketing,2
assuring,2
roaming,2
capitalized,2
norman,2
medallist,2
pertumbuhan,2
haase,2
11.5-12.5,2
caron,2
insuline,2
glucose,2
backdrop,2
curiosity,2
wallets,2
textbooks,2
fractured,2
mames,2
drayton's,2
rp8.73,2
commissioning,2
"rp8,500",2
folds,2
grinding,2
tire,2
conveniently,2
6.50,2
octopuses,2
joke,2
rp2.39,2
absorbent,2
jembo,2
magic's,2
trusted,2
wiyono,2
6.6-7.0,2
windfall,2
dipa,2
endin,2
22.4,2
rp2.7,2
"rp5,275.9",2
"7,000",2
susceptible,2
eye-tooth,2
collide,2
mono-oxide,2
kadiman,2
biota,2
soluble,2
5.66,2
aquamarine,2
disgusting,2
schemed,2
silicon,2
tuft,2
megapode,2
us$3.6,2
diamond,2
sporting's,2
explicitly,2
omen,2
existences,2
bioreactor,2
andal,2
pili,2
6.5-7.5,2
1908.,2
intruders,2
xenon,2
telnet,2
subnucleus,2
apg,2
biden,2
shizuoka,2
levinson,2
quest,2
hoshiyar,2
month-on-month,2
goal-line,2
perebiynis,2
jeddah-based,2
gusting,2
luczak,2
washington-based,2
$40,2
beshir's,2
defiant,2
micro-and,2
16-year,2
kennedy,2
djalo,2
fractious,2
leniency,2
akiko,2
minsk,2
bulldozer,2
"rp1,165",2
us$2.30,2
coliseo,2
skela,2
high-altitude,2
baseless,2
27-29,2
auditing,2
exodus,2
sanctuaries,2
working-level,2
bodily,2
bordeaux's,2
al-ojeily's,2
rp1.25,2
us$4,2
bribery,2
dudek,2
weighed,2
10-11,2
al-zawahri,2
mauro,2
god's,2
destabilizing,2
salomon,2
sentamu,2
hiatus,2
takagi,2
niche,2
lit,2
un-brokered,2
mochtar,2
tomahawk,2
galaxy's,2
beckham's,2
melee,2
rp450,2
diminished,2
96.,2
omonia,2
revisions,2
keller,2
carelessness,2
prosthesis,2
peroxidase,2
makindo's,2
pica,2
echelons,2
volcanoe,2
rahmany,2
xena,2
dosages,2
imaginary,2
deform,2
indocel,2
pollen,2
supposedly,2
sac,2
flea,2
hatches,2
preceding,2
7.38,2
residue,2
quartz,2
telepon,2
kpo,2
di-nitrogen,2
tirreno-adriatico,2
mdgs,2
decapods,2
amida,2
savely,2
change-related,2
schleck,2
rp612.61,2
likopen,2
us$95-120,2
maradona,2
disgraceful,2
astraunots,2
reintroduced,2
mbps,2
transgenic,2
fundamentally,2
"rp9,120",2
mitigation,2
directives,2
defences,2
2.15,2
'matic,2
arpanet,2
cd,2
sven-goran,2
communicated,2
semiconductor,2
embalming,2
cashflow,2
first-quarter,2
ing,2
syumli,2
tecnology,2
consulted,2
sebi,2
ambon,2
smile,2
laps,2
owe,2
citroen's,2
gabriele,2
6.36,2
layout,2
harassing,2
purwati,2
chairperson,2
pbi,2
leather,2
purebred,2
constructs,2
discusses,2
ivorian,2
112th,2
understandable,2
secreting,2
nautilus,2
discontinuance,2
sakaba,2
fitting,2
alarmed,2
loot,2
nand,2
pounces,2
1940s,2
klbi,2
murphy,2
prohibits,2
rot-weiss,2
icons,2
pops,2
djan,2
pokou,2
elrio,2
yens,2
jimenez,2
verdict,2
us$7,2
0.24,2
pineda,2
gilbride,2
54-year-old,2
bulldozers,2
stranger,2
hubungan,2
exposing,2
catalunya,2
restoration,2
0.18,2
benabdellah,2
columbus,2
scoul,2
deleted,2
prudently,2
pongsaklek,2
us$11.5,2
snouts,2
wayward,2
dpr's,2
dancing,2
reacts,2
ec-council,2
wright-phillips,2
basten,2
grasp,2
all-england,2
debt-swap,2
forged,2
excl's,2
decker,2
marry,2
iai,2
hooks,2
estimating,2
spells,2
us$400,2
nicky,2
toms,2
15.01,2
mrei's,2
alexandre,2
irresistible,2
aditya,2
interlock,2
full-time,2
menjadi,2
20-metre,2
arron,2
tendon,2
rammed,2
okada,2
zorc,2
ipteknet,2
surgeon,2
firemen,2
luminal,2
equinox,2
pins,2
trustees,2
localised,2
bugs,2
petrochemicals,2
vaccinate,2
seagulls,2
resin,2
nylon,2
dirty,2
rp260,2
wavelength,2
writes,2
perchlorate,2
exported,2
beneath,2
ruthenium,2
glands,2
irak,2
sickle,2
compressed,2
televisi,2
non-cable,2
effendy,2
photosynthesis,2
aif,2
co-owner,2
squirrel,2
spoiled,2
doppler,2
0.2,2
rocky,2
chilis,2
lahat,2
banjarsari,2
turnkey,2
defines,2
$66,2
moderator,2
insults,2
cosmic,2
triassic,2
sacs,2
illustrate,2
fantasy,2
streaming,2
summarecon,2
hippocampus,2
rp52.1,2
incessant,2
zheng,2
confronting,2
riots,2
diversification,2
blindness,2
refraction,2
rp198.7,2
wrc,2
raining,2
rupiah-and,2
edison,2
deft,2
frankia,2
four-under,2
silicate,2
cliff,2
revocation,2
widjanarko,2
pyrolisis,2
11-under,2
mali's,2
"rp15,000",2
nicola,2
vincenzo,2
rp418.75,2
captained,2
copying,2
tjiwi,2
bookshop,2
silverware,2
astounding,2
dismantled,2
shihab,2
hornet,2
montreal,2
stellar,2
celta,2
choosing,2
sibling,2
walcott's,2
caf,2
8.02,2
rattling,2
us$58.4,2
ambhara,2
behaviours,2
slowing,2
leaderboard,2
sichuan,2
yourself,2
gay,2
structurally,2
megabyte,2
reinforced,2
"1,200",2
interpretations,2
reliance,2
ismael,2
brooks,2
zdravko,2
burial,2
gerald,2
discouraging,2
werner,2
nadia,2
kenya-somalia,2
corpindo,2
banny,2
decorations,2
scholars,2
tarigan,2
evaporate,2
rijal,2
evelina,2
78th,2
rp13.2,2
unmin,2
sin,2
delivers,2
massachusetts,2
pre-malignant,2
assests,2
0.57,2
safeguards,2
viscous,2
marginalized,2
domains,2
howard's,2
fries,2
normal-weight,2
requiring,2
extinctions,2
thor,2
trincomalee,2
burdened,2
ba,2
rated,2
buddha,2
bolstered,2
viva,2
rp31.14,2
tracy,2
proping,2
cocktails,2
dwarf,2
newspaper's,2
quique,2
rp4.7,2
standardization,2
vip,2
tolerance,2
intimidated,2
self-supporting,2
unequivocal,2
asamoah,2
gestational,2
selective,2
1.30,2
overcomed,2
chiles,2
inconclusive,2
selects,2
rigged,2
ringim,2
global's,2
chapters,2
gunardi,2
raping,2
9/11,2
matahari,2
abd,2
wreckage,2
disarming,2
maariv,2
british-based,2
rp30.7,2
coastguard,2
whistles,2
pertained,2
quake-hit,2
indore,2
magistrate,2
afar,2
rp93.8,2
musharraf's,2
counterproductive,2
immensely,2
max,2
substantially,2
unlisted,2
sandinista,2
botched,2
maintains,2
megawatts,2
16.6,2
frigate,2
thoppigala,2
bettini,2
2.,2
eviction,2
click,2
pretended,2
plaza,2
hideout,2
naive,2
unsolved,2
lure,2
9:00,2
rewriting,2
simunic,2
feuding,2
rahim,2
arunachal,2
89th-minute,2
contend,2
head-on,2
patriotic,2
regrouped,2
afmadow,2
projectile,2
62nd,2
tribe,2
courtyard,2
thatcher,2
legislation,2
yoon,2
overthrow,2
impacted,2
45.1,2
lagging,2
ousting,2
salerno,2
"340,000",2
heavy-handed,2
slabs,2
hugh,2
unspecified,2
koge,2
shuttling,2
reprisals,2
giambastiani,2
two-and-a-half,2
underscored,2
memorable,2
drawings,2
dark-skinned,2
patriarch,2
rafiq,2
intercepting,2
valon,2
nikai,2
railways,2
v.,2
gunshot,2
valentino,2
spill,2
survives,2
pola,2
simplify,2
seated,2
unhappiness,2
him/her,2
damaging,2
afterward,2
dimock,2
rafik,2
ghulam,2
saifi,2
heightened,2
58th,2
wilkinson,2
guen,2
high-ranking,2
14.3,2
guntur,2
broadly,2
clear-cut,2
childhood,2
organization's,2
soesatyo,2
receivables,2
"rp9,300/9,305",2
surface-to-air,2
rp260.433,2
hindustan,2
gratitude,2
abidjan,2
miti,2
caraka,2
four-year-old,2
masked,2
plug,2
tillman,2
iaquinta,2
gary,2
kurs,2
saviola,2
rp600,2
yanagisawa's,2
us$115,2
sergej,2
flicking,2
suspending,2
aridi,2
johnson-sirleaf,2
millennium,2
low-income,2
upwards,2
larijani,2
vielmann,2
homework,2
bahari,2
defectors,2
trube,2
bancassurance,2
shifts,2
jeddah,2
inducements,2
chairwoman,2
self-sufficient,2
statues,2
excavation,2
reinvigorate,2
yusufzai,2
groundstrokes,2
unanswered,2
carotenoids,2
seven-time,2
hsieh,2
right-foot,2
mapped,2
mapping,2
scalp,2
mayora,2
nipped,2
consent,2
iaf,2
afonso,2
fauzi,2
li,2
motaki,2
rp17,2
ikechukwu,2
sumatra-west,2
ukmb,2
rp400,2
bethanie,2
indonesia-china,2
humor,2
staunch,2
additinal,2
would-be,2
vitaly,2
campbell's,2
zahara,2
obey,2
transshipment,2
valuation,2
haye,2
ghent,2
mujani,2
theoretical,2
adopting,2
handset,2
prcent,2
abidal,2
$10,2
fetch,2
aset,2
suckles,2
fks,2
us$3.2,2
human's,2
us$3.96,2
seri,2
us$17,2
electrically,2
ignited,2
publics,2
decay,2
workout,2
arifin,2
hertriono,2
gtp,2
grabs,2
rp53.73,2
bloodstream,2
neuron,2
ancestral,2
us$13.99,2
harmless,2
utilities,2
jerzy,2
cida,2
"rp9,075",2
prepaid,2
bogeyed,2
unbeatable,2
revelations,2
sabah,2
everyday,2
6.29,2
regained,2
17th-placed,2
kbps,2
bytes,2
alertness,2
tig,2
kilometre,2
beleaguered,2
doesn,2
bonera,2
50.25,2
blietzkrieg,2
operationalization,2
aerobic,2
salyadi,2
inhospitable,2
dose,2
connector,2
specialists,2
tubular,2
vaksin,2
hind,2
versus,2
sunda,2
ponder,2
gyberelline,2
stubborn,2
manoeuvre,2
hypotheses,2
invalidate,2
krisna,2
stmik,2
mdp,2
on-shore,2
espanyol's,2
ireland's,2
nottingham,2
north-east,2
virgin,2
thousandth,2
seven-foot,2
quinney,2
proposes,2
bupph's,2
paired,2
suburban,2
rincon,2
'b,2
reasearh,2
snoring,2
customization,2
pupa,2
backgrounds,2
dices,2
hl-2,2
2013.,2
gorontalo,2
definitive,2
capsules,2
soria,2
disposed,2
non-living,2
rp49.5,2
dragon,2
distinguishes,2
teller,2
rp255,2
quadrupeds,2
asus,2
sunset,2
fingerprint,2
adhesive,2
harbor,2
stacked,2
dilution,2
conscientiously,2
nanotextile,2
8.16,2
usb,2
titus,2
stifled,2
pebble,2
spyglass,2
amanmuradova,2
kurniawan,2
transaction's,2
yasser,2
intending,2
fund/world,2
164.29,2
eta's,2
erik,2
perent,2
lme,2
underscoring,2
familiarize,2
mayors,2
skinheads,2
cubans,2
luxembourg's,2
enormous,2
belgians,2
40-percent,2
buenaventura,2
nangoi,2
parung,2
sidi,2
normalising,2
cheeseburgers,2
escalated,2
underestimating,2
intermittent,2
portrait,2
levey,2
rp2.8,2
addictive,2
long-lasting,2
inefficient,2
israeli-owned,2
dira,2
emotionally,2
rp1.049,2
near-post,2
sjam,2
syrians,2
yaroun,2
juliano,2
farah,2
prolonged,2
thunder,2
adb's,2
janakpur,2
upfront,2
muslimovic,2
contraction,2
nusantara's,2
gunpoint,2
29th,2
pkt,2
telekomindo,2
chin,2
1975.,2
turnout,2
steered,2
rp559,2
planning/head,2
stopover,2
incidence,2
avenge,2
beefed-up,2
tackled,2
baltimore,2
latch,2
unhurt,2
recruits,2
stepped-up,2
think-tank,2
"6,000",2
pertaining,2
gaulle,2
spurred,2
bricks,2
stretcher,2
heart-stopping,2
belt,2
healthcare,2
ruler,2
emirate,2
overpowered,2
publicist,2
filling,2
setia,2
mitsui,2
gamble,2
regulars,2
vanished,2
llorente,2
jandola,2
aguirre,2
shouldn't,2
surgeries,2
million-dollar,2
dharamsala,2
inability,2
qualcom,2
call-up,2
fe,2
npd,2
archeologist,2
ian,2
himalayas,2
mittal,2
handover,2
mysteriously,2
treasuary,2
one-time,2
guccione,2
curve,2
ocalan's,2
tamiflu,2
saputra,2
peshawar,2
indispensable,2
default,2
weathered,2
"140,000",2
2008-2009,2
swelling,2
stirred,2
nishikori,2
wrangling,2
ballots,2
francileudo,2
allege,2
22.9,2
exiled,2
policymakers,2
luxembourg,2
47.6,2
reforestation,2
axelsson,2
proportional,2
mcdonald's,2
modifications,2
chivu,2
al-mujahedeen,2
lukashenko,2
7.6,2
macroeconomic,2
mellberg,2
humpuss,2
pornography,2
7:16,2
demotion,2
tuberculosis,2
ferronickel,2
versa,2
natsir,2
summing,2
au-u,2
psd,2
gid,2
poorest,2
lonely,2
68th,2
stances,2
notified,2
uchida,2
removes,2
lofaso,2
xavier,2
anomaly,2
kelly,2
lavigne,2
disciplinary,2
lesson,2
1.58,2
slack,2
rijkaard,2
adel,2
conquest,2
stamp,2
persuading,2
sulley,2
governorate,2
equalizer,2
tycoon,2
periodic,2
ancic,2
lightning,2
soderling,2
pro-taliban,2
mandira,2
giuliano,2
rupslb,2
jol,2
bihoro,2
backers,2
board-financial,2
nephew,2
attendance,2
facilitation,2
compression,2
albiol,2
necks,2
generous,2
york-based,2
defenses,2
knockouts,2
styles,2
conceding,2
politically-charged,2
seyed,2
djoko,2
filipinos,2
subcontractor,2
"141,000",2
firefights,2
relied,2
bloomberg,2
ak,2
ulfa's,2
klasnic,2
ibn,2
relay,2
cape,2
unfortunate,2
fifteen-year-old,2
staggering,2
mafia,2
scott,2
7-1,2
atoned,2
gubbio,2
74th,2
irritated,2
inhalation,2
prawirasastra,2
end-2004,2
maresca,2
$3.5,2
misdemeanor,2
huth,2
us$350,2
preventive,2
integrate,2
bah,2
ibagaza,2
chechan,2
gir,2
bred,2
codenamed,2
bruises,2
kadin's,2
es,2
tier-1,2
zenawi,2
asahimas,2
domestically,2
kurds,2
rp39.5,2
apex's,2
february's,2
yagi,2
analyzes,2
arson,2
multi-national,2
firmed,2
revolt,2
taking-over,2
collectively,2
tinga,2
submissions,2
favouring,2
foresee,2
islamabad's,2
30-member,2
glaciers,2
guerrero,2
avail,2
sunito,2
varela,2
clans,2
ferried,2
combating,2
lukita,2
kindi,2
smuggle,2
caracas,2
munitions,2
fenin,2
self-censorship,2
ri0037,2
'a+idn,2
6-6.1,2
barat,2
lebanon-based,2
stationery,2
jamaica,2
motorcade,2
"1,700",2
sedentary,2
rp16.7,2
13-21,2
replicate,2
associate,2
comedy,2
orgun,2
kolo,2
61-year-old,2
tunisia's,2
retiring,2
taye,2
us$54.2,2
brisbane,2
angelino,2
rgm,2
flattened,2
knight,2
placing,2
consular,2
belts,2
phosphorus,2
commence,2
acquitted,2
peron's,2
stoudemire,2
rafa,2
martins,2
sectoral,2
emblem,2
bourses,2
multifinance,2
deliberate,2
odierno,2
timesheets,2
moshe,2
three-week,2
raked,2
abdominal,2
squeezed,2
punish,2
bbia's,2
101st,2
schedules,2
daly,2
cheeks,2
sponsor,2
rsf,2
reshuffled,2
ratify,2
harshly,2
bimantara,2
arrows,2
tarum,2
delegations,2
bosh,2
commando,2
andreev,2
"1,940",2
bupph,2
tablet,2
recounted,2
forging,2
devoted,2
attributable,2
intimate,2
rp59.92,2
gaddafi,2
idriss,2
lichtenfeld,2
televised,2
1.3,2
infrasolusi,2
intergovernmental,2
arbaeen,2
careless,2
full-fledged,2
ba3,2
intermoda,2
boycotting,2
pa's,2
portraits,2
3.93,2
shortfall,2
maserejian,2
undocumented,2
ice-melting,2
jb,2
zookeeper,2
m'bia,2
aquifer,2
salsa,2
nuts,2
lou,2
leto,2
socialization,2
objected,2
notch,2
devotion,2
rupture,2
presidium,2
beijing's,2
heiko,2
sana,2
joseba,2
teenage,2
shuttler,2
al-zamili,2
badly-needed,2
parvaiz,2
pushes,2
lineup,2
indocement,2
plutonium-producing,2
michele,2
ahmadi,2
chambishi,2
hyuga,2
merits,2
rp58.285,2
demolitions,2
lax,2
faded,2
emphasising,2
kalimat,2
weapons-grade,2
laporal,2
valle,2
reiterate,2
beta-carotene,2
inflated,2
respondents,2
bove,2
self-defense,2
thabo,2
cricketer,2
wang,2
plainclothes,2
agni,2
variants,2
ubs,2
unmasked,2
jokes,2
three-goal,2
us$70,2
frayed,2
bedside,2
jonas,2
bander,2
mustansiriyah,2
flocks,2
motherland,2
21-15,2
recombinants,2
eyeball,2
sumber,2
kkb,2
pembinaan,2
bpps,2
bulawayo,2
cessation,2
42.6,2
46.99,2
ottomitra,2
250cc,2
wesley,2
47.,2
yeung,2
nnaji,2
monnet-paquet,2
lukasz,2
kestrels,2
bermuatan,2
louisiana,2
bradley,2
drm,2
cobol,2
lessen,2
spareparts,2
forelegs,2
gathers,2
shoot-out,2
transmitter,2
agile,2
sintawati,2
teheran,2
medullary,2
rp19,2
isolate,2
anemia,2
hydrochloride,2
lobby,2
stasis,2
perpendicular,2
17.4,2
winston-salem,2
rp202,2
roe,2
pegeon's,2
lhokseumawe,2
rals,2
safir,2
alfa's,2
conform,2
excretion,2
rheobatrachus,2
cambodia,2
cheapest,2
sanitation,2
3g,2
harp,2
arun,2
pupation,2
apartments,2
19.2,2
researching,2
valbury,2
integrating,2
privacy,2
affection,2
compose,2
1.84,2
imo,2
repaired,2
sun-jin,2
sale-purchase,2
architectures,2
cibinong,2
"0,1",2
postulated,2
ramba,2
depressed,2
allotted,2
rp273.857,2
meltdown,2
wisely,2
10.9,2
paramedics,2
samp,2
economize,2
tripsin,2
pressurized,2
stumbling,2
aiyegbeni,2
oliveira,2
consultancy,2
coundoul,2
frost,2
prg,2
psc,2
khalis,2
thrilled,2
blanket,2
centered,2
presidencies,2
pre-crisis,2
multinationals,2
bintang,2
leslie,2
i-pod,2
kasperczak,2
acres,2
ohene,2
rookies,2
fedoroff,2
mandated,2
ubiquitous,2
american's,2
rp16.2,2
"6,6",2
constructing,2
phillips,2
fists,2
solvent,2
hawthorne,2
a+,2
rp1.23,2
repairement,2
14-1,2
fr004,2
outputs,2
pads,2
pivotal,2
morocco's,2
shot-making,2
sc,2
declarations,2
cameroon's,2
craniates,2
bruno,2
shocking,2
violating,2
panipat,2
abrupt,2
werder's,2
appreciating,2
laboratories,2
higueras,2
liege's,2
luciferase,2
polimer,2
koswara,2
darwins,2
dwell,2
locality,2
existency,2
debt2health,2
bahru,2
microbe,2
polemic,2
clogging,2
infiltrate,2
dives,2
resolute,2
tracker,2
moya's,2
belenenses,2
coping,2
abstracted,2
counsel,2
disability,2
limestone,2
frings,2
separates,2
chernobyl,2
blushes,2
medium-business/commercial,2
uplift,2
juergen,2
indifferent,2
inaudible,2
mantle,2
carrier-borne,2
first-set,2
scotland's,2
2.23,2
ooad,2
mediteranian,2
rp937.8,2
satanic,2
deposited,2
fisher,2
compensate,2
hight,2
zacaton,2
36-year-old,2
depicting,2
ferro,2
prenyl,2
restrained,2
"9,178/9,190",2
regionalism,2
20-man,2
yppi,2
shirt,2
ballast,2
insulted,2
verge,2
laureates,2
floats,2
hcv-rna,2
nigel,2
fold,2
iphone,2
thesis,2
finalized,2
11-cis-retinal,2
rp3.564,2
mid-year,2
senada,2
o'hern,2
sepuluh,2
moist,2
bop,2
danawa,2
us$297.5,2
indoeskrim,2
decayed,2
soemarno,2
plutoid,2
shrock,2
jelly,2
polyistiren,2
receiver,2
circulating,2
booting,2
maturation,2
shaping,2
attraction,2
100.5,2
impreza,2
nadzmi,2
neeskens,2
appleby,2
bafana,2
escude,2
shout,2
reprinted,2
shiite-dominated,2
underwritten,2
alfredo,2
sneaked,2
redemption,2
ldfeui,2
kg-ms,2
juice,2
indian-owned,2
chalongphob,2
alamsyah,2
29-year-old,2
slick,2
rumah,2
9.7,2
lawsuit,2
masry,2
savvides,2
stevens,2
decompose,2
violin,2
nataprawira,2
apollo,2
pathogen,2
evade,2
seldom,2
eases,2
hooklets,2
campanye,2
licensed,2
plain,2
hatched,2
five-under,2
astonished,2
rail,2
uruguay,2
coated,2
dpba,2
cassini,2
www,2
affairs/finance,2
slams,2
javanese,2
dot,2
underwrite,2
mit,2
substitutions,2
norwich,2
0.33,2
ssd,2
blood-sucking,2
teory,2
intervening,2
joins,2
2.00,2
bandwith,2
dak,2
rp190,2
daisuke,2
lq45,2
sikorsky,2
female's,2
liable,2
counter-attack,2
preservation,2
antarctica,2
consumer's,2
endure,2
4.41,2
"rp2,000",2
export-import,2
archaic,2
bemused,2
infect,2
"18,000",2
connectivity,2
racquet,2
clapping,2
rainwater,2
0.65,2
erratic,2
high-risk,2
6.39,2
prague,2
unchanging,2
degradation,2
perrotta,2
emiliano,2
mustapha,2
thorough,2
ancelotti's,2
volts,2
bizarre,2
cables,2
aisi,2
chimbonda,2
triodos,2
kw,2
enceladus,2
'aidn,2
antivirus,2
tobias,2
tokek,2
basal,2
trenches,2
arona,2
racially,2
khrisna,2
gesture,2
hadn't,2
transatlantic,2
marin,2
aleksander,2
floodlights,2
3.23,2
jeju,2
"rp9,075/9,080",2
depict,2
amarah,2
medium-,2
komunikasi,2
rajapaksa,2
70s,2
cheikh,2
bumiputra,2
communicable,2
fellowship,2
pre-tax,2
rp267.9,2
narrowed,2
marcelo,2
branding,2
rp11.2,2
stakeholder,2
covert,2
bangla,2
slightest,2
assembling,2
shalit,2
nomination,2
manager's,2
frigates,2
you'd,2
mikko,2
china-israel,2
persistently,2
prevalence,2
rage,2
rp836.4,2
tokyo-mitsubishi,2
duhamel,2
licences,2
thriller,2
fbi,2
10.4,2
mcclaren,2
chiellini,2
legislature,2
breeze,2
envisages,2
glanced,2
distract,2
rp3.157,2
calculates,2
hector,2
fatima,2
superintendent,2
99th,2
10.1,2
badalona,2
blaming,2
al-arabiya,2
incorporated,2
govern,2
noteworthy,2
dakahlia,2
karachi,2
araujo,2
re-emerged,2
0.51,2
vigilant,2
boro,2
loic,2
dida,2
benchmarks,2
al-shemari,2
reconcile,2
us$47,2
proceeded,2
9.50,2
unforeseen,2
matching,2
vascular,2
20-30,2
itc,2
'bb-,2
skilled,2
considerations,2
omitted,2
pla,2
omi,2
guinean,2
personality,2
allegiance,2
ternhill,2
shun,2
deby,2
anti-angiogenesis,2
bellucci,2
gravest,2
remark,2
chung,2
estadao,2
occupants,2
interrupt,2
jasatama,2
carelessly,2
fahmy,2
premalignant,2
ruining,2
pirlo,2
mourinho,2
hurley,2
deteriorated,2
12.8,2
active-duty,2
nouakchott,2
sanctioned,2
3.2,2
axe,2
rip,2
inflexible,2
surround,2
cyclone,2
sankei,2
slimane,2
personalized,2
al-bander,2
34th,2
decaffeinated,2
fabulous,2
doll,2
julie,2
goalscorer,2
xantine,2
happily,2
jie,2
bnga,2
preterm,2
induced,2
uob,2
burner,2
materialize,2
ato,2
sentra,2
sulysto,2
haiti,2
blink,2
underline,2
swearing,2
down-stream,2
wedenesday,2
spasms,2
transplantation,2
impetus,2
dragutinovic,2
aggressively,2
alou,2
10.6,2
us$275,2
vitoria,2
verified,2
gomis,2
grades,2
breeders,2
woke,2
narumi,2
resilient,2
flashed,2
zab,2
girlfriend,2
davomas,2
protector,2
zotta,2
transitions,2
eight-day,2
logically,2
gekas,2
59.63,2
moderation,2
motogp's,2
71.,2
logical,2
navigational,2
bionic,2
iezzo,2
moth,2
budged,2
planning/chief,2
drinks,2
unparalleled,2
mfis,2
kirilenko,2
unruly,2
incredibly,2
tables,2
platinum,2
whirlpools,2
testosterone,2
estimations,2
untung,2
"rp1,800",2
minutest,2
mechanics,2
unwanted,2
surgeons,2
growers,2
andrei,2
cisarua,2
depreciating,2
icy,2
cedric,2
pgas,2
sensitiveness,2
marion's,2
recre,2
rp779.048,2
lip,2
metabolisms,2
tremor,2
sanrio,2
hello,2
grasshoppers,2
kindness,2
distributors,2
beaks,2
incline,2
aerosol,2
arranging,2
ethics,2
sumbawa,2
rp15.82,2
program's,2
bits,2
politburo,2
ionized,2
entrepreneur,2
span's,2
lunar,2
accumulative,2
neuromotor,2
uninvited,2
inactivity,2
miniaturized,2
lamina,2
mckay,2
slashed,2
july's,2
contexts,2
pastilla,2
chieh,2
pia,2
criticisms,2
historically,2
finest,2
"rp1,020.1",2
ot,2
grandparents,2
minimise,2
ipod,2
executions,2
milonlha,2
1982.,2
farial,2
fortunately,2
21-14,2
16.81,2
maxis's,2
smiled,2
fr0048,2
bnimf's,2
smells,2
coolly,2
tha,2
berths,2
free-to-air,2
commenced,2
rp282.8,2
jean,2
enforcers,2
clarifying,2
adapter,2
malesani,2
zahir,2
rp97,2
bapepam-lk's,2
"14,000",2
impeded,2
weary,2
taunting,2
laterite,2
23-year,2
tomo,2
aidid,2
demichelis,2
lamine,2
enforcing,2
toothless,2
aegis,2
divides,2
sacks,2
jirga,2
50-metre,2
systemic,2
paigc,2
yassin,2
ztv,2
non-egyptians,2
debt-to-gdp,2
waxman,2
misled,2
supremacy,2
valerie,2
indomilk,2
eboue,2
sana'a,2
liam,2
iaea's,2
assert,2
hanoi,2
rp11.16,2
examining,2
profoundly,2
cheeseburger,2
samast,2
year-long,2
appearing,2
isat,2
resource-rich,2
alizay,2
panjwayi,2
lockheed,2
highlighting,2
siboro,2
ecclestone,2
dissolved,2
harkat-ul-mujahideen,2
hyderabad,2
jurong,2
conchos,2
cayman,2
pen,2
idbbb+,2
embodying,2
intan,2
falsehood,2
rp272.58,2
discriminated,2
dej's,2
plead,2
bouts,2
cabin,2
micro-enterprises,2
zara,2
pacify,2
ngo,2
seedorf,2
beneficiaries,2
taxpayer's,2
nomads,2
anti-communist,2
beni,2
nibung,2
mediators,2
pamphlet,2
fuelling,2
andrews,2
interrogations,2
unsecured,2
8.1,2
individu,2
34.,2
beloved,2
casualities,2
6&,2
tirin,2
crespo,2
turk,2
balad,2
agip,2
connects,2
chan,2
ayegbeni,2
loosely,2
twenty-four,2
kateryna,2
cramp,2
low-level,2
taiwo,2
inconvenient,2
shutdown,2
scoreless,2
capdeville,2
aided,2
freedoms,2
motherwell,2
destroys,2
week-long,2
furnish,2
suleiman,2
labelled,2
prodded,2
juncture,2
e'market,2
lapsed,2
taji,2
ducks,2
highfield,2
hashi,2
wes,2
non-binding,2
searches,2
wolfgang,2
capello's,2
sell-out,2
meng,2
lambasted,2
desperately,2
edging,2
flicked,2
idn,2
little-known,2
gas-like,2
deported,2
ten-times,2
nguyen,2
sani,2
shovels,2
intentions,2
able-bodied,2
kolar,2
diagnosis,2
shevchenko,2
cmnp's,2
15-21,2
telcom,2
dictates,2
crunching,2
encroaches,2
pragmatic,2
small-medium,2
undecided,2
vickers,2
symphony,2
rent,2
curtailed,2
integrasi,2
deflecting,2
2037.,2
neoliberal,2
celcius,2
heavens,2
buttons,2
staffs,2
tancock,2
cesium,2
conflicting,2
jamaican,2
layup,2
forlan,2
scales,2
icw,2
tambunan,2
hurdle,2
rp14.39,2
maid,2
skbni,2
attendant,2
morality,2
labov,2
extends,2
rajoy,2
heartbreaking,2
ecuadorian,2
sluggishness,2
frankly,2
authorised,2
stoned,2
scrublands,2
cua,2
wore,2
presided,2
eight-seeded,2
denuclearizing,2
mai,2
defacing,2
york's,2
traditions,2
upheld,2
1.25,2
infant,2
circulated,2
clamping,2
misuse,2
solheim,2
brokered,2
quds,2
committee's,2
challenger,2
10.8,2
vengeance,2
qatari,2
escalate,2
jyllands-posten,2
constructive,2
rp826.9,2
amputated,2
peterhansel,2
platt,2
wiltord,2
0.32,2
5.16,2
26.95,2
ashura,2
akihito,2
nonsensical,2
messaging,2
serasi,2
bushes,2
luckily,2
eight-man,2
rp583.7,2
newborns,2
confessions,2
hitzfeld's,2
ghana's,2
denis,2
accommodating,2
mohamud,2
commodore,2
feith,2
apnea,2
bobylov,2
aggravated,2
60-day,2
hostilities,2
ransoms,2
statistical,2
spike,2
toseland,2
helmets,2
rp761.4,2
installation,2
privatise,2
resting,2
62.3,2
assertions,2
dip,2
rp7.15,2
concealed,2
finalizing,2
yemen's,2
ipic,2
anders,2
napolitano,2
ffi,2
hudyana,2
mismanagement,2
technically,2
retake,2
gabus,2
rp8.4,2
dour,2
tzipi,2
finely,2
puzzle,2
infrequently,2
kunming,2
habsi,2
thomson,2
headquartered,2
quits,2
gaze,2
kish,2
racism,2
anastasia,2
advisers,2
lightly,2
flouted,2
bhubaneswar,2
berets,2
dieting,2
noble,2
inquiries,2
bromwich,2
phased,2
johor,2
suit,2
huddersfield,2
rahimi,2
hajj,2
dmsc,2
finnan,2
haul,2
sour,2
iverson,2
trailer,2
betis's,2
moussawi,2
dagestan,2
assistants,2
dar,2
truck's,2
xabi,2
unmarred,2
roekman,2
auditor,2
rp2.5,2
rudeina,2
kent,2
triumphed,2
enrolled,2
rame,2
stephane,2
mopol,2
lombok,2
multi-billion,2
hezbollah-led,2
arthamulia,2
janan,2
openly,2
agrees,2
respecting,2
left-hand,2
accompany,2
hellfire,2
pitted,2
descent,2
second-in-command,2
fox,2
mercy,2
clout,2
rpf,2
violence-wracked,2
zinc,2
ramos-horta,2
pulsed,2
defied,2
deck,2
provokes,2
investigator,2
facade,2
detonator,2
erosion,2
rebuffed,2
gamal,2
ndp,2
adapting,2
director-general,2
janjaweed,2
sway,2
uday,2
hometown,2
deadlines,2
disguised,2
al-saadi,2
mehmood,2
suitcase,2
hospitalised,2
saving-loan,2
actors,2
rushing,2
cereals,2
detonating,2
illiterate,2
documented,2
valve,2
rational,2
two-digit,2
pollutants,2
burdensome,2
"28,000",2
"rp4,887",2
merged,2
originating,2
idb's,2
certified,2
roadmap,2
unbearable,2
planning/national,2
dpk,2
hilly,2
14-under,2
needless,2
marc-antoine,2
16.41,2
velodrome,2
dhabi,2
backstroke,2
malouda,2
assured,2
overturn,2
unstoppable,2
ices,2
eagle,2
aggressiveness,2
delight,2
rp8.3,2
lovelier,2
mills,2
tribute,2
fluctuates,2
uv,2
dubbed,2
distro,2
mercurial,2
smartphone,2
wieczorek-zeul,2
squeezebox,2
3.50,2
compilers,2
deposed,2
recognizable,2
typing,2
hoa,2
excuses,2
johannes,2
exemptions,2
ssx,2
multi-billion-dollar,2
vulcanic,2
rusia,2
spectacularly,2
facilitated,2
ulreich,2
khursheed,2
confuse,2
buyten,2
pierce,2
"3,200",2
ligaments,2
terry's,2
ancol,2
villager,2
rp4.3,2
shored,2
rp4.8,2
$170,2
shone,2
cerny,2
23.4,2
15.6,2
irreducibly,2
gsm,2
i/o,2
decomposition,2
lapan,2
savers,2
ftp,2
l/c,2
peripheral,2
engineered,2
portfolios,2
electricty,2
observable,2
leakages,2
walks,2
cutter,2
programmable,2
cow,2
averagely,2
dave,2
olympiad,2
insides,2
furiously,2
skeptically,2
thumbs,2
68.57,2
insentives,2
sturdy,2
mated,2
0.59,2
facilitating,2
retinal,2
badness,2
10-times,2
systemically,2
launcher,2
sustainably,2
specificity,2
04.,2
robbed,2
imitating,2
romero,2
scrapings,2
cracking,2
airliner,2
gigg,2
mui,2
singaporean,2
promoter,2
translates,2
musical,2
untaxable,2
norm,2
forecasting,2
metrology,2
flexing,2
hydrocarbons,2
rp125.94,2
delaying,2
"rp9,135/9,142",2
us$59,2
evicted,2
fr0049,2
ridwan,2
accountants,2
hongze,2
kiryanto,2
january-august,2
rp168.48,2
suggestion,2
mid-2005,2
aired,2
recommend,2
rp38,2
3.3,2
5.5-6.5,2
broad-based,2
5-6,2
5.45,2
$15,2
x.,2
mccreevy,2
shrink,2
jewelry,2
rawi,2
r,2
1976.,2
herdsmen,2
ries,2
major-general,2
bavarians,2
amato,2
lethargy,2
swamps,2
swords,2
alarms,2
chang,2
ensued,2
cellou,2
krisman,2
andesit,2
"1,900",2
rp620,2
biratnagar,2
internatinal,2
rp8.272,2
ustad,2
israeli-lebanese,2
recep,2
unionized,2
curse,2
karya's,2
netanyahu,2
hyundai,2
65.8,2
polii,2
guatemala's,2
shiva,2
freezes,2
polluting,2
angering,2
no.7/2007,2
yesterday's,2
rasmussen,2
outline,2
16-21,2
rp104,2
mangunkusumo,2
2020.,2
controllable,2
nam,2
besieged,2
inserted,2
rp43,2
cafe,2
cauca,2
plame's,2
kumalo,2
council's,2
rp1.65,2
yam,2
ad,2
0.47,2
slumping,2
ii/2003,2
childbirths,2
humayun,2
pickup,2
talisman,2
polices,2
broto,2
academicians,2
twenty-five,2
denmark's,2
laons,2
wheeze,2
manifest,2
losers,2
pitched,2
20-team,2
psychiatry,2
fortnight,2
romance,2
marriage,2
marcel,2
takayanagi,2
on-line,2
whilst,2
inventory,2
kwok,2
obeyed,2
soles,2
manama,2
zakaria,2
bearers,2
wobble,2
catatan,2
tasty,2
magnets,2
uzbeks,2
invalidated,2
noel,2
prosecutor's,2
stephanie,2
touchline,2
farthest,2
undisputed,2
full-back,2
neonate,2
rosa,2
ascertain,2
carver,2
spinning,2
top-level,2
kyle,2
germain's,2
fossile,2
shovel,2
lin,2
re-produced,2
emition,2
cretaceous,2
rally's,2
nodding,2
umpire,2
curses,2
scanning,2
stabbing,2
ranieri,2
wiped,2
breezy,2
lorena,2
senderos,2
drogba's,2
ashley,2
toppmoeller,2
presidents,2
closes,2
submarines,2
fasten,2
schuster's,2
double-faulted,2
pascal,2
apiculture,2
biogas,2
canvas,2
grab,2
multitasking,2
consoles,2
kovalainen,2
manzano,2
stuttgart's,2
anggun,2
fading,2
scuffles,2
essen,2
lighter,2
nanometer,2
edvac,2
nodules,2
limonene,2
aachen,2
stalwarts,2
synthesise,2
knife-like,2
h5ic6,2
step-by-step,2
saddled,2
crustacea,2
season-opening,2
gliding,2
isotope,2
decomposed,2
tailenders,2
sod,2
verbeek,2
galactic,2
classy,2
wikia,2
macedonia,2
pandev,2
calderas,2
rfef,2
pollutive,2
exhibits,2
wel-t,2
grey,2
phrase,2
motoric,2
palapa,2
bony,2
gtp-transducinrhodopsin,2
cytosol,2
wares,2
coelacanth,2
prius,2
whatsoever,2
starvation,2
pressurised,2
hormonelike,2
initiator,2
eiffel,2
anular,2
classical,2
mutu's,2
glued,2
emotions,2
morphological,2
sixth-placed,2
meanhwile,2
malbranque,2
allowance,2
oberholser,2
languishing,2
sicilians,2
gianluca,2
"69,000",2
makinwa,2
villa's,2
swamp,2
brace,2
instructor,2
6.9,2
gambar,2
out-of-sorts,2
yepes,2
destiny,2
hard-fought,2
loved,2
relaunch,2
re-opened,2
"1,007,999,964",2
stewardship,2
armored,2
publications,2
duel,2
absent,2
two-thirds,2
painted,2
combing,2
dahir,2
munich's,2
schwarz,2
gunshots,2
teargas,2
gunships,2
longbow,2
cannons,2
instructors,2
romantic,2
comfort,2
insulting,2
lurking,2
sneijder,2
beem,2
oefelein,2
reburied,2
second-string,2
candidature,2
sayyed,2
19-21,2
safari,2
ellen,2
unfair,2
lively,2
mendy,2
qassim,2
slovenia's,2
crept,2
iskandariya,2
karzai's,2
bangladesh's,2
85th,2
rests,2
tennessee,2
rdb,2
stoppage-time,2
rp31.01,2
gert,2
al-qaeda's,2
torrential,2
chalana,2
marchionni,2
pileup,2
non-formal,2
cnooc,2
infectious,2
excuse,2
notebooks,2
tore,2
zi,2
pride,2
capitalistic,2
mahmood,2
linear,2
bariatric,2
jealousy,2
print,2
recklessly,2
tremmel,2
5.08,2
abimayu,2
shafts,2
hadiyanto,2
double-decker,2
vice-president,2
torrid,2
slew,2
fireworks,2
11.2,2
beaming,2
faciliate,2
doses,2
rp74.70,2
pew,2
glen,2
alishah,2
specified,2
"rp4,500",2
solitary,2
dramatically,2
5.8,2
opined,2
us$122,2
anti-war,2
azis,2
bintan,2
timed,2
unfairly,2
cole's,2
midwestern,2
radjawali,2
prefectures,2
evacuate,2
rmb,2
two-page,2
mexico's,2
patriot,2
limra,2
30-percent,2
dung,2
anti-tank,2
swoop,2
sungguminasa,2
materazzi,2
prostitute,2
crashes,2
revising,2
spot-kicks,2
co-ordinate,2
zionist,2
clagett,2
airborne,2
fourth-round,2
heats,2
chaudhary,2
countryman,2
police's,2
influenza,2
rebuilding,2
clinics,2
ex-combatants,2
sergeant,2
"rp9,100-rp9,400",2
rp278,2
pan-arab,2
rp1.29,2
precise,2
organize,2
kosovo,2
underscore,2
rooms,2
workshops,2
victim's,2
15-year,2
benzema's,2
immoral,2
cska,2
dpd,2
marching,2
plastics,2
rp779,2
slender,2
blasphemous,2
half-volley,2
enticing,2
abided,2
screening,2
diagnosed,2
judaize,2
consolidating,2
serviceman,2
labor-intensive,2
suspicions,2
east's,2
volleyed,2
economization,2
afghans,2
assaulted,2
injection,2
arteriosclerosis,2
dundee,2
$1.5,2
alcoyano,2
houllier,2
declaring,2
uncommon,2
pong-ju,2
netherland,2
equip,2
exposures,2
indiscriminately,2
ayhan,2
runner,2
pilgrim,2
magnus,2
hurting,2
0.50,2
al-majid,2
divorced,2
heirs,2
marquez,2
boca,2
distinctive,2
burdens,2
linton,2
maddox,2
homeless,2
galapagos,2
coffins,2
cricket,2
abdelkader,2
readily,2
100c,2
slotted,2
summitplast,2
capitulated,2
swandi,2
12.54,2
15.2,2
gram,2
flue,2
terrain,2
petrov,2
272.,2
alexis,2
entrusted,2
21-11,2
regularity,2
extant,2
navigate,2
segregated,2
less-fortunate,2
salihin,2
cashed,2
greens,2
uni,2
smiling,2
liman,2
dimarco,2
rp9.516,2
tomash,2
assorted,2
conway,2
accesses,2
sutomo,2
frederico,2
glycolisis,2
rp58.3,2
tottenham's,2
baikal,2
carbonization,2
managerial,2
coupet's,2
dumping,2
utilises,2
insight,2
finch,2
diesel-powered,2
natalegawa,2
footwear,2
pollens,2
wrinkled,2
29.43,2
coasts,2
wee,2
transmition,2
a's,2
distributes,2
antennas,2
nasser,2
silus,2
indefinite,2
mertayasa,2
kew,2
lps's,2
06.00,2
universally,2
0.34,2
aramida,2
firaun,2
fm,2
replicator,2
hanescu,2
earthen,2
neptunus,2
brakes,2
interlocking,2
fragmenthogram,2
automated,2
pheriperal,2
femur,2
copulates,2
cultivated,2
calculators,2
mobilizing,2
siences,2
c-2,2
archaebacteria,2
spams,2
36.6,2
nutrient,2
oxigen,2
prosecutions,2
maps,2
ugly,2
erection,2
montgomerie,2
gili,2
rp39,2
rp172,2
straight-sets,2
16.4,2
faye,2
nedved,2
us$2.2,2
