token,freq
the,54093
to,43533
a,30946
and,28725
is,28610
in,27594
of,24758
time,21634
smoking,20583
it,19231
that,18426
for,18261
part,15714
i,15063
job,14987
they,14842
have,14412
not,13721
can,12844
be,12643
are,12048
people,11856
students,10807
their,10505
we,10063
smoke,9845
do,9788
you,8770
should,8607
will,8231
college,7838
but,7603
as,7574
restaurants,7346
so,7150
if,6902
all,6627
money,6558
with,6472
this,6467
at,6441
think,6073
because,6018
or,5883
smokers,5664
many,5659
more,5657
also,5543
some,5477
n't,5430
who,5359
from,5256
restaurant,5186
on,5003
work,4933
's,4620
there,4556
them,4353
our,4332
good,4330
by,4132
important,4027
when,3939
other,3814
get,3698
very,3687
make,3608
banned,3534
health,3430
student,3422
my,3405
one,3235
only,3197
jobs,3119
experience,3114
may,3053
bad,2939
life,2892
which,2872
public,2792
want,2772
your,2764
smoker,2625
has,2621
study,2597
would,2578
like,2515
about,2499
working,2415
parents,2406
country,2374
cigarette,2318
know,2293
place,2253
no,2235
than,2213
what,2188
agree,2183
learn,2173
having,2128
lot,2109
most,2102
how,2062
completely,2059
non,2022
school,1994
an,1987
us,1981
even,1979
such,1961
must,1910
first,1896
help,1879
places,1874
﻿i,1854
way,1851
need,1824
these,1804
take,1781
much,1780
second,1775
society,1765
just,1715
he,1617
others,1586
however,1578
person,1578
go,1554
future,1552
things,1534
university,1528
ban,1507
well,1477
after,1447
cancer,1428
thing,1427
up,1414
doing,1396
me,1392
reasons,1392
hand,1377
feel,1377
too,1372
his,1368
hard,1367
those,1347
around,1342
family,1312
then,1308
smell,1304
cigarettes,1302
earn,1302
find,1276
does,1274
was,1264
could,1254
why,1246
reason,1245
give,1239
out,1215
food,1210
use,1209
example,1200
while,1183
every,1181
better,1169
world,1161
cause,1140
children,1138
especially,1125
where,1123
still,1121
really,1120
now,1112
friends,1112
themselves,1092
become,1090
therefore,1073
government,1069
harmful,1066
area,1065
opinion,1053
own,1052
problem,1050
studying,1034
ca,1024
any,1011
right,1009
enjoy,979
air,978
pay,945
lung,941
different,940
customers,934
something,912
harm,900
eat,900
studies,893
before,890
into,890
free,881
spend,879
social,855
stop,844
say,841
being,838
day,830
high,824
habit,816
someone,806
through,802
everyone,800
without,794
environment,791
eating,790
been,783
same,780
see,780
might,778
both,776
able,774
dangerous,772
makes,766
enough,762
during,739
body,737
knowledge,724
am,721
come,720
had,718
problems,717
tobacco,715
experiences,707
always,699
live,698
necessary,693
new,689
skills,685
effect,681
education,672
difficult,670
taking,663
believe,659
another,658
two,647
buy,645
long,644
support,640
banning,632
course,632
idea,630
great,625
its,624
try,618
diseases,613
disease,609
japan,606
best,606
﻿smoking,596
effects,594
passive,584
meal,581
areas,567
etc,562
since,560
smokes,560
real,558
young,554
fact,552
statement,552
although,549
full,544
though,543
order,528
years,527
him,526
were,519
room,518
little,518
learning,516
financial,515
she,513
addition,509
human,508
due,508
income,507
gain,507
getting,505
healthy,503
start,503
her,502
usually,500
never,499
keep,498
chance,497
needs,496
choose,494
living,493
affect,493
outside,490
less,488
often,487
already,485
understand,480
number,479
tuition,478
responsibility,474
kind,472
maybe,472
result,467
manage,466
causes,457
going,454
whether,453
class,451
situation,450
benefit,449
useful,449
let,446
means,441
activities,440
thus,437
various,435
over,435
extra,433
moreover,433
last,433
benefits,433
burden,432
damage,430
did,423
secondly,420
yourself,418
care,418
days,417
quit,417
meet,413
least,411
graduate,410
sometimes,410
besides,409
easy,408
making,408
used,406
law,402
third,400
practice,395
finally,394
expenses,393
man,393
big,393
actually,392
reduce,390
independent,388
ability,388
said,388
case,384
provide,384
each,383
countries,383
lungs,381
advantages,381
easily,378
between,377
allow,375
heart,374
choice,373
conclusion,372
away,371
allowed,369
point,369
done,368
happy,368
poor,366
serious,364
matter,361
business,361
made,357
nicotine,356
nowadays,354
main,354
company,350
earning,350
lives,349
common,347
disagree,346
firstly,346
kinds,345
save,344
far,343
increase,342
ourselves,342
rights,342
worse,339
near,339
almost,338
put,337
look,337
few,335
families,334
gives,334
risk,332
mind,331
waste,330
age,328
view,327
importance,326
opportunity,324
home,322
next,322
self,318
adults,317
hours,316
year,316
activity,315
three,315
instead,313
times,313
known,312
today,310
breathe,310
got,309
atmosphere,309
above,307
several,307
hate,305
ways,301
value,300
rather,298
daily,297
secondhand,296
possible,295
realize,295
lead,294
inside,293
taste,291
disadvantages,289
attention,288
strongly,287
adult,285
improve,285
works,284
teach,284
bring,284
cost,283
﻿in,283
personal,283
responsible,282
focus,282
customer,281
skill,280
small,280
face,278
everything,277
space,277
decrease,276
old,276
rule,274
consider,274
sense,273
solve,272
protect,272
lose,272
books,272
whole,270
teenagers,270
nonsmokers,268
learned,268
set,267
'm,267
once,267
large,266
career,266
thought,265
according,265
anything,264
clean,263
helps,262
avoid,262
behavior,262
dinner,261
quite,261
influence,261
given,260
lots,260
women,258
affected,257
side,256
meals,254
freedom,254
together,253
major,252
step,251
friend,250
wants,250
seats,247
system,247
sure,246
negative,246
hope,245
myself,245
play,244
comes,243
including,241
down,241
talk,241
ask,241
shop,240
suffer,239
deal,239
everywhere,239
balance,238
child,238
expensive,237
topic,237
comfortable,237
affects,237
show,236
active,236
campus,236
furthermore,235
related,234
﻿,234
short,234
off,234
respect,234
against,232
here,231
advantage,231
higher,231
true,230
stress,230
develop,230
parent,230
addicted,230
fees,228
change,228
disturb,228
academic,228
spending,227
everybody,226
management,226
're,225
delicious,225
inhale,224
relax,224
end,223
wo,223
fee,223
hence,223
pollution,222
enter,222
nothing,222
tired,221
issue,220
destroy,220
increasing,219
amount,219
becomes,219
danger,216
beneficial,215
pressure,215
﻿part,214
﻿it,214
afford,214
apply,214
fire,214
rules,212
special,212
worked,211
stay,210
clothes,209
past,208
policy,208
teacher,207
using,207
period,207
caused,205
strong,205
individual,205
salary,204
ever,203
thinking,203
spare,203
mean,201
service,201
leave,199
toxic,199
uncomfortable,199
certain,199
continue,197
economic,196
smoked,196
present,196
die,195
until,194
japanese,193
seems,193
graduation,193
love,193
rest,192
tell,192
word,192
pocket,191
﻿nowadays,190
likely,190
feeling,189
prepare,188
companies,188
valuable,187
again,186
receive,185
private,185
form,184
definitely,184
control,183
called,183
purpose,183
prohibited,182
pregnant,182
seat,182
helpful,182
separate,181
hurt,181
dishes,180
fresh,179
opportunities,179
simply,179
death,179
essential,179
classes,178
back,177
singapore,177
independence,177
follow,177
prevent,176
workers,176
trouble,176
build,175
totally,175
among,175
later,175
anyone,175
sick,174
condition,174
dining,173
instance,173
needed,173
communication,173
act,172
probably,172
grow,172
level,171
wrong,171
relationship,171
himself,171
manner,170
fun,170
decide,170
owners,170
concentrate,169
soon,168
found,168
development,167
mostly,166
fulfill,166
kids,165
argue,165
foods,165
practical,164
question,164
low,164
mature,163
impact,163
begin,163
earned,163
knows,163
goes,162
hold,162
popular,162
complete,162
yet,160
communicate,160
along,160
under,159
table,159
alone,159
stand,159
'll,158
taken,158
night,157
imagine,157
itself,157
contains,157
precious,156
majority,156
store,156
degree,156
enjoying,155
following,155
finish,155
becoming,154
busy,154
takes,154
seen,154
early,153
father,153
economy,152
house,152
surely,151
sit,151
terrible,151
tend,151
giving,150
generation,150
basic,150
summer,150
create,149
certainly,149
proper,149
breathing,148
worry,148
unhealthy,148
handle,148
positive,148
lack,147
owner,147
rate,147
financially,146
nonsmoking,146
perhaps,146
depend,145
colleges,145
beside,145
directly,145
grades,145
heavy,145
looking,144
duty,144
else,144
personally,144
aware,144
research,143
considered,143
forbidden,143
persons,141
respiratory,141
harms,141
answer,141
quality,141
vacation,141
action,141
bans,140
universities,140
unpleasant,140
﻿as,140
unfair,140
finding,140
club,139
solution,139
costs,139
success,139
proud,139
boss,139
concerned,138
seem,138
rich,138
break,138
paid,138
became,138
everyday,138
group,138
started,138
ones,138
schools,137
taught,137
breath,137
process,137
longer,137
either,137
schedule,136
spent,136
employment,136
grade,135
trying,135
shopping,135
chemicals,135
towards,134
extremely,134
allowance,134
happen,134
general,133
words,133
please,133
forbid,133
lunch,133
substances,132
field,131
graduated,131
term,131
homework,131
limited,131
interesting,131
dirty,130
energy,130
paying,130
worker,130
addiction,130
laws,130
mother,129
within,129
exposed,129
depends,129
generally,128
chances,128
recently,128
open,128
drugs,127
properly,127
week,127
allows,127
spread,127
doubt,126
playing,126
nice,126
task,126
experienced,126
per,126
talking,125
upon,125
men,125
include,125
gradually,125
drink,125
absolutely,125
habits,125
employees,124
variety,124
achieve,124
fashion,124
sitting,124
fair,123
fine,123
except,123
effort,123
anywhere,123
suggest,122
decision,122
mouth,122
cool,122
role,122
thirdly,122
offer,121
woman,121
brings,121
effective,121
whatever,121
difficulty,120
employee,120
month,120
difficulties,120
easier,119
training,119
close,119
dislike,118
gas,118
suitable,118
office,118
surrounding,118
leisure,118
cases,118
﻿the,117
train,117
forget,117
pakistan,116
impossible,116
loss,116
anymore,116
worth,115
employers,115
acquire,115
professional,115
appropriate,114
china,114
coffee,114
rid,113
type,113
successful,113
governments,113
indeed,113
badly,112
position,112
oneself,112
lessons,112
thailand,112
interest,112
available,112
coming,112
felt,111
lost,111
interested,111
city,111
read,111
abilities,111
prohibit,111
guests,110
based,110
nation,110
plan,109
disadvantage,109
further,109
seriously,109
clear,109
section,109
street,109
turn,109
forced,108
korea,108
join,108
run,108
modern,107
ill,107
aspects,107
normal,107
book,106
community,106
bit,106
front,106
provides,106
wanted,105
baby,105
types,105
indonesia,105
inhaling,105
market,105
pleasure,104
population,104
kill,104
attitude,104
opinions,104
peoples,104
drug,103
results,103
compared,103
member,103
price,103
situations,103
died,103
've,103
ready,103
responsibilities,102
fully,102
required,102
english,102
release,101
four,101
–,101
remember,101
left,101
eventually,101
reality,101
pass,101
culture,101
worst,101
came,101
source,100
youth,100
teaching,100
appreciate,100
innocent,100
increases,100
carefully,100
damages,100
sum,100
addictive,100
gets,99
fail,99
citizens,99
appetite,99
lastly,99
wish,99
members,99
encourage,99
significant,99
waiter,98
increased,98
simple,98
hands,98
conclude,98
leads,98
state,98
serve,98
trend,98
entering,97
industry,97
saying,97
concern,97
careful,97
confidence,96
buying,96
anyway,96
mood,96
information,96
late,96
bus,96
greatly,96
apart,96
involved,95
fast,95
risks,95
older,95
heard,95
clearly,94
otherwise,94
shows,94
divide,94
causing,94
force,93
asthma,93
share,93
tough,93
yes,93
building,92
games,92
middle,92
additional,92
computer,92
teachers,91
consideration,91
entire,91
sometime,91
tar,91
goal,91
greater,91
understanding,91
recent,91
behind,91
fall,91
inhaled,90
went,90
workplace,90
spaces,90
happiness,90
contain,90
tax,90
rooms,90
drinking,90
helping,89
graduating,89
expense,89
safe,89
perfect,89
prefer,89
﻿there,89
told,89
dream,89
unless,88
reasonable,88
nonsmoker,88
poisonous,88
bar,87
potential,87
classroom,87
exist,87
image,87
colleagues,87
quickly,87
cigar,87
strictly,87
subject,87
chemical,87
terms,87
blood,86
nobody,86
angry,86
attend,86
freely,86
parts,85
extent,85
teaches,85
manners,85
collage,85
particular,85
obviously,85
prepared,85
despite,84
measures,84
specific,84
highly,84
sake,84
ideas,84
useless,84
scholarship,84
poison,84
speaking,84
survive,84
department,84
news,84
junior,83
cancers,83
sides,83
campaign,83
internet,83
cough,83
phenomenon,83
lesson,83
argument,83
sleep,83
shops,83
considering,83
exercise,83
tutor,83
illegal,83
bars,83
add,82
interests,82
promote,82
travel,82
desire,82
developing,82
knowing,81
meaningful,81
immediately,81
saw,81
closed,81
individuals,81
ago,81
effectively,81
direct,81
accept,81
physical,80
somebody,80
maintain,80
destroys,80
strict,80
bear,80
patrons,80
points,80
indoor,80
factor,80
priority,80
current,79
moment,79
walk,79
smells,79
sign,79
sales,79
hour,79
pretty,79
adapt,79
addict,78
interfere,78
mentioned,78
bodies,78
nearby,78
light,78
brain,78
conditioned,77
raise,77
personality,77
abroad,77
slowly,76
relieve,76
waitress,76
filled,76
similar,76
selfish,76
polluted,76
willing,76
growing,76
performance,76
harder,76
speak,75
whose,75
damaged,75
move,75
provided,75
morning,75
claim,75
separated,75
enjoyment,75
younger,74
tried,74
actions,74
annoying,74
require,74
pollute,74
staff,74
unable,74
detrimental,74
supposed,74
call,74
earlier,74
﻿a,74
fewer,73
lower,73
power,73
fit,73
method,73
limit,73
obvious,72
eyes,72
divided,72
belong,72
allowing,72
legal,72
half,72
hardly,71
obtain,71
semester,71
perspective,71
insist,71
substance,71
produce,71
severe,71
preparation,71
says,71
bother,71
lessen,70
send,70
developed,70
hazard,70
saving,69
ages,69
suffering,69
consequences,69
nature,69
explain,69
mental,69
top,69
safety,69
profit,69
character,69
wise,69
somewhere,69
babies,69
poverty,69
efforts,69
elderly,69
medical,69
internship,68
shown,68
illness,68
contact,68
percent,68
stores,68
possibility,68
senior,68
regular,67
huge,67
widely,67
cash,67
issues,67
subjects,67
diners,67
interpersonal,67
﻿college,67
mainly,67
throw,66
attack,66
material,66
thousands,66
disturbed,66
station,66
aside,66
hobby,66
comfort,66
single,65
notice,65
ought,65
asked,65
requires,65
finance,65
exposure,65
products,65
truly,65
progress,65
throughout,65
enhance,64
kong,64
budget,64
hong,64
smelling,64
stage,64
groups,64
revenue,64
conditions,64
feelings,64
foreign,64
teenager,63
decreasing,63
injurious,63
standard,63
cut,63
unhappy,63
pleasant,63
patience,63
disgusting,63
educational,62
basis,62
possibly,62
whenever,62
efficient,62
dangers,62
smart,62
recognize,62
upset,62
﻿many,62
looks,62
regard,62
media,62
assignments,62
courses,62
patient,62
growth,62
earth,62
favor,61
particularly,61
tasks,61
rely,61
zone,61
disturbing,61
changed,61
dine,61
employer,61
nevertheless,61
consumers,60
hospital,60
unfortunately,60
physically,60
born,60
measure,60
proven,60
efficiently,60
taiwan,60
teeth,60
participate,60
gained,60
status,60
primary,60
follows,60
boring,59
knew,59
wonderful,59
part-,59
mentally,59
co,59
wasting,59
encouraged,59
fill,59
designated,59
brought,59
contribute,59
confident,59
meaning,59
learnt,59
schoolwork,59
prove,59
hear,59
graduates,59
selling,59
facing,58
expected,58
manager,58
took,58
cope,58
materials,58
realized,58
weak,58
thank,58
across,58
difference,58
cover,58
﻿when,58
beginning,58
beautiful,58
months,58
relations,58
broaden,58
polite,58
correct,58
wisely,57
starts,57
factors,57
drop,57
creates,57
thai,57
program,57
pick,57
ash,57
importantly,57
theory,57
discipline,57
local,57
natural,57
quitting,57
managing,56
sufficient,56
car,56
streets,56
mall,56
surroundings,56
awareness,56
ok,56
enclosed,56
account,56
annoyed,56
favorite,56
careers,56
feels,56
experiencing,56
touch,56
s,55
matters,55
clubs,55
grown,55
keeping,55
achievement,55
concentration,55
proved,55
park,55
lifestyle,55
sections,55
depending,55
numerous,55
relaxed,55
survey,55
competitive,55
accepted,55
fatal,55
reading,55
smog,54
arrange,54
test,54
asking,54
toward,54
hang,54
hazardous,54
considerate,54
hotels,54
larger,54
thinks,54
researches,54
carry,54
sad,54
'd,54
police,54
philippines,54
circumstances,53
regulations,53
adjust,53
famous,53
examples,53
boys,53
equal,53
reduced,53
exactly,53
competition,53
beings,53
wait,53
tables,53
organization,53
party,53
harmed,53
aspect,53
healthier,53
impolite,53
facilities,52
indirectly,52
carbon,52
convenience,52
treat,52
fumes,52
suddenly,52
unnecessary,52
global,52
likes,52
evening,52
holidays,52
holiday,52
satisfy,52
supporting,52
science,52
enable,52
gave,51
black,51
specially,51
stopped,51
finished,51
steps,51
perform,51
rude,51
weekend,51
excellent,51
impression,51
consequence,51
perfectly,51
challenge,51
write,51
setting,51
meeting,51
establishments,50
resume,50
goals,50
ideal,50
biggest,50
happens,50
studied,50
starting,50
wide,50
relaxation,50
seeing,50
vital,50
expect,50
ensure,50
forever,50
relaxing,50
visitors,50
attending,50
engage,49
prohibition,49
requirements,49
cooking,49
overall,49
internships,49
annoy,49
ends,49
someday,49
gaining,49
indirect,49
recommend,49
bigger,49
stuff,49
load,49
profits,49
discussion,49
stick,49
assistant,49
influenced,49
enrich,49
walking,49
burning,49
complain,49
victim,48
lighten,48
hotel,48
improved,48
seek,48
expand,48
satisfied,48
occur,48
﻿recently,48
search,48
scholarships,48
applying,48
option,48
faced,48
music,48
boy,48
thanks,48
satisfaction,48
burn,48
necessity,48
alcohol,47
holding,47
exchange,47
parties,47
workforce,47
sacrifice,47
ultimately,47
decided,47
equally,47
applied,47
—,47
killing,47
girls,47
choices,47
negatively,47
influences,47
encounter,47
states,47
textbooks,47
ignore,47
entered,46
girl,46
illnesses,46
lecture,46
mistake,46
plenty,46
serving,46
outdoor,46
dish,46
neglect,46
waiters,46
challenges,46
advance,46
nearly,46
five,46
happily,46
ten,46
endure,46
sort,46
remain,46
deaths,46
cram,46
nose,46
aim,46
businesses,46
met,46
projects,46
cook,46
deadly,46
worried,46
wage,46
secondary,46
pain,45
adverse,45
﻿yes,45
youngsters,45
shall,45
permitted,45
dependent,45
forward,45
educated,45
twice,45
arguments,45
sell,45
offered,45
watch,45
demand,45
entertainment,45
temporary,45
final,45
adopt,45
passed,45
produced,45
none,45
colorful,45
rise,45
managers,45
essay,45
taxes,44
library,44
kills,44
ahead,44
chinese,44
reducing,44
buildings,44
america,44
guess,44
﻿for,44
dealing,44
improving,44
opposite,44
leading,44
selves,44
check,44
style,44
draw,44
strange,44
obey,44
mine,44
beyond,44
relationships,44
communicating,44
stronger,44
afraid,44
mention,44
signs,44
visit,44
lucky,43
ruin,43
stops,43
economically,43
purposes,43
teens,43
stomach,43
flavor,43
included,43
concept,43
troubles,43
rent,43
pubs,43
expenditure,43
behave,43
dollars,43
mistakes,43
miss,43
cons,43
line,43
regret,43
includes,42
occupation,42
affecting,42
chain,42
tension,42
win,42
flexible,42
factory,42
sustain,42
alternative,42
schedules,42
advertisement,42
regulation,42
frequently,42
inconvenience,42
funds,42
actual,42
supported,41
currently,41
﻿some,41
report,41
team,41
lazy,41
spite,41
classmates,41
routine,41
bronchitis,41
reach,41
planning,41
restricted,41
pollutes,41
circle,41
fight,41
﻿we,41
fourth,41
waiting,41
return,41
attract,41
gather,41
accumulate,41
putting,41
tv,41
talent,41
flow,40
ease,40
warning,40
harming,40
okay,40
necessarily,40
hundred,40
welcome,40
employed,40
scientific,40
accident,40
truth,40
pros,40
spirit,40
spoil,40
curricular,40
penalty,40
water,40
exam,40
relief,40
regardless,40
resources,40
former,40
key,40
commonly,40
timer,40
sports,40
allergic,40
charge,39
guest,39
corner,39
implemented,39
friendly,39
facts,39
values,39
suppose,39
contrary,39
balancing,39
zones,39
explore,39
comfortably,39
whom,39
catch,39
shoes,39
hunting,39
dues,39
scientists,39
wall,39
weekends,39
crucial,39
hot,39
basically,39
solved,39
pack,39
options,39
﻿now,39
partly,39
societies,39
entirely,39
losing,38
select,38
filter,38
smelly,38
usual,38
ingredients,38
ignored,38
discuss,38
average,38
helped,38
throat,38
citizen,38
payment,38
﻿today,38
monoxide,38
permanent,38
regarding,38
bills,38
acceptable,38
sickness,38
absorb,38
forbidding,38
unlike,38
decisions,38
ventilation,38
newspaper,38
establish,38
clerk,38
wealth,38
reduces,38
succeed,38
rapidly,38
views,38
minds,38
keeps,37
wherever,37
online,37
changes,37
trip,37
critical,37
floor,37
received,37
preparing,37
approach,37
interact,37
million,37
dead,37
fields,37
list,37
plays,37
hardship,37
treasure,37
particles,37
phone,37
pub,37
workload,37
head,37
yellow,37
loan,37
network,37
punishment,37
decreases,37
minority,37
drinks,37
levels,37
sensitive,36
convenient,36
deny,36
percentage,36
cleaner,36
remove,36
killer,36
stopping,36
tells,36
center,36
soft,36
presence,36
ground,36
latter,36
enforce,36
economical,36
somehow,36
providing,36
awful,36
evidence,36
rising,36
consequently,36
kept,36
enjoyable,36
threat,36
below,36
demands,36
escape,36
labor,36
national,35
schooling,35
naturally,35
discourage,35
users,35
choosing,35
herself,35
somewhat,35
alleviate,35
finances,35
pursue,35
god,35
profession,35
hospitals,35
skin,35
circumstance,35
victims,35
malls,35
services,35
complex,35
organs,35
running,35
foremost,35
advice,35
crime,35
cities,35
experiment,34
discomfort,34
recommended,34
oppose,34
headache,34
added,34
held,34
review,34
carcinogenic,34
cleaning,34
meanwhile,34
destroying,34
heavily,34
parks,34
enables,34
agreed,34
admit,34
road,34
liver,34
lectures,34
attractive,34
bank,34
thousand,34
joining,34
relation,34
smoky,34
effected,34
doctor,34
tastes,34
hurts,34
television,34
adds,34
additionally,34
excuse,34
duties,34
coin,34
anti,34
nervous,34
began,34
smile,34
toxins,33
involve,33
honest,33
bought,33
location,33
passing,33
land,33
offices,33
happened,33
sleeping,33
background,33
gases,33
unemployment,33
debate,33
events,33
challenging,33
textbook,33
range,33
sight,33
overtime,33
e.,33
doctors,33
commitment,33
humans,33
consume,33
relatively,33
hygiene,33
anybody,33
element,33
cooperate,33
bright,33
thoughts,33
undoubtedly,33
entrance,33
vary,33
legislation,33
suffered,33
note,33
outweigh,33
content,32
reports,32
pregnancy,32
bill,32
funny,32
systems,32
collect,32
oxygen,32
millions,32
premises,32
friendship,32
wages,32
fined,32
technology,32
protection,32
consumer,32
introduced,32
restrict,32
blame,32
cashier,32
box,32
sound,32
europe,32
govt,32
function,32
protected,32
monthly,32
total,32
equip,32
stressful,32
burdens,32
statistics,32
score,32
sorry,32
sentence,32
allocate,32
conversation,32
created,31
campaigns,31
game,31
prices,31
increasingly,31
neither,31
wonder,31
tobaccos,31
completing,31
listen,31
supplement,31
separating,31
consuming,31
wasted,31
edge,31
cells,31
savings,31
cafe,31
relevant,31
suggestion,31
son,31
failure,31
offers,31
complicated,31
sooner,31
gone,31
environmental,31
merely,31
loans,31
smaller,31
history,31
spends,31
language,31
stressed,31
advocate,31
efficiency,31
teen,31
concerns,30
placed,30
chronic,30
probability,30
irritated,30
t,30
successfully,30
contributes,30
establishment,30
organizations,30
lesser,30
adversely,30
controversial,30
inconvenient,30
creating,30
discover,30
immediate,30
shorter,30
brother,30
nor,30
baht,30
changing,30
eye,30
stations,30
extreme,30
nt,30
goods,30
protecting,30
trained,30
dreams,30
examination,30
finishing,30
hurting,30
chat,30
minutes,30
emphysema,30
decline,30
horrible,30
indoors,30
purchase,30
strength,30
released,30
policies,30
twenty,30
piece,29
fix,29
disturbs,29
impacts,29
path,29
story,29
telling,29
cooperation,29
stated,29
requirement,29
puff,29
faster,29
staying,29
produces,29
café,29
movie,29
coughing,29
discussed,29
familiar,29
significance,29
destroyed,29
welfare,29
motivation,29
horizons,29
hall,29
introduce,29
butts,29
﻿to,29
model,29
devote,29
supply,29
served,29
adding,29
exhausted,29
worries,29
treatment,29
﻿having,29
registration,29
suit,29
winter,29
questions,28
portion,28
conflict,28
dying,28
remains,28
costly,28
security,28
assignment,28
cheap,28
preventing,28
warming,28
merits,28
gathering,28
visitor,28
guy,28
ashes,28
hundreds,28
wealthy,28
behaviors,28
expenditures,28
showing,28
crowded,28
base,28
trains,28
e,28
joy,28
breaks,28
compare,28
project,28
thereby,28
b,28
prohibiting,28
peers,28
independently,28
solving,28
era,28
productive,28
patients,28
organize,28
numbers,28
moral,28
items,28
exams,28
positions,28
disturbance,28
moving,27
forms,27
enjoys,27
tendency,27
century,27
warn,27
observe,27
decreased,27
symptoms,27
sale,27
exception,27
horizon,27
generations,27
urge,27
paper,27
united,27
kid,27
fume,27
emotional,27
fell,27
encouraging,27
inconsiderate,27
sent,27
socially,27
walls,27
granted,27
monetary,27
diverse,27
allowances,27
conscious,27
methods,27
imposed,27
normally,27
minimum,27
struggle,27
passively,27
diligent,27
contained,27
target,27
damaging,27
written,27
argued,27
carcinogens,27
kfc,27
punished,26
clients,26
elementary,26
homes,26
﻿these,26
desires,26
plus,26
s.,26
toilet,26
attacks,26
teenage,26
refuse,26
sport,26
refresh,26
cafes,26
yen,26
user,26
pays,26
peace,26
household,26
reported,26
imitate,26
door,26
respected,26
painful,26
m,26
﻿is,26
writing,26
deeply,26
western,26
symbol,26
accidents,26
actively,26
employ,26
commitments,26
interrupt,26
stroke,26
gains,26
product,26
guarantee,26
theories,26
drive,26
chosen,26
property,26
interview,26
looked,26
stable,26
compelled,26
carried,26
talents,26
volunteer,26
distract,26
birth,26
transportation,25
cold,25
tolerance,25
avoided,25
obligation,25
washing,25
cigars,25
feed,25
determine,25
assume,25
wife,25
memory,25
evil,25
failed,25
socialize,25
showed,25
firmly,25
﻿should,25
stepping,25
scent,25
addicts,25
ruined,25
gift,25
insurance,25
curse,25
enjoyed,25
marks,25
bored,25
pure,25
tolerate,25
spreading,25
beg,25
merit,25
leaving,25
disorders,25
chose,25
bag,25
six,25
specifically,25
cleanliness,25
vice,25
date,25
unique,25
rare,25
﻿if,25
controlled,25
believed,25
expose,25
juggle,25
compromise,25
hardships,25
conditioner,25
resist,25
korean,24
refrain,24
figure,24
firm,24
bringing,24
arises,24
summary,24
happening,24
event,24
acknowledge,24
outcome,24
picture,24
fortunate,24
original,24
﻿have,24
﻿what,24
begins,24
overcome,24
compounds,24
disappear,24
passion,24
peaceful,24
meaningless,24
standing,24
fog,24
tool,24
stupid,24
tutoring,24
u.,24
intend,24
transition,24
faces,24
vacations,24
emphasis,24
lay,24
previous,24
nuisance,24
accustomed,24
double,24
bed,24
searching,24
focused,24
smoothly,24
curriculum,24
heath,24
confused,24
odor,24
formal,24
invest,24
ruins,24
academics,24
democratic,24
traveling,24
hire,24
constantly,24
colleague,24
restrictions,23
capable,23
till,23
followed,23
leaves,23
supports,23
costumers,23
prior,23
circulation,23
wash,23
deserve,23
inevitably,23
exists,23
clothing,23
foul,23
sources,23
strive,23
approve,23
institutions,23
lifetime,23
nasty,23
polluting,23
countless,23
hair,23
preference,23
pride,23
guilty,23
deep,23
surround,23
acquired,23
understood,23
appear,23
associated,23
fault,23
bosses,23
official,23
linked,23
vicinity,23
puffing,23
tests,23
hobbies,23
ordinary,23
raised,23
abandon,23
scale,23
eager,23
acquiring,23
dormitory,23
capacity,23
mark,23
consumption,23
suicide,23
belongs,23
facility,23
movies,22
largest,22
belief,22
aptitude,22
marketing,22
conduct,22
elements,22
strengthen,22
credit,22
environments,22
achieved,22
rates,22
happier,22
resulting,22
ambience,22
i.,22
neglected,22
tertiary,22
needless,22
educate,22
permit,22
customs,22
tiring,22
seeking,22
couple,22
calm,22
lighting,22
principle,22
walks,22
cherish,22
fulfil,22
receiving,22
handed,22
spoiled,22
curious,22
hazards,22
admitted,22
considerable,22
slow,22
town,22
hopefully,22
relatives,22
inflation,22
luxury,22
unusual,22
kitchen,22
attracted,22
application,22
persuade,22
irritating,22
advertisements,22
distraction,22
blow,22
distance,22
improvement,22
master,22
crazy,22
theoretical,22
built,22
elders,22
foundation,22
smelled,22
aid,22
prepares,22
punish,22
freshman,21
wastage,21
chef,21
fetus,21
dinners,21
dust,21
seniors,21
realistic,21
post,21
burned,21
labour,21
shift,21
widespread,21
pity,21
undergraduate,21
motivated,21
name,21
crisis,21
injure,21
worthwhile,21
excel,21
﻿i'm,21
satisfying,21
unconsciously,21
minor,21
cultivate,21
solutions,21
sold,21
opposed,21
caring,21
struggling,21
plans,21
roles,21
impose,21
ours,21
ate,21
ice,21
priorities,21
dad,21
﻿everyone,21
periods,21
movement,21
attempt,21
remind,21
shock,21
fellow,21
focusing,21
hinder,21
access,21
﻿most,21
male,21
consists,21
noticed,21
existence,21
determination,21
daughter,21
﻿first,21
regarded,21
toxin,21
majors,21
continuously,21
accordingly,21
accomplish,21
crowd,21
engineering,21
elder,21
round,21
resolve,21
broke,21
qualities,21
occupy,21
pre,21
watching,21
concepts,20
assist,20
shorten,20
passage,20
won,20
boxes,20
learns,20
advanced,20
breakfast,20
﻿cigarette,20
earnings,20
strain,20
practically,20
formed,20
treated,20
widen,20
lived,20
etiquette,20
liberty,20
necessities,20
inevitable,20
secure,20
assistance,20
desirable,20
slightly,20
serves,20
beauty,20
imposing,20
prevents,20
inhalation,20
restricting,20
suck,20
notion,20
eight,20
﻿from,20
quantity,20
pace,20
established,20
survival,20
handling,20
ad,20
caught,20
whereby,20
absolute,20
supermarket,20
reward,20
sorts,20
reject,20
turned,20
theater,20
practicing,20
contaminated,20
enormous,20
conflicts,20
girlfriend,20
gotten,20
scores,20
leadership,20
appropriately,20
unemployed,20
usa,20
south,20
rarely,20
a.,20
leader,20
grateful,20
separation,20
wind,20
officer,20
depression,20
machine,20
irritate,20
possess,20
american,20
forth,20
psychological,20
letting,20
promoting,20
context,20
reputation,20
behaviour,20
careless,20
programs,20
degrees,20
band,20
pizza,20
math,20
g.,20
islam,20
anytime,20
hardworking,20
extend,20
art,19
fear,19
appearance,19
uses,19
covered,19
arise,19
institution,19
carries,19
inhales,19
creative,19
exhaust,19
acknowledged,19
maturity,19
advisable,19
frequent,19
object,19
message,19
disappointed,19
papers,19
broken,19
partially,19
immune,19
controlling,19
eliminate,19
mixed,19
houses,19
markets,19
adequate,19
fifth,19
factories,19
employable,19
theirs,19
attain,19
existing,19
fairly,19
operate,19
sudden,19
experts,19
airport,19
brief,19
﻿according,19
determined,19
surprised,19
killed,19
applicants,19
denying,19
bothered,19
unreasonable,19
contrast,19
immoral,19
noise,19
cardiovascular,19
harmonious,19
non-,19
curiosity,19
alarming,19
loved,19
article,19
deciding,19
engaged,19
legally,19
communities,19
permission,19
occurred,19
backgrounds,19
push,19
professors,19
alike,19
internal,19
hidden,19
troublesome,19
text,19
worrying,19
adulthood,19
valid,19
prioritize,18
civil,18
stone,18
drawbacks,18
platform,18
emotion,18
relying,18
faculty,18
honestly,18
mom,18
saved,18
shoulder,18
fixed,18
glass,18
﻿at,18
offering,18
continuing,18
intended,18
cars,18
compulsory,18
warm,18
advantageous,18
wanting,18
dull,18
aneurysms,18
nonetheless,18
international,18
par,18
quick,18
resumes,18
participating,18
lacking,18
fashionable,18
patronize,18
sounds,18
cater,18
meant,18
wear,18
industries,18
tends,18
enters,18
oral,18
weight,18
distracted,18
reaches,18
advise,18
hungry,18
define,18
prohibits,18
engaging,18
finds,18
enforcement,18
wastes,18
pursuing,18
sets,18
cream,18
hated,18
owing,18
spoils,18
advertising,18
cell,18
interaction,18
confined,18
weather,18
poses,18
retail,18
spreads,18
altogether,18
powerful,18
pulmonary,18
pc,18
potentially,18
connected,18
split,18
worldwide,18
vision,18
appeal,18
hates,18
pm,18
trust,18
impotency,18
excited,18
fund,18
request,18
compensation,18
medicine,17
occurs,17
white,17
salaries,17
sensible,17
equipped,17
hardness,17
builds,17
dropping,17
administration,17
shy,17
tiny,17
guide,17
peer,17
heated,17
ups,17
workplaces,17
guidance,17
occasions,17
contacts,17
sector,17
t.,17
murder,17
uniform,17
reference,17
centre,17
forces,17
mothers,17
cooks,17
components,17
undeniable,17
amounts,17
centres,17
narrow,17
unforgettable,17
announced,17
explained,17
wrinkles,17
seemed,17
courtesy,17
sleepy,17
investment,17
deeper,17
heroin,17
standards,17
handsome,17
ads,17
varies,17
indicate,17
expectations,17
correctly,17
banded,17
yourselves,17
examinations,17
pictures,17
counter,17
recreational,17
scientifically,17
guys,17
observed,17
sister,17
seldom,17
externality,17
surveys,17
develops,17
relative,17
whereas,17
largely,17
occasion,17
﻿no,17
production,17
cloth,17
﻿students,17
pneumonia,17
mass,17
tensions,17
﻿whether,17
hanging,17
match,16
objective,16
extended,16
tuitions,16
seven,16
component,16
dedicated,16
habitual,16
puts,16
appealing,16
satisfactory,16
forcing,16
automatically,16
﻿with,16
invaluable,16
﻿one,16
kick,16
harmony,16
video,16
discouraged,16
overseas,16
skip,16
offensive,16
fortunately,16
resource,16
tea,16
shoulders,16
pressures,16
division,16
applies,16
outdoors,16
female,16
golden,16
protest,16
subjected,16
data,16
undergo,16
comply,16
fifty,16
empty,16
dare,16
exhaled,16
surrounded,16
deter,16
indulge,16
prone,16
broad,16
conditioning,16
sharing,16
comparing,16
exciting,16
tutors,16
losses,16
cure,16
multi,16
infants,16
senses,16
imperative,16
superior,16
lover,16
bread,16
﻿people,16
demerits,16
respiration,16
closer,16
opening,16
similarly,16
undergraduates,16
creativity,16
listed,16
afternoon,16
express,16
led,16
thoroughly,16
talked,16
disaster,16
apparently,16
deprive,16
alternatives,16
appreciation,16
series,16
frankly,16
teamwork,16
decent,16
perspectives,16
restriction,16
previously,16
insufficient,16
stands,16
significantly,16
standpoint,16
destruction,16
scene,16
strangers,16
sits,16
deliciously,16
usefully,16
keeper,16
professor,16
arrangement,16
sat,16
typical,16
evils,16
capability,16
thrown,16
fierce,16
harsh,16
idle,16
unwanted,16
board,16
authorities,16
researchers,16
violate,16
rewarding,16
soul,16
phase,15
conducted,15
apartment,15
regularly,15
possibilities,15
promotion,15
o,15
proves,15
mad,15
yours,15
namely,15
differences,15
cloud,15
filipinos,15
unfortunate,15
lifestyles,15
combine,15
listening,15
smock,15
hiring,15
fulfilling,15
implement,15
agreement,15
scolded,15
utilize,15
green,15
deprived,15
bath,15
aims,15
uk,15
needy,15
technical,15
wherein,15
unexpected,15
propose,15
practiced,15
nonsense,15
breaking,15
pose,15
picking,15
butt,15
sending,15
eats,15
located,15
housing,15
onto,15
revision,15
hired,15
picked,15
upper,15
mess,15
respects,15
ultimate,15
subjective,15
voice,15
youths,15
inappropriate,15
proposal,15
isolated,15
emitted,15
alba,15
tasty,15
personalities,15
costumer,15
nutshell,15
rice,15
businessman,15
interferes,15
talented,15
hit,15
﻿being,15
intake,15
waitresses,15
accomplishment,15
shared,15
tips,15
ridiculous,15
irritation,15
reaching,15
appears,15
site,15
loses,15
demonstrate,15
injures,15
guaranteed,15
realizing,15
politely,15
lips,15
shortage,15
﻿agree,15
organized,15
expert,15
impotence,15
greatest,15
direction,15
bound,15
custom,15
aged,15
simultaneously,15
regions,15
producing,15
substantial,15
centers,15
evident,15
reduction,15
boarding,15
root,15
cares,15
implementing,15
spring,15
dilemma,14
seller,14
mobile,14
pipe,14
connection,14
husband,14
minute,14
lit,14
receives,14
color,14
steady,14
bathroom,14
﻿do,14
tiredness,14
fired,14
transport,14
absence,14
cheated,14
repair,14
regulate,14
span,14
pointed,14
incomes,14
unimportant,14
solely,14
traditional,14
﻿although,14
grant,14
turns,14
heroes,14
differ,14
computers,14
irresponsible,14
disrupt,14
foot,14
exhale,14
continues,14
orders,14
loudly,14
fatigue,14
amongst,14
fines,14
implementation,14
discouraging,14
crimes,14
blowing,14
humanity,14
capabilities,14
protects,14
managed,14
sociable,14
purely,14
troubled,14
partner,14
karaoke,14
furniture,14
vulnerable,14
organ,14
driving,14
spoiling,14
externalities,14
attitudes,14
privilege,14
wedding,14
miserable,14
anxiety,14
plants,14
prevented,14
punctual,14
connections,14
embarrassed,14
definition,14
quiet,14
applications,14
democracy,14
breathed,14
surprising,14
whoever,14
threatening,14
seating,14
complaining,14
frustrated,14
infringe,14
accommodate,14
thin,14
glad,14
aging,14
stink,14
hawker,14
resulted,14
eaten,14
interference,14
discrimination,14
published,14
enforced,14
universally,14
contributing,14
pleased,14
approximately,14
surabaya,14
socializing,14
packs,14
primarily,14
count,14
european,14
agreeing,14
practices,14
impress,14
unwilling,14
design,14
corners,14
sunday,14
relate,14
narcotic,14
memories,14
recognized,14
obtained,14
sun,14
infection,14
clever,14
continued,14
minimize,14
essentially,14
bothering,14
perception,14
trade,14
spot,14
ranging,14
theirselves,14
stuffs,14
earns,14
disgusted,14
beverage,14
obstacle,14
ample,14
hesitate,14
insight,14
occupations,13
newspapers,13
enhances,13
payments,13
dividing,13
coronary,13
uncle,13
designed,13
gum,13
﻿my,13
positively,13
estimated,13
emit,13
promise,13
meantime,13
concerning,13
dependence,13
expanding,13
priceless,13
falls,13
arrive,13
license,13
lie,13
dizzy,13
register,13
cultural,13
classified,13
via,13
lately,13
australia,13
breathes,13
preventable,13
curb,13
boundaries,13
diploma,13
respectable,13
prey,13
comprehensive,13
reluctant,13
assign,13
feasible,13
aroma,13
tasting,13
grew,13
chief,13
allah,13
stuck,13
toll,13
failing,13
speech,13
digestive,13
electronic,13
nations,13
albeit,13
handy,13
remaining,13
kidney,13
rounded,13
publish,13
﻿restaurants,13
weaker,13
scenario,13
excessive,13
attach,13
bonding,13
absorbed,13
severely,13
respecting,13
stream,13
polytechnic,13
kobe,13
shame,13
phrase,13
chooses,13
stranger,13
throwing,13
enemy,13
fantastic,13
married,13
pursuit,13
straight,13
chest,13
ethic,13
poisoned,13
n,13
chatting,13
disastrous,13
proof,13
answers,13
obtaining,13
roads,13
salesman,13
childhood,13
cinema,13
judge,13
injured,13
accumulated,13
preferred,13
undesirable,13
corporate,13
﻿personally,13
acts,13
assistants,13
machines,13
boyfriend,13
completed,13
equipment,13
locations,13
qualification,13
lovers,13
dinning,13
defined,13
comparison,13
impressed,13
caution,13
authority,13
energetic,12
hoping,12
cloths,12
unwillingly,12
reflect,12
borrow,12
kindergarten,12
reached,12
cup,12
fundamental,12
differs,12
ordered,12
pleasures,12
political,12
references,12
improper,12
brand,12
oriented,12
risky,12
presents,12
debt,12
commercial,12
respective,12
hourly,12
statements,12
upcoming,12
indicates,12
partition,12
and/or,12
surprise,12
encourages,12
religious,12
sociality,12
mcdonald,12
imagination,12
weaken,12
lecturer,12
sons,12
chemistry,12
essence,12
entertain,12
convinced,12
techniques,12
figures,12
servers,12
react,12
prospects,12
foolish,12
resort,12
penalties,12
hooked,12
promoted,12
decides,12
boost,12
mission,12
ventilated,12
balanced,12
defects,12
chewing,12
supervisors,12
specialized,12
compete,12
optional,12
functions,12
accumulating,12
sex,12
thirty,12
foreigners,12
regulated,12
partners,12
﻿all,12
disorder,12
al,12
radio,12
limits,12
emphasize,12
qualified,12
bridge,12
feet,12
honor,12
buses,12
central,12
friendships,12
birds,12
dry,12
strike,12
journey,12
weeks,12
super,12
uncommon,12
tip,12
induce,12
businessmen,12
visited,12
achieving,12
asset,12
warnings,12
absurd,12
institute,12
releases,12
dose,12
males,12
billions,12
disrespect,12
categories,12
seated,12
sub,12
unit,12
sheets,12
seminars,12
refers,12
consent,12
extracurricular,12
unhappiness,12
brilliant,12
pubic,12
classmate,12
dark,12
generated,12
temptation,12
realise,12
affair,12
professionals,12
experiments,12
brave,12
hesitation,12
cruel,12
threaten,12
clouds,12
ugly,12
consult,12
float,12
exposing,12
sadly,12
tight,12
﻿about,12
fulltime,12
viewpoint,12
absent,12
understandable,12
terribly,12
contract,11
outlook,11
analysis,11
drastic,11
stinky,11
fan,11
intelligence,11
initiative,11
shut,11
elsewhere,11
﻿this,11
ride,11
organizing,11
freshmen,11
encountered,11
red,11
sells,11
freelance,11
typically,11
infections,11
track,11
academy,11
fourthly,11
announce,11
saturday,11
visiting,11
governmental,11
administrative,11
selection,11
concluded,11
regards,11
confuse,11
dealt,11
com,11
needing,11
foster,11
arsenic,11
originally,11
affairs,11
flexibility,11
poisons,11
prospective,11
forty,11
bitter,11
carcinoma,11
bunch,11
rewards,11
pollutant,11
intention,11
involves,11
carrying,11
﻿working,11
o'clock,11
invisible,11
scope,11
weakness,11
identity,11
characters,11
install,11
perseverance,11
competent,11
complications,11
unborn,11
decades,11
urgent,11
vices,11
length,11
card,11
tokyo,11
hometown,11
raises,11
lighter,11
invented,11
mix,11
networks,11
enterprise,11
adapting,11
link,11
jump,11
block,11
futures,11
condemn,11
barrier,11
restraint,11
vocation,11
noted,11
sing,11
betterment,11
invite,11
reasonably,11
unacceptable,11
certificate,11
stench,11
opens,11
referred,11
highest,11
appreciated,11
indonesian,11
enlarge,11
ethics,11
replace,11
improves,11
generate,11
hunger,11
carcinogen,11
indispensable,11
endanger,11
species,11
containing,11
diligence,11
luck,11
funding,11
meat,11
runs,11
discovery,11
carrier,11
commit,11
lighted,11
newly,11
maximum,11
nine,11
stories,11
wishes,11
c,11
blamed,11
nails,11
networking,11
ignorant,11
viable,11
reserve,11
shifts,11
nausea,11
barely,11
sticks,11
weigh,11
comment,11
complaint,11
contribution,11
singing,11
closely,11
surprisingly,11
debated,11
grandfather,11
fulfillment,11
violence,11
swimming,11
socialization,11
infect,11
timers,11
import,11
leaders,11
involvement,10
announcement,10
honesty,10
﻿since,10
weekly,10
fitness,10
appeared,10
liked,10
lean,10
ammonia,10
violates,10
fits,10
inclined,10
prosperity,10
profitable,10
mcdonalds,10
composed,10
smooth,10
defend,10
charming,10
net,10
cessation,10
assert,10
wine,10
assuming,10
religion,10
repeat,10
entry,10
releasing,10
sacrificing,10
ivory,10
consistent,10
fly,10
bachelor,10
workmates,10
bonus,10
pursuits,10
incentive,10
mandatory,10
attracts,10
films,10
neighbors,10
category,10
travels,10
popularity,10
detail,10
cooked,10
raising,10
arranged,10
unfiltered,10
﻿after,10
drag,10
lab,10
demanded,10
settle,10
reliance,10
concentrating,10
contacting,10
faith,10
hectic,10
defendant,10
war,10
suggests,10
﻿every,10
owned,10
sharply,10
officers,10
tourists,10
trigger,10
allergy,10
luxuries,10
cute,10
enacted,10
distinguish,10
unaware,10
reinforce,10
childrens,10
achievements,10
unlikely,10
withdrawal,10
reaction,10
cultures,10
multiple,10
introduction,10
fascinated,10
worthy,10
skillful,10
race,10
label,10
interfering,10
implications,10
violation,10
informed,10
safely,10
equality,10
motivate,10
grows,10
ladies,10
rapid,10
relieving,10
displeasure,10
holy,10
mathematics,10
forgive,10
workloads,10
size,10
allergies,10
b.,10
bet,10
bothers,10
staffs,10
appetites,10
sore,10
sushi,10
pipes,10
designate,10
ailments,10
lessening,10
region,10
pockets,10
sample,10
accounting,10
affording,10
army,10
agrees,10
bane,10
conducive,10
recreation,10
missing,10
demerit,10
enrolled,10
understands,10
possession,10
expectation,10
advised,10
abundant,10
cutting,10
frowned,10
neglecting,10
applicable,10
moves,10
talks,10
ministry,10
criminals,10
adjusting,10
daughters,10
batter,10
financing,10
wake,10
killers,10
assigned,10
tremendous,10
anyhow,10
contents,10
interacting,10
worsen,10
disregard,10
consumed,10
productivity,10
latest,10
sociability,10
accounts,10
tolerable,10
contemporary,10
maximize,10
mk,10
blind,10
fond,10
dress,10
composition,10
hearts,10
personnel,10
shocked,10
healthcare,10
item,10
adolescents,10
economics,10
entrepreneur,10
cafeteria,10
equals,10
obligations,10
unclean,10
judgment,10
opened,10
theme,10
harvest,10
abstain,10
ran,10
poisoning,10
greeting,10
impressive,10
maintaining,10
formaldehyde,10
shape,10
pat,10
juggling,10
catering,10
king,10
phones,10
apt,9
universal,9
fallen,9
institutes,9
accordance,9
agent,9
entertainments,9
admittedly,9
freedoms,9
heavier,9
sanitation,9
transfer,9
village,9
consist,9
cry,9
affection,9
proverb,9
client,9
sisters,9
un,9
threatens,9
core,9
occupied,9
pains,9
expanded,9
﻿everybody,9
bystanders,9
horse,9
partial,9
watched,9
grounds,9
hygienic,9
worthless,9
complaints,9
revise,9
exclude,9
exposes,9
unintentionally,9
airports,9
academically,9
annoys,9
tract,9
concert,9
usage,9
demanding,9
timing,9
cancel,9
scholars,9
communications,9
stance,9
continuous,9
brains,9
unnecessarily,9
outlets,9
ambition,9
eradicate,9
taxi,9
nutrition,9
utmost,9
interactions,9
reveals,9
easiest,9
tries,9
intelligent,9
slight,9
solid,9
initially,9
justified,9
abandoned,9
sided,9
peacefully,9
plant,9
singaporean,9
piano,9
delivery,9
rob,9
passionate,9
diner,9
fare,9
globalization,9
hoped,9
weighed,9
budgeting,9
offset,9
acting,9
d,9
contaminate,9
marketplace,9
intellectual,9
﻿while,9
speed,9
juku,9
pull,9
divert,9
joined,9
admission,9
compromised,9
moneys,9
roommate,9
hole,9
commercials,9
luxurious,9
midnight,9
avenue,9
claimed,9
de,9
fruits,9
cigrate,9
exceptions,9
selected,9
sky,9
viewed,9
candidate,9
window,9
inspire,9
ashtray,9
courage,9
eleven,9
deliberately,9
reflects,9
cheaper,9
clerks,9
educating,9
recruitment,9
exercising,9
garbage,9
distribution,9
tennis,9
represent,9
hell,9
west,9
inner,9
ingredient,9
french,9
unconditionally,9
moderately,9
uneasy,9
strategy,9
basketball,9
carelessly,9
loads,9
alternatively,9
thankful,9
loyal,9
meets,9
don,9
stead,9
entitled,9
fans,9
vehicles,9
starbucks,9
keen,9
flowers,9
controversy,9
dating,9
ironic,9
agency,9
rehabilitation,9
stamina,9
pieces,9
conversely,9
excitement,9
gambling,9
favorable,9
gap,9
mainstream,9
litter,9
susceptible,9
imposes,9
dancing,9
grasp,9
cosmetics,9
vicious,9
unsatisfied,9
negotiate,9
craze,9
remained,9
dropped,9
stock,9
politeness,9
eighteen,9
connect,9
pleasantly,9
psychologically,9
lines,9
construction,9
dramatically,9
wasteful,9
readily,9
enhancing,9
devoted,9
associate,9
accessories,9
blanket,9
stresses,9
coworkers,9
touching,9
climate,9
guardian,9
tempted,9
collected,9
ourself,9
wider,9
ashtrays,9
filipino,9
sexual,9
desk,9
sole,9
vain,9
elite,9
record,9
performed,9
opium,9
star,9
copy,9
premise,9
skilled,9
ambitions,8
presentation,8
oil,8
claims,8
ambiance,8
tower,8
eaters,8
canada,8
versa,8
tempting,8
advocates,8
cake,8
ratio,8
ineffective,8
equipments,8
opponents,8
tools,8
singer,8
impotent,8
ticket,8
random,8
tied,8
bite,8
richer,8
superiors,8
discourages,8
permanently,8
adopted,8
asia,8
guardians,8
depth,8
outstanding,8
diversity,8
patterns,8
tongue,8
goers,8
intern,8
precisely,8
stimulate,8
attempts,8
lowered,8
dies,8
premature,8
offend,8
minimal,8
debts,8
asks,8
varied,8
eligible,8
moments,8
mates,8
crises,8
false,8
billion,8
joint,8
packed,8
lacks,8
bankrupt,8
baseball,8
outright,8
mannered,8
declare,8
proposed,8
salesperson,8
suffers,8
declared,8
minded,8
tour,8
sweet,8
youngers,8
extensive,8
cigratte,8
completion,8
logic,8
differently,8
wiser,8
flows,8
restaurateurs,8
hypertension,8
manages,8
represents,8
ninety,8
counts,8
advancement,8
exercises,8
housework,8
constant,8
unbearable,8
pool,8
-time,8
depressed,8
protests,8
steadily,8
telephone,8
mingle,8
wisdom,8
hindrance,8
fat,8
bags,8
vessel,8
liberal,8
immunity,8
named,8
realities,8
travelling,8
prevention,8
warned,8
shot,8
glimpse,8
cuisine,8
lifespan,8
performing,8
utilized,8
facilitate,8
20s,8
fighting,8
threatened,8
implies,8
resistance,8
wearing,8
evidences,8
accompany,8
extravagant,8
proximity,8
felling,8
excess,8
ashamed,8
creation,8
hydrogen,8
foe,8
accepting,8
interrupted,8
clientele,8
timetable,8
interviews,8
supporters,8
unpredictable,8
applicant,8
surf,8
mode,8
nicely,8
discussing,8
delay,8
pollutants,8
disasters,8
discovered,8
absorbs,8
ant,8
buys,8
violating,8
﻿of,8
principles,8
gender,8
continually,8
instances,8
limiting,8
electricity,8
floating,8
investments,8
formation,8
criminal,8
evaluate,8
sincerely,8
diffuse,8
respond,8
compensate,8
reviewing,8
dedication,8
eliminating,8
distracts,8
cv,8
considerations,8
apple,8
shell,8
launch,8
covering,8
dog,8
stationary,8
unavoidable,8
kindly,8
moods,8
flower,8
dioxide,8
rejected,8
dictate,8
poorer,8
stating,8
theirself,8
tasking,8
21st,8
ex,8
thoughtful,8
airbags,8
memorable,8
slogan,8
beat,8
sheesha,8
decease,8
comments,8
awake,8
recall,8
county,8
seconds,8
operating,8
host,8
chefs,8
frustration,8
mischievous,8
outer,8
roll,8
considerably,8
punctuality,8
tutorial,8
venture,8
spitting,8
eateries,8
bearing,8
vote,8
officials,8
lights,8
zealand,8
convincing,8
overlook,8
forgot,8
steal,8
cancerous,8
bottom,8
garden,8
shelter,8
distribute,8
obstructive,8
filtered,8
beverages,8
sufficiently,8
expertise,8
appetizing,8
benzene,8
print,8
attracting,8
temporarily,8
advertise,8
surrounds,8
filters,8
anger,8
extinguish,8
morality,8
military,8
thorough,8
committed,8
scared,8
habited,8
cleaned,8
asleep,8
lies,8
suggested,8
strategies,8
gold,8
visible,8
cautious,8
resting,8
maintained,8
shortly,8
proportion,8
objects,8
liking,8
formally,8
fate,7
enriching,7
refreshing,7
repay,7
larynx,7
dear,7
functioning,7
stayed,7
rush,7
records,7
discussions,7
shanghai,7
circles,7
grand,7
sectioned,7
legislate,7
repercussions,7
steak,7
fruit,7
yoyo,7
mart,7
scheme,7
hk,7
encouragement,7
unrealistic,7
tasted,7
reminder,7
trapped,7
cylinder,7
americans,7
mountain,7
humbling,7
desired,7
assets,7
supportive,7
shipbuilding,7
generous,7
ruling,7
interrupts,7
cured,7
stub,7
alarm,7
counterparts,7
virtually,7
smarter,7
details,7
venues,7
co2,7
pushed,7
title,7
absorption,7
overwhelmed,7
oh,7
sharp,7
disobey,7
mc,7
offended,7
defect,7
heal,7
livable,7
characteristics,7
ironically,7
literally,7
likewise,7
twelve,7
tradition,7
noses,7
origin,7
detract,7
lounge,7
persist,7
delivering,7
domestic,7
onus,7
proficient,7
waitressing,7
seize,7
signal,7
accurately,7
attempting,7
irritates,7
gadgets,7
response,7
languages,7
benefited,7
praise,7
2nd,7
diet,7
competitions,7
restricts,7
civilized,7
meetings,7
summarize,7
libraries,7
perceived,7
annoyance,7
properties,7
temple,7
defeats,7
lethal,7
trips,7
gpa,7
shortens,7
precedence,7
mentality,7
disrespectful,7
package,7
tougher,7
conclusively,7
separately,7
forgetting,7
invade,7
conditioners,7
described,7
nationwide,7
cozy,7
combined,7
inspiration,7
resolution,7
residents,7
emergency,7
tourist,7
potato,7
massive,7
software,7
﻿currently,7
﻿you,7
leaning,7
guided,7
protective,7
﻿student,7
supplementary,7
grab,7
blocked,7
disgust,7
vast,7
gifts,7
infected,7
unsuitable,7
quarrel,7
january,7
begun,7
trough,7
deed,7
ac,7
undertaking,7
digest,7
writer,7
circulate,7
conversations,7
holder,7
narcotics,7
gatherings,7
obliged,7
immature,7
suggestions,7
nerves,7
casual,7
uniforms,7
bicycle,7
prestigious,7
illiterate,7
paths,7
﻿well,7
award,7
preparations,7
segregate,7
firsthand,7
joyful,7
cycle,7
selfishness,7
miscellaneous,7
en,7
hone,7
nerve,7
obstacles,7
con,7
drives,7
constraint,7
excellence,7
instant,7
emphasized,7
alive,7
bucks,7
sensation,7
describe,7
perks,7
classrooms,7
allocated,7
adhere,7
church,7
youngster,7
posters,7
abolished,7
agreeable,7
qualifications,7
charity,7
curtain,7
grave,7
dependency,7
occasionally,7
vacancy,7
turkey,7
circulating,7
union,7
ensuring,7
concentrated,7
refer,7
emotionally,7
filling,7
securing,7
corporations,7
planet,7
tackle,7
thick,7
proposition,7
assumed,7
involving,7
circulated,7
collegians,7
prolonged,7
nurse,7
lucrative,7
lets,7
sends,7
colorado,7
hearing,7
greet,7
donate,7
abuse,7
odd,7
brothers,7
reckon,7
accumulation,7
hostel,7
reliable,7
marked,7
heads,7
utilities,7
vacant,7
downside,7
adopting,7
tremendously,7
frequency,7
scenery,7
tissues,7
conflagration,7
secret,7
awarded,7
plain,7
hunt,7
suits,7
lovely,7
agencies,7
fastly,7
packets,7
deprives,7
deleterious,7
fiercer,7
reminded,7
broadens,7
disappeared,7
trivial,7
arts,7
fresher,7
neighbor,7
credits,7
joke,7
lifes,7
passes,7
thrifty,7
distress,7
terminal,7
dorm,7
address,7
sea,7
trash,7
venue,7
dominant,7
handful,7
cyanide,7
suited,7
poster,7
plate,7
endangers,7
pro,7
burns,7
attached,7
press,7
surfing,7
prophet,7
volume,7
fullest,7
harmfulness,7
detest,7
ruining,7
responsibly,7
majoring,7
stars,7
pop,7
librarian,7
limitations,6
favored,6
futile,6
procedure,6
trees,6
wrote,6
delight,6
norm,6
beer,6
trap,6
vomiting,6
rises,6
deals,6
excessively,6
map,6
nail,6
intense,6
lern,6
forgotten,6
﻿restaurant,6
loud,6
holds,6
acquisition,6
intentionally,6
entails,6
paint,6
wallet,6
genius,6
advances,6
instruction,6
flowing,6
spit,6
beforehand,6
mouths,6
struggles,6
programme,6
﻿disagree,6
selecting,6
resturant,6
medically,6
corporation,6
routines,6
removed,6
theaters,6
referring,6
poorly,6
pressured,6
expo,6
weighing,6
hopes,6
eliminated,6
animals,6
candidates,6
brown,6
burdened,6
threw,6
vending,6
stepped,6
attributed,6
tuberculosis,6
flying,6
depriving,6
forbids,6
unfamiliar,6
avoiding,6
manpower,6
aimed,6
contracting,6
exhales,6
expecting,6
gums,6
coupled,6
seemingly,6
route,6
instantly,6
dangerousness,6
suffocated,6
cent,6
f,6
checking,6
tube,6
trait,6
shisha,6
greenhouse,6
expression,6
pray,6
turning,6
mild,6
cheerful,6
pollutions,6
museum,6
dollar,6
played,6
adequately,6
inexperienced,6
loves,6
equivalent,6
sicker,6
enduring,6
females,6
agents,6
tomorrow,6
incoming,6
roof,6
establishing,6
loose,6
soup,6
magazine,6
operation,6
cultivating,6
begging,6
industrial,6
economize,6
drawing,6
sophisticated,6
accommodation,6
scare,6
privacy,6
restraints,6
helpless,6
introducing,6
blank,6
practise,6
bone,6
participation,6
allotted,6
drain,6
indicated,6
arrested,6
distinct,6
chains,6
aroused,6
plane,6
winning,6
hurry,6
letter,6
unknowingly,6
facebook,6
cavity,6
defeated,6
dial,6
enroll,6
distractions,6
vocational,6
provisions,6
striving,6
tiresome,6
entertaining,6
esteem,6
bud,6
differentiate,6
reek,6
mortality,6
whiff,6
packet,6
amazing,6
shortcomings,6
handled,6
cared,6
segregation,6
returns,6
alright,6
clearer,6
overstepping,6
disposable,6
busier,6
existed,6
jail,6
cooperating,6
pretend,6
laziness,6
emotions,6
camp,6
strokes,6
features,6
condoned,6
shake,6
cannabis,6
nowhere,6
accidentally,6
external,6
tolerated,6
muslim,6
destination,6
tragedy,6
psychology,6
eastern,6
programmes,6
womb,6
presented,6
derive,6
stays,6
accountant,6
guard,6
violated,6
command,6
thier,6
proceed,6
volunteering,6
confirm,6
proactive,6
expressing,6
receptionist,6
printed,6
whichever,6
covers,6
toil,6
explains,6
followings,6
tag,6
border,6
grey,6
preferences,6
worlds,6
floors,6
academia,6
brighter,6
claiming,6
villages,6
endeavor,6
sweat,6
prejudice,6
vinyl,6
whit,6
nightclubs,6
torture,6
subway,6
headaches,6
caters,6
doors,6
pert,6
cart,6
blocks,6
expects,6
unwise,6
seeks,6
unethical,6
hide,6
civilization,6
acute,6
eliminates,6
infringement,6
﻿how,6
confronted,6
convert,6
generating,6
linger,6
emissions,6
tending,6
literature,6
supplies,6
murderer,6
driver,6
stare,6
unfavorable,6
quitted,6
leaf,6
neighborhood,6
trainings,6
combination,6
processes,6
sought,6
scenarios,6
exert,6
indulging,6
departments,6
walked,6
semesters,6
england,6
rubbish,6
stale,6
opt,6
identify,6
relieved,6
logical,6
instrument,6
disadvantaged,6
bloom,6
sticking,6
nicotin,6
meel,6
football,6
sucking,6
jack,6
commonsense,6
plunge,6
preserve,6
blows,6
seoul,6
casually,6
g,6
exhausting,6
nights,6
childish,6
ending,6
restrain,6
opposition,6
liberties,6
threats,6
laboratory,6
harmless,6
convince,6
accused,6
finger,6
restuarant,6
deceived,6
expectant,6
meanings,6
knock,6
lightly,6
climbing,6
planned,6
occupies,6
infant,6
acquaintance,6
sprit,6
initiatives,6
ailment,6
wallpaper,6
pension,6
initial,6
technique,6
﻿more,6
passengers,6
gesture,6
eu,6
justice,6
amusement,6
deserves,6
stricter,6
prosperous,6
blindly,6
dire,6
replaced,6
smelt,6
temperature,6
president,6
fires,6
paragraphs,6
laid,6
input,6
debates,6
﻿not,6
substitute,6
tidy,6
accustom,6
directions,6
enthusiasm,6
specialty,6
mini,6
incidence,6
mere,6
imaging,6
motto,6
testing,6
blessing,6
hefty,6
player,6
supposedly,6
cheer,6
sees,6
slave,6
relating,6
healthful,6
taspo,6
constitute,6
owe,6
ect,6
heat,6
diminished,6
motion,6
resolved,6
laugh,6
silent,6
fold,6
belonging,6
helper,6
interviewer,6
captured,6
campaigning,6
overlooked,6
squares,6
endurance,6
spots,6
craving,6
pakistani,6
findings,6
re,6
asian,6
occurring,6
grants,6
incurable,6
criticized,6
yeah,6
prolong,6
tree,6
quote,6
reliant,6
unknown,6
commodities,6
stains,6
recession,6
kingdom,6
supper,6
mucus,6
polish,6
exact,6
expences,6
deficiency,6
reveal,6
eradicated,6
hookah,6
populace,6
dictates,6
vessels,5
buds,5
cease,5
district,5
emits,5
bore,5
scold,5
conscience,5
guns,5
livings,5
﻿tobacco,5
pointless,5
beloved,5
succeeded,5
globe,5
canner,5
discretion,5
calmly,5
succumb,5
supervisor,5
agers,5
studing,5
fried,5
la,5
limitation,5
ventilator,5
l,5
lift,5
injuries,5
independency,5
outweighs,5
legitimate,5
connects,5
hoc,5
couch,5
objections,5
chores,5
farmers,5
uproot,5
friday,5
endangering,5
lowers,5
gentle,5
youngest,5
privately,5
nursing,5
neat,5
criticize,5
donald,5
refreshment,5
mealtime,5
esp,5
images,5
gathered,5
voluntary,5
holistic,5
relieves,5
elegant,5
dearness,5
inconveniences,5
odour,5
reception,5
﻿generally,5
tons,5
politics,5
hateful,5
morally,5
deemed,5
sicknesses,5
styles,5
nicotinism,5
exhaling,5
debatable,5
bare,5
organizational,5
catching,5
launched,5
carpet,5
blue,5
presenter,5
addicting,5
makers,5
subsequent,5
enterprises,5
choking,5
recognition,5
surviving,5
drift,5
chloride,5
excuses,5
prudent,5
weapon,5
stages,5
incorrect,5
detriment,5
chase,5
battle,5
sir,5
vegetables,5
legislators,5
thanked,5
attained,5
tedious,5
objectives,5
inform,5
strikes,5
argues,5
tens,5
mastered,5
bases,5
taboo,5
weed,5
cocaine,5
erase,5
sixth,5
afterwards,5
square,5
rental,5
﻿nobody,5
distracting,5
overnight,5
destructive,5
exceeds,5
diligently,5
haram,5
summers,5
pbuh,5
societal,5
snuff,5
systematic,5
asthmatic,5
aggressive,5
targets,5
unwind,5
musical,5
portfolios,5
jeopardizes,5
angle,5
breach,5
strengths,5
cds,5
messages,5
insisted,5
obsessed,5
preview,5
fool,5
interviewers,5
invading,5
fathers,5
persuading,5
marginalized,5
cafeterias,5
maintenance,5
companions,5
chip,5
tense,5
bat,5
illustrate,5
willingness,5
irreversible,5
lightened,5
voices,5
animal,5
motorcycle,5
lady,5
laryngeal,5
shoe,5
seminar,5
mange,5
sectors,5
coursework,5
visions,5
faithful,5
tooth,5
document,5
ensured,5
bangkok,5
camps,5
flip,5
someplace,5
abnormal,5
treatments,5
predict,5
consciousness,5
exhibit,5
stringent,5
innumerable,5
simplest,5
extinguished,5
chapter,5
﻿during,5
competence,5
displeased,5
courteous,5
upgrade,5
trainer,5
emphasizes,5
chew,5
plates,5
artists,5
criteria,5
adventure,5
pouring,5
estimate,5
investigation,5
cadmium,5
awesome,5
participates,5
fills,5
halfway,5
viewpoints,5
somepeople,5
magazines,5
disliked,5
combining,5
condemned,5
fother,5
weekdays,5
﻿cigarettes,5
hepatitis,5
boundary,5
arrives,5
admire,5
breast,5
attended,5
dramatic,5
premiums,5
enabled,5
frame,5
purchasing,5
forgiven,5
informal,5
teenages,5
involuntary,5
milk,5
contradiction,5
noticeable,5
complements,5
pavement,5
﻿almost,5
whilst,5
germany,5
channel,5
yield,5
drunk,5
comparatively,5
favour,5
vomit,5
c.,5
supermarkets,5
awkward,5
prominent,5
fancy,5
﻿even,5
documented,5
placement,5
sights,5
learners,5
smocking,5
qualify,5
dirt,5
mankind,5
utility,5
hike,5
heaven,5
troubling,5
hangs,5
effectiveness,5
acid,5
minors,5
illustration,5
﻿why,5
regulatory,5
regulating,5
capital,5
stained,5
dissatisfied,5
dj,5
second-,5
paycheck,5
actors,5
toe,5
wholeheartedly,5
closing,5
performances,5
shopkeeper,5
clam,5
whatsoever,5
dividers,5
decency,5
prime,5
﻿jobs,5
sustenance,5
drivers,5
performs,5
john,5
﻿job,5
barriers,5
companion,5
compound,5
tissue,5
server,5
affordable,5
suppression,5
monitor,5
unkind,5
millionaire,5
sneeze,5
sacrificed,5
garlic,5
fresco,5
concession,5
heroine,5
carelessness,5
translate,5
promising,5
replacement,5
credentials,5
ignores,5
strained,5
occurrence,5
units,5
springs,5
ideally,5
menu,5
residue,5
part?time,5
dislikes,5
unsmoker,5
insights,5
cashiers,5
dancer,5
sites,5
sighted,5
stingy,5
pancreas,5
morals,5
smiling,5
overwhelming,5
guarded,5
livelihood,5
scientist,5
accountability,5
revising,5
romantic,5
illogical,5
enticing,5
calls,5
dance,5
gentlemen,5
mindset,5
inadequate,5
concede,5
discard,5
compositions,5
derived,5
solves,5
messy,5
intermediate,5
alcoholic,5
fastest,5
moved,5
ireland,5
collegian,5
critics,5
lessened,5
constitution,5
bookstore,5
sorrows,5
criticism,5
midst,5
organised,5
banner,5
answered,5
goodness,5
programmer,5
downs,5
deteriorate,5
desperate,5
missed,5
optimistic,5
boredom,5
reflection,5
irregular,5
engineer,5
prestige,5
deserved,5
fortune,5
quietly,5
fruitful,5
schemes,5
bronchial,5
stake,5
charm,5
listened,5
display,5
fags,5
exit,5
particulates,5
resilient,5
tome,5
endless,5
delightful,5
witnessing,5
committing,5
dependability,5
alert,5
incredibly,5
forming,5
particle,5
candy,5
italian,5
demonstrated,5
lingers,5
energies,5
nasal,5
voters,5
donot,5
attentive,5
suffocation,5
pushing,5
comprises,5
emphasizing,5
relates,5
ills,5
gently,5
structure,5
explosion,5
investing,5
topics,5
partying,5
forest,5
fitting,5
everytime,5
welcomed,5
eq,5
tourism,5
sterility,5
campuses,5
tap,5
mealtimes,5
roommates,5
budgets,5
portfolio,5
doubts,5
glance,5
salute,5
publicity,5
exceptionally,5
revealed,5
arguing,5
couples,5
expands,5
compromising,5
aforementioned,5
parental,5
liquor,5
remarkable,5
peter,5
resturants,5
folks,5
moody,5
advices,5
conscientious,5
punishing,5
opponent,5
inspired,5
﻿banning,5
thankfully,5
planes,5
coping,5
fellows,5
salesmen,5
placing,5
undergoing,5
construct,5
permits,5
leisurely,5
recovery,5
disappears,5
housewives,5
phlegm,5
risen,5
wander,5
deliver,5
disperse,5
drawback,5
shirt,5
dedicate,5
izakaya,5
organisation,5
partitions,5
enriched,5
newborn,5
shout,5
th,5
attraction,5
aide,5
d.,5
inter,5
discounts,5
colors,5
prevailing,5
indifferent,5
pattern,5
complained,5
dispute,5
negotiation,5
lotto,5
judged,5
farmer,5
statistical,5
geography,5
wondered,5
hemoglobin,5
trachea,5
ptj,5
poker,5
anxious,5
chicken,5
tears,5
bowling,5
cannot,5
cigretts,5
cards,5
arouse,5
recommendable,5
flammable,5
forgo,5
expel,5
rolled,5
bakery,5
ranks,5
encountering,5
improvements,5
incident,5
safer,5
explanation,5
interviewing,5
lazing,5
hooqa,4
hey,4
substantially,4
imposition,4
manufacture,4
gaseous,4
provision,4
dozens,4
lonely,4
endeavours,4
tall,4
stood,4
wafting,4
bookshop,4
utterly,4
island,4
entrepreneurship,4
reataurants,4
circulatory,4
drawn,4
broader,4
alter,4
examine,4
operators,4
circumference,4
inspite,4
reinforced,4
illegally,4
requiring,4
signed,4
boards,4
surgery,4
canteen,4
disapprove,4
enviorment,4
notification,4
promises,4
kidneys,4
ambitious,4
confront,4
locked,4
maturely,4
sword,4
condemns,4
compel,4
appearing,4
irrespective,4
combines,4
focuses,4
disagreeing,4
acceptance,4
activates,4
decade,4
heed,4
ranges,4
households,4
birthday,4
intentions,4
delivered,4
intensive,4
bullet,4
gourmet,4
beliefs,4
pursued,4
idiot,4
approval,4
leeway,4
prospect,4
mixing,4
meager,4
stylish,4
mrt,4
replied,4
isolate,4
﻿education,4
frown,4
beach,4
unaccepted,4
executives,4
imitation,4
attaining,4
acted,4
inhibit,4
october,4
realization,4
disturbances,4
session,4
scary,4
apparatus,4
transform,4
sidewalks,4
lounges,4
consisted,4
﻿because,4
alignment,4
pet,4
facets,4
impractical,4
pour,4
openings,4
tailor,4
tie,4
contamination,4
fingers,4
clarify,4
abolish,4
extending,4
choked,4
motive,4
plague,4
passers,4
demarcated,4
waters,4
wards,4
ensures,4
managements,4
impede,4
rain,4
theatres,4
stimulus,4
pound,4
noon,4
olds,4
associates,4
remedy,4
assured,4
boon,4
translates,4
clearing,4
density,4
rough,4
haigan,4
apparent,4
bodily,4
suite,4
naphthalene,4
discriminated,4
sucker,4
cling,4
promotes,4
pen,4
treating,4
hosted,4
stinks,4
okonomiyaki,4
germs,4
objectively,4
arrangements,4
divides,4
cafés,4
tracheal,4
aggravating,4
puzzled,4
buck,4
objection,4
orderly,4
bless,4
combustion,4
parking,4
todays,4
willpower,4
error,4
junk,4
burger,4
lessens,4
uncivilized,4
marijuana,4
ethical,4
severity,4
weaknesses,4
seeds,4
liability,4
chimney,4
circulates,4
innocence,4
unhygienic,4
robbery,4
copd,4
wafts,4
choke,4
detracts,4
chairs,4
packaging,4
builders,4
advertisers,4
wool,4
abstainers,4
stain,4
march,4
wins,4
coordinate,4
embarrassing,4
aids,4
tighten,4
packing,4
spoke,4
settles,4
inherent,4
detriments,4
sniff,4
defected,4
river,4
ignoring,4
aunt,4
jt,4
terrifying,4
screwed,4
chair,4
centuries,4
refreshed,4
adolescence,4
embrace,4
shoud,4
angles,4
calling,4
wildly,4
mush,4
sufficiency,4
appointed,4
export,4
percents,4
unsafe,4
backwards,4
deposit,4
lying,4
infringed,4
lining,4
pertinent,4
symptom,4
wastefully,4
beats,4
posted,4
﻿our,4
spark,4
yuan,4
degrade,4
consensus,4
urged,4
festival,4
insistence,4
categorized,4
traps,4
pillar,4
taipei,4
signore,4
menus,4
metric,4
﻿actually,4
uneasiness,4
manual,4
neighboring,4
economist,4
diseased,4
thrust,4
reserved,4
uproar,4
airtight,4
fish,4
k.,4
pump,4
deceases,4
sane,4
gentleman,4
assemble,4
judging,4
bind,4
toddlers,4
strengthened,4
slept,4
organisations,4
reprimand,4
specification,4
janitor,4
prayer,4
dairy,4
mistaken,4
freetime,4
undertaken,4
additive,4
disappointment,4
musician,4
landing,4
littered,4
realistically,4
freshness,4
horses,4
allotment,4
nutrients,4
shine,4
combat,4
incur,4
cramming,4
﻿before,4
ventilate,4
emission,4
contest,4
jeopardize,4
badness,4
cast,4
hamburger,4
cakes,4
checks,4
manufacturers,4
quantities,4
representative,4
partake,4
modules,4
proudly,4
lowly,4
stipulated,4
handing,4
polution,4
habitually,4
repulsive,4
nineteen,4
miles,4
certified,4
paced,4
physiology,4
reaps,4
timely,4
interpretation,4
railway,4
miniature,4
obeyed,4
owning,4
impoverished,4
officially,4
servicing,4
accessible,4
warns,4
blockage,4
biased,4
celebrities,4
flunked,4
lifelong,4
continent,4
walter,4
surfaces,4
restless,4
sins,4
flame,4
notebook,4
goverment,4
creat,4
syllabus,4
homeworks,4
unclear,4
spared,4
hood,4
roughly,4
plentiful,4
transmission,4
exploring,4
mutual,4
permitting,4
sufferings,4
disruption,4
grandma,4
firing,4
shapes,4
dresses,4
rainy,4
ordinance,4
affluent,4
exponentially,4
lowering,4
criticise,4
appliances,4
effecting,4
shares,4
missions,4
girlfriends,4
poll,4
opine,4
republic,4
cheating,4
motor,4
outnumber,4
adapted,4
deteriorates,4
distinction,4
sunshine,4
sophomore,4
competitors,4
smokeless,4
gardening,4
experence,4
outlawed,4
unwritten,4
nightclub,4
season,4
mercy,4
multitasking,4
alarms,4
lawyer,4
abundance,4
conference,4
sorrow,4
﻿taking,4
inflict,4
decorated,4
rigid,4
disagreement,4
drops,4
dreaming,4
heating,4
philosophy,4
admirable,4
versus,4
wore,4
anyways,4
bonds,4
screen,4
blessed,4
crave,4
tackled,4
atmospheres,4
collective,4
concurrently,4
unfriendly,4
finely,4
patron,4
passer,4
fuel,4
matches,4
bounded,4
compliance,4
defeat,4
ha,4
exceeding,4
puffs,4
fluently,4
noble,4
cruelty,4
technically,4
openly,4
vegetable,4
nonsensical,4
healthily,4
siam,4
habitat,4
moderate,4
degradation,4
shs,4
screw,4
weakens,4
association,4
breaths,4
crying,4
dogs,4
﻿life,4
transferred,4
pink,4
hoe,4
inhalers,4
sigh,4
baking,4
ears,4
controls,4
abide,4
piled,4
columbus,4
legislated,4
architecture,4
potentiality,4
alot,4
belonged,4
acquainted,4
culinary,4
problematic,4
badminton,4
﻿are,4
frustrations,4
crew,4
industrious,4
mail,4
registered,4
rupiahs,4
mechanism,4
floats,4
prevalent,4
slower,4
taxing,4
discovering,4
deem,4
cigarret,4
feedback,4
associations,4
feature,4
declined,4
awaits,4
separates,4
meaningfully,4
hierarchy,4
unsightly,4
studding,4
pie,4
reactions,4
clinic,4
empathize,4
describes,4
quid,4
unhealthful,4
disposed,4
penny,4
cardiac,4
fever,4
posts,4
toughness,4
influential,4
impacted,4
concrete,4
province,4
indulged,4
smoother,4
clay,4
hospitalization,4
piatto,4
hardest,4
yummy,4
artist,4
afterward,4
biological,4
genes,4
autonomy,4
grill,4
eighty,4
disciplined,4
politicians,4
organisational,4
fashioned,4
upbringing,4
accidently,4
measured,4
alongside,4
honed,4
setbacks,4
bury,4
toilets,4
establishes,4
voluntarily,4
pare,4
scattered,4
clock,4
negligence,4
taxation,4
muscle,4
silly,4
advocating,4
cooperative,4
comprehension,4
azam,4
pens,4
backward,4
incentives,4
sympathy,4
stability,4
mitigate,4
consistently,4
communicative,4
enviroment,4
urgency,4
congregate,4
repeated,4
racing,4
hut,4
prerequisite,4
legislative,4
remuneration,4
——,4
pile,4
elimination,4
inspirations,4
gamble,4
suffice,4
backbone,4
february,4
propaganda,4
clothe,4
filthy,4
dawn,4
pats,4
essays,4
interviewed,4
disliking,4
fought,4
duration,4
annual,4
perceive,4
posed,4
outing,4
kindness,4
grate,4
settings,4
counseling,4
countrywide,4
insignificant,4
bike,4
worsened,4
graphic,4
hospitality,4
neck,4
watering,4
swim,4
offense,4
counties,4
aspire,4
monitoring,4
lip,4
agenda,4
tire,4
palate,4
welcoming,4
abstract,4
longevity,4
doer,4
foreigner,4
conveniently,4
universe,4
refused,4
sheet,4
worsens,4
condone,4
gallery,4
miscarriage,4
sanitary,4
wc,4
devoting,4
finaly,4
trusted,4
shelves,4
inviting,4
dual,4
coexisting,4
evenings,4
innocents,4
isolation,4
daytime,4
phd,4
vascular,4
aboard,4
patronise,4
issued,4
displays,4
counting,4
substrate,4
weakened,4
clinics,4
expectancy,4
univ,4
invades,4
savoring,4
drifts,4
infringing,4
lecturing,4
complement,4
courts,4
thief,4
cigrete,4
underlying,4
odds,4
north,4
rmb,4
beef,4
gates,4
sweep,4
singers,4
physics,4
sharpen,4
unconscious,4
ken,4
bravely,4
mask,4
anther,4
braver,4
ignite,4
lively,4
rests,4
variable,4
mechanical,4
lazier,4
native,4
﻿imagine,4
juniors,4
specialize,4
photographer,4
delighted,4
candle,4
refusing,4
jobless,4
trick,4
crowed,4
gate,4
nightmare,4
m.,4
presenting,4
thesis,4
sponsor,4
implication,4
alcohols,4
portrayed,4
flavour,4
backs,4
instruments,4
faculties,4
traveled,4
hastily,4
aptly,4
tender,4
invested,3
interpreted,3
incidents,3
appreciates,3
savvy,3
discarded,3
clue,3
stiff,3
thrill,3
fifteen,3
unconditional,3
sacrifices,3
shed,3
flu,3
physic,3
deviding,3
tragic,3
frustrating,3
correlation,3
thereof,3
inflated,3
optimal,3
creature,3
engages,3
individually,3
devices,3
imitating,3
cow,3
bacterium,3
phenomena,3
disadvantageous,3
pages,3
lawful,3
peak,3
recognizing,3
diffusion,3
traffic,3
o.,3
iron,3
somethings,3
typing,3
imply,3
occupational,3
advertised,3
ignorance,3
urges,3
athletes,3
spoon,3
sincere,3
overcoming,3
v,3
pushes,3
ties,3
donation,3
finland,3
masses,3
salle,3
windows,3
burnt,3
boom,3
counted,3
underage,3
assertion,3
myriad,3
filial,3
﻿where,3
swallow,3
declining,3
ccas,3
rp,3
premium,3
cautions,3
professionally,3
opposing,3
pot,3
valued,3
contributor,3
regrettably,3
segment,3
exaggeration,3
avoidance,3
prize,3
layer,3
operates,3
soap,3
purchases,3
emerging,3
taiwanese,3
hr,3
entertained,3
chaos,3
rangers,3
discharge,3
varieties,3
afflicted,3
triggers,3
pedestrian,3
eggshell,3
settling,3
submit,3
virus,3
bond,3
cravings,3
maladies,3
irony,3
encroach,3
sucked,3
respectively,3
drags,3
quarter,3
prevails,3
bush,3
indication,3
vanish,3
failures,3
arisen,3
ceases,3
malfunction,3
bubble,3
fingernails,3
intoxicated,3
u,3
outrageous,3
sensory,3
varying,3
page,3
laying,3
offenders,3
slot,3
peroid,3
accepts,3
foetus,3
sences,3
justify,3
neet,3
influencing,3
operator,3
scratch,3
preliminary,3
beneficially,3
spirits,3
﻿let,3
gardens,3
profile,3
privileges,3
busying,3
masters,3
trading,3
possessions,3
ball,3
instill,3
stills,3
disallowing,3
channels,3
joys,3
pounds,3
ancient,3
petty,3
lighters,3
outlet,3
supervise,3
confines,3
paralysis,3
surly,3
heading,3
rendering,3
saves,3
painting,3
assure,3
walkways,3
messes,3
align,3
rally,3
feared,3
briefly,3
comprehend,3
grammar,3
secures,3
powder,3
consumes,3
passions,3
analyse,3
impulse,3
apparel,3
margin,3
boils,3
taxpayers,3
revisit,3
retire,3
biochemistry,3
bi,3
extraordinary,3
stocks,3
overdue,3
part−time,3
seekers,3
autonomous,3
seasonal,3
savor,3
induces,3
﻿speaking,3
renting,3
flyers,3
spilled,3
nurturing,3
forge,3
indisputable,3
smack,3
toxicity,3
snacks,3
stir,3
diffuses,3
thriftiness,3
enrol,3
circular,3
distributed,3
obeying,3
suffocating,3
undertake,3
curtains,3
eatable,3
suffocate,3
mundane,3
kinder,3
observations,3
ceremonies,3
render,3
youngs,3
surge,3
dynamic,3
servant,3
ojt,3
﻿firstly,3
tumors,3
pronounced,3
secured,3
mokers,3
characteristic,3
obstruct,3
ear,3
professionalism,3
cappella,3
discriminatory,3
murdering,3
soften,3
overspending,3
quiz,3
﻿government,3
beware,3
arigatou,3
protested,3
publishing,3
robbing,3
pressed,3
shortened,3
fulfilled,3
mechanic,3
challenged,3
civilian,3
gal,3
election,3
genuine,3
hassle,3
grip,3
safeguards,3
replacing,3
biology,3
carefree,3
unpleasantness,3
blew,3
slack,3
kindles,3
flaver,3
smok,3
treats,3
interruption,3
cleared,3
hearty,3
recover,3
gestational,3
setup,3
naive,3
wings,3
mate,3
pets,3
outcomes,3
kicked,3
converse,3
exercised,3
attendance,3
verity,3
disers,3
childs,3
returant,3
enormously,3
violations,3
addictions,3
hamper,3
photo,3
slums,3
equips,3
dental,3
lunges,3
forwards,3
﻿experience,3
court,3
self-,3
cigrette,3
﻿hong,3
rationale,3
fragile,3
earner,3
patronised,3
misunderstand,3
accompanied,3
touched,3
enhanced,3
wok,3
dynamics,3
deplore,3
highlight,3
frugal,3
bankruptcy,3
haven,3
invention,3
suppressed,3
blooms,3
underwent,3
exchanged,3
appease,3
prompt,3
amusing,3
discontinue,3
conserve,3
approaching,3
menial,3
attacked,3
gathers,3
detractors,3
proficiency,3
compassionate,3
materialistic,3
debating,3
presumably,3
hypnosis,3
collecting,3
irrefutable,3
honors,3
somking,3
relies,3
enforcing,3
mold,3
paragon,3
holes,3
le,3
peple,3
varsity,3
reunion,3
instinct,3
7/11,3
silver,3
bb,3
curricula,3
devils,3
prison,3
lobby,3
nationality,3
liege,3
intervals,3
lunge,3
york,3
exits,3
desperately,3
film,3
mach,3
flunk,3
targeted,3
shortness,3
unrelated,3
salon,3
comic,3
shouting,3
contemplating,3
recognised,3
rampant,3
disobeying,3
unlucky,3
depart,3
gon,3
tine,3
restraunt,3
tightly,3
cordoned,3
medicines,3
grain,3
fairer,3
physicians,3
poors,3
declaration,3
tear,3
workshop,3
kidding,3
collects,3
liang,3
quadrant,3
irrational,3
acquaintances,3
glasses,3
blown,3
song,3
lf,3
diplomas,3
appointment,3
rural,3
africa,3
lawyers,3
delayed,3
makeup,3
brake,3
mid,3
chamber,3
recite,3
visual,3
fertility,3
wikipedia,3
jakarta,3
nursery,3
conferences,3
teammates,3
footpath,3
policeman,3
intent,3
maintains,3
sin,3
remembered,3
sellers,3
mysterious,3
bend,3
developments,3
directed,3
yakiniku,3
clogged,3
devil,3
gleaned,3
communist,3
truthfully,3
impatient,3
regrets,3
costomer,3
hamburgers,3
risking,3
worrisome,3
scenes,3
indulgence,3
familial,3
longtime,3
educations,3
surface,3
yellowish,3
ph,3
avenues,3
escaping,3
subsidies,3
boiled,3
endangered,3
addressed,3
suburbs,3
competitiveness,3
recruiting,3
naughty,3
spiritual,3
osefagus,3
branded,3
invent,3
practicality,3
sums,3
blossom,3
wood,3
﻿based,3
mixture,3
na,3
exhaustion,3
instructions,3
hotly,3
calculated,3
forceful,3
unpleased,3
wound,3
shortages,3
consciously,3
jewelry,3
abandoning,3
competing,3
vigor,3
surveyed,3
impressions,3
midterm,3
royal,3
reproductive,3
foreseeable,3
players,3
dig,3
civic,3
rank,3
bomb,3
celebrated,3
tape,3
oecd,3
fraulein,3
minus,3
pointing,3
zoo,3
overestimated,3
stomachache,3
quran,3
pales,3
pants,3
burdensome,3
fore,3
lee,3
descendant,3
tours,3
mustly,3
reckoning,3
rigidly,3
debilitating,3
r,3
peop,3
disobeyed,3
attributes,3
wooden,3
champagne,3
speeches,3
kaohsiung,3
exclusive,3
huqqa,3
mercury,3
peole,3
evaluated,3
holders,3
provinces,3
feeble,3
misunderstanding,3
mans,3
modest,3
professions,3
sticker,3
tings,3
notes,3
norway,3
incriminated,3
richest,3
behaving,3
contributions,3
deadlines,3
aptitudes,3
designating,3
domain,3
﻿money,3
tuck,3
dried,3
illiteracy,3
stuffy,3
resturent,3
idly,3
knife,3
christians,3
harmoniously,3
hat,3
rituals,3
parted,3
enabling,3
socialise,3
reasoning,3
east,3
towns,3
terrorists,3
sulphur,3
platforms,3
installed,3
onwards,3
superficial,3
crews,3
recommendation,3
extremist,3
comforting,3
condemning,3
basics,3
buddies,3
entrances,3
extension,3
aggravate,3
farm,3
endeavors,3
engulfed,3
linking,3
rushing,3
compensated,3
squirt,3
wave,3
unpleasure,3
norms,3
transferable,3
bursary,3
fatigued,3
overweigh,3
drinkers,3
paramount,3
organizer,3
reap,3
attest,3
baths,3
disbanded,3
scented,3
removal,3
decisive,3
salt,3
diagnosed,3
excite,3
initiate,3
fifthly,3
crashes,3
﻿millions,3
1/3,3
singaporeans,3
shameful,3
equipping,3
dates,3
pleasing,3
littering,3
certification,3
anticipate,3
riches,3
songs,3
tutorials,3
rolls,3
insecurity,3
grocery,3
"﻿""smoking",3
disappoint,3
imminent,3
wrinkled,3
bitterly,3
osaka,3
keepers,3
interior,3
﻿getting,3
specified,3
smugglers,3
districts,3
mistakenly,3
rightly,3
juveniles,3
paragraph,3
nagoya,3
vacancies,3
skeptics,3
dealings,3
creatures,3
denied,3
applaud,3
sorted,3
soccer,3
gratitude,3
objectionable,3
researched,3
dressing,3
mr.,3
weapons,3
preoccupied,3
defining,3
lure,3
cherished,3
dusk,3
designers,3
articles,3
definite,3
tasteless,3
spouse,3
tide,3
collaboration,3
sculpture,3
merchandise,3
sitter,3
behooves,3
amidst,3
smokings,3
robs,3
verbal,3
situated,3
wishing,3
manila,3
sue,3
cross,3
joking,3
delicacies,3
overly,3
cinemas,3
minimizing,3
supplier,3
coworker,3
british,3
outreach,3
benefiting,3
artery,3
conception,3
elections,3
ozone,3
balcony,3
errors,3
firms,3
smiles,3
reproduce,3
populated,3
excels,3
hockey,3
sanctions,3
gray,3
specialists,3
costing,3
exacerbated,3
maturation,3
transitional,3
spoken,3
documents,3
countryside,3
labeled,3
incorporate,3
vendors,3
unpleasantly,3
interns,3
habbit,3
likelihood,3
expend,3
resolute,3
noting,3
silently,3
subscribe,3
shaping,3
volunteers,3
huqa,3
disadvantanges,3
intension,3
labours,3
overwork,3
remover,3
inflammable,3
compartment,3
mile,3
soi,3
remote,3
fittest,3
bigc,3
witnessed,3
carefulness,3
integrate,3
deposits,3
centered,3
radical,3
collegues,3
prosper,3
unconstitutional,3
screens,3
charges,3
opportune,3
explaining,3
las,3
foresee,3
hurtful,3
lawsuits,3
extraction,3
dulls,3
invited,3
giant,3
modeling,3
discriminates,3
utilitarian,3
immerse,3
disabilities,3
owns,3
broccoli,3
bladder,3
advises,3
safeguard,3
individuality,3
tested,3
documentaries,3
ward,3
disagreeable,3
amaze,3
believer,3
reminding,3
advent,3
charms,3
reliever,3
noxious,3
alienating,3
min,3
excluded,3
drifting,3
dizziness,3
﻿just,3
hoqqa,3
insensitive,3
twenties,3
quo,3
cooler,3
commuting,3
irritations,3
intrude,3
honours,3
pillars,3
reminds,3
honour,3
progressing,3
guilt,3
modify,3
grad,3
ager,3
enjoyments,3
shoudn't,3
distant,3
assumption,3
italy,3
segregated,3
website,3
lotus,3
indefinitely,3
insure,3
muhammad,3
misleading,3
generates,3
buyer,3
retain,3
corruption,3
fed,3
influent,3
exhibition,3
manufacturing,3
bye,3
statuses,3
ischemic,3
handout,3
kicking,3
fist,3
distasteful,3
acetone,3
differing,3
acknowledging,3
pulse,3
changeable,3
omit,3
idol,3
smokey,3
july,3
reads,3
macdonald,3
miscarry,3
glory,3
natures,3
questioned,3
terror,3
incomplete,3
recklessly,3
accountable,3
﻿indonesia,3
instructor,3
conservation,3
wild,3
sciences,3
curing,3
ngos,3
tabacco,3
intercept,3
habituation,3
yard,3
considers,3
theatre,3
maker,3
territory,3
footing,3
gratify,3
selectively,3
assess,3
prohibitting,3
richness,3
realizes,3
remark,3
gloomy,3
boosting,3
grandparents,3
ot,3
administrate,3
activites,3
monster,3
disabled,3
evolution,3
socialism,3
vapor,3
listing,3
electric,3
irritant,3
pave,3
repent,3
defiantly,3
y,3
shield,3
induced,3
sofa,3
wondering,3
humble,3
elect,3
stinking,3
ne,3
unachievable,3
easiness,3
dunhill,3
restuarants,3
names,3
termed,3
inhuman,3
abused,3
fabulous,3
narrowed,3
chimneys,3
forbade,3
cholesterol,3
attaching,3
legislature,3
subsidy,3
fulfilment,3
temper,3
disagreed,3
undivided,3
shyness,3
trendy,3
pragmatic,3
committee,3
devastating,3
www,3
juice,3
gun,3
tricks,3
sealed,3
conveys,3
complexity,3
constructive,3
luckily,3
texas,3
probable,3
backlash,3
enlightenment,3
digesting,3
healths,3
complicate,3
retained,3
evade,3
lifework,3
husbands,3
liquid,3
sink,3
constitutes,3
prevail,3
notions,3
negligible,3
lasting,3
restore,3
distrub,3
cheaply,3
fireplace,3
observation,3
contend,3
comfy,3
relevance,3
lavishly,3
entity,3
edit,3
timetables,3
glow,3
progression,3
reconsider,3
hurdle,3
banquet,3
reflected,3
checked,3
tars,3
doze,3
deterioration,3
fragrance,3
fetuses,3
misuse,3
digestion,3
﻿agrees,3
sticky,3
strengthens,3
lingering,3
neighbourhood,3
explosive,3
inefficiency,3
receivers,3
zero,3
﻿though,3
tech,3
raw,3
pastime,3
supporter,3
edged,3
gutty,3
orientation,3
upheld,3
delicate,3
recycled,3
subsidized,3
necessaries,3
wipe,3
efficacy,3
policing,3
override,3
draining,3
functional,3
idiots,3
actives,3
plastic,3
fabric,3
identities,3
sidestream,3
hardwork,3
trial,3
temporal,3
quits,3
greener,3
unworthy,3
tart,3
wrapped,3
translator,3
committees,3
lecturers,3
bombarded,3
sac,3
dishwasher,3
interviewees,3
discos,3
soda,3
london,3
barbecuing,3
shadow,3
cheat,3
disposal,3
cruise,3
operations,3
tops,3
inefficient,3
caveat,3
avoids,3
hatful,3
odours,3
assault,3
pertaining,3
implements,3
patch,3
ciggerate,3
leaved,3
schoolmates,3
writers,3
devide,3
mill,3
marlboro,3
hotter,3
rooted,3
leak,3
rupees,3
copies,3
flies,3
cigaretts,3
retired,3
caf辿,3
rightfully,3
india,3
fails,3
examined,3
sanction,3
maximise,3
posting,3
string,3
undermine,3
graduations,3
lifts,3
formula,3
enrollment,3
syndrome,3
k,3
inculcate,3
genuinely,2
tank,2
obesity,2
jury,2
cheers,2
reliability,2
dread,2
economies,2
merge,2
experimented,2
partitioned,2
snowball,2
lobbies,2
usefulness,2
gladden,2
addressing,2
unenjoyable,2
aches,2
aspiring,2
photographs,2
eyesight,2
trays,2
graver,2
dressed,2
animation,2
listens,2
privet,2
confer,2
judgement,2
advancing,2
advocated,2
knowlegde,2
cuz,2
residence,2
hairs,2
australian,2
german,2
punctually,2
worldview,2
pharynx,2
clears,2
estate,2
tartar,2
kumon,2
disputes,2
requirments,2
expanses,2
panda,2
woods,2
refugees,2
inatmoshphare,2
depress,2
starving,2
elevation,2
apartments,2
sympathetic,2
invariably,2
yesterday,2
ceremony,2
intercourse,2
seafood,2
ego,2
employments,2
adjacent,2
pizzamaru,2
minimise,2
gradate,2
andrews,2
cop,2
coordination,2
clotting,2
slip,2
harassment,2
fasting,2
insert,2
epidemic,2
mole,2
searches,2
conservative,2
nave,2
guarantees,2
nut,2
unjust,2
jeans,2
discontentment,2
shirts,2
arteries,2
﻿on,2
macro,2
unkempt,2
deterrence,2
stressing,2
capitalist,2
bahts,2
summing,2
dharma,2
repress,2
accomplished,2
scorn,2
strips,2
unfavourable,2
alfresco,2
installments,2
notified,2
spontaneously,2
coffeeshops,2
subordinates,2
servants,2
leaflet,2
preparedness,2
supervised,2
greetings,2
plaza,2
celebrate,2
earphones,2
mornings,2
solidifying,2
instils,2
collge,2
cans,2
tedium,2
behaved,2
counterproductive,2
knitting,2
charging,2
absurdly,2
relied,2
alerted,2
staggering,2
crack,2
compressed,2
ton,2
cheroots,2
arousing,2
intolerant,2
plagued,2
selective,2
recompense,2
disciplines,2
specialties,2
perils,2
fantasy,2
domains,2
overstate,2
anomaly,2
imbalance,2
executed,2
shinkansen,2
definitions,2
batteries,2
biting,2
importances,2
analyzing,2
fiji,2
storing,2
writes,2
tribes,2
longed,2
wreck,2
han,2
soldier,2
restauran,2
undoubted,2
fluids,2
studio,2
smarts,2
copied,2
gene,2
harshness,2
selects,2
countrys,2
operas,2
innovation,2
immensely,2
abstainer,2
payed,2
consistency,2
deficit,2
stolen,2
multinational,2
roots,2
inquire,2
exacerbate,2
heaving,2
puzzles,2
envoirment,2
smoing,2
seventh,2
unborned,2
dines,2
nay,2
unstable,2
shouldering,2
stamp,2
solidify,2
slap,2
persecuted,2
unattractive,2
clashes,2
sauce,2
hatred,2
earners,2
cutthroat,2
brochures,2
strongest,2
grind,2
entirety,2
steaks,2
restate,2
copying,2
terminus,2
magnified,2
congregating,2
succumbing,2
prefers,2
pleases,2
sleepless,2
rated,2
don'ts,2
nnk,2
defines,2
importing,2
returned,2
cubicle,2
amplified,2
sapiens,2
troubleshooting,2
unuseful,2
90s,2
frighten,2
subconsciously,2
bandung,2
intuitive,2
hungriness,2
soldiers,2
guidelines,2
regrettable,2
brandname,2
cooperates,2
attachment,2
victom,2
aesthetic,2
﻿ever,2
entail,2
discriminate,2
4:30,2
frivolous,2
diversify,2
honing,2
overdo,2
intestines,2
bluntly,2
ongoing,2
downsides,2
spikes,2
stimulating,2
pairs,2
outsiders,2
thrive,2
neighbours,2
productively,2
heartedly,2
finishes,2
tutions,2
purchased,2
finical,2
formidable,2
tb,2
kings,2
chars,2
repeatedly,2
slavery,2
baker,2
victum,2
hybrid,2
globally,2
﻿smoke,2
realm,2
ntd,2
sme,2
originated,2
mouse,2
passenger,2
bravery,2
relaxant,2
attentions,2
confusion,2
reservations,2
labels,2
olfactory,2
accumulates,2
saga,2
exemp,2
passerby,2
september,2
didn't,2
metabolism,2
commodity,2
collar,2
﻿non,2
julyeonaga,2
remedies,2
freest,2
prioritized,2
discomfortable,2
obligatory,2
guides,2
taxpayer,2
fame,2
rome,2
desert,2
exorbitant,2
hats,2
fade,2
restautants,2
preceded,2
weird,2
interrupting,2
adductor,2
hopeless,2
crossing,2
inflammation,2
underdeveloped,2
hierarchical,2
intolerable,2
boggles,2
oishi,2
interning,2
arguable,2
﻿without,2
toss,2
mediocre,2
videos,2
socio,2
hobbit,2
attainable,2
gentlemanly,2
destined,2
sterile,2
partaking,2
wordly,2
doings,2
persists,2
undergone,2
entertains,2
heights,2
cavities,2
pa,2
preciousness,2
deserving,2
delisious,2
abhor,2
dedicating,2
unease,2
faint,2
ended,2
displayed,2
nai,2
precautions,2
smokig,2
tha,2
sudents,2
skilful,2
obligated,2
interiors,2
joyous,2
measurement,2
unequal,2
ther,2
landlord,2
disgruntled,2
distinctiveness,2
eggs,2
labors,2
sharpening,2
discriminating,2
dreamed,2
deterrent,2
painfully,2
contention,2
﻿sometimes,2
sensitivity,2
bernhardt,2
foresight,2
crossed,2
philippine,2
alas,2
decks,2
mindful,2
microsoft,2
rightful,2
abnormality,2
extravagantly,2
crazily,2
thoracic,2
blouse,2
implant,2
stirs,2
abortion,2
deserted,2
encompass,2
protesting,2
guards,2
vistas,2
travelers,2
tournament,2
:d,2
clubbing,2
battery,2
investor,2
homo,2
overpowers,2
frontline,2
bursaries,2
hb,2
gear,2
boutique,2
milestone,2
discontent,2
needful,2
dictatorial,2
outcry,2
vent,2
existent,2
crushing,2
acceptably,2
undisputable,2
tantamount,2
purse,2
outsides,2
unheard,2
attendants,2
den,2
remittance,2
aquino,2
sphere,2
misery,2
siblings,2
dignity,2
chewed,2
mosque,2
don't,2
gasoline,2
bacause,2
chews,2
vitamin,2
enhancements,2
misused,2
nightlife,2
develope,2
dong,2
quest,2
bystander,2
informational,2
uncertain,2
crippling,2
phenomenal,2
exploration,2
racial,2
admin,2
rocket,2
patronage,2
untidy,2
appeased,2
nauseating,2
additions,2
subside,2
hypocritical,2
gory,2
entrepreneurs,2
systematically,2
technologies,2
integral,2
jeopardise,2
closet,2
﻿several,2
builder,2
rallies,2
afghan,2
breadwinner,2
mba,2
theft,2
mills,2
raleigh,2
﻿drugs,2
huka,2
complication,2
absorbing,2
patches,2
daft,2
brit,2
caffeine,2
hollywood,2
temples,2
skipping,2
speaker,2
unstoppable,2
carbonic,2
distances,2
theses,2
lump,2
trainee,2
philosopher,2
version,2
academies,2
fesses,2
unhealthier,2
comer,2
fot,2
preferably,2
blocking,2
incomprehensible,2
thoughtlessly,2
dormitories,2
weddings,2
lavish,2
senseless,2
esophagus,2
prefect,2
airplanes,2
creams,2
motomachi,2
unwillingness,2
-to,2
gateway,2
miramar,2
cellular,2
immeasurable,2
f.,2
vivid,2
luring,2
citizenship,2
lures,2
longing,2
deseases,2
enthusiastically,2
feast,2
robbed,2
wang,2
overcame,2
intimidate,2
stank,2
hold'em,2
visionary,2
impart,2
principal,2
ore,2
thumbs,2
ring,2
struggled,2
familiy,2
environs,2
loneliness,2
stakeholders,2
degeneration,2
restrains,2
flourish,2
arrest,2
meats,2
gallup,2
envolved,2
therapies,2
laser,2
pacifist,2
folding,2
intervene,2
abnormalities,2
soaks,2
detect,2
erased,2
rescue,2
18th,2
disrupted,2
salvation,2
punishments,2
straining,2
reluctance,2
reckless,2
dated,2
nap,2
frightened,2
radius,2
forte,2
unbanned,2
demarcation,2
curiousity,2
infact,2
pungent,2
destruct,2
throats,2
argumentation,2
unto,2
accurate,2
marginal,2
draws,2
evidently,2
enveloped,2
cap,2
grasping,2
medication,2
paralyzed,2
complains,2
carriers,2
wasp,2
approached,2
cracked,2
craftsmanship,2
malicious,2
sew,2
thirteen,2
porter,2
pill,2
producer,2
sociology,2
errands,2
affiliated,2
catastrophe,2
happiest,2
deprivation,2
truant,2
complexes,2
oppression,2
randomly,2
50s,2
ceiling,2
smorking,2
texts,2
plat,2
legs,2
lookout,2
towers,2
adopts,2
sojunghamdo,2
deviating,2
pte,2
elected,2
favourable,2
16th,2
questionnaire,2
abstinence,2
softly,2
snare,2
handicapped,2
communion,2
concluding,2
qaulity,2
obscene,2
tone,2
ship,2
unavailable,2
solitude,2
scatter,2
themselve,2
interestingly,2
remembering,2
lord,2
forgets,2
averages,2
membership,2
enlightened,2
hits,2
foothold,2
﻿teenagers,2
euros,2
distinguished,2
graceful,2
automatic,2
smocks,2
obstinate,2
beam,2
publicities,2
overweight,2
heighten,2
unpopular,2
wii,2
uselessly,2
gravely,2
fostering,2
simplified,2
housekeeping,2
starters,2
pasta,2
insanitary,2
violent,2
mortal,2
soled,2
ornament,2
discontinued,2
receptionists,2
fukuryu,2
permeate,2
movements,2
honorably,2
feces,2
neatly,2
dept,2
﻿someone,2
believing,2
draconian,2
homicide,2
healthly,2
stemming,2
manufacturer,2
thirst,2
crops,2
declines,2
evoke,2
reciprocal,2
formulate,2
menace,2
flawed,2
cheerfully,2
seas,2
innate,2
oranges,2
blooming,2
prayers,2
doubtful,2
potentialities,2
hanta,2
questionable,2
mently,2
ischemia,2
vulgarity,2
afghanistan,2
prescribed,2
trends,2
penetrates,2
physique,2
﻿very,2
settled,2
speaks,2
worthily,2
buffalo,2
ingest,2
matured,2
cents,2
vacate,2
learnings,2
overworked,2
simulate,2
aslo,2
waves,2
geed,2
elegance,2
aromatic,2
pig,2
requisite,2
automobile,2
intervention,2
improperly,2
impressing,2
contradictory,2
motives,2
ecology,2
dictated,2
pencil,2
tom,2
vat,2
yellowing,2
bears,2
grace,2
wives,2
violators,2
physiological,2
verbally,2
reserves,2
practised,2
dangeorus,2
desease,2
spg,2
communal,2
motivating,2
consecutive,2
cam,2
budge,2
diverge,2
amuse,2
fairness,2
commonality,2
rounds,2
laborers,2
seperated,2
chats,2
resent,2
uphold,2
fir,2
inconvenienced,2
haste,2
governors,2
rend,2
foggy,2
dusty,2
monday,2
superb,2
shelters,2
dreadfully,2
winner,2
balances,2
returning,2
maked,2
stimulant,2
spaghetti,2
mommy,2
infecting,2
agony,2
rings,2
requests,2
adventages,2
tendencies,2
comics,2
freed,2
annually,2
preciously,2
mentors,2
mantly,2
flesh,2
participated,2
10:00,2
inferiority,2
carriage,2
poloicy,2
biger,2
renowned,2
repeats,2
uncontrollably,2
athlete,2
compounding,2
striking,2
subtle,2
breakers,2
responses,2
denial,2
bones,2
hesitated,2
europeans,2
polute,2
ambiences,2
dispersed,2
fashim,2
classifies,2
tended,2
statewide,2
proceeds,2
collector,2
warrant,2
involuntarily,2
bookstores,2
zombie,2
switch,2
secretary,2
minimart,2
﻿apart,2
mac,2
feeding,2
paradise,2
detected,2
surprises,2
transitioning,2
classify,2
disallow,2
pathetic,2
cheese,2
fag,2
sponsorship,2
irks,2
concentrations,2
succumbed,2
utilizing,2
assessment,2
reverse,2
passages,2
recognise,2
minimized,2
translated,2
sap,2
handouts,2
christian,2
privileged,2
imparts,2
vitae,2
wean,2
volatility,2
scream,2
instilling,2
trances,2
acs,2
compelling,2
technician,2
thatting,2
revenues,2
talisman,2
exploited,2
grower,2
retirement,2
retrench,2
arising,2
fork,2
paving,2
displaying,2
saps,2
normalized,2
salespersons,2
sizeable,2
classy,2
sence,2
strenuous,2
deterred,2
unrest,2
oily,2
medicinal,2
infringes,2
explanatory,2
stupidly,2
speciality,2
recharge,2
incurred,2
extensively,2
behalf,2
catastrophic,2
transcripts,2
passersby,2
cripple,2
ti,2
instructive,2
nomikai,2
collages,2
semi,2
helpline,2
remarkably,2
guitar,2
manually,2
slitting,2
medium,2
beautifully,2
amid,2
malign,2
khi,2
dense,2
grumble,2
cleanness,2
silk,2
doughnut,2
cornerstone,2
nikotin,2
﻿prohibition,2
november,2
full-,2
unbelievable,2
adaption,2
endures,2
iagree,2
rs,2
patiently,2
goodwill,2
hospitalized,2
ve,2
composure,2
thes,2
deck,2
filtering,2
indifference,2
rumor,2
rabbits,2
peculiar,2
affirmative,2
h,2
ku,2
macho,2
groined,2
compatible,2
unsportsmanlike,2
outgoing,2
destroyer,2
wished,2
unsanitary,2
attends,2
telephones,2
riding,2
inspiring,2
insecticide,2
sniffing,2
dominating,2
daddy,2
nourishing,2
strengthening,2
ruthless,2
phylogical,2
physcal,2
expressed,2
phsclogical,2
adolescences,2
equate,2
jealous,2
upside,2
inventory,2
xiaoming,2
agreements,2
borrowed,2
headed,2
assessing,2
unproductive,2
hierarchies,2
funded,2
retard,2
sentiment,2
restroom,2
longs,2
﻿stepping,2
processing,2
neverthless,2
trials,2
presidents,2
﻿studying,2
unequivocally,2
wonders,2
shoppers,2
sperm,2
grooming,2
traits,2
murky,2
deeds,2
constructed,2
bf,2
sincerity,2
explanations,2
southwestern,2
manifest,2
recess,2
therapy,2
unfixed,2
socialized,2
virtue,2
coward,2
evenly,2
the'real,2
courageous,2
monkeys,2
unhealthiness,2
misty,2
stors,2
allot,2
ideals,2
chicks,2
corrodes,2
ie,2
herbal,2
lahore,2
obeys,2
sugar,2
pressurize,2
forwarded,2
organic,2
guts,2
founds,2
feedom,2
boast,2
referencing,2
fiscal,2
sedative,2
perfecting,2
tradeoff,2
muslims,2
liabilities,2
irreparable,2
pressing,2
pesos,2
carton,2
contributed,2
detestable,2
pitfalls,2
follower,2
unfit,2
destroyes,2
﻿by,2
rounding,2
federal,2
tune,2
whomever,2
merchant,2
religh,2
ciggarate,2
extract,2
flames,2
franchise,2
dissatisfaction,2
html,2
﻿going,2
resourceful,2
"﻿""why",2
outline,2
blend,2
shrink,2
bistros,2
enemies,2
gross,2
heir,2
cuts,2
lured,2
sucks,2
counsellors,2
needlessly,2
gastritis,2
swiftly,2
execute,2
aura,2
matched,2
gdp,2
﻿public,2
drying,2
abnormally,2
newer,2
attachments,2
inflicts,2
quotient,2
sniffed,2
icon,2
rented,2
behaves,2
talker,2
adheres,2
chilling,2
putrid,2
﻿smoker,2
locals,2
grandpa,2
gifted,2
mislead,2
eagerring,2
metals,2
patronising,2
comforts,2
rose,2
quicker,2
armed,2
producers,2
admitting,2
capacities,2
yogyakarta,2
adaptation,2
contentious,2
cleansers,2
hypermarket,2
shortcoming,2
leaflets,2
did't,2
guideline,2
opionion,2
educationally,2
inference,2
remarks,2
unchangeable,2
stacking,2
criticizing,2
offending,2
cull,2
capitalism,2
modified,2
heaths,2
portable,2
bedroom,2
timings,2
advocators,2
lest,2
bothersome,2
unrespect,2
uncontrollable,2
blessings,2
pamper,2
ventured,2
hubble,2
modernism,2
literate,2
literacy,2
misguided,2
strawberry,2
fuss,2
necessitates,2
formulating,2
pupils,2
sinus,2
capillaries,2
momentary,2
ludicrous,2
butter,2
tention,2
frightening,2
admired,2
renders,2
resorting,2
exertion,2
sweets,2
carpenters,2
aerobic,2
aiming,2
deems,2
sexy,2
exerts,2
impairment,2
representatives,2
confusing,2
squad,2
analogy,2
﻿whenever,2
consequent,2
ar,2
educates,2
productions,2
protein,2
discoveries,2
cerebral,2
ignited,2
glitch,2
transportations,2
disappointing,2
parasite,2
sarah,2
stubborn,2
scheduling,2
shortening,2
exceed,2
procession,2
gin,2
gf,2
osteoporosis,2
comparisons,2
spouses,2
mm,2
insult,2
personly,2
wizard,2
undermines,2
grounded,2
paste,2
breakdown,2
yamucha,2
ulcer,2
fixer,2
hung,2
fetal,2
residual,2
magician,2
identifying,2
ingested,2
illustrations,2
sari,2
substantive,2
craft,2
infectious,2
sideways,2
hitting,2
promiscuous,2
portions,2
enriches,2
confine,2
cite,2
odors,2
deathly,2
weighs,2
unattainable,2
mathematical,2
mount,2
barmaid,2
presentations,2
heatedly,2
conversant,2
﻿certainly,2
whim,2
ownership,2
politic,2
chopsticks,2
notebooks,2
sixty,2
rash,2
sorrowful,2
8hrs,2
plausible,2
commits,2
instructors,2
brighten,2
daunting,2
reply,2
emerge,2
smuggling,2
foam,2
marginalised,2
nitpicking,2
viscosity,2
adage,2
mirror,2
intoxicating,2
cultivation,2
strawberries,2
hustle,2
eraser,2
gratification,2
infarct,2
retardation,2
ob,2
constipation,2
shopkeepers,2
devious,2
soil,2
purity,2
publicly,2
unfresh,2
raid,2
posture,2
banners,2
dissatisfy,2
airways,2
mat,2
fascinating,2
notoriously,2
relentless,2
endurable,2
rejections,2
infirm,2
jar,2
disrupting,2
exclusively,2
promptly,2
﻿they,2
postulate,2
exotic,2
splendid,2
florida,2
tme,2
sharpened,2
rigorous,2
shocking,2
pervade,2
persevere,2
umbrage,2
swore,2
resentment,2
cabinet,2
device,2
suspect,2
constructing,2
predicted,2
memorize,2
alternate,2
murdered,2
sc,2
indispensible,2
smartly,2
﻿usually,2
huts,2
misses,2
complemented,2
prohibitions,2
structured,2
caller,2
evaluation,2
lend,2
thrilled,2
smuggle,2
bitterness,2
getter,2
fixing,2
mutually,2
ciggarrate,2
spares,2
representation,2
inflections,2
ye,2
pineapple,2
desiring,2
ploblem,2
roger,2
manufactures,2
revolution,2
relive,2
anorexic,2
unappealing,2
demonstration,2
closest,2
audience,2
receiver,2
queens,2
strapped,2
horror,2
mystify,2
momentum,2
outdated,2
commence,2
fiction,2
iphone,2
suspend,2
frank,2
weights,2
heck,2
liberated,2
metro,2
smocked,2
secluded,2
afterall,2
cognitive,2
secound,2
﻿thailand,2
distanced,2
novelist,2
mira,2
stationery,2
wil,2
propensity,2
continously,2
allocation,2
skies,2
expansive,2
﻿thai,2
calculate,2
branch,2
ful,2
booking,2
yireotdeut,2
acclaim,2
sickening,2
secretly,2
diluted,2
installing,2
informative,2
contaminates,2
prompted,2
adolescent,2
marble,2
publics,2
criterion,2
founded,2
succession,2
resourses,2
stacked,2
depressing,2
completly,2
unfaithful,2
goofing,2
emergencies,2
disgrace,2
akin,2
bum,2
elaborate,2
creep,2
wanna,2
dengerous,2
foray,2
dessert,2
precise,2
runner,2
diversion,2
thrift,2
thins,2
hapless,2
nearest,2
bur,2
burdon,2
workshops,2
auto,2
navigate,2
underdevelopment,2
arrived,2
regularity,2
managerial,2
offends,2
stricken,2
typed,2
incredible,2
colds,2
grandfathers,2
sannomiya,2
buffet,2
﻿lots,2
easing,2
web,2
somke,2
supposing,2
collegue,2
fluid,2
april,2
manifested,2
symbolizes,2
artificial,2
stuffed,2
snow,2
hoof,2
transaction,2
envious,2
propel,2
coercive,2
abdicated,2
diminishes,2
unfairness,2
scolding,2
steel,2
legislating,2
cots,2
cashed,2
hardware,2
purposely,2
forbided,2
overshadow,2
agriculture,2
confirmed,2
timed,2
astonishing,2
exceedingly,2
strived,2
pathological,2
washed,2
pledge,2
iran,2
christ,2
﻿did,2
jesus,2
squeeze,2
fugetu,2
frend,2
incidental,2
supervision,2
p,2
smo,2
exhausts,2
playground,2
halls,2
mimic,2
rampancy,2
favors,2
becoz,2
﻿along,2
mod,2
alms,2
grumbling,2
offs,2
locally,2
hypothesis,2
potentials,2
experimenting,2
drastically,2
introduces,2
bustle,2
singularly,2
stud,2
insufficiency,2
fob,2
banding,2
waking,2
leaking,2
potatoes,2
uncles,2
flout,2
inconveniencing,2
metal,2
lifted,2
dissuade,2
physician,2
flourishes,2
overpowering,2
cycled,2
﻿youth,2
stimulates,2
edible,2
sounded,2
collapse,2
drove,2
horrendous,2
frustrate,2
administrator,2
unintended,2
mandate,2
pesticides,2
mentioning,2
pole,2
overload,2
assimilate,2
inferior,2
grandmother,2
desist,2
apathy,2
acumen,2
repaying,2
acknowledges,2
exclusion,2
maturing,2
pertains,2
undergoes,2
rebellion,2
accrue,2
stem,2
wit,2
segarate,2
poignant,2
anyplace,2
undo,2
﻿study,2
wa,2
occupying,2
collide,2
logics,2
perceivably,2
discotheque,2
marry,2
fuji,2
substants,2
﻿any,2
1st,2
meters,2
ingests,2
﻿okay,2
instruct,2
ppns,2
comers,2
shills,2
exempt,2
gaps,2
ethically,2
binds,2
satisfactions,2
assembling,2
uselessness,2
dieses,2
overdoing,2
freezing,2
govern,2
inflicting,2
popping,2
spoilt,2
fussy,2
tubes,2
unwell,2
administrations,2
spain,2
contentment,2
chester,2
lemon,2
arm,2
unexperienced,2
maximized,2
subsequently,2
tires,2
favourite,2
rationally,2
empower,2
cigrattes,2
enforces,2
effectors,2
technological,2
creasing,2
shivers,2
envy,2
earnestly,2
liberate,2
exploit,2
musicians,2
snake,2
bann,2
partime,2
willingly,2
mongkol,2
harry,2
jeokeurodo,2
handedly,2
vehicle,2
vendor,2
knocking,2
illustrates,2
judges,2
theasedays,2
depict,2
moderation,2
contributors,2
breed,2
deviants,2
hello,2
blending,2
developmental,2
hearth,2
﻿doing,2
toothpicks,2
julie,2
gym,2
tutored,2
intends,2
ere,2
mainland,2
banne,2
prevalence,2
contends,2
rudeness,2
licence,2
blast,2
slightest,2
earnest,2
coughs,2
hazy,2
arguably,2
designer,2
silence,2
author,2
koreans,2
imparted,2
blaming,2
housewife,2
enthusiastic,2
dimension,2
salad,2
breeze,2
godsend,2
excluding,2
grater,2
pair,2
recognizes,2
disruptive,2
experient,2
arranging,2
dispensed,2
triggered,2
battering,2
pessimistic,2
snipes,2
woke,2
museums,2
waiver,2
liable,2
unreasonably,2
falling,2
glittering,2
lament,2
takers,2
proponent,2
tenth,2
insensible,2
director,2
rewarded,2
buried,2
pernicious,2
swept,2
brutal,2
abyss,2
outbreak,2
vegas,2
becom,2
restautant,2
engineers,2
washer,2
﻿despite,2
excused,2
viewing,2
unibersity,2
med,2
﻿maybe,2
repeating,2
attendant,2
pumping,2
drowsiness,2
eater,2
convey,2
futher,2
unintentional,2
google,2
yout,2
disconnected,2
coal,2
matsutake,2
lang,2
speakers,2
preservation,2
uncomfort,2
frog,2
disallowed,2
pulling,2
disfavor,2
haul,2
characterize,2
flavored,2
tabaco,2
scoring,2
proceeding,2
diminish,2
installation,2
dominate,2
dainty,2
appointments,2
conventional,2
ciggreat,2
figured,2
logo,2
complexities,2
puzzle,2
doubling,2
telecommunications,2
wrath,2
contra,2
jobbing,2
fights,2
dependable,2
newcomer,2
alleviating,2
tainted,2
praised,2
condominium,2
sail,2
apples,2
struck,2
featured,2
manna,2
bathrooms,2
observing,2
onset,2
groceries,2
appearances,2
accrued,2
undeniably,2
belly,2
reductions,2
frequented,2
bias,2
intermittently,2
feat,2
hop,2
potter,2
profound,2
escalating,2
bun,2
creations,2
binge,2
activate,2
materialism,2
themself,2
his/,2
payers,2
ignition,2
celebrating,2
rigidity,2
dictionary,2
canceled,2
peptic,2
torturous,2
workings,2
flexibly,2
wary,2
swensens,2
promotional,2
mixes,2
﻿secondhand,2
sheesa,2
﻿ｉ,2
fuels,2
hose,2
flavors,2
extinction,2
terrific,2
inventions,2
familiarize,2
programming,2
curve,2
busiest,2
populations,2
factual,2
applause,2
signals,2
meritocratic,2
cups,2
sentences,2
refraining,2
pampered,2
arbeit,2
output,2
coffe,2
broadening,2
flood,2
irish,2
whiter,2
dubious,2
jab,2
naysayers,2
comedian,2
farther,2
vanished,2
unite,2
beening,2
expirence,2
amen,2
adjusted,2
fullfill,2
planting,2
bronchus,2
preceding,2
proving,2
distributing,2
sumo,2
ink,2
wars,2
summarized,2
league,2
insisting,2
accidental,2
doh,2
toughest,2
masks,2
admissions,2
refine,2
viruses,2
﻿pakistan,2
eagerly,2
clinical,2
charting,2
od,2
﻿warning,2
yell,2
faild,2
recurrent,2
surah,2
islamic,2
aspirations,2
diverted,2
assists,2
determines,2
colour,2
knowledges,2
borning,2
librarians,2
scarcity,2
drown,2
backed,2
harness,2
preparatory,2
analyzed,2
soaked,2
tolerant,2
magnificent,2
recruits,2
employing,2
grim,2
sliding,2
negatives,2
defeating,2
rancid,2
crowds,2
arrogant,2
﻿past,2
conclusions,2
consultant,2
prudently,2
flaws,2
resentful,2
experian,2
deducing,2
robot,2
communicated,2
stint,2
dna,2
inculcated,2
damn,2
france,2
pup,2
instable,2
embarks,2
radioactive,2
uncool,2
refuses,2
void,2
rupiah,2
embryo,2
mitigation,2
causal,2
timeline,2
justifications,2
unearned,2
nitrate,2
pretending,2
