token,freq
yang,14240
dan,10534
di,9651
-nya,8506
pada,5867
dari,5533
dengan,5462
itu,5188
untuk,5144
dalam,4861
ini,4228
kata,3469
akan,3454
tersebut,2609
tidak,2603
mereka,2444
persen,2429
tahun,2284
ke,1956
as,1942
menjadi,1716
telah,1662
juga,1659
oleh,1638
lebih,1609
bahwa,1602
mengatakan,1571
karena,1544
setelah,1436
satu,1370
dapat,1352
pemerintah,1338
adalah,1322
atau,1301
saya,1272
ia,1265
sebagai,1240
indonesia,1214
negara,1213
dolar,1206
atas,1193
pertandingan,1193
lain,1172
saat,1164
kami,1152
dua,1138
bank,1106
orang,1093
kepada,1079
ketika,1057
tim,1011
pertama,982
lalu,981
namun,980
bisa,980
bagi,962
secara,950
melakukan,944
ada,934
besar,926
para,918
masih,899
kedua,884
mencapai,884
triliun,876
beberapa,875
terhadap,868
pemain,852
merupakan,847
sebesar,827
sebuah,822
dunia,801
seperti,795
hanya,776
per,768
seorang,767
sehingga,762
antara,742
baru,734
pt,732
dia,731
kita,729
selama,725
miliar,723
memiliki,719
hari,716
membuat,715
menurut,710
ekonomi,687
jakarta,687
terjadi,680
sekitar,678
sudah,672
sangat,664
sementara,664
pasar,658
angka,657
tiga,651
hingga,650
hal,648
waktu,642
harus,632
rupiah,631
banyak,629
tak,623
perusahaan,622
amerika,612
bulan,610
luar,606
menit,605
saham,599
gol,599
tetapi,598
kembali,596
negeri,596
menteri,591
sebelumnya,586
juta,583
irak,581
presiden,574
bi,574
sama,573
melalui,551
harga,550
akhir,549
serta,545
mengenai,544
rabu,532
dilakukan,532
sejak,531
kelompok,529
berada,525
baik,525
keuangan,522
tinggi,517
pertumbuhan,515
lagi,513
kali,511
serangan,508
selasa,497
poin,491
pihak,486
pasukan,472
kemenangan,472
bagian,469
tetap,469
petenis,469
inflasi,469
jepang,466
minyak,463
tengah,463
tempat,462
belum,460
senin,459
menyatakan,459
sistem,442
empat,437
utara,436
kredit,433
kamis,431
polisi,430
sedang,426
sedangkan,421
jumlah,419
utama,419
bunga,413
sampai,412
diri,411
sebelum,407
selatan,407
salah,404
demikian,403
semua,403
bawah,402
usaha,400
keamanan,398
depan,397
kemudian,394
masyarakat,394
ketiga,393
liga,393
pejabat,391
dana,391
suatu,388
menggunakan,386
serikat,383
awal,383
daerah,382
termasuk,381
naik,381
internasional,378
hasil,377
militer,374
tewas,371
pekan,361
bermain,359
mungkin,359
memberikan,357
kenaikan,354
lima,353
cukup,351
kota,349
musim,345
laporan,344
mengalami,344
minggu,342
inggris,339
terakhir,337
jika,335
terus,335
masalah,332
sendiri,331
israel,329
posisi,328
tentara,328
rumah,327
melawan,326
nasional,324
china,323
agar,322
korea,320
sejumlah,317
enam,317
hidup,317
program,317
tbk,316
perseroan,315
wilayah,315
turun,314
tapi,312
berbagai,311
bola,308
babak,307
meningkat,306
iran,305
akibat,305
nilai,305
suku,304
perbankan,300
mulai,299
piala,296
diperkirakan,296
jumat,295
air,295
investasi,295
cedera,294
tanpa,293
juara,292
kecil,292
pernyataan,289
pemimpin,289
mampu,288
pertemuan,288
anggota,288
bersih,288
tingkat,287
klub,287
palestina,287
saja,284
sektor,281
maka,281
keras,281
menunjukkan,280
tubuh,279
proses,278
udara,278
mendapat,278
paling,277
seluruh,275
mengalahkan,275
pun,273
digunakan,273
pinjaman,272
asing,271
nuklir,268
anak,267
semakin,267
rencana,267
sumber,267
bersama,265
pelatih,263
perang,262
mata,262
umum,261
asal,260
kerja,259
dibanding,258
modal,257
yaitu,256
teknologi,256
pembangunan,255
khusus,255
kondisi,254
sabtu,254
tentang,253
uang,253
cara,252
setiap,252
laba,251
meningkatkan,251
malam,251
warga,248
dekat,247
berusia,247
pernah,246
total,244
bentuk,244
dibandingkan,244
urutan,244
bahan,243
mencetak,243
bukan,243
timur,243
informasi,242
berlangsung,242
energi,242
afrika,242
peringkat,241
prancis,239
berhasil,239
sekarang,237
kantor,236
kepala,235
bom,235
obligasi,234
periode,234
masa,233
gas,233
industri,233
adanya,231
badan,230
direktur,229
perubahan,229
mikro,229
bantuan,229
pbb,229
perdana,228
gawang,228
mantan,228
apa,228
kuat,227
kalah,226
menghadapi,226
membawa,226
jurubicara,223
lama,223
lembaga,222
komputer,222
masuk,219
bertemu,219
meski,219
upaya,218
gelar,218
tendangan,217
sebagian,217
ingin,216
kebijakan,216
membantu,215
menang,214
unggulan,212
pusat,212
listrik,211
penting,211
permainan,211
jauh,210
senjata,209
rusia,209
memenangi,208
mendapatkan,208
operasi,206
wartawan,206
memberi,205
putaran,203
perdamaian,203
penjualan,201
laut,201
jelas,201
berusaha,201
apakah,199
barat,198
data,198
kemungkinan,197
target,196
tanah,196
melihat,196
australia,196
peningkatan,195
jadi,195
guna,194
terutama,194
korban,193
sebanyak,193
bertahan,192
jerman,192
manusia,192
mendukung,192
terbuka,192
berdasarkan,192
alam,192
produksi,192
kawasan,192
asia,190
tekanan,190
kini,190
rakyat,190
jenis,188
bekerja,188
penurunan,188
biasa,188
jalan,188
jam,187
set,187
turnamen,186
lapangan,186
bahkan,185
memimpin,185
hubungan,183
pelaku,183
langsung,183
segera,183
cepat,182
terbesar,181
keempat,179
berat,179
india,179
berbeda,179
burung,177
menjelang,177
rendah,177
peluang,177
proyek,177
final,177
kompetisi,177
global,177
spanyol,177
lanjut,176
lawan,175
bidang,175
berita,173
striker,173
pesawat,173
pajak,173
juni,173
pakistan,172
jaringan,171
partai,171
pertahanan,171
darah,170
hampir,170
prajurit,170
selain,169
politik,169
maju,169
maupun,168
menambahkan,168
kesepakatan,167
setempat,167
ibukota,167
kemampuan,166
tampil,165
januari,164
sel,164
efek,163
arab,163
terdiri,163
kementerian,162
delapan,162
bumi,162
surat,162
utang,161
mendorong,161
eropa,160
nama,160
kedudukan,160
pemberontak,159
meraih,159
ujar,159
kurang,159
desember,158
arah,158
memang,158
diharapkan,157
menerima,157
pendapatan,157
makhluk,157
menarik,156
produk,155
dampak,155
disebut,155
menewaskan,155
kapal,155
situs,155
bagus,155
mempunyai,154
maret,154
panjang,153
perlu,153
kaki,152
orang-orang,151
meskipun,151
kehilangan,150
ditemukan,150
ledakan,149
kandang,149
italia,149
internet,148
biaya,148
mobil,148
jatuh,148
real,148
menghasilkan,148
ton,148
anda,147
tambah,147
aksi,147
meninggalkan,146
klasemen,145
baghdad,145
tembakan,145
transaksi,145
nomor,145
2007.,145
perkembangan,144
menemukan,144
dukungan,144
anggaran,144
dimana,144
tujuh,144
gagal,144
provinsi,143
rata-rata,143
sri,143
menguat,143
mengambil,142
tumbuh,142
kegiatan,142
mengurangi,142
terdapat,142
dikenal,142
bergerak,142
bursa,141
bebas,141
sesuai,141
berakhir,141
kebutuhan,140
jarak,140
hewan,139
mei,139
unggul,139
menjelaskan,139
rp,139
mendatang,139
kendaraan,138
media,138
mudah,138
april,137
afghanistan,137
februari,137
langkah,137
suara,136
layanan,136
sepanjang,136
rate,136
keadaan,136
penalti,136
ketua,136
sembilan,135
unit,134
televisi,133
perekonomian,133
sisi,133
penerimaan,133
senilai,133
resmi,133
ekspor,132
berikut,132
pengembangan,132
dasar,132
investor,132
barang,131
tentu,131
berasal,131
pembiayaan,131
lebanon,130
september,130
gerakan,130
perdagangan,130
sayap,130
evolusi,130
menciptakan,130
bush,129
pimpinan,129
kalau,129
kesempatan,129
muncul,129
menyebabkan,129
pagi,129
bagaimana,128
keluar,128
memperoleh,128
membukukan,128
mana,127
tahu,127
sulit,126
islam,126
somalia,125
the,125
kuartal,125
ilmuwan,125
parlemen,125
hamas,125
wakil,125
akhirnya,125
cadangan,124
semester,124
kunjungan,124
penjaga,124
kerjasama,124
sisa,123
belanja,123
penduduk,123
berjuang,123
bumn,122
belakang,121
dewan,121
sedikit,121
hukum,121
masing-masing,120
biasanya,120
pemilihan,120
pers,120
berharap,120
servis,119
terbaik,119
memanfaatkan,118
raja,118
kekerasan,118
merasa,118
level,118
menambah,118
positif,118
mengakhiri,118
teori,118
sakit,118
tambahan,117
perundingan,117
bersenjata,117
makanan,117
meminta,117
wanita,117
i,117
bila,117
pemegang,116
gubernur,116
mengakibatkan,116
membuka,116
alat,116
mengembangkan,116
perbatasan,116
menyebutkan,116
lokal,115
penelitian,115
jangka,114
begitu,114
menyusul,114
menjaga,114
pendukung,114
mencatat,114
krisis,113
tujuan,113
agustus,113
mengatasi,113
selalu,113
berjalan,112
pembicaraan,112
terkait,112
terlalu,112
sipil,112
keputusan,112
imbang,112
kemiskinan,111
menuju,111
taliban,110
mengakui,110
konsumsi,110
ahli,110
bisnis,109
hak,109
kendati,109
ribu,109
peneliti,109
amat,109
faktor,109
new,108
negara-negara,108
menghentikan,107
sekali,107
membeli,107
mempertahankan,107
alasan,107
sini,106
menaikkan,106
hukuman,106
perjanjian,106
lingkungan,106
sedikitnya,106
fosil,105
antar,105
memasuki,105
membentuk,105
bakar,105
angkatan,104
game,104
struktur,104
tertentu,104
oktober,104
lewat,104
pengadilan,104
juli,103
apbn,103
ikan,103
tukar,103
dimulai,103
kematian,103
selanjutnya,103
berkembang,103
terbang,103
milik,103
kasus,102
tinggal,102
meter,102
kekuatan,102
kontrak,102
memperkirakan,102
daya,102
penyakit,102
makin,102
yen,101
usai,101
washington,101
mesin,101
kekalahan,101
gedung,101
menolak,101
luas,100
spesies,100
bayern,100
terlibat,100
kimia,100
departemen,100
sebenarnya,100
membangun,99
tindakan,99
pula,99
melancarkan,99
kejadian,99
keluarga,99
tuan,99
memungkinkan,99
mati,99
tenaga,98
kilometer,98
tampaknya,98
brazil,98
mengumumkan,98
bej,97
laga,97
kesehatan,97
pembentukan,97
defisit,97
rapat,97
dpr,97
permukaan,97
datang,97
barel,96
laju,96
fasilitas,96
tepat,96
mesir,96
rasa,95
tempo,95
menyamakan,95
bri,95
pendidikan,95
kalangan,95
nigeria,95
membutuhkan,95
diperlukan,95
tugas,94
senior,94
champions,94
realisasi,94
bergabung,93
sering,93
2-1,93
abbas,93
kekuasaan,93
2006.,93
bukti,93
memutuskan,92
didukung,92
united,92
permintaan,92
melaporkan,92
penggunaan,92
ruang,92
saling,92
yakni,92
kartu,91
of,91
stabil,91
menurunkan,91
diketahui,91
menkeu,91
diberikan,91
semifinal,91
panas,91
miskin,91
domestik,91
kelima,91
gerilyawan,90
mengeluarkan,90
ditahan,90
kebanyakan,90
pembayaran,90
ii,90
resiko,90
berarti,90
syariah,90
divisi,90
buruk,90
menahan,89
menyerang,89
pukulan,89
mengetahui,89
mengungkapkan,89
sempurna,88
perjalanan,88
mencegah,88
meninggal,88
triwulan,88
mendekati,88
penerbitan,88
petugas,87
kepemilikan,87
iklim,87
jasa,87
milan,87
pengusaha,87
argentina,87
seharusnya,87
chelsea,86
disebabkan,86
bunuh,86
garis,86
harapan,86
seri,86
tangan,86
mulyani,86
kira,86
mengumpulkan,86
melewati,86
lubang,85
sebagaimana,85
pemerintahan,85
tunggal,85
pembalap,85
pembelian,85
kinerja,85
daripada,85
lapisan,85
arsenal,85
berencana,85
rancangan,85
mencoba,85
tahap,84
peraturan,84
muslim,84
mendesak,84
ditangkap,84
pasti,84
mencari,84
rekan,84
year,84
sebelah,84
tarif,83
pantai,83
sejarah,83
anak-anak,83
sekretaris,83
pelanggan,83
beijing,83
terlihat,83
pertempuran,82
tamil,82
pria,82
berbahaya,82
kesalahan,82
dulu,82
kecepatan,82
mandiri,82
memenuhi,82
dilaporkan,82
impor,81
apabila,81
situasi,81
2-0,81
tercatat,81
kulit,81
keuntungan,81
berkaitan,81
lyon,81
pekerja,81
tiba,80
mengadakan,80
bps,80
syiah,80
sebab,80
membunuh,80
madrid,80
al-qaeda,79
berubah,79
menyelesaikan,79
penutupan,79
darat,79
melaksanakan,79
hilang,79
aman,79
dikeluarkan,79
mentah,79
pengguna,78
mengikuti,78
sasaran,78
menjalani,78
kehidupan,78
punya,78
sana,78
pelaksanaan,78
dianggap,78
menguasai,78
a,78
diterima,77
afp,77
contoh,77
diciptakan,77
menekan,77
serius,77
dibuat,77
kerusuhan,77
perempuan,77
menempatkan,77
memastikan,77
yakin,77
serangga,76
menimbulkan,76
mutasi,76
bbm,76
konferensi,76
organisasi,76
mengubah,76
menyampaikan,76
telur,76
ahad,76
sepak,76
membahas,76
studi,75
tokyo,75
dimiliki,75
pdb,75
mengirim,75
siap,75
umpan,75
puncak,75
batas,75
benar-benar,74
kepolisian,74
bentrokan,74
pertanyaan,74
penculikan,74
apalagi,74
peran,74
buku,74
kurs,74
berupa,73
penampilan,73
hujan,73
malaysia,73
menyarangkan,73
percaya,73
diduga,73
oksigen,73
perancis,73
pembunuhan,73
saddam,73
jalur,73
api,73
menyediakan,73
menangkap,73
memperkuat,73
keseluruhan,73
oposisi,73
2008.,73
keterangan,73
november,73
lokasi,72
olimpiade,72
melepaskan,72
menunggu,72
uni,72
gambar,72
mengajukan,72
publik,72
pejuang,72
peristiwa,72
non,72
misi,72
menandatangani,72
sekaligus,72
lunak,72
perolehan,71
bakteri,71
melindungi,71
macan,71
subsidi,71
pefindo,71
akses,71
ketat,71
on,71
memperlihatkan,71
perhatian,71
sunni,71
memperbaiki,71
detik,71
euro,71
memerlukan,70
kapasitas,70
tertinggi,70
menentukan,70
sempat,70
nanti,70
disebutkan,69
meningkatnya,69
menuduh,69
saudara,69
ukuran,69
stadion,69
grup,69
harian,69
arus,69
saudi,69
perangkat,68
desa,68
membayar,68
putih,68
melaju,68
al,68
fungsi,68
itulah,67
turki,67
dilaksanakan,67
jawab,67
1-1,67
ribuan,67
basis,67
aset,67
cenderung,67
tangga,67
lolos,67
belanda,67
bni,67
titik,67
persoalan,67
tajam,67
penuh,67
tingginya,67
sesuatu,67
york,67
keunggulan,67
makan,67
berbicara,67
kisaran,66
otak,66
ltd,66
berkurang,66
kerusakan,66
gaza,66
ancaman,66
bangunan,66
senyawa,66
kenyataan,66
optimis,66
memicu,66
menengah,66
bertambah,66
merah,65
tulang,65
luka,65
cahaya,65
membaik,65
rekor,65
1-0,65
rangka,65
jawa,65
ternyata,65
dihasilkan,65
rice,65
mengapa,65
fatah,65
inti,65
keenam,65
keduanya,65
menutup,65
aktif,65
antam,65
matahari,64
sifat,64
perlombaan,64
helikopter,64
perbaikan,64
efektif,64
privatisasi,64
didorong,64
diperoleh,64
getafe,64
liverpool,64
muda,64
mundur,64
sinyal,64
rasio,63
penjelasan,63
asumsi,63
kiper,63
es,63
ialah,63
penerbangan,63
bertanding,63
tuduhan,63
roket,63
regional,63
diberi,63
rekaman,63
satu-satunya,63
kertas,62
teknik,62
pangkalan,62
terbentuk,62
diikuti,62
melemah,62
swasta,62
barcelona,62
allah,62
abdullah,62
memainkan,62
menetapkan,62
induk,62
dipimpin,62
pukul,61
sudan,61
gelombang,61
menderita,61
memulai,61
suhu,61
kualitas,61
terpisah,61
medco,61
moneter,61
michael,61
elektronik,60
kanan,60
ucap,60
pengaruh,60
meledak,60
lepas,60
sehari,60
pertanian,60
riil,60
keberadaan,60
dituduh,60
pembebasan,60
infrastruktur,60
pegolf,60
usia,60
aliran,60
6-3,60
dinyatakan,60
pesan,60
mekanisme,60
jenderal,59
sore,59
pendapat,59
perlindungan,59
perkiraan,59
terbatas,59
strategi,59
teroris,59
sentral,59
ikut,59
ringan,59
gempa,59
afganistan,59
terjadinya,59
analis,59
kesulitan,59
singapura,59
batu,59
menurun,59
tanggal,59
operator,59
zat,58
and,58
cukai,58
menjual,58
menggantikan,58
memilih,58
kemajuan,58
ratusan,58
komisi,58
pengetahuan,58
kabinet,58
spot,58
kekhawatiran,58
menentang,58
pekerjaan,58
pelayanan,58
dibebaskan,58
catatan,58
protes,57
menegaskan,57
sarang,57
radio,57
justru,57
manajer,57
manajemen,57
beroperasi,57
undang-undang,57
potensi,57
mengingat,57
sejauh,57
ilmu,57
koalisi,57
david,57
inilah,57
zona,57
ditanya,56
universitas,56
komunikasi,56
volume,56
sun,56
tenis,56
cuaca,56
stabilitas,56
prospek,56
melibatkan,56
baterai,56
menginginkan,56
pengganti,56
agak,56
george,56
swiss,56
peringatan,56
terletak,56
kanker,56
abe,56
perundingan-perundingan,56
nyata,56
deputi,56
penawaran,56
6-4,56
de,56
pelanggaran,56
menyebut,56
international,56
dikutip,55
konflik,55
robot,55
sikap,55
kecelakaan,55
pertengahan,55
komponen,55
pemenang,55
nato,55
acara,55
personil,55
tank,55
telekomunikasi,55
putri,55
devisa,55
ketujuh,55
perempatfinal,55
video,55
milisi,55
reaksi,55
depkeu,55
otot,55
komitmen,55
berlaku,55
sungai,55
merebut,55
pilihan,55
sevilla,54
ethiopia,54
model,54
latihan,54
jabatan,54
menawarkan,54
minum,54
tetangga,54
sekolah,54
strategis,54
pulau,54
bertujuan,54
lalat,54
tandang,54
inter,54
mengutip,53
thailand,53
teratas,53
paris,53
pendekatan,53
jantung,53
gejolak,53
tepi,53
dijadwalkan,53
menjadikan,53
beli,53
john,53
kereta,53
persetujuan,53
relatif,53
makro,53
persatuan,53
olmert,53
umkm,53
munich,53
selisih,53
lihat,52
kelas,52
ditutup,52
6-2,52
semacam,52
tumbuhan,52
bahasa,52
mematahkan,52
kaca,52
murah,52
seseorang,52
penyebab,52
terpaut,52
melanjutkan,52
komite,52
signifikan,52
memahami,52
menerbitkan,52
ganda,52
kongres,52
beban,52
mengejutkan,52
padahal,52
mengharapkan,52
tergantung,52
suriah,52
serupa,52
penyerang,52
diterbitkan,52
tampak,52
semula,52
pemboman,52
intelijen,51
dicapai,51
federer,51
grand,51
lanka,51
2005.,51
papan,51
fiskal,51
kejuaraan,51
mirip,51
merusak,51
rayap,51
penyelidikan,51
mengirimkan,51
lebah,51
republik,51
karir,51
distrik,51
pengalaman,51
menyumbang,51
penyelesaian,51
sepenuhnya,51
bangkit,51
kualifikasi,51
darfur,51
menguntungkan,51
virus,51
menembus,51
marseille,51
dingin,51
kedutaan,51
bandara,51
lkm,51
aktivitas,51
pasangan,51
kepentingan,51
generasi,50
menuntut,50
kapten,50
pemberian,50
serangan-serangan,50
gen,50
diambil,50
manchester,50
berlanjut,50
surplus,50
tahunan,50
pasien,50
ban,50
satelit,50
pyongyang,50
perintah,50
menyerukan,50
serangkaian,50
molekul,50
diculik,50
logam,50
valencia,50
aplikasi,50
kiri,50
pengawasan,50
bersifat,49
misal,49
pemeriksaan,49
stasiun,49
sang,49
dokter,49
dikembangkan,49
bangsa,49
dibutuhkan,49
seekor,49
memaksa,49
putra,49
menghancurkan,49
protein,49
motor,49
penumpang,49
perkebunan,49
pergerakan,49
batubara,49
resolusi,49
pemanasan,49
dibawa,49
mengatur,49
wawancara,49
mitra,49
penerapan,49
insiden,49
menyetujui,48
pengungsi,48
kaum,48
darwin,48
lumba-lumba,48
ulang,48
tempur,48
pangan,48
peserta,48
benar,48
melepas,48
normal,48
"6,3",48
pos,48
ditujukan,48
risiko,48
3-0,48
modern,48
dikatakan,48
memperingatkan,48
rumit,48
negatif,48
web,48
warna,48
london,48
cairan,48
bangladesh,48
sebaliknya,48
akuisisi,48
ponsel,48
adb,48
penjara,48
pergi,48
diumumkan,47
fed,47
beras,47
mengaku,47
digital,47
jiwa,47
gabungan,47
siapa,47
pribadi,47
sbi,47
gangguan,47
lakukan,47
granat,47
pokok,47
obat,47
robert,47
perbedaan,47
ditetapkan,47
perpanjangan,47
mayoritas,47
petinju,46
menggambarkan,46
google,46
bermasalah,46
mayat,46
kendali,46
serbia,46
sosial,46
"6,5",46
setahun,46
nikel,46
tambang,46
semen,46
seringkali,46
setengah,46
rp9.300,46
reaktor,46
pemeringkat,46
lampu,46
ketentuan,46
boediono,46
leg,46
dinilai,46
roma,46
dipakai,46
umumnya,46
mahasiswa,46
ditempatkan,46
astra,45
menempati,45
mega,45
sumber-sumber,45
isaf,45
tanaman,45
angkasa,45
boleh,45
burhanuddin,45
tercapai,45
cheney,45
membuktikan,45
terlebih,45
atom,45
hutan,45
kejahatan,45
musuh,45
bulu,45
bertanggung,45
penyaluran,45
bertahap,45
pabrik,45
pelabuhan,45
sehat,45
berfungsi,45
gagasan,45
penarikan,44
segala,44
nasabah,44
layar,44
ibu,44
perairan,44
calon,44
dividen,44
arti,44
maksimal,44
peralihan,44
setara,44
pola,44
pengamat,44
kerajaan,43
fenomena,43
rp9.100,43
demi,43
kontribusi,43
pasokan,43
software,43
danau,43
hussein,43
hutang,43
aturan,43
khawatir,43
6-1,43
acuan,43
saksi,43
diplomatik,43
mengangkat,43
disampaikan,42
buatan,42
mau,42
berisi,42
penonton,42
likuiditas,42
dibentuk,42
menjamin,42
sederhana,42
golf,42
menyimpan,42
bersedia,42
mengawali,42
pengiriman,42
menilai,42
puluhan,42
kelihatannya,42
tur,42
teheran,42
indeks,42
status,42
kerugian,42
meksiko,42
seleksi,42
memproduksi,42
pengeluaran,42
diajukan,42
pembangkit,42
markas,42
penyisihan,42
reuters,42
internal,42
tuntutan,42
telkom,42
memegang,42
abad,42
mengendalikan,41
lahir,41
berhadapan,41
istilah,41
racing,41
gelap,41
telepon,41
bambang,41
riset,41
angin,41
dibawah,41
bintang,41
perempat,41
demokrat,41
meliputi,41
sekutu,41
peledak,41
sinar,41
gembira,41
permasalahan,41
website,41
metode,41
piranti,41
mengancam,41
solusi,41
membaiknya,41
rusak,41
buah,41
direncanakan,41
rudal,41
delta,41
dahulu,41
berturut-turut,41
korupsi,41
digelar,41
berhenti,41
tua,41
w.,41
operasional,41
apbnp,41
bayi,41
absen,40
microsoft,40
mempertimbangkan,40
birdie,40
paruh,40
apapun,40
kelompok-kelompok,40
james,40
online,40
gunung,40
konsumen,40
percobaan,40
masuknya,40
kaya,40
forum,40
mengandung,40
sesudah,40
portugal,40
simpanan,40
bruto,40
mencederai,40
selesai,40
penambahan,40
isi,40
dikuasai,40
sel-sel,40
bordeaux,40
persaingan,40
uefa,40
menjalankan,40
kim,40
keinginan,40
sekalipun,40
menghindari,39
betina,39
material,39
senang,39
terorisme,39
proyeksi,39
agen,39
berwenang,39
minus,39
mulut,39
bappenas,39
securities,39
mempengaruhi,39
bilateral,39
daftar,39
ditandatangani,39
barca,39
sensor,39
lemah,39
memetik,39
majalah,39
berpikir,39
pidato,39
gencatan,39
hitam,39
merasakan,39
komandan,39
mahal,39
reli,39
deposito,39
pendanaan,39
gaya,39
area,39
hizbullah,39
lens,39
pemilik,38
pendek,38
reptilia,38
diluncurkan,38
komersial,38
bea,38
miranda,38
uranium,38
capung,38
keberhasilan,38
sumatera,38
nadal,38
reformasi,38
neraca,38
dirancang,38
bremen,38
plastik,38
paru-paru,38
setidaknya,38
teluk,38
tersangka,38
massa,38
merosot,38
kajian,38
berlin,38
kompleks,38
didirikan,38
balik,38
indosat,38
city,38
rp9.200,38
terpuruk,38
kabar,38
ditentukan,38
sepakat,38
pembuka,38
melebihi,38
perencanaan,37
nepal,37
berbentuk,37
kolombia,37
bencana,37
sulawesi,37
benda,37
rusman,37
siaran,37
izin,37
murray,37
mematikan,37
tokoh,37
menampilkan,37
qatar,37
korporasi,37
menyaksikan,37
bertugas,37
mengklaim,37
berkunjung,37
samping,37
olympique,37
mengejar,37
atmosfer,37
diantaranya,37
menyambut,37
prinsip,37
mencakup,37
bukanlah,37
slam,37
walaupun,37
berwarna,37
kelebihan,37
dilanda,37
kuning,37
fernando,37
senegal,37
mengunjungi,37
penemuan,37
tenggara,37
belakangan,37
raksasa,37
radikal,37
memasukkan,37
terbukti,37
laki-laki,36
mencerminkan,36
terkena,36
baku,36
emas,36
kewajiban,36
truk,36
urusan,36
tanda,36
kemanusiaan,36
ghana,36
menembak,36
tamu,36
melukai,36
berapa,36
berperan,36
dijelaskan,36
pulang,36
pelaksana,36
usul,36
semuanya,36
konstruksi,36
petani,36
lambat,36
diselenggarakan,36
kuartet,36
beda,36
berkuasa,36
finance,35
kepercayaan,35
mendominasi,35
otomatis,35
tersisa,35
pph,35
perpajakan,35
tantangan,35
van,35
luka-luka,35
melatih,35
asap,35
evolusionis,35
persahabatan,35
berkat,35
degradasi,35
pengacara,35
pojok,35
komposisi,35
otonomi,35
parah,35
panitia,35
susilo,35
mengarah,35
0-1,35
sepuluh,35
medis,35
diplomat,35
zimbabwe,35
hati-hati,35
memperpanjang,35
melayani,35
pertambangan,35
kelelawar,35
dihentikan,35
madu,35
sejalan,35
genetik,35
fokus,35
mewujudkan,35
perwakilan,35
peralatan,35
prioritas,35
alih,34
uji,34
surabaya,34
tahapan,34
cina,34
transfer,34
pengelolaan,34
sudut,34
kelahiran,34
diadakan,34
hijau,34
bakal,34
perawatan,34
eksplorasi,34
atletico,34
kemarin,34
pengayaan,34
komentar,34
tiang,34
sidang,34
dipandang,34
dijadikan,34
hamburg,34
asuransi,34
produsen,34
bersamaan,34
pandangan,34
statistik,34
melonjak,34
telkomsel,34
ali,34
remaja,34
jawaban,34
staf,33
bernama,33
bandar,33
menargetkan,33
3-2,33
berpengaruh,33
darurat,33
pembuatan,33
tiap,33
ukm,33
militan,33
ekspansi,33
menyelamatkan,33
lembar,33
agama,33
memori,33
binatang,33
schalke,33
st,33
penangkapan,33
dihadapi,33
baru-baru,33
wasit,33
tahan,33
everton,33
padat,33
aparat,33
blok,33
korut,33
bertindak,33
timah,33
indrawati,33
kostaman,33
terbaru,33
sawit,33
mengincar,33
berpeluang,33
"2,5",33
sundulan,33
betis,33
emisi,33
ditembak,33
kontak,33
sesungguhnya,33
dimaksudkan,33
1-2,33
pembakaran,33
temuan,33
terkenal,33
menikmati,33
villa,33
rapbn,33
ketinggian,33
tipis,33
3-1,33
seluler,32
disalurkan,32
indikator,32
saingan,32
oki,32
kerangka,32
asam,32
menjawab,32
dr,32
peluru,32
lelaki,32
alternatif,32
los,32
tahanan,32
era,32
hidrogen,32
selamat,32
planet,32
teknis,32
meyakinkan,32
tabungan,32
terancam,32
tegas,32
halaman,32
larangan,32
mogadishu,32
soal,32
uu,32
williams,32
jaminan,32
penguatan,32
meluncurkan,32
yahudi,32
duta,32
dokumen,32
dirjen,32
yudhoyono,32
san,32
pengawas,32
mesti,32
psg,32
lomba,32
panin,32
mahmoud,32
menyangkut,32
ipo,32
wajib,32
dilihat,32
mengantisipasi,32
mengundurkan,32
wapres,32
tata,32
karbon,32
dini,31
kaitan,31
komunitas,31
davydenko,31
banjir,31
cpo,31
kabupaten,31
mengganggu,31
kritis,31
si,31
organ,31
beruntun,31
membantah,31
pembahasan,31
vietnam,31
agregat,31
jankovic,31
kedelapan,31
dikirim,31
nasib,31
atm,31
milyar,31
jum'at,31
cabang,31
asuhan,31
ham,31
komoditas,31
ditjen,31
werder,31
kilogram,31
hibah,31
berjanji,31
development,31
dewasa,31
kebakaran,31
aspek,31
mendirikan,31
djokovic,31
berbasis,31
seiring,30
mengantungi,30
menunjuk,30
menjamu,30
konvensional,30
danamon,30
membaca,30
dirut,30
la,30
pegawai,30
tertekan,30
wenger,30
mengizinkan,30
persiapan,30
membiayai,30
bersalah,30
sukses,30
net,30
mengkonfirmasi,30
langkah-langkah,30
npl,30
vitamin,30
merencanakan,30
kategori,30
perhitungan,30
kevin,30
melainkan,30
pulih,30
minta,30
syarat,30
instrumen,30
ketimbang,30
menyulut,30
tersingkir,30
thomas,30
besar-besaran,30
lintasan,30
kegagalan,30
konsep,30
angeles,30
memburu,30
kuznetsova,30
semesta,30
jangan,30
bapepam-lk,30
thayib,30
disiarkan,30
isu,30
plus,30
citra,29
penciptaan,29
dialog,29
fitch,29
meneruskan,29
damai,29
berurutan,29
0-0,29
perlawanan,29
distribusi,29
hakim,29
kandungan,29
efisien,29
gading,29
memeriksa,29
eksternal,29
diterapkan,29
raya,29
olahraga,29
pemungutan,29
nyaris,29
punggung,29
juru,29
sebulan,29
rp9.000,29
diserang,29
berhubungan,29
cgi,29
saluran,29
melahirkan,29
delegasi,29
unsur,29
menyelidiki,29
pengolahan,29
perjuangan,29
menyalurkan,29
manfaat,29
resources,29
dortmund,29
ilmiah,29
conte,29
upaya-upaya,29
tadi,29
andy,29
tottenham,29
sentimen,29
fisik,29
ekor,29
meledakkan,29
hebat,29
profesional,29
diminta,29
ataupun,29
burhanudin,28
pembagian,28
menanggapi,28
bank-bank,28
akibatnya,28
diyakini,28
kan,28
sewaktu,28
gerak,28
polusi,28
baja,28
pembukaan,28
hotel,28
frekuensi,28
7-6,28
menangani,28
rahasia,28
alami,28
dilarang,28
usulan,28
suratkabar,28
leverkusen,28
kutub,28
berjangka,28
ditunda,28
tsunami,28
merujuk,28
menyerah,28
pasifik,28
sepakbola,28
kelihatan,28
kubu,28
tempat-tempat,28
ac,28
paskah,28
stroke,28
e-mail,28
jinjing,28
perut,28
laptop,28
menko,28
keprihatinan,28
penyerapan,28
kemerdekaan,28
denmark,28
tanker,28
hati,28
pertamina,28
karyawan,28
kebetulan,28
menjanjikan,28
proyek-proyek,28
tersebar,28
menyiapkan,28
mengingatkan,28
hill,28
sanksi,28
"1,5",28
berdampak,28
terbakar,28
diperkuat,28
maksimum,28
kuarter,28
ri,28
bekas,28
intervensi,28
juventus,28
dna,28
pintu,28
karya,28
condoleezza,27
carlos,27
setuju,27
iii,27
ilegal,27
membicarakan,27
pedesaan,27
anti,27
jalan-jalan,27
jual,27
dipicu,27
penempatan,27
bii,27
menculik,27
memakan,27
laporan-laporan,27
singkat,27
mengisi,27
pentagon,27
donor,27
le,27
biologi,27
keyakinan,27
fund,27
liar,27
lebaran,27
diselesaikan,27
menekankan,27
dilancarkan,27
nancy,27
pengaturan,27
patah,27
mengarahkan,27
roddick,27
komisaris,27
menjatuhkan,27
bersaing,27
asosiasi,27
bundesliga,27
sepeda,27
to,27
segi,27
epa,27
budi,27
jajak,27
malah,27
membebaskan,27
par,27
pte,27
belajar,27
fiorentina,27
sungguh,27
mengkaji,27
pembuat,27
standar,27
bes,27
utusan,27
menyesuaikan,27
adu,27
lain-lain,27
banking,27
kroasia,27
mohamed,27
dilanjutkan,27
tersedia,27
membuahkan,27
puluh,27
kecenderungan,27
dibangun,27
propinsi,27
pln,27
perumahan,27
agung,27
mempercepat,27
duakali,27
membalas,27
logistik,26
howard,26
naiknya,26
materi,26
mengamati,26
migas,26
eto'o,26
tunisia,26
menyeru,26
peranan,26
layak,26
--yang,26
penanganan,26
badai,26
mempersiapkan,26
stuttgart,26
mari,26
2-2,26
jose,26
toni,26
penentuan,26
dipilih,26
sofyan,26
ligue,26
melarang,26
tidur,26
rokok,26
mallorca,26
swedia,26
transportasi,26
berpenduduk,26
tabung,26
terluka,26
antariksa,26
tenang,26
rebound,26
turunnya,26
penghasilan,26
edwin,26
gates,26
nyamuk,26
kanada,26
jutaan,26
pratama,26
rumahsakit,26
konsolidasi,26
sesama,26
terburuk,26
buruh,26
lengkap,26
diubah,26
dijual,26
berlaga,26
roger,26
revolusi,26
kontroversial,26
menyadari,26
satuan,26
tv,26
menundukkan,26
retail,26
lah,26
teror,26
toko,26
b,25
lee,25
muhammad,25
bertandang,25
wajah,25
berupaya,25
pakar,25
pantas,25
niger,25
pangsa,25
0-2,25
pembantu,25
potensial,25
mendanai,25
lahan,25
penyelamatan,25
masjid,25
jeda,25
kalimantan,25
unta,25
terkemuka,25
diungkapkan,25
7-5,25
minat,25
nasa,25
menyerahkan,25
betapa,25
bereaksi,25
pelatihan,25
mengusulkan,25
d,25
grant,25
agreement,25
pipa,25
helmand,25
foto,25
tertutup,25
dipercaya,25
pemilu,25
rasanya,25
cair,25
sedemikian,25
penyediaan,25
paul,25
perwira,25
pencarian,25
valas,25
otoritas,25
kehadiran,25
diatur,25
kunci,25
mengelola,25
2002.,25
kamp,25
atp,25
ketegangan,25
istana,25
duduk,25
dinding,25
medan,25
diakui,25
ditargetkan,25
pemberontakan,25
for,25
memperhatikan,25
c,25
hanyalah,25
henry,25
menganggap,25
roberto,25
lemak,25
bahaya,24
kotak,24
asean,24
harapkan,24
terasa,24
inggeris,24
celah,24
xi,24
polimer,24
keberatan,24
mengguncang,24
musik,24
rahmat,24
berguna,24
sains,24
dibahas,24
referendum,24
tony,24
awan,24
sarana,24
nano,24
asisten,24
berjumlah,24
ditawarkan,24
alokasi,24
faksi,24
car,24
porsi,24
jaman,24
kecolongan,24
menghilangkan,24
ruangan,24
pemikiran,24
terus-menerus,24
jarang,24
mengecam,24
rully,24
tanda-tanda,24
merayakan,24
kedelai,24
bali,24
pasir,24
pencapaian,24
senegaranya,24
sektarian,24
berkisar,24
sharapova,24
menerapkan,24
agresif,24
nova,24
demonstran,24
menghadiri,24
katak,24
menghabiskan,24
kebebasan,24
terapi,24
tikus,24
tiba-tiba,24
warganegara,24
kayu,24
federasi,24
penahanan,24
merugikan,24
belgia,24
bakrie,24
katakan,24
beragam,24
kamera,24
marinir,24
pembuluh,24
tertarik,24
taiwan,24
pengumuman,23
pohon,23
pemogokan,23
variasi,23
nantinya,23
system,23
yunani,23
seraya,23
dimasukkan,23
sinaga,23
disimpan,23
menyerbu,23
main,23
susunan,23
penyimpanan,23
prosedur,23
bolivia,23
cocok,23
memandang,23
pikir,23
sesi,23
abu,23
memulihkan,23
penghasil,23
kecewa,23
kambrium,23
ciri,23
seoul,23
kelemahan,23
terbunuh,23
debitur,23
merokok,23
yaman,23
km,23
premier,23
timnas,23
monitor,23
ppn,23
federal,23
terpaksa,23
kamerun,23
melanggar,23
ehud,23
bek,23
finansial,23
ujicoba,23
takkan,23
memerangi,23
pemuda,23
bukit,23
penanggulangan,23
dicurigai,23
iaea,23
antioksidan,23
aktivis,23
berevolusi,23
mengemukakan,23
imf,23
kenya,23
lautan,23
times,23
zaragoza,23
teman,23
sengketa,23
dijaga,23
pengamatan,23
patroli,23
berkata,23
ahmed,23
mengungkap,23
ditambah,23
beruntung,23
dimanfaatkan,23
keseimbangan,23
henin,23
kecuali,23
metz,23
2003.,22
manufaktur,22
rafael,22
kekacauan,22
irlandia,22
menyerupai,22
biologis,22
middlesbrough,22
tertinggal,22
berbahan,22
pemrotes,22
agenda,22
implementasi,22
beirut,22
dinosaurus,22
ekonom,22
menggerakkan,22
bergolak,22
super,22
tanggapan,22
newcastle,22
nota,22
west,22
silang,22
bara,22
himpunan,22
gambaran,22
biru,22
membahayakan,22
berminat,22
diproduksi,22
kapitalis,22
terbawah,22
daniel,22
berbuat,22
tutur,22
meneliti,22
gebrakan,22
fundamental,22
insentif,22
nicolas,22
pengurangan,22
afghan,22
saraf,22
pacific,22
lipat,22
lelang,22
koperasi,22
temperatur,22
ida,22
hadiah,22
eta,22
skala,22
lutut,22
park,22
minimum,22
fulham,22
memukul,22
dasawarsa,22
campuran,22
pm,22
berdiri,22
martin,22
arsitektur,22
unggas,22
majelis,22
shinzo,22
dilakukannya,22
disetujui,22
ion,22
penanaman,22
ke-10,22
dirawat,22
macam,22
tulis,22
seruan,22
berpendapat,22
alat-alat,22
membakar,22
lumpur,22
bekerjasama,22
istri,22
2004.,22
segmen,21
villarreal,21
diberlakukan,21
financial,21
fee,21
koordinasi,21
derajat,21
rating,21
juve,21
mortgage,21
meletus,21
berenang,21
kalender,21
padang,21
jari,21
kesembilan,21
paus,21
berlawanan,21
pemanfaatan,21
ayah,21
petempur,21
seluruhnya,21
bin,21
adil,21
landasan,21
orde,21
in,21
efisiensi,21
membiarkan,21
omar,21
penyesuaian,21
gresik,21
individu,21
pencegahan,21
guinea,21
flu,21
skor,21
ditambahkan,21
kairo,21
minoritas,21
kampanye,21
mendengar,21
mengembalikan,21
rupslb,21
pemelihara,21
ke-13,21
lebar,21
memakai,21
kurdi,21
asasi,21
telinga,21
beralih,21
memperluas,21
wisata,21
berukuran,21
rp500,21
jejak,21
mengawasi,21
dilengkapi,21
spurs,21
tabrakan,21
basra,21
melebar,21
padi,21
bayer,21
membentur,21
diego,21
kapan,21
sehubungan,21
dikemukakan,21
intermediasi,21
membubung,21
sekuritas,21
ungkap,21
ruu,21
portofolio,21
hadir,21
menulis,21
benua,21
anthony,21
loan,21
bbc,21
ceko,21
mempelajari,21
bpr,21
kantung,21
sengit,21
laboratorium,20
kebuntuan,20
bersatu,20
2009.,20
penguasa,20
mauritania,20
canggih,20
menyingkirkan,20
torres,20
petang,20
rekening,20
miami,20
daerah-daerah,20
memerintahkan,20
mengabaikan,20
menyeluruh,20
mubarak,20
jamur,20
desain,20
1.000,20
berbeda-beda,20
frank,20
mengakuisisi,20
wolfsburg,20
liat,20
agus,20
sayangnya,20
kimiawi,20
sampel,20
menutupi,20
erat,20
populasi,20
ajang,20
harap,20
sbn,20
energy,20
penjamin,20
venezuela,20
ivanovic,20
ketawa,20
berpotensi,20
event,20
raul,20
koran,20
dijatuhi,20
berumur,20
ibadah,20
fenerbahce,20
au,20
penulis,20
marah,20
budaya,20
melarikan,20
terpengaruh,20
hopanoid,20
menghalangi,20
espanyol,20
gejala,20
barisan,20
hidrokarbon,20
perguruan,20
memfokuskan,20
kejutan,20
street,20
gratis,20
diserahkan,20
lini,20
favorit,20
menakjubkan,20
dipenuhi,20
petunjuk,20
guru,20
bernilai,20
hotspur,20
veteran,20
bos,20
memecahkan,20
rangkaian,20
tertua,20
pecah,20
format,20
finalis,20
"1,7",20
kekurangan,20
peluncuran,20
pengunduran,20
dipastikan,20
asli,20
memerintah,20
peduli,20
mengutuk,20
buy,20
tender,20
produktif,20
sekelompok,20
tol,20
hadapan,20
kedatangan,20
indian,20
dikhawatirkan,20
tebal,20
bilbao,20
melambat,20
membersihkan,20
berdasar,20
menyalahkan,20
kadar,20
juan,20
kupu-kupu,20
populer,20
mugabe,20
objek,20
bca,20
persyaratan,20
ya,20
penandatanganan,20
telecom,20
georgia,20
masalah-masalah,19
pereli,19
austria,19
acak,19
6-0,19
group,19
pemakaian,19
berkumpul,19
komando,19
mustahil,19
senat,19
jerusalem,19
santander,19
memburuk,19
diturunkan,19
eksekutif,19
"6,4",19
sukuk,19
menelan,19
menghimpun,19
fa,19
pasal,19
diplomasi,19
penembakan,19
moskow,19
jaya,19
sambil,19
luis,19
charles,19
akal,19
kg,19
menghidupkan,19
memberitahu,19
mengidentifikasi,19
bicara,19
orbit,19
dibeli,19
semenanjung,19
konsentrasi,19
versi,19
program-program,19
mengenakan,19
konsekuensi,19
mohammad,19
fabio,19
suci,19
wahana,19
memprotes,19
1980-an,19
botol,19
butuh,19
bermanfaat,19
pembunuh,19
aali,19
manager,19
corporation,19
pelaut,19
memberlakukan,19
undian,19
banding,19
berpusat,19
indofood,19
diperdagangkan,19
memikirkan,19
nukleus,19
digantikan,19
senjata-senjata,19
davis,19
mangsa,19
lintas,19
menghormati,19
bangsa-bangsa,19
fakta,19
dikalahkan,19
ambil,19
semangat,19
memantau,19
dilatih,19
angola,19
iklan,19
al-maliki,19
penyandang,19
us$,19
niaga,19
penghentian,19
public,19
hu,19
a.,19
disusul,19
perserikatan,19
pembatasan,19
independen,19
terang,19
s.,19
kontrol,19
zaman,19
ritel,19
lapis,19
pengakuan,19
pendudukan,19
lembaga-lembaga,19
dibiayai,19
tunai,19
darwinisme,19
sengaja,19
peru,19
berharga,19
ide,19
wen,19
lanjutan,19
atlet,19
film,19
komunis,19
terdekat,19
perunding,19
tes,19
heriawan,19
institusi,19
ditunjuk,19
seusai,19
senator,19
kepresidenan,19
mengontrol,19
sama-sama,19
back,19
jaksa,19
gula,19
optimal,19
pesat,19
percepatan,19
sangatlah,19
ltte,19
kemudahan,18
lps,18
khas,18
university,18
lemparan,18
nusantara,18
peredaran,18
"6,8",18
disamping,18
telefon,18
peter,18
lidah,18
time,18
bertelur,18
kesejahteraan,18
marga,18
mccormack,18
blair,18
larva,18
dekade,18
deflasi,18
penglihatan,18
prima,18
menerobos,18
kandas,18
maria,18
kriminal,18
mengangkut,18
mineral,18
menggelar,18
dugaan,18
dikendalikan,18
keperluan,18
2.000,18
pengunjuk,18
menyebar,18
setia,18
benzema,18
meletakkan,18
pga,18
kompetitif,18
sejenis,18
keselamatan,18
memecat,18
penentu,18
seks,18
seberapa,18
senapan,18
mitsubishi,18
"6,1",18
kosong,18
coba,18
kong,18
norwegia,18
ujung,18
menghubungkan,18
paket,18
"8,25",18
pentingnya,18
memperhitungkan,18
skuad,18
serie,18
vfl,18
menghantam,18
tanggung,18
memadai,18
menandai,18
perlucutan,18
hambatan,18
wall,18
puas,18
sanchez,18
didasarkan,18
demokrasi,18
jendela,18
berani,18
gerilya,18
idb,18
semi,18
bahan-bahan,18
penambangan,18
regulasi,18
bau,18
pp,18
capital,18
kecaman,18
skandal,18
andrew,18
haji,18
dinas,18
konversi,18
mengandalkan,18
mengagumkan,18
npi,18
top,18
kreditor,18
separatis,18
2001.,18
janji,18
sadr,18
membran,18
organisme,18
kondusif,18
haniya,18
4-2,18
2010.,18
cottbus,18
habis,18
pupuk,18
dikembalikan,18
portsmouth,18
tren,18
romania,18
dijalankan,18
pertambahan,18
hong,18
hangat,18
davenport,18
berdarah,18
mencabut,18
pameran,18
dibunuh,18
penyelamat,18
survei,18
disepakati,18
bergantung,18
berkekuatan,18
kabul,18
armada,18
berbatasan,18
unik,18
memangku,18
tarantula,18
enzim,18
penghargaan,17
athletic,17
berlatih,17
membatasi,17
moyang,17
ke-17,17
tiebreak,17
berfokus,17
administrasi,17
rp1,17
diusir,17
bus,17
keterlibatan,17
struktural,17
steel,17
dimensi,17
kuwait,17
ijin,17
peziarah,17
pengurus,17
akar,17
keahlian,17
match,17
levante,17
dipecat,17
mistar,17
sempit,17
umur,17
imbalan,17
mendeteksi,17
schiavone,17
jantan,17
dikenakan,17
sekjen,17
nenek,17
porto,17
buat,17
investment,17
ldr,17
penolakan,17
analisis,17
sampah,17
konperensi,17
mortir,17
anggota-anggota,17
biomassa,17
kabel,17
10.000,17
cara-cara,17
susah,17
melbourne,17
invasi,17
penyedia,17
anggapan,17
kombinasi,17
perusahaan-perusahaan,17
susu,17
pgn,17
"6,2",17
konsisten,17
ptba,17
konstitusi,17
koeman,17
memasang,17
mengesankan,17
islamabad,17
alamiah,17
berangkat,17
penundaan,17
mark,17
alonso,17
mendapati,17
berpindah,17
melampaui,17
menduduki,17
dikurangi,17
boston,17
manuel,17
menyepakati,17
muamalat,17
cia,17
drogba,17
bermotor,17
pejabat-pejabat,17
diperiksa,17
dibagikan,17
life,17
vfb,17
astronot,17
bandung,17
suami,17
mohammed,17
pengawal,17
respon,17
anwar,17
tradisional,17
mata-mata,17
dipertahankan,17
menyudahi,17
rincian,17
menguatnya,17
nominal,17
gerrard,17
el,17
meneg,17
segar,17
outstanding,17
menyenangkan,17
kesadaran,17
dimulainya,17
menonton,17
identitas,17
hancur,17
penghematan,17
mengusir,17
korsel,17
keterbukaan,17
menembakkan,17
jenazah,17
girondins,17
inco,17
tenggelam,17
wells,17
terkecil,17
ben,17
mengulangi,17
cup,17
standard,17
lancar,16
outlook,16
keturunan,16
kekayaan,16
bersama-sama,16
mengalihkan,16
woods,16
rejim,16
lawatan,16
restoran,16
sanksi-sanksi,16
balasan,16
bogey,16
tercepat,16
kelopak,16
diizinkan,16
syi'ah,16
kuba,16
meneriakkan,16
mengindikasikan,16
ronaldo,16
dimungkinkan,16
timbul,16
keajaiban,16
bagian-bagian,16
hal-hal,16
paleontologi,16
mukherjee,16
melumpuhkan,16
mengganti,16
dirasakan,16
bermaksud,16
terima,16
dikirimkan,16
bepergian,16
moderat,16
merancang,16
polandia,16
dipasang,16
skema,16
mengalir,16
melemahnya,16
boikot,16
menara,16
filum,16
pesaing,16
dagang,16
ribery,16
rekayasa,16
pikiran,16
mil,16
jordania,16
roh,16
rutin,16
menjabat,16
jordan,16
dibayar,16
kesimpulan,16
kapitalisasi,16
merubah,16
ke-11,16
"8,5",16
rugi,16
kasih,16
singa,16
mahmud,16
bolton,16
profitabilitas,16
diarahkan,16
barang-barang,16
pengobatan,16
berulang,16
konsorsium,16
insinyur,16
mental,16
ahmadinejad,16
macet,16
kapitalisme,16
delhi,16
membenarkan,16
tampilan,16
ke-12,16
indah,16
otot-otot,16
diantara,16
pinggir,16
didominasi,16
lamban,16
bius,16
ramai,16
dioksida,16
liter,16
pegunungan,16
penyelenggara,16
mendarat,16
menyerap,16
germain,16
dilepaskan,16
konglomerat,16
mancini,16
genetika,16
otomotif,16
assist,16
ismail,16
berlebihan,16
moya,16
tipe,16
primera,16
lantai,16
sirkuit,16
sisa-sisa,16
dihukum,16
perselisihan,16
bertanggungjawab,16
menabrak,16
kepulauan,16
kursi,16
patungan,16
massal,16
kurun,16
christopher,16
adhi,16
fish,16
siro,16
berkualitas,16
terjaga,16
qaeda,16
mars,16
kode,16
ketahanan,16
tersimpan,16
catania,16
lifting,16
gencar,16
pertarungan,16
mans,16
chechnya,16
pertimbangan,16
ramah,16
jalanan,16
paramiliter,16
del,16
sekira,16
kelangsungan,16
mewakili,16
pindah,16
singh,16
pendiri,16
pawai,16
awak,16
karakteristik,16
kendala,16
memasok,16
ronald,16
pertamakalinya,16
terdahulu,16
menggenapi,15
menyusut,15
seminar,15
darmin,15
kalla,15
direksi,15
"7,5",15
penilaian,15
perluasan,15
steve,15
kaka,15
world,15
intensif,15
duisburg,15
nampak,15
birmingham,15
karim,15
koreksi,15
unjuk,15
tercipta,15
wib,15
koordinator,15
rwanda,15
spekulasi,15
formal,15
intel,15
daging,15
rp100,15
ekspektasi,15
karzai,15
sah,15
waziristan,15
port,15
membagikan,15
terbanyak,15
rombongan,15
stade,15
siang,15
menemui,15
dibuka,15
wajar,15
lazio,15
humas,15
baghdatis,15
dada,15
istimewa,15
aliansi,15
p,15
rantai,15
konservatif,15
mendalam,15
kloning,15
beckham,15
restrukturisasi,15
memprediksi,15
menduga,15
danareksa,15
membagi,15
silam,15
nyeri,15
gumpalan,15
tersusun,15
kandidat,15
dollar,15
merkurius,15
arif,15
sumbangan,15
pemangsa,15
mengoperasikan,15
birokrasi,15
mendadak,15
kamar,15
lengan,15
tropis,15
playmaker,15
dibatasi,15
sertifikat,15
cincin,15
diragukan,15
penderita,15
rp10,15
dituntut,15
ki-moon,15
komoditi,15
terlarang,15
aslim,15
tawaran,15
sms,15
gajah,15
timor,15
debut,15
sesaat,15
server,15
perlambatan,15
menurunnya,15
btel,15
mengikat,15
berdekatan,15
ular,15
bioteknologi,15
prefektur,15
audit,15
besaran,15
kadin,15
limbah,15
ke-15,15
perburuan,15
sv,15
divestasi,15
permohonan,15
samuel,15
persero,15
ahmad,15
akhir-akhir,15
digulingkan,15
curah,15
pdam,15
perebutan,15
recreativo,15
unsur-unsur,15
medcoenergi,15
belarus,15
pembekuan,15
pato,15
mutu,15
memperkenalkan,15
pengembang,15
ayam,15
4-6,15
xl,15
mike,15
jelaslah,15
membedakan,15
kebun,15
terkendali,15
2000.,15
mahkamah,15
getaran,15
yonhap,15
hicks,15
mengontrak,15
bis,15
spesifik,15
ke-18,15
sporting,15
layaknya,15
fifa,15
dimainkan,15
multi,15
skotlandia,15
guatemala,15
borussia,15
celtic,15
green,15
terpenting,15
karet,15
penasehat,15
gudang,15
said,15
1970-an,15
afgan,15
djalil,15
sifat-sifat,15
rp9.150,15
dakar,15
berkeras,15
konsulat,15
nyaman,15
separuh,15
lentur,15
dimaksud,15
tindak,15
pemberdayaan,15
memindahkan,15
menyelenggarakan,15
ditingkatkan,15
diunggulkan,15
goeltom,14
membubarkan,14
besok,14
ditarik,14
dengar,14
santoro,14
antonio,14
berpenghasilan,14
takut,14
kelapa,14
khan,14
dominan,14
4-1,14
prestasi,14
praktek,14
terobosan,14
pemadam,14
mali,14
swap,14
uganda,14
memudahkan,14
japan,14
cisse,14
suka,14
terganggu,14
richard,14
kemarahan,14
putin,14
21.500,14
amandemen,14
fans,14
inisiatif,14
mengundang,14
bertahun-tahun,14
jumpa,14
kontroversi,14
yusuf,14
berhati-hati,14
vertebrata,14
diperhitungkan,14
runner-up,14
pengeboran,14
anjing,14
memelihara,14
frankfurt,14
kupon,14
murni,14
kemunculan,14
hertha,14
kontraktor,14
ace,14
meja,14
strel,14
league,14
indikasi,14
pencipta,14
renault,14
jeruk,14
taktik,14
udang,14
hidung,14
nikolay,14
didesain,14
terahir,14
filipina,14
rintangan,14
forehand,14
mendasar,14
ciptaan,14
mengakses,14
wp,14
hektar,14
national,14
lng,14
reaktif,14
penjaminan,14
persegi,14
uap,14
kecamatan,14
ideal,14
mario,14
corp,14
lonjakan,14
wewenang,14
mengecewakan,14
sony,14
dipindahkan,14
debt,14
persekutuan,14
transparan,14
terkalahkan,14
faktor-faktor,14
da,14
issue,14
melemparkan,14
minimal,14
kolombo,14
company,14
pengkajian,14
ramos,14
bkd,14
amfibia,14
luca,14
pertukaran,14
mahadhesi,14
kering,14
merkel,14
ketinggalan,14
iv,14
jembatan,14
bersangkutan,14
memaksakan,14
song,14
pergantian,14
melesakkan,14
economic,14
diklaim,14
ikatan,14
pepsis,14
tanding,14
javier,14
gunakan,14
mobile,14
sochaux,14
nuri,14
evaluasi,14
dibagi,14
melompat,14
murcia,14
memotong,14
batang,14
zenit,14
kotor,14
mengacu,14
dick,14
pulp,14
pencari,14
besi,14
terpilih,14
giliran,14
katalis,14
goreng,14
retina,14
subprime,14
nabi,14
melayang,14
racun,14
dilindungi,14
kashmir,14
kilo,14
ktt,14
buku-e,14
direktorat,14
sukar,14
lakers,14
penghitungan,14
sheikh,14
menghambat,14
elbaradei,14
berlokasi,14
interaksi,14
individual,14
bertolak,14
mengerjakan,14
mulia,14
central,14
elpiji,14
keraguan,14
terpadu,14
menggulingkan,14
semut,14
diprediksi,14
pengendalian,14
skenario,14
open,14
produktivitas,14
migrasi,14
beserta,14
tuhan,14
pemantauan,14
valladolid,14
ciri-ciri,14
bentrok,14
ringgit,13
misterius,13
berniat,13
f1,13
jelena,13
plasma,13
limited,13
bulu-bulu,13
bersikap,13
miliki,13
sumberdaya,13
akbar,13
momentum,13
ivan,13
piutang,13
kian,13
walikota,13
benjamin,13
doha,13
berkebangsaan,13
secepatnya,13
optimisme,13
maraton,13
dikonfirmasi,13
ambisi,13
demonstrasi,13
dubai,13
blake,13
menyentuh,13
bahana,13
pendahulu,13
pilot,13
plame,13
menunda,13
visa,13
seputar,13
suzetta,13
terendah,13
berhak,13
pengertian,13
nopember,13
menggandakan,13
kesenjangan,13
lille,13
terserang,13
franck,13
penjual,13
pelecehan,13
kuil,13
dipublikasikan,13
offside,13
jusuf,13
ditandai,13
m,13
jadwal,13
dki,13
mamalia,13
makmur,13
c.,13
xinhua,13
melengkapi,13
sepasang,13
muka,13
minuman,13
kriteria,13
suspensi,13
meriam,13
menetas,13
penjagaan,13
inci,13
dijinakkan,13
diakibatkan,13
lensa,13
diidentifikasi,13
wawrinka,13
mengerti,13
gdp,13
chris,13
mamby,13
vaksin,13
jones,13
memusatkan,13
belah,13
mula,13
baratlaut,13
aqsa,13
bom-bom,13
pembeli,13
farma,13
angka-angka,13
tumor,13
royalti,13
laden,13
mdc,13
palsu,13
services,13
serdadu,13
akuntansi,13
penyelenggaraan,13
dorongan,13
landas,13
"1,2",13
pro,13
meninjau,13
jihad,13
tas,13
6-7,13
california,13
selaku,13
yordania,13
steven,13
kolonel,13
cavaliers,13
bervariasi,13
bendungan,13
khartoum,13
diputuskan,13
kudeta,13
europa,13
news,13
dikabarkan,13
"2,1",13
chad,13
berkelanjutan,13
supaya,13
mencela,13
pengunjung,13
mestinya,13
e,13
rahang,13
integrasi,13
kadangkala,13
portal,13
prosesor,13
apbn-p,13
bergejolak,13
sepekan,13
menyimpulkan,13
istirahat,13
demo,13
derbi,13
mickelson,13
benda-benda,13
zat-zat,13
yongbyon,13
serbuan,13
dibayarkan,13
0-3,13
membengkak,13
larut,13
simon,13
dicatatkan,13
hepatitis,13
gelandang,13
wilayah-wilayah,13
perbendaharaan,13
rups,13
hewan-hewan,13
rp9.400,13
langka,13
perincian,13
apresiasi,13
bundar,13
wizards,13
multilateral,13
sky,13
pendampingan,13
rupa,13
trilyun,13
hubungan-hubungan,13
sensitif,13
ihsanoglu,13
lari,13
lalulintas,13
deposit,13
menempel,13
ditampilkan,13
hendaknya,13
konsultasi,13
membekukan,13
dipaksa,13
co,13
selandia,13
championship,13
astronomi,13
"3,5",13
negosiasi,13
bertekad,13
center,13
tom,13
mottaki,13
nuremberg,13
kevlar,13
inspirasi,13
giro,13
mengamankan,13
meluas,13
ditolak,13
teks,13
ke-14,13
rovers,13
stadium,13
us,12
sampdoria,12
pemrograman,12
siswa,12
com,12
swadaya,12
ke-100,12
casillas,12
ryan,12
menghalau,12
penjajahan,12
didapat,12
menyarankan,12
menerus,12
power,12
camara,12
seorangpun,12
ngengat,12
segalanya,12
mengenal,12
pencurian,12
cerita,12
rahman,12
foto-foto,12
margin,12
sandera,12
diganti,12
pelajar,12
zia,12
campbell,12
mengkhawatirkan,12
untr,12
pengangkutan,12
asii,12
tekstil,12
asupan,12
trend,12
meminjam,12
pelindung,12
aneka,12
lestari,12
supir,12
harga-harga,12
50.000,12
aso,12
gol-gol,12
tutup,12
menyisihkan,12
pembicaraan-pembicaraan,12
break,12
hanover,12
dinikmati,12
basque,12
setoran,12
jendral,12
"1,8",12
5-3,12
terbuat,12
mengenali,12
utuh,12
netto,12
kunang-kunang,12
cacat,12
laudrup,12
fermentasi,12
diskusi,12
meles,12
diinginkan,12
mempertanyakan,12
tsonga,12
partisipasi,12
s,12
pernafasan,12
matang,12
sebut,12
apexindo,12
aneh,12
satonda,12
suasana,12
baratdaya,12
villareal,12
menandaskan,12
sports,12
memproyeksikan,12
penggerak,12
tsvangirai,12
opec,12
seni,12
agro,12
sydney,12
pengendali,12
kira-kira,12
ranjau,12
tergolong,12
usd,12
anggito,12
halus,12
memanggil,12
hosni,12
pelosi,12
hassan,12
peron,12
cnn,12
dilahirkan,12
perkreditan,12
led,12
keji,12
seluas,12
paripurna,12
memfasilitasi,12
rp300,12
belasan,12
pirolisis,12
radiasi,12
benturan,12
menanamkan,12
meluncur,12
penyelundupan,12
sepertinya,12
"6,6",12
3.000,12
bochum,12
tidaklah,12
rumput,12
kawah,12
management,12
menyundul,12
opsi,12
adebayor,12
dosen,12
"6,0",12
enrg,12
eelam,12
memuaskan,12
memperebutkan,12
meredam,12
hindu,12
hadapi,12
dikelola,12
kemandirian,12
menegangkan,12
damaskus,12
aston,12
marco,12
prodi,12
playoff,12
kedalaman,12
kebiasaan,12
beristirahat,12
reggina,12
2-3,12
kisah,12
athena,12
ternak,12
penumpasan,12
berisiko,12
dutabesar,12
berkenaan,12
berperang,12
red,12
diuji,12
karsinogen,12
belas,12
mematuhi,12
dikontrak,12
pma,12
payudara,12
income,12
mahut,12
rfid,12
peraih,12
alves,12
mengisyaratkan,12
debu,12
lutein,12
jena,12
musharraf,12
mauresmo,12
bersiap,12
terbit,12
bermarkas,12
amman,12
francisco,12
kehamilan,12
"1,9",12
ori,12
rambut,12
volatilitas,12
point,12
dihitung,12
mayor,12
rezim,12
dechy,12
quran,12
disertai,12
merawat,12
rekonsiliasi,12
emirat,12
huelva,12
klose,12
pendorong,12
first,12
organik,12
taklimat,12
menguji,12
penerangan,12
pendirian,12
play,12
penetrasi,12
ujian,12
chennai,12
mengesampingkan,12
nyawa,12
meteorologi,12
maaf,12
surya,12
panel,12
sindikasi,12
seharga,12
mendekat,12
ford,12
pengembalian,12
4.000,12
dementieva,12
masukan,12
bei,12
potongan,12
tayangan,12
salju,12
terperinci,12
jibaku,12
mengungguli,12
"9,25",12
computer,12
pemasaran,12
interest,12
menjalin,12
bv,12
sela-sela,12
ratings,12
udinese,12
kapal-kapal,12
seolah,12
perilaku,12
1991.,12
beracun,12
pencetak,12
memonitor,12
kestabilan,12
aspirin,12
tersendiri,12
memenangkan,12
ditemui,11
penindasan,11
wigan,11
meredakan,11
keegan,11
kepompong,11
sumur,11
diinterogasi,11
disahkan,11
menunjukan,11
lelah,11
prediksi,11
abadi,11
elemen,11
dibantu,11
terkadang,11
apa-apa,11
serena,11
llodra,11
antisipasi,11
uruguay,11
tertulis,11
alwin,11
persentase,11
rights,11
kepastian,11
svetlana,11
penghapusan,11
klbf,11
semburan,11
cleveland,11
chicago,11
carlo,11
sembuh,11
unicef,11
penerbit,11
konsumer,11
"5,7",11
walcott,11
mikhail,11
memalukan,11
"4,9",11
dipanggil,11
ragam,11
ginjal,11
memperagakan,11
biro,11
jangkauan,11
menyusun,11
rangers,11
jan,11
bapepam,11
rig,11
diatas,11
arsip,11
bsm,11
venus,11
diperkenalkan,11
membom,11
berkemampuan,11
bahu,11
terintegrasi,11
pensiun,11
sendirinya,11
fc,11
tembak,11
penuaan,11
ditukar,11
dipertimbangkan,11
zvonareva,11
terhitung,11
peka,11
disetor,11
perbandingan,11
aviv,11
fasilitas-fasilitas,11
kelanjutan,11
bauksit,11
diamati,11
diraih,11
apartemen,11
thierry,11
sugiharto,11
balap,11
christian,11
nablus,11
purba,11
ekstrim,11
membangkitkan,11
menggebrak,11
perpustakaan,11
amatir,11
pembom,11
jahja,11
mengendarai,11
mimpi,11
front,11
"rp1,5",11
pagu,11
niat,11
sungguh-sungguh,11
panglima,11
ekuador,11
ketidakpastian,11
menyita,11
straight,11
stres,11
sertifikasi,11
kumbang,11
keberuntungan,11
enggan,11
bhp,11
untung,11
kepemimpinan,11
kecukupan,11
dhaka,11
ditekan,11
mekkah,11
mobile-8,11
pengikut,11
heroin,11
base,11
diproyeksikan,11
pengangguran,11
dipengaruhi,11
memproses,11
timurlaut,11
kenegaraan,11
disebut-sebut,11
razzano,11
ditulis,11
harrison,11
marion,11
airmata,11
calleri,11
jbic,11
bawang,11
atap,11
riyadh,11
fisika,11
windows,11
diawali,11
adapun,11
seksual,11
siprus,11
no,11
pemecatan,11
pengatur,11
lompatan,11
penggemar,11
terdaftar,11
penggelaran,11
armando,11
kliring,11
samsung,11
runding,11
ring,11
kekecewaan,11
permodalan,11
pemeliharaan,11
penyerangan,11
perayaan,11
terpencil,11
penyimpangan,11
penguin,11
rekan-rekan,11
hitzfeld,11
pelayaran,11
sentimeter,11
tulisan,11
kebangkitan,11
menyia-nyiakan,11
moncong,11
reproduksi,11
marcos,11
membujuk,11
institute,11
haruslah,11
reguler,11
penyumbang,11
boj,11
denda,11
hormon,11
tebusan,11
farmasi,11
penggalian,11
diperpanjang,11
mengkonsumsi,11
empoli,11
gram,11
tawon,11
lippo,11
wta,11
psv,11
bensin,11
penyelundup,11
yoy,11
akurat,11
cpu,11
bendera,11
demokratis,11
menyatukan,11
subordinasi,11
philippe,11
terjatuh,11
silva,11
chavez,11
maya,11
kalbe,11
mengomentari,11
dikarenakan,11
"1,1",11
schuster,11
memaparkan,11
wisatawan,11
terkejut,11
diduduki,11
merenggut,11
dramatis,11
diolah,11
marokko,11
konsultan,11
pertumpahan,11
pengenaan,11
pandang,11
revisi,11
gaji,11
menyeberang,11
kwartal,11
pertanda,11
pemda,11
prof,11
lampung,11
walau,11
singapore,11
dallas,11
memperkecil,11
beredar,11
stephen,11
ditunjukkan,11
password,11
tunggu,11
toulouse,11
carquefou,11
ladang,11
france,11
eintracht,11
profesor,11
simpan,11
fitur,11
antarbangsa,11
julio,11
pemenuhan,11
jersey,11
tel,11
daratan,11
hak-hak,11
eu,11
menolong,11
gemayel,11
pemahaman,11
carl,11
keita,11
sales,11
memperbesar,11
mesjid,11
roboh,11
menghapus,11
kekeringan,11
miliaran,11
jet,11
selular,11
promosi,10
w,10
maoist,10
file,10
prix,10
joseph,10
oksida,10
5-4,10
fluktuasi,10
pembalasan,10
diam,10
oksidatif,10
month,10
ke-20,10
muslimin,10
rival,10
strasbourg,10
zis,10
keane,10
diperhatikan,10
justine,10
ulfa,10
menikah,10
zambia,10
menenggelamkan,10
properti,10
makna,10
project,10
mumi,10
laurent,10
pembantaian,10
burns,10
asian,10
kur,10
mengepung,10
menerpa,10
sibuk,10
terungkap,10
dialihkan,10
menyisakan,10
kelistrikan,10
berkedudukan,10
panen,10
rentan,10
pengamanan,10
1999.,10
penyempurnaan,10
karibia,10
dahsyat,10
resep,10
tertahan,10
letnan,10
buaya,10
diteliti,10
bppt,10
formula,10
koneksi,10
bucks,10
kelembagaan,10
pelumas,10
ketiganya,10
kecerdasan,10
metabolisme,10
deivid,10
lega,10
ofensif,10
terkoreksi,10
batasan,10
aziz,10
sektor-sektor,10
panda,10
ditangani,10
nistelrooy,10
rajapakse,10
business,10
messi,10
kas,10
inc,10
dibakar,10
rivers,10
clinton,10
classic,10
dikenali,10
sumatra,10
las,10
kamu,10
atlantik,10
paha,10
motivasi,10
beraksi,10
golongan,10
perokok,10
ekuitas,10
langit,10
dijatuhkan,10
bernabeu,10
masters,10
disandera,10
kuman,10
deportivo,10
beckett,10
leher,10
journal,10
kerumitan,10
tradisi,10
bernapas,10
persidangan,10
desktop,10
dilayangkan,10
plta,10
palermo,10
nya,10
siniora,10
lingkaran,10
bagdad,10
dominasi,10
legal,10
optik,10
mengherankan,10
"1,6",10
ukraina,10
emiten,10
personel,10
arena,10
fuad,10
dihubungi,10
subsistem,10
senantiasa,10
kasar,10
wu,10
blackburn,10
harta,10
billiton,10
astronom,10
kencang,10
bahrain,10
menjinakkan,10
dihindari,10
maksud,10
persembunyian,10
shanghai,10
rubidium,10
lopez,10
bangun,10
radar,10
tugas-tugas,10
berspekulasi,10
display,10
kompas,10
brantas,10
optimistis,10
brigade,10
ditempuh,10
"5,5",10
gizi,10
pembinaan,10
cracker,10
morales,10
menantang,10
pon,10
hacker,10
bersejarah,10
source,10
hantuchova,10
operasi-operasi,10
bocah,10
zakat,10
ratus,10
ke-16,10
ratio,10
injury-time,10
tipsarevic,10
cuma,10
didapatkan,10
ketergantungan,10
oil,10
raihan,10
memecah,10
hitungan,10
sonar,10
kehutanan,10
talib,10
berbau,10
semata-mata,10
psikologis,10
bertarung,10
subur,10
menimpa,10
buana,10
buku-buku,10
penghujung,10
upah,10
diselamatkan,10
oksidasi,10
money,10
laba-laba,10
modul,10
roti,10
pantulan,10
toba,10
rekreasi,10
cangkang,10
pihak-pihak,10
pengambilan,10
membela,10
kesediaan,10
arsene,10
panik,10
gadis,10
workshop,10
terwujud,10
"0,10",10
yahoo,10
saran,10
toronto,10
primitif,10
disediakan,10
sintesis,10
muatan,10
natal,10
harvard,10
datar,10
mengawal,10
dihadiri,10
napoli,10
bersumber,10
kandahar,10
disiapkan,10
inovasi,10
sport,10
menyoroti,10
tomori,10
biji,10
bulls,10
jajaran,10
jim,10
garcia,10
osama,10
3-6,10
credit,10
dataran,10
lilin,10
perancang,10
longsor,10
sam,10
mathieu,10
kemakmuran,10
cuckoo,10
penjuru,10
bertabrakan,10
phil,10
kesepahaman,10
rdg,10
tembak-menembak,10
tumbuhnya,10
jm,10
artikel,10
teman-teman,10
massimo,10
dikaitkan,10
koloni,10
mw,10
harry,10
narkoba,10
tpt,10
penyebaran,10
ottmar,10
cpin,10
valenciennes,10
tyson,10
kanoute,10
penyelidik,10
selam,10
instalasi,10
dakwaan,10
terikat,10
daun,10
vladimir,10
konvensi,10
dipegang,10
energie,10
hewitt,10
almeria,10
saturnus,10
merekam,10
penyerahan,10
praktis,10
dealer,10
ambulan,10
seumur,10
guillermo,10
menabung,10
iata,10
chip,10
island,10
pariwisata,10
polri,10
prajurit-prajurit,10
pengisi,10
texas,10
nirkabel,10
nada,10
seismik,10
undangan,10
lebat,10
dubes,10
habitat,10
intensitas,10
pendamping,10
fitri,10
jonathan,10
"8,9",10
gyanendra,10
benfica,10
rp15,10
novak,10
reksa,10
pinggiran,10
rompi,10
terangkat,10
jahat,10
sean,10
pemain-pemain,10
han,10
proposal,10
mengalokasikan,10
ballack,10
alessandro,9
fred,9
belerang,9
berlindung,9
dipahami,9
suns,9
seandainya,9
sehari-hari,9
membatalkan,9
pauleta,9
tumpukan,9
ks,9
krakatau,9
kadang-kadang,9
diatasi,9
maroko,9
vegas,9
tangguh,9
menampik,9
kerang,9
arminia,9
director,9
phoenix,9
batticaloa,9
jolie,9
bahasa-bahasa,9
grogi,9
ochoa,9
performa,9
jmb,9
"2,4",9
arbil,9
dialirkan,9
keagamaan,9
temu,9
sambungan,9
malu,9
transmisi,9
kagame,9
terbitan,9
essien,9
lehmann,9
"0,5",9
menghapuskan,9
kuno,9
jerez,9
menopang,9
pltu,9
mendasari,9
depresi,9
sergio,9
micro,9
memangkas,9
kebijaksanaan,9
eksperimen,9
perrin,9
sedikit-dikitnya,9
old,9
merosotnya,9
kerabat,9
berkomitmen,9
berkesudahan,9
guncangan,9
berburu,9
menggetarkan,9
rp2,9
menlu,9
dijanjikan,9
"5,9",9
basah,9
mendiskusikan,9
sosialis,9
drastis,9
terlepas,9
welter,9
"1,3",9
5.000,9
anbar,9
moody's,9
susulan,9
permukiman,9
coruna,9
burundi,9
keistimewaan,9
sebaik,9
waluyanto,9
maliki,9
hariri,9
diangkat,9
"4,7",9
hiburan,9
menjebloskan,9
menghina,9
medali,9
merevisi,9
kumulatif,9
cerdas,9
email,9
ellis,9
maois,9
prasad,9
penyiksaan,9
sirkulasi,9
buta,9
draft,9
ucapan,9
oc,9
memadamkan,9
hari-hari,9
gerbang,9
domba,9
snow,9
tahun-tahun,9
trilobita,9
jatidirinya,9
diderita,9
palestina-israel,9
pahlawan,9
burnley,9
kingdom,9
mclaren,9
kokoh,9
swadesi,9
bermigrasi,9
caen,9
serpihan,9
menumpas,9
tengkorak,9
rp200,9
costa,9
seperempat,9
disambut,9
4-0,9
amelie,9
primer,9
infeksi,9
detil,9
penggantian,9
emosi,9
penjahat,9
motif,9
baku-tembak,9
permata,9
pitt,9
oxfam,9
merekrut,9
crt,9
turbin,9
pengalihan,9
diet,9
jorge,9
mascherano,9
metoda,9
tergabung,9
berinteraksi,9
tebu,9
ue,9
private,9
bobot,9
lambung,9
syarat-syarat,9
dibatalkan,9
pencatatan,9
johansson,9
bogor,9
ida-,9
inspektur,9
nalbandian,9
lembaran,9
trust,9
terdakwa,9
selaras,9
icp,9
banten,9
20.000,9
selaput,9
melucuti,9
solana,9
diyala,9
manual,9
raga,9
dk,9
penanam,9
fajar,9
ze,9
pigmen,9
pti,9
piero,9
ln,9
pencabutan,9
menyandang,9
payah,9
mencermati,9
menggali,9
pemulihan,9
santa,9
semata,9
mengulang,9
peternakan,9
penerima,9
difokuskan,9
cambuk,9
anteater,9
uribe,9
60.000,9
talangan,9
bryant,9
dijamin,9
diakses,9
olah,9
pergelangan,9
penentangan,9
naluri,9
thermal,9
semenit,9
mengira,9
dialokasikan,9
agresi,9
ferrari,9
youzhny,9
dihimpun,9
terperosok,9
anelka,9
petraeus,9
inginkan,9
secepat,9
konfirmasi,9
djibril,9
holmes,9
pasca,9
vavuniya,9
peng,9
terkuat,9
kronis,9
hugo,9
pemusnahan,9
rp50,9
17.00,9
irna,9
"8,75",9
panama,9
keragaman,9
nelson,9
kecurigaan,9
cm,9
sadar,9
wembley,9
kesempurnaan,9
collins,9
kebon,9
konteks,9
bill,9
metana,9
equity,9
kilang,9
roda,9
sayap-sayap,9
menguatkan,9
domain,9
penyiaran,9
mensahkan,9
manhattan,9
hartadi,9
choi,9
ke-21,9
handal,9
mengkonfirmasikan,9
fit,9
pemakai,9
daily,9
irama,9
v,9
ppnbm,9
importir,9
co2,9
angel,9
dialami,9
kesuburan,9
emirates,9
dinaikkan,9
asteroid,9
mengambang,9
balapan,9
single,9
dpk,9
sedan,9
melanda,9
ketertinggalan,9
i/2007,9
eksistensi,9
victor,9
fr0042,9
berhadiah,9
d.,9
jaring,9
login,9
berbulan-bulan,9
menyajikan,9
mengajak,9
vogts,9
bts,9
karakter,9
seketika,9
von,9
silika,9
penghubung,9
2-6,9
obyek,9
wimbledon,9
m.,9
berkantor,9
pemeluk,9
menyusui,9
subunit,9
menghubungi,9
beku,9
neutron,9
via,9
kirkuk,9
wanderers,9
berpawai,9
konvoi,9
5-0,9
meniru,9
antm,9
qin,9
terperangkap,9
bielefeld,9
mengukur,9
gambar-gambar,9
"2,2",9
club,9
lamarck,9
dicetak,9
5-2,9
pengadaan,9
taksi,9
syaraf,9
ditimbulkan,9
syeikh,9
terhubung,9
offer,9
lkp,9
burung-burung,9
gema,9
impian,9
pemberantasan,9
houston,9
ke-69,9
menghilang,9
avram,9
cari,9
ii/2007,9
gravitasi,9
ketenangan,9
diusulkan,9
go,9
memperingati,9
enak,9
taman,9
elit,9
latar,9
terowongan,9
menganalisis,9
menumbangkan,9
pakaian,9
magnet,9
voli,9
quetta,9
liberia,9
ana,9
dibaca,9
bersahabat,9
seragam,9
pembaca,9
tercermin,9
bulanan,9
kancah,9
smith,9
jurnal,9
robredo,9
digantung,9
"5,6",9
pesta,9
berakibat,9
menggalang,9
diperlemah,9
petersburg,9
rp3,9
profil,9
generator,9
kalori,9
ke-76,9
at,8
pengoperasian,8
diam-diam,8
insurance,8
ke-65,8
bob,8
reseptor,8
cavenaghi,8
richards,8
proteksi,8
mengisap,8
doping,8
armenia,8
dipergunakan,8
ljubicic,8
bulgaria,8
lisbon,8
dwi,8
peranti,8
melapor,8
sejahtera,8
dicairkan,8
galaxy,8
sragen,8
andre,8
all-star,8
"5,2",8
pedagang,8
nonmigas,8
diangkut,8
kelamin,8
al-shemmari,8
bangku,8
xavi,8
niang,8
miroslav,8
6-5,8
junior,8
multimedia,8
200.000,8
apps,8
digerakkan,8
kembangkan,8
ferrero,8
stress,8
identifikasi,8
diagonal,8
turut,8
cokelat,8
juande,8
stewart,8
tokek,8
rennes,8
alur,8
menyambar,8
anjlok,8
mengembang,8
kota-kota,8
vice,8
berbahasa,8
mengambilalih,8
kelenturan,8
president,8
rostock,8
karbondioksida,8
setinggi,8
umat,8
dikaji,8
morgan,8
sebastien,8
santos,8
william,8
gbagbo,8
mcenroe,8
antarbank,8
judul,8
bkpm,8
diprogram,8
sosialisasi,8
terkendala,8
marc,8
menyalakan,8
berbunyi,8
ekspresi,8
menuntaskan,8
berdaya,8
dipusatkan,8
tommy,8
medical,8
atpk,8
kampung,8
ida+,8
robin,8
kajaki,8
penyertaan,8
matematika,8
tahapan-tahapan,8
cole,8
keringat,8
menghadirkan,8
menjangkau,8
tertembak,8
gigi,8
menyeret,8
mosul,8
moore,8
mengeluhkan,8
menandakan,8
conakry,8
terinci,8
disiplin,8
dimasukan,8
digambarkan,8
levin,8
tokoh-tokoh,8
mencair,8
engineering,8
ek,8
harcourt,8
penghormatan,8
mulus,8
kehormatan,8
1-3,8
tanduk,8
ekstra,8
canas,8
terry,8
carter,8
from,8
lane,8
suzuki,8
motogp,8
efektivitas,8
tertuduh,8
sekian,8
betul-betul,8
pasaran,8
terjangkau,8
pound,8
penandatangan,8
upacara,8
abkhazia,8
sekedar,8
diburu,8
reputasi,8
miller,8
geologi,8
disain,8
benitez,8
hilton,8
legislatif,8
capex,8
lebron,8
rahim,8
capdevila,8
reserve,8
mirza,8
gregory,8
trafford,8
alias,8
seakan,8
serat,8
penentang,8
ditembakkan,8
bartoli,8
oman,8
hamid,8
misteri,8
makhluk-makhluk,8
visi,8
variabel,8
cipta,8
logika,8
memancarkan,8
basel,8
riau,8
disadari,8
tertawa,8
apol,8
platform,8
terulang,8
rp9.050,8
liberal,8
demirel,8
joachim,8
museum,8
pertikaian,8
browser,8
mendasarkan,8
menghemat,8
mereda,8
urat,8
disita,8
penyerbuan,8
terlambat,8
1.500,8
pelestarian,8
termuda,8
emory,8
berawal,8
perlengkapan,8
nasution,8
sapi,8
kiloliter,8
suaka,8
champion,8
sekadar,8
menghantarkan,8
"12,3",8
"0,03",8
protokol,8
berkapasitas,8
kepabeanan,8
beluga,8
menghitung,8
zapatero,8
service,8
i.,8
kolesterol,8
pesisir,8
kokain,8
dirk,8
tragedi,8
manuver,8
bersenjatakan,8
sedimen,8
pemutusan,8
lampard,8
aktor,8
bermuatan,8
perlakuan,8
labah-labah,8
disusun,8
lutfi,8
amin,8
instansi,8
bangga,8
mexico,8
bertentangan,8
agri,8
terpasang,8
kanguru,8
benih,8
ppn/kepala,8
nba,8
mengimbangi,8
genus,8
medc,8
sensor-sensor,8
mullah,8
diadili,8
integritas,8
pribumi,8
pan,8
suap,8
samsuar,8
tarik,8
vera,8
khalilzad,8
ganti,8
kalifornia,8
dipulangkan,8
kiprah,8
"11,5",8
rongga,8
country,8
abc,8
jamaah,8
palm,8
berpidato,8
kebocoran,8
1997.,8
bertengger,8
diisi,8
siklus,8
reruntuhan,8
nusa,8
kemasan,8
stainless,8
berbunga,8
menentu,8
melintasi,8
alberto,8
memprihatinkan,8
simbol,8
steroid,8
berdoa,8
spn,8
kahn,8
warren,8
pemecahan,8
500.000,8
mandat,8
membendung,8
imam,8
terlantar,8
berikan,8
berbagi,8
mccain,8
oscar,8
islamis,8
fair,8
diteruskan,8
mengucurkan,8
menneg,8
sayuran,8
seksama,8
ras,8
menyebarkan,8
ke-23,8
badan-badan,8
lobato,8
pembatalan,8
cdma,8
beshir,8
dinamika,8
capello,8
mendalangi,8
berkompetisi,8
perahu,8
bersikeras,8
uri,8
dipelajari,8
al-jazeera,8
indo,8
esia,8
ke-27,8
award,8
jambi,8
mengingini,8
yogyakarta,8
kemitraan,8
ingat,8
patut,8
momen,8
melayangkan,8
terdengar,8
salvador,8
gedi,8
ke-52,8
felix,8
pori,8
alto,8
gugur,8
menyelam,8
akumulasi,8
meyakini,8
aspirasi,8
yamaha,8
produk-produk,8
pemrogram,8
pelacur,8
kecanduan,8
"5,3",8
melirik,8
dikenai,8
kantong,8
didanai,8
genoa,8
sendirian,8
rodriguez,8
partai-partai,8
adidaya,8
mencalonkan,8
pemberi,8
bridge,8
gerhana,8
berkonsentrasi,8
fabregas,8
suprijadi,8
victoria,8
penasihat,8
cornet,8
gurun,8
biokimia,8
diakhiri,8
dihubungkan,8
wajima,8
kerap,8
e8,8
galaksi,8
terhindar,8
ke-32,8
durrani,8
dihancurkan,8
paspor,8
jiabao,8
fr0045,8
sekuriti,8
mengimbau,8
selesainya,8
aktiva,8
derby,8
milwaukee,8
reading,8
hungaria,8
lipid,8
lionel,8
dibenarkan,8
monitoring,8
bentrokan-bentrokan,8
mengerahkan,8
difavoritkan,8
penculik,8
panja,8
kontingen,8
berlari,8
head,8
wildcard,8
perpecahan,8
ishikawa,8
perkirakan,8
pernapasan,8
pompa,8
lapindo,8
antena,8
budak,8
tutankhamun,8
realistis,8
rp250,8
seminggu,8
asset,8
terminal,8
didakwa,8
pengukuran,8
frederic,8
"9,00",8
tutsi,8
punah,8
cemerlang,8
nah,8
trofi,8
pnbp,8
santoso,8
nobel,8
seperlima,8
proyektor,8
pencairan,8
"5,97",8
kompleksitas,8
mengerikan,8
harimau,8
latin,8
indikatif,8
torino,8
berskala,8
post,8
casey,8
cucu,8
memperkokoh,8
dimintai,8
diletakkan,8
leipheimer,8
wom,8
cruz,8
penyangga,8
eduardo,8
unifil,8
aaron,8
4-3,8
menyamai,7
bergengsi,7
yunus,7
wbc,7
teleskop,7
pelanggar,7
japex,7
rute,7
"14,1",7
tepung,7
dikecam,7
konektor,7
lazim,7
kejatuhan,7
fraksi,7
substansi,7
dipukuli,7
pengangkatan,7
andres,7
bernd,7
lenyap,7
brasil,7
bulat,7
pasif,7
globalisasi,7
alzheimer,7
namibia,7
kerdil,7
membina,7
bayaran,7
communications,7
hansa,7
jumrah,7
hildebrand,7
master,7
alex,7
kena,7
pecahan,7
mengilhami,7
mastrogiacomo,7
keterlambatan,7
nihat,7
diversifikasi,7
sharafi,7
ferguson,7
puerto,7
subaru,7
alain,7
hart,7
palembang,7
siad,7
keanggotaan,7
drayton,7
kebenaran,7
heran,7
menyangkal,7
hasil-hasil,7
ruben,7
citroen,7
pakan,7
surat-surat,7
kuranyi,7
merangsang,7
berulangkali,7
bpk,7
gonzalez,7
pengenalan,7
bankir,7
sugiyama,7
penghalang,7
positip,7
menyilang,7
mendampingi,7
bm,7
memorandum,7
pertiwi,7
hafiz,7
truba,7
england,7
line,7
didier,7
memboikot,7
berbanding,7
rekonstruksi,7
kedalam,7
5-1,7
betul,7
proyektil,7
aksesibilitas,7
kecilnya,7
beraneka,7
menanam,7
observatorium,7
membingungkan,7
menyedihkan,7
menyala,7
menepis,7
menuturkan,7
balon,7
nairobi,7
tomat,7
tibet,7
alih-alih,7
metrik,7
berjudul,7
diperbaiki,7
tevez,7
kesuksesan,7
eritrea,7
imigran,7
atalanta,7
listed,7
joe,7
menunaikan,7
diaktifkan,7
dan/atau,7
"14,2",7
kri,7
diakuisisi,7
ronde,7
liberalisasi,7
bendtner,7
after,7
direalisasikan,7
youtube,7
perekayasaan,7
alaska,7
anaerobik,7
bertanya,7
king,7
paksa,7
treasury,7
market,7
gereja,7
meliwati,7
"0,02",7
b.,7
ke-63,7
bulan-bulan,7
tinju,7
fosfor,7
nou,7
camp,7
menanggung,7
brown,7
"1,04",7
detroit,7
perdebatan,7
4-4,7
rinci,7
excl,7
kemerosotan,7
kuda,7
slowakia,7
hamad,7
dipancarkan,7
emmanuel,7
diedarkan,7
migran,7
seimbang,7
manunggal,7
disamakan,7
hutu,7
berbadan,7
catalan,7
tons,7
perhimpunan,7
memperkaya,7
gerard,7
slovakia,7
chakvetadze,7
kartun,7
trafik,7
kuliah,7
areal,7
anna,7
mengelilingi,7
"5,4",7
accra,7
bertenaga,7
jaket,7
darwinis,7
up,7
dau,7
kyoto,7
edisi,7
cassano,7
fars,7
mamadou,7
melonjaknya,7
cicilan,7
ibrahimovic,7
halim,7
putuskan,7
cabe,7
bernaung,7
orientasi,7
blue,7
diawasi,7
subyek,7
menempuh,7
pialang,7
sayap-kiri,7
partnership,7
papua,7
timo,7
mengupayakan,7
as-sadr,7
pita,7
nisp,7
perasaan,7
iker,7
link,7
diukur,7
gemuk,7
samudra,7
merundingkan,7
diabaikan,7
pengemudi,7
tembakau,7
pesanan,7
pengecualian,7
francesco,7
pinnacle,7
pu,7
kegelapan,7
allen,7
winners,7
memompa,7
membayangkan,7
seratus,7
gross,7
pisau,7
pegiat,7
baseline,7
etiopia,7
etnis,7
kelembapan,7
ltls,7
mikroba,7
jejaring,7
walter,7
rp75,7
pelatuk,7
rapuh,7
enterprise,7
guantanamo,7
pahit,7
prinsip-prinsip,7
russia,7
oss,7
terhambat,7
pemerataan,7
bizimingu,7
pasang,7
instruksi,7
ongkos,7
etienne,7
bersembunyi,7
linkage,7
rp9.500,7
rekomendasi,7
andalan,7
isat,7
dilupakan,7
deras,7
obat-obatan,7
indf,7
pentungan,7
berisikan,7
crude,7
cpj,7
nasional/kepala,7
hushovd,7
merinci,7
dipenjara,7
npt,7
rp9.250,7
was,7
berudu,7
santai,7
purnomo,7
meminum,7
mahkota,7
mengemudi,7
diwujudkan,7
definisi,7
dinamakan,7
tertanam,7
busuk,7
bayelsa,7
psp,7
mempekerjakan,7
digit,7
lcd,7
celtics,7
tangki,7
plantations,7
carrol,7
mengeluh,7
baris,7
meshaal,7
cakupan,7
ramallah,7
ibrahim,7
syahrial,7
dibicarakan,7
gasquet,7
sesegera,7
gunners,7
foton,7
iringan,7
dipecahkan,7
mungil,7
geologis,7
teratur,7
j.,7
situ,7
mobilitas,7
menggandeng,7
livorno,7
barito,7
soro,7
pavel,7
kritik,7
sirip,7
dicabut,7
human,7
pemandangan,7
cannavaro,7
memanjat,7
revolusioner,7
volkan,7
kanal,7
menyatu,7
radwanska,7
mendatangkan,7
sasarannya,7
alergi,7
sekecil,7
pengelola,7
tegangan,7
beton,7
steegmans,7
5-7,7
parachinar,7
ruiz,7
kontes,7
bimo,7
akuntan,7
setiawan,7
alamat,7
krkic,7
menangi,7
anfield,7
mempermudah,7
ditayangkan,7
"0,7",7
itb,7
penghuni,7
jurang,7
dosis,7
serbuk,7
bersumpah,7
pemberitahuan,7
sahara,7
kendatipun,7
rp5,7
adam,7
penyusun,7
kalaupun,7
kedokteran,7
menyinggung,7
100.000,7
amazon,7
mendaftar,7
miguel,7
lurus,7
rawan,7
daniele,7
tim-tim,7
salam,7
jay,7
kepunahan,7
tamale,7
lampau,7
bkf,7
tembaga,7
buoy,7
mengalirkan,7
stromatolit,7
gugus,7
anjloknya,7
montenegro,7
etnik,7
melorot,7
meleleh,7
cost,7
pencucian,7
terpenuhi,7
diberitakan,7
nafas,7
memanas,7
ketiadaan,7
eksportir,7
persepsi,7
bmri,7
metanol,7
makassar,7
"2,3",7
cemas,7
memunculkan,7
duet,7
pertamakali,7
sari,7
melangkah,7
elty,7
mahluk,7
hatrik,7
kekeliruan,7
gomez,7
batasuna,7
pembawa,7
jenjang,7
pemasok,7
letusan,7
bantalan,7
keterbatasan,7
pengambilalihan,7
mm,7
sayur,7
an,7
berkomunikasi,7
dideteksi,7
atlanta,7
rp80,7
neumann,7
ekstrimis,7
berpartisipasi,7
menunjang,7
menginvestasikan,7
backhand,7
permanen,7
bodmer,7
menyeimbangkan,7
cermin,7
sekertaris,7
mutlak,7
it,7
slogan,7
mencontohkan,7
maluku,7
seniora,7
kerongkongan,7
kecemasan,7
kraft,7
abdul,7
terjual,7
tunggakan,7
berkelahi,7
nsw,7
mediacom,7
yan,7
agnes,7
tadjuddin,7
sub,7
pironkova,7
siaga,7
diwarnai,7
melekat,7
perkotaan,7
steaua,7
laku,7
wali,7
suram,7
keharusan,7
auxerre,7
ifc,7
menggabungkan,7
balatentara,7
memisahkan,7
jaga,7
opium,7
menggembirakan,7
gmail,7
kepadatan,7
pelosok,7
perusakan,7
pewarna,7
spontan,7
unsp,7
mengobarkan,7
agen-agen,7
one,7
pengujian,7
merger,7
keluaran,7
assam,7
honduras,7
pagar,7
diane,7
atom-atom,7
ahir,7
ms,7
kopi,7
ozon,7
idaa-,7
berikrar,7
amelia,7
bertempur,7
pinjam,7
mou,7
lulus,7
analisa,7
zlatan,7
esdm,7
beranggotakan,7
kafein,7
ragu,7
sentuhan,7
pluto,7
penyusunan,7
p.,7
aljier,7
tuduhan-tuduhan,7
henri,7
swaguna,7
terdepak,7
rudd,7
paparan,7
mengimplementasikan,7
interfax,7
honda,7
mengecek,7
pemilih,7
all,7
diagnosa,7
penyeberangan,7
multinasional,7
dihilangkan,7
holdings,7
merdeka,7
perlahan-lahan,7
menampung,7
ditinggalkan,7
menstabilkan,7
bersaudara,7
"9,9",7
hilir,7
mas,7
draskovic,7
pacu,7
dipersiapkan,7
ihsg,7
borowski,7
dihadapkan,7
charlie,7
apache,7
senada,7
broadband,7
kesiapan,7
"8,50",7
konstan,7
dej,7
menyangka,7
elena,7
rico,7
corporate,7
"99,99",7
return,6
tawanan,6
diterangkan,6
meier,6
menerbangkan,6
menangis,6
memperbanyak,6
derita,6
hidayah,6
bayangan,6
jimmy,6
keduakalinya,6
bryan,6
trial,6
jendela-jendela,6
contra,6
mengkoordinasikan,6
penuntut,6
berorientasi,6
sepantasnya,6
melunasi,6
pijar,6
millonarios,6
saham-saham,6
perlahan,6
pembaruan,6
manado,6
menggenjot,6
ortega,6
pertolongan,6
kurnadi,6
dbs,6
alvaro,6
penggumpalan,6
bukopin,6
kubah,6
istanbul,6
koizumi,6
kyuma,6
tiket,6
year-on-year,6
dicuri,6
aljazair,6
ocean,6
pengelompokan,6
tegang,6
febuari,6
loeb,6
embrio,6
asma,6
diameter,6
membebani,6
rp4,6
diajak,6
haniyah,6
pembajak,6
unhcr,6
macula,6
campur-tangan,6
jelajah,6
diharuskan,6
cerah,6
ratu,6
mencatatkan,6
pranab,6
ku-,6
dendam,6
"0,16",6
sekelas,6
anderlecht,6
benchmark,6
meminimalkan,6
soeharto,6
berlomba,6
bye,6
teliti,6
pistol,6
yayasan,6
kelelahan,6
denominasi,6
growth,6
kashima,6
tanjung,6
paham,6
fernandez,6
brussels,6
menendang,6
excelcomindo,6
waspada,6
terpicu,6
turis,6
kebudayaan,6
jasad,6
pelacuran,6
i/2006,6
interkoneksi,6
sl-ptt,6
ellison,6
claudio,6
sebanding,6
kreditur,6
nara,6
dimintakan,6
semasa,6
matriks,6
emosional,6
menaikan,6
reptil,6
berkomentar,6
interim,6
aids,6
bersemangat,6
komputer-komputer,6
amil,6
roa,6
fabian,6
cooperation,6
bpkp,6
mengemuka,6
berkala,6
kpr,6
pilar,6
kejang,6
perminyakan,6
kerjakan,6
kaisar,6
menyertai,6
akurasi,6
blokade,6
kenangan,6
shimbun,6
isabel,6
berkali-kali,6
youssef,6
perbukitan,6
kader,6
deviden,6
nasionalis,6
ketebalan,6
membuang,6
arta,6
institut,6
fan,6
berbatov,6
governance,6
diputus,6
mussa,6
menyembunyikan,6
menjauh,6
diproses,6
menghargai,6
pergeseran,6
richter,6
menindaklanjuti,6
pelak,6
dwt,6
fretilin,6
memunyai,6
kerumunan,6
membeku,6
deklarasi,6
saint,6
penyewaan,6
kangean,6
nol,6
south,6
belalai,6
casquero,6
british,6
customer,6
"0,75",6
mmscfd,6
mattek,6
sunderland,6
kewenangan,6
seolah-olah,6
unikom,6
hinggap,6
i/2008,6
byrd,6
masehi,6
dimakamkan,6
hulu,6
buka,6
pmdn,6
motitoi,6
stable,6
minim,6
cancellara,6
identik,6
memperlancar,6
telapak,6
buah-buahan,6
ijarah,6
menggarisbawahi,6
persada,6
kubik,6
kehakiman,6
sylvain,6
artha,6
mengurus,6
1-6,6
dipisahkan,6
mengacaukan,6
normalisasi,6
woodward,6
idbbb,6
lindsay,6
games,6
geo,6
ke-85,6
bc,6
landreau,6
kesamaan,6
keunikan,6
dujail,6
n.,6
meragukan,6
semoga,6
pengubahan,6
siput,6
bersorak,6
lubang-lubang,6
-mu,6
bsp,6
membelah,6
tetua,6
berantai,6
persis,6
perancangan,6
gps,6
barre,6
kadang,6
pemusatan,6
rel,6
menular,6
penerjemah,6
holding,6
terealisasi,6
bermula,6
"0,1",6
lupa,6
penguapan,6
bandang,6
merata,6
kolam,6
arenas,6
libur,6
kelola,6
pinto,6
stamford,6
penggabungan,6
cesar,6
bertolak-belakang,6
pengendara,6
montoya,6
nadi,6
seribu,6
jagung,6
kolonial,6
tembok,6
benny,6
becker,6
monaco,6
liege,6
intelektual,6
finlandia,6
johnson,6
iggi,6
sinergi,6
paypal,6
sela,6
preston,6
indolakto,6
memuji,6
cetak,6
pelelehan,6
memacu,6
marjin,6
perizinan,6
prasyarat,6
pelemahan,6
buangan,6
amanat,6
schnyder,6
memperdaya,6
kufuor,6
coupet,6
mingguan,6
ebay,6
paulo,6
disinyalir,6
jens,6
penyelam,6
caldwell,6
menghindarkan,6
kirim,6
uzbekistan,6
feyenoord,6
09.00,6
tanzania,6
menaruh,6
navigasi,6
toyota,6
fren,6
membobol,6
mikel,6
"0,62",6
menganalisa,6
jintao,6
elang,6
diarra,6
dirumuskan,6
janda,6
melupakan,6
indocement,6
2-4,6
premium,6
gordon,6
rossi,6
abimanyu,6
ironis,6
pembuahan,6
pemukulan,6
lagu,6
perawat,6
negative,6
aiko,6
tuntas,6
ajaran,6
pangeran,6
makam,6
kismayo,6
r.,6
sonia,6
nazarbayev,6
dihalau,6
menyumbangkan,6
kekebalan,6
melintas,6
telur-telur,6
hollywood,6
sampul,6
dikeluarkannya,6
bertulang,6
petinggi,6
makemake,6
"4,1",6
bermitra,6
menghibur,6
mudik,6
berpangkalan,6
kearah,6
3.,6
didalamnya,6
bmg,6
janko,6
didasari,6
embargo,6
milimeter,6
asahi,6
hat-trick,6
speedy,6
mengukuhkan,6
wahyu,6
2.500,6
garam,6
digarap,6
negroponte,6
yakubu,6
rhodopsin,6
ankara,6
hongkong,6
"5,1",6
8.000,6
bruce,6
aset-aset,6
jufer,6
"4,4",6
berputar,6
chatting,6
zeiss,6
cordoba,6
diserap,6
dpa,6
amnesti,6
warisan,6
penampungan,6
siapapun,6
kreatif,6
kcna,6
propaganda,6
rektor,6
mengharuskan,6
berlubang,6
gemilang,6
mengunduh,6
holcim,6
dinihari,6
sknbi,6
mavericks,6
pak,6
imigrasi,6
exchange,6
sayang,6
batam,6
bergilir,6
buffon,6
amara,6
diselimuti,6
as-irak,6
menanggulangi,6
mengemas,6
meruntuhkan,6
pendaratan,6
lusin,6
pervez,6
konfrontasi,6
bolelli,6
ampuh,6
menghirup,6
arsitek,6
pemicu,6
asalkan,6
najaf,6
balistik,6
samir,6
terserap,6
mp3,6
iraq,6
"2,8",6
ichthyosaurus,6
kuburan,6
pemindahan,6
pengorbanan,6
dahlan,6
tier,6
dibuktikan,6
goal,6
melimpah,6
osasuna,6
bioterorisme,6
andreas,6
elektron,6
tumbang,6
himalaya,6
kelaparan,6
campur,6
syarif,6
adrian,6
ramadi,6
mengupas,6
nitrogen,6
fort,6
arnaud,6
species,6
gelas,6
penyatuan,6
bertepatan,6
"2,6",6
menyelundupkan,6
klinis,6
working,6
dokumentasi,6
debutan,6
injury,6
kue,6
dikonsumsi,6
ambono,6
dalai,6
dibiarkan,6
nts,6
memberantas,6
berinvestasi,6
keluhan,6
masa-masa,6
mendebarkan,6
kenal,6
ferrell,6
garden,6
arpeni,6
berlian,6
ksm,6
sekuat,6
yag,6
pemrosesan,6
organisasi-organisasi,6
royal,6
lintasarta,6
mansour,6
kelancaran,6
flexicash,6
lopera,6
persenjataan,6
sekembali,6
cba,6
wright,6
spektakuler,6
diesel,6
makkah,6
keju,6
investama,6
nice,6
zidan,6
samarasinghe,6
wto,6
keadilan,6
ionization,6
"6,06",6
sebutan,6
fadjrijah,6
komputasi,6
moratti,6
zurich,6
rt,6
pembajakan,6
mempertipis,6
amunisi,6
pemukiman,6
malang,6
nowitzki,6
defoe,6
pengumpulan,6
chordata,6
mengelakkan,6
salinan,6
coklat,6
sebelas,6
jeff,6
lorient,6
inovatif,6
terbagi,6
ditopang,6
"5,25",6
briatore,6
bosscha,6
peradaban,6
dibuang,6
meramalkan,6
diwakili,6
vte,6
250.000,6
mainan,6
olivier,6
repo,6
encore,6
kehati-hatian,6
macular,6
bpd,6
ricardo,6
berapi,6
gelembung,6
kumasi,6
sasae,6
bondarenko,6
"6,26",6
peringkat-peringkat,6
setimnya,6
eindhoven,6
eselon,6
general,6
trauma,6
tabloid,6
merangkak,6
sebab-sebab,6
alize,6
intern,6
terduga,6
sir,6
pendengaran,6
rujukan,6
boros,6
cristiano,6
penegakan,6
szavay,6
erdogan,6
kpk,6
trje,6
gould,6
rookie,6
bommel,6
tetrapoda,6
metro,6
mendengarkan,6
pancaran,6
airlines,6
bahagia,6
kewarganegaraan,6
pengajuan,6
trezeguet,6
kupedes,6
pusaran,6
terhenti,6
offshore,6
mulyaman,6
florida,6
dikonversi,6
ould,6
gatot,6
spesial,6
ke-22,6
kerapatan,6
bentuk-bentuk,6
l.,6
digabungkan,6
kegelisahan,6
dibidang,6
dimenangi,6
moral,6
alu,6
1988.,6
lavrov,6
davies,6
fleksibel,6
diktator,6
saarc,6
mogok,6
obama,6
ketersediaan,6
terkini,6
menelefon,6
sandang,6
idul,6
drama,6
health,6
berubahnya,6
berpatroli,6
sebaiknya,6
menyulitkan,6
sidik,6
north,6
panggilan,6
penggerebekan,6
pengentasan,6
research,6
keanekaragaman,6
bibir,6
merepresentasikan,6
babel,6
dioperasikan,6
bermacam,6
maut,6
seberat,6
tikrit,6
sampaikan,6
pencalonan,6
3-3,6
parma,6
broker,6
mayapada,6
terman,6
pelacak,6
bilang,6
maha,6
ap,6
card,6
fabrice,6
perundang-undangan,6
bio,6
pim,6
kembar,6
mode,6
coelacanth,6
elektronika,6
pemblokiran,6
berkesinambungan,6
pengawalan,6
office,6
merpati,6
mayweather,6
rapid,6
tornado,6
mosley,6
pemburu,6
mempertegas,6
dili,6
tennis,6
pendarahan,6
diungsikan,6
30.000,6
mengurusi,6
dekonsentrasi,6
progresif,6
fisiologis,6
kehancuran,6
spa,6
petrokimia,6
klasik,6
seterusnya,6
telegraph,6
hidayat,6
menyukai,6
sambutan,6
nash,6
mencap,5
memutus,5
selebar,5
pemantau,5
roman,5
penyanyi,5
icmi,5
trade,5
mestalla,5
berpasangan,5
25.000,5
disebarkan,5
dikerahkan,5
cuevas,5
terekam,5
hamil,5
puasa,5
keringanan,5
dinamik,5
manapun,5
dalih,5
saing,5
bersebelahan,5
sukarela,5
petugas-petugas,5
renik,5
estoril,5
perlintasan,5
leluasa,5
menjajaki,5
komersialisasi,5
ibrd,5
terbiasa,5
diimplementasikan,5
mini,5
merespon,5
eksekusi,5
pedro,5
limit,5
based,5
mewah,5
menggagalkan,5
cilic,5
adaptasi,5
terkoyak,5
state,5
jati,5
eddie,5
gerakan-gerakan,5
metatesis,5
renungkan,5
obi,5
ke-88,5
pikirkan,5
mayjen,5
atik,5
dani,5
eksklusif,5
county,5
maru,5
debat,5
"2,9",5
menjebol,5
"rp2,6",5
sekumpulan,5
berkeinginan,5
menggolkan,5
3-5,5
disaksikan,5
american,5
kedutaanbesar,5
iajuddin,5
menyamar,5
sutherland,5
made,5
brian,5
eko,5
lucio,5
pengundian,5
sinn,5
menenangkan,5
tugu,5
1990-an,5
akale,5
by,5
glen,5
govortsova,5
kesal,5
pendahuluan,5
shiozaki,5
edukasi,5
azhar,5
pas,5
financing,5
adams,5
sigap,5
pelengkap,5
kegemukan,5
robbie,5
ke-81,5
pemerasan,5
musa,5
inkp,5
invertebrata,5
menggarap,5
pestisida,5
lpg,5
solar,5
tegak,5
steganografi,5
odesnik,5
ke-35,5
dilontarkan,5
tinta,5
jujur,5
kain,5
vulkanik,5
penyekat,5
vital,5
turin,5
manis,5
press,5
siberia,5
citarum,5
menyelimuti,5
pizjuan,5
dadullah,5
calderon,5
popularitas,5
sampoerna,5
'subprime,5
timbulnya,5
evo,5
januari-mei,5
pengampunan,5
logis,5
terencana,5
memuat,5
perhatikan,5
kedepan,5
sinyal-sinyal,5
agni,5
letak,5
pidana,5
fia,5
benang,5
scan,5
dimitar,5
al-bashir,5
lintang,5
bayar,5
fein,5
kuyt,5
menkominfo,5
marx,5
bbia,5
diskriminasi,5
jawa-bali,5
hosseini,5
merendahkan,5
paten,5
berjarak,5
keterkaitan,5
temukan,5
berpengalaman,5
dslng,5
"4,6",5
dangkal,5
pelantikan,5
dinamit,5
terdepan,5
arianto,5
eric,5
siachen,5
data-data,5
pengusiran,5
pemerkosaan,5
jip,5
menjajal,5
resin,5
karlsruhe,5
al-sadr,5
parker,5
kegiatan-kegiatan,5
paradorn,5
mulya,5
memutar,5
ketidakmampuan,5
spp,5
nikkei,5
medellin,5
roy,5
berkecamuk,5
rijkaard,5
aires,5
aksi-aksi,5
pergolakan,5
guard,5
terik,5
lumayan,5
panasonic,5
carolina,5
didekati,5
riawan,5
plafon,5
kuota,5
ihk,5
nets,5
weekley,5
schuettler,5
mena,5
terpecah,5
melebarkan,5
h,5
orleans,5
charoen,5
1998.,5
kenny,5
brpt,5
nasri,5
"3,6",5
ideologi,5
yield,5
ionisasi,5
kala,5
"4,8",5
dibantah,5
ramalan,5
parkir,5
town,5
bagaimanapun,5
diabetes,5
oecd,5
mendatar,5
berujung,5
jala,5
joan,5
leste,5
jurnalis,5
kelainan,5
demam,5
semenjak,5
ungu,5
berkendaraan,5
blog,5
panduan,5
p53,5
yadav,5
hatton,5
tukang,5
"3,7",5
woodgate,5
penopang,5
cash,5
rencana-rencana,5
stanislas,5
al-fadel,5
pondasi,5
mumbai,5
permusuhan,5
tank-tank,5
moscow,5
rasial,5
orlando,5
lunas,5
ke-30,5
glasgow,5
ambisius,5
taha,5
mudah-mudahan,5
qotbi,5
kaltim,5
liburan,5
ke-37,5
crustacea,5
penyumbatan,5
three,5
cesc,5
peminjaman,5
menerjang,5
"4,5",5
trimegah,5
rochadi,5
kutu,5
dijital,5
pelucutan,5
gomes,5
simone,5
kredibilitas,5
kobe,5
diselundupkan,5
lleyton,5
bintang-bintang,5
libor,5
placement,5
bronkitis,5
diamankan,5
baddeley,5
diselidiki,5
jupiter,5
bertukar,5
larry,5
channel,5
ramadhan,5
conocophilips,5
modernisasi,5
dibubarkan,5
right,5
kontra,5
holocaust,5
perum,5
mencairkan,5
ocalan,5
bubar,5
licin,5
camoranesi,5
kaidah,5
bam,5
mendaki,5
bech,5
denuklirisasi,5
people,5
menayangkan,5
menyandera,5
pembayar,5
likopen,5
double,5
hamilton,5
tesebut,5
kepekaan,5
menjelajahi,5
realitas,5
bertikai,5
hoffenheim,5
berteknologi,5
pelampung,5
zealand,5
lipi,5
ditempati,5
melontarkan,5
pmtb,5
petrova,5
siraman,5
cagliari,5
ditawari,5
distributor,5
helikopter-helikopter,5
merealisasikan,5
bojan,5
pemandu,5
benggala,5
khaled,5
gandhi,5
menjelajah,5
hokkaido,5
peta,5
origin,5
beranggapan,5
paleontologis,5
relevan,5
"8,3",5
qtel,5
agnieszka,5
clement,5
diperlakukan,5
pengungkapan,5
kolom,5
pengeritik,5
ketik,5
diperkenankan,5
robotika,5
lapor,5
perkapita,5
ph,5
renang,5
majapahit,5
statis,5
loetan,5
abdullahi,5
pengasingan,5
winner,5
links,5
chandra,5
frustrasi,5
arfa,5
berkecepatan,5
t-cash,5
terbalik,5
berpacu,5
tandukan,5
timpalan,5
soal-soal,5
tawar,5
pesohor,5
kearifan,5
crm,5
solo,5
al-assad,5
mengindera,5
erry,5
koirala,5
magnitudo,5
kelayakan,5
cech,5
lorenzo,5
prospektus,5
diingat,5
peroksida,5
tarikan,5
pncr,5
alap-alap,5
hilla,5
ivica,5
amsterdam,5
dicoret,5
mengunci,5
diluar,5
mengambil-alih,5
unrwa,5
robinho,5
pemprov,5
al-aqsha,5
flash,5
kelenjar,5
diperbarui,5
aban,5
mempersenjatai,5
ragu-ragu,5
blta,5
libelarisasi,5
k.,5
residence,5
keterpurukan,5
kolkata,5
khost,5
perekonomian/menkeu,5
gula-gula,5
"rp82,3",5
mhz,5
leverage,5
amodu,5
mekanik,5
dos,5
khazanah,5
kejelasan,5
ulat,5
belahan,5
karang,5
shalat,5
persediaan,5
35.000,5
berkutik,5
perbuatan,5
selat,5
putera,5
dilepas,5
festival,5
dilangsungkan,5
bayangkan,5
sumur-sumur,5
temasek,5
sidoarjo,5
sebetulnya,5
membalik,5
pembongkaran,5
siti,5
beralasan,5
paek,5
sergei,5
informatika,5
hillary,5
dipinjam,5
ti,5
bond,5
pertemuan-pertemuan,5
ekonomis,5
pengangkut,5
sekretariat,5
sprint,5
sebentar,5
mencolok,5
pengecam,5
kidal,5
perenang,5
flexi,5
lalu-lintas,5
jabar,5
degadrasi,5
syahid,5
mirantha,5
dicari,5
diprakarsai,5
armstrong,5
pablo,5
dibalik,5
higuain,5
briket,5
memperketat,5
transparansi,5
emerging,5
fissi,5
anoda,5
peluncur,5
sadc,5
berhaluan,5
anggap,5
uob,5
kacang,5
effect,5
bexi,5
neto,5
balas,5
pembela,5
bermusuhan,5
picchu,5
jermaine,5
patokan,5
tahta,5
mewajibkan,5
angkat,5
pgas,5
bainimarama,5
joel,5
pepohonan,5
tigris,5
diperluas,5
gatlin,5
tertunda,5
problem,5
ronaldinho,5
lonsum,5
kemasukan,5
bbni,5
dipersenjatai,5
amarah,5
kekaisaran,5
bashar,5
kementrian,5
pla,5
partikel-partikel,5
karbon-14,5
al-zamli,5
topik,5
roland,5
moldova,5
menjuarai,5
sad,5
nuggets,5
dilempar,5
frans,5
"3,9",5
tingkatan,5
indera,5
didefinisikan,5
mangole,5
perorangan,5
lusinan,5
diperlihatkan,5
didera,5
menembaki,5
sediakala,5
sasana,5
pc,5
mengimpor,5
junichiro,5
yed,5
0-6,5
"0,01",5
usus,5
pautan,5
rolando,5
tuju,5
mengijinkan,5
stock,5
leonard,5
mardy,5
akol,5
rehabilitasi,5
ke-51,5
grasse,5
mada,5
tan,5
dicatat,5
nakamura,5
prasarana,5
ilanthiriyan,5
ke-54,5
gianluigi,5
penyalahgunaan,5
smgr,5
alabama,5
nikaragua,5
shale,5
sgro,5
mizan,5
pama,5
nanoteknologi,5
register,5
pemboran,5
bangkok,5
keabsahan,5
sewa,5
muliaman,5
berganti,5
pendatang,5
bersabar,5
pakta,5
7.000,5
direbut,5
kemarau,5
kettlewell,5
dicap,5
ndi,5
kemunduran,5
pengulas,5
khodorkovsky,5
unaudited,5
perkasa,5
terdegradasi,5
kepanikan,5
dipukul,5
bosowa,5
kps,5
kediaman,5
e&,5
book,5
anz,5
meloloskan,5
memaafkan,5
spesimen,5
krci,5
g8,5
kadyrov,5
nitrat,5
i/2003,5
q,5
kesan,5
strategic,5
kematian-kematian,5
warna-warna,5
pertunjukan,5
pesawat-pesawat,5
melompati,5
mengenalkan,5
toko-toko,5
fixed,5
prg,5
menancapkan,5
terdalam,5
disesuaikan,5
"11,9",5
pebruari,5
ivo,5
llc,5
truck,5
organel,5
raf,5
menjauhkan,5
membongkar,5
mendistribusikan,5
menjadwalkan,5
b2,5
klinsmann,5
supersonik,5
bbkp,5
korban-korban,5
lumpuh,5
'bb,5
pesepakbola,5
ioaa,5
sekop,5
"7,2",5
traffic,5
metamorfosis,5
setim,5
menyusuri,5
syariat,5
rentang,5
pemikir,5
salim,5
simulasi,5
siregar,5
richardson,5
kolumbia,5
ke-25,5
muslimah,5
lantas,5
kilometer/jam,5
psc,5
ventilasi,5
marketing,5
user,5
machu,5
multiartha,5
vukovic,5
makanya,5
serrano,5
cardiff,5
kemih,5
berawak,5
o'neal,5
nominasi,5
kekasih,5
ke-29,5
1.100,5
sebanyak-banyaknya,5
valuta,5
lumrah,5
seluk-beluk,5
fatal,5
brothers,5
margaret,5
wibowo,5
timber,5
ivomas,5
politis,5
olga,5
tergeletak,5
kebesaran,5
kampus,5
starone,5
zebari,5
building,5
philipp,5
jenin,5
ernesto,5
nii,5
angket,5
abbondanzieri,5
elektroda,5
deptan,5
sao,5
doc,5
menghukum,5
gampang,5
lisensi,5
dewa,5
chile,5
paktiawal,5
2011.,5
simpati,5
mengkritik,5
tindakan-tindakan,5
makao,5
winston,5
aaji,5
ke-66,5
missouri,5
melambung,5
dituduhkan,5
hughes,5
srebotnik,5
show,5
unison,5
prototipe,5
melengkung,5
flavonol,5
guti,5
antihuru-hara,5
amd,5
sekota,5
"0,25",5
diparkir,5
kuasa,5
korelasi,5
ajaib,5
philadelphia,5
hsdpa,5
memberdayakan,5
white,5
ke-67,5
ruud,5
wgc-accenture,5
lpum,5
industry,5
aec,5
unit-unit,5
ulama,5
"8,2",5
ditegaskan,5
klub-klub,5
ibm,5
iia,5
carragher,5
berhari-hari,5
jari-jari,5
pasca-trauma,5
perikanan,5
apex,5
cadang,5
biaya-biaya,5
ransel,5
diseluruh,5
pembunuhan-pembunuhan,5
rizal,5
penembak,5
median,5
diaudit,5
"3,2",5
sainz,5
pelajaran,5
optimum,5
tragis,5
chaudhry,5
space,5
gembong,5
pekan-pekan,5
wilson,5
gasparotto,5
moqtada,5
kawin,5
esteban,5
pembangun,5
mahdi,5
jangka-panjang,5
plutonium,5
rekap,5
bersidang,5
gin,5
islet,5
sepertiga,5
kendaraan-kendaraan,5
zamora,5
penggantungan,5
hasina,5
pewaris,5
basile,5
ofisial,5
kpu,5
bersubsidi,5
diundang,5
claude,5
hje,5
berkembangnya,5
"9,4",5
nathalie,5
martowardojo,5
wina,5
anasir,5
ke-19,5
bertetangga,5
paolo,5
cbi,5
menjauhi,5
pph-nya,5
price,5
pemodelan,5
ke-33,5
biang,5
daniela,5
larriva,5
memanjang,5
mengaitkan,5
rusuk,5
simpedes,5
penemuan-penemuan,5
hasan,5
bosnia,5
imbal,5
memberhentikan,5
anaguid,5
mainkan,5
membandingkan,5
menyergap,5
dekrit,5
stok,5
sholat,5
jva,5
nieminen,5
gandum,5
uwi,5
kucing,5
raptors,5
moo-hyun,5
sanggup,5
arteri,5
menyiarkan,5
retsky,5
burgess,5
jatah,5
pili,5
wadah,5
pemberlakuan,5
patty,5
membalaskan,5
abdallah,5
"19,6",5
terluar,5
ditanggung,5
ambruk,5
terumbu,5
matte,5
day,5
bnimf,5
roekman,5
lambang,5
jebakan,5
hama,5
sabit,5
hadad,5
seberang,5
interaktif,5
metropolitan,5
konsensus,5
nicklas,5
inflow,5
kalibrasi,5
menaklukkan,5
celcius,5
aceh,5
depthx,5
dikumpulkan,5
etc,5
prabayar,5
min-soon,5
gaydamak,5
dibekukan,5
artileri,5
lithium,5
musiman,5
with,5
rumpun,5
pertandiangan,5
flamini,5
karboran,5
ke-24,5
penyisiran,5
intimidasi,5
penutup,5
penyemprot,5
ha,5
minnesota,5
hiperoksia,5
monte,5
ac-130,5
haas,5
dijebloskan,5
k,5
setiba,5
geng,5
pisang,5
lahirnya,5
menelusuri,5
bpp,5
diusahakan,4
des,4
resimen,4
1960-an,4
marcelinho,4
series,4
nowak,4
penghancuran,4
"rp42,03",4
berdua,4
ababa,4
pengapalan,4
selangkah,4
konfederasi,4
slamet,4
tengan,4
berfluktuasi,4
1980.,4
prihatin,4
peroketan,4
refinancing,4
kebal,4
provokatif,4
melanisme,4
programmability,4
tersembunyi,4
uskup,4
halaman-halaman,4
acmg,4
ghazi,4
manmohan,4
machine,4
dompet,4
coal,4
januari-maret,4
rumah-rumah,4
menggeser,4
batas-waktu,4
kadiv,4
association,4
pluit,4
semi-final,4
florence,4
deret,4
kemoterapi,4
disimpulkan,4
lobang,4
privasi,4
suplai,4
disponsori,4
auckland,4
terbawa,4
arang,4
arbitrase,4
kopor,4
ft,4
paralel,4
ternama,4
genom,4
agrikultur,4
hinkel,4
perkembangbiakan,4
perak,4
punuk,4
dianugerahkan,4
fakultas,4
buldoser,4
disarangkan,4
franco,4
neonatus,4
tertuju,4
aktifitas,4
sangin,4
rp750,4
gonzalo,4
pfister,4
bengali,4
siena,4
bergizi,4
menristek,4
ufuk,4
unesco,4
menyuarakan,4
firmansyah,4
menangkal,4
pontevedra,4
gilbert,4
"35,5",4
wayne,4
andea,4
yukiyoshi,4
sda,4
lembah,4
benteng,4
keramik,4
diresmikan,4
sale,4
ppa,4
menindak,4
deretan,4
zhang,4
piquet,4
domino,4
mahendra,4
radhi,4
jenewa,4
fisiologi,4
hybrid,4
menghisap,4
mengeruk,4
4.500,4
merta,4
pixel,4
bastian,4
ligamen,4
perampok,4
orangutan,4
didistribusikan,4
menantikan,4
gurria,4
janin,4
totti,4
kuncoro,4
saba,4
bandwidth,4
pele,4
kamp-kamp,4
peninjauan,4
semalam,4
terjal,4
merambah,4
menonjol,4
"6,01",4
tertimbang,4
bangalore,4
chhattisgarh,4
paradigma,4
pastilah,4
drop,4
legenda,4
vieira,4
percakapan,4
kelalaian,4
kye,4
kepuasan,4
petersen,4
forward,4
ancelotti,4
haram,4
terjebak,4
mentega,4
1.400,4
shah,4
keliru,4
makalah,4
terjalin,4
pkg,4
keping-keping,4
7-0,4
gicquel,4
cbs,4
komponen-komponen,4
hambatan-hambatan,4
menyanggah,4
menuai,4
makelele,4
menyeberangi,4
pegol,4
direspon,4
plan,4
rabat,4
arief,4
girl,4
antar-faksi,4
mencurigakan,4
btpn,4
vink,4
sayap-kanan,4
philip,4
boylan,4
literatur,4
diwaspadai,4
berkeyakinan,4
klorin,4
dewo,4
bersekongkol,4
keterampilan,4
volt,4
owen,4
dokumen-dokumen,4
reasuransi,4
adik,4
dibungkus,4
dikontribusi,4
pembuangan,4
terbantu,4
judah,4
nnsa,4
kembang,4
terkandung,4
100-200,4
entah,4
akui,4
ditutupi,4
sitoplasma,4
bashary,4
peti,4
sandisk,4
aromatik,4
samarinda,4
bulog,4
pembangkang,4
same,4
diilhami,4
lonard,4
antibodi,4
usaid,4
"7,6",4
robek,4
transdusin,4
indriarsih,4
road,4
memajukan,4
dikubur,4
kanselir,4
fase,4
zhejiang,4
mencurigai,4
mpr/dpr,4
160.000,4
tobago,4
percekcokan,4
ramba,4
cidera,4
pustaka,4
tamudo,4
lapar,4
pjaa,4
pori-pori,4
queensland,4
"1,4",4
rasiah,4
explorer,4
lesu,4
exedy,4
karotenoid,4
parsial,4
agensia,4
erekat,4
ultraviolet,4
teoritis,4
derivatif,4
rashid,4
moskalenko,4
"4,3",4
buenos,4
kavaleri,4
santosa,4
acapulco,4
divonis,4
santiago,4
gwan,4
menyesalkan,4
irigasi,4
ssa,4
dawei,4
ditepis,4
diimbangi,4
marwijk,4
stakeholder,4
kye-gwan,4
penulisan,4
1980an,4
berbelanja,4
libby,4
boeing,4
dipantulkan,4
israel-palestina,4
chevanton,4
huruf,4
koresponden,4
ditanam,4
terpusat,4
marin,4
mengubur,4
krusial,4
serentetan,4
kebijakan-kebijakan,4
saat-saat,4
pujian,4
watergate,4
nixon,4
rapi,4
marak,4
menyasar,4
championships,4
pengerutan,4
hendro,4
cpal,4
sensus,4
serang,4
pengenal,4
cyril,4
menyaring,4
dihuni,4
"14,6",4
laterit,4
berbalik,4
bertempat,4
sicc,4
agogo,4
berlalu,4
herry,4
upayakan,4
anderson,4
laser,4
ho,4
stoner,4
lembut,4
elizabeth,4
penugasan,4
prolog,4
bebatuan,4
gasifikasi,4
yuslam,4
haq,4
"rp125,94",4
tiri,4
menceritakan,4
dipertanyakan,4
ericsson,4
merumuskan,4
der,4
job,4
terhindarkan,4
plat,4
dimengerti,4
digagalkan,4
gabriel,4
budget,4
diproyeksi,4
diijinkan,4
mengataka,4
interferon,4
pengajaran,4
theo,4
kejahatan-kejahatan,4
share,4
bersuara,4
marxis,4
7-8,4
berperingkat,4
genosida,4
nama-nama,4
francesca,4
tbs,4
berteriak,4
singkong,4
aa,4
membalikkan,4
zanetti,4
bak,4
sumsel,4
antarmuka,4
dram,4
nutrisi,4
valdes,4
anatomi,4
trio,4
kalahkan,4
tranfusi,4
berkinerja,4
kambuh,4
dilalui,4
penghilangan,4
pietojo,4
memangsa,4
"10,5",4
pemberitaan,4
logitech,4
stevenson,4
ke-57,4
beruang,4
pepe,4
pengimplementasian,4
ikon,4
ramli,4
cosmin,4
ncl,4
manakala,4
kontributor,4
apple,4
govou,4
menggusur,4
sidney,4
tombol,4
kenapa,4
percontohan,4
donadoni,4
puing-puing,4
elegan,4
saeb,4
qala,4
keberanian,4
terpantul,4
equidad,4
arango,4
penderitaan,4
nicholas,4
bnga,4
ramon,4
shell,4
konare,4
braulio,4
chrome,4
mengonsumsi,4
ingatan,4
cerdik,4
bernard,4
slovenia,4
mencuri,4
hospital,4
"1,21",4
sami,4
menyudut,4
ke-34,4
radek,4
keruntuhan,4
rupee,4
tekel,4
sodium,4
kura-kura,4
"8,4",4
lim,4
terjamin,4
henti,4
berlainan,4
olic,4
ditransfer,4
tseng,4
dipamerkan,4
larutan,4
memasak,4
anti-suriah,4
empi,4
kontainer,4
bagasi,4
farhan,4
fil,4
faiz,4
kebaikan,4
pemisahan,4
teknisi,4
fppp,4
peninggalan,4
balai,4
samartino,4
harum,4
mengendur,4
persie,4
that,4
jet-jet,4
cabang-cabang,4
greenland,4
sedaya,4
antrax,4
tajuk,4
mencukupi,4
pengait,4
disana,4
solidaritas,4
januari-oktober,4
saw,4
sebutir,4
core,4
perseteruan,4
isyarat,4
"9,75",4
pemutar,4
stepanek,4
katarina,4
angela,4
rocen,4
dilanggar,4
zeaxanthine,4
last,4
selektif,4
sumbu,4
melempar,4
glover,4
heritage,4
keranjang,4
murai,4
sekeliling,4
urea,4
ketigakalinya,4
hipotesis,4
jururunding,4
ringkas,4
bersyarat,4
dinobatkan,4
tursunov,4
mengerut,4
rabobank,4
dikunjungi,4
didepak,4
juninho,4
tonggak,4
digali,4
detail,4
tiger,4
pemakaman,4
tengah-tengah,4
diwajibkan,4
kedekatan,4
suazo,4
montesin,4
pernyataan-pernyataan,4
garda,4
rost,4
merefleksikan,4
diberlakukannya,4
mengoptimalkan,4
sswj,4
kristal,4
jamaika,4
loteng,4
politisi,4
cangkir,4
konggres,4
marilah,4
"4,2",4
dinyalakan,4
giovanni,4
einder,4
disini,4
membabat,4
almunia,4
berkepentingan,4
bmi,4
protektif,4
linux,4
kondang,4
penyidik,4
barzan,4
on-line,4
zone,4
khaleda,4
molekul-molekul,4
ppn/bappenas,4
berkesempatan,4
"rp989,3",4
alexander,4
sensasi,4
gerbong,4
grameen,4
terguling,4
nab,4
ritme,4
arutmin,4
tenun,4
praktik,4
bereproduksi,4
peleburan,4
perkara,4
perbincangan,4
mendatangi,4
herman,4
2012.,4
kaku,4
"3,4",4
ambang,4
garnett,4
buruan,4
pelepasan,4
bagram,4
kompensasi,4
disewa,4
notebook,4
berambisi,4
tik,4
gempuran,4
neuroscience,4
invetasi,4
kemelut,4
ke-58,4
angkutan,4
tongkat,4
enim,4
andesit,4
kahveci,4
dilantik,4
julien,4
porong,4
toure,4
ketepatan,4
dikorupsi,4
relaksasi,4
alicante,4
penghiburan,4
atasan,4
"10,8",4
east,4
sharing,4
esa,4
karen,4
buli,4
"0,80",4
lpbn,4
deteksi,4
ke-41,4
melejit,4
pemujaan,4
menunggak,4
"rp3,9",4
berdiskusi,4
soviet,4
melansir,4
noto,4
rumor,4
serentak,4
medium,4
diperbesar,4
vakarai,4
tape,4
pegulat,4
mula-mula,4
kaji,4
berjenis,4
menggiring,4
sintetik,4
who,4
ke-26,4
antartika,4
komedi,4
mengibarkan,4
nuansa,4
terfokus,4
kepakan,4
desa-desa,4
sigit,4
denga,4
fabiano,4
emansipasi,4
terampil,4
rp20,4
gasol,4
komprehensif,4
hills,4
kuartalan,4
palung,4
tersederhanakan,4
cantik,4
ka'ban,4
tie-break,4
berkelas,4
hirvonen,4
atkinson,4
suryo,4
kehendak,4
guillaume,4
food,4
prakarsa,4
atmosfir,4
klaim,4
bmw,4
bakrieland,4
humvee,4
mengkonsolidasikan,4
e.,4
bingung,4
k/l,4
amati,4
"11,6",4
pembangkitan,4
shaukat,4
kyodo,4
kelautan,4
oke,4
menguap,4
kaukasus,4
diperintah,4
jaish,4
union,4
indoensia,4
1984.,4
riquelme,4
lam,4
insya,4
simposium,4
ke-70,4
merampok,4
sejenak,4
cumi-cumi,4
gesit,4
sosialisme,4
terarah,4
mencemaskan,4
bupph,4
alishtari,4
pengesahan,4
denyut,4
timbal,4
menetralkan,4
basket,4
mengadili,4
kerucut,4
ajax,4
persendian,4
kromosom,4
maryland,4
hawiya,4
h5n1,4
sistematis,4
neoliberalisme,4
klinik,4
minutes,4
multifinance,4
ke-50,4
kepatuhan,4
islands,4
tertutupi,4
khawatirkan,4
nos,4
partikel,4
baya,4
publikasi,4
bermimpi,4
memformulasikan,4
mladen,4
mayat-mayat,4
kpc,4
memantul,4
watt,4
tritium,4
telaah,4
sctv,4
ekstraksi,4
wayan,4
kemeneg,4
gantungan,4
pemotong,4
fakta-fakta,4
ciptakan,4
solberg,4
dipikirkan,4
sovyet,4
nick,4
bhd,4
menyemprotkan,4
cgmp,4
plantation,4
mengedarkan,4
khayalan,4
premiership,4
katsav,4
lukas,4
jindal,4
diterbangkan,4
rp150,4
mitos,4
local,4
yppi,4
period,4
persamaan,4
posman,4
didaerah,4
jurusan,4
penyerap,4
bogota,4
cudicini,4
otoparts,4
indra,4
martinez,4
iordanescu,4
disiksa,4
'aa-idn,4
bertingkat,4
lantaran,4
efektifitas,4
transpor,4
ke-72,4
estat,4
duo,4
shane,4
electronic,4
protein-protein,4
fungsi-fungsi,4
substansial,4
perpres,4
karbohidrat,4
felipe,4
million,4
pierre-paul,4
kejam,4
gennaro,4
membalap,4
ditentang,4
pencernaan,4
ai,4
wong,4
hendak,4
centre,4
akademik,4
revitalisasi,4
kppu,4
antar-aliran,4
berau,4
ons,4
peresmian,4
bas,4
bergetar,4
diasumsikan,4
sedikitpun,4
asuh,4
spektrum,4
penyimpan,4
segitiga,4
konstituen,4
kejiwaan,4
hiramsyah,4
kbri,4
perpindahan,4
mengunakan,4
pioneer,4
tagihan,4
1982.,4
msv,4
gugatan,4
paper,4
rp25,4
mengelabui,4
penyusup,4
policy,4
howell,4
bermotif,4
hakikat,4
barris,4
berwujud,4
tanjakan,4
bermutu,4
akustik,4
politeknik,4
hawaii,4
bangau,4
mencintai,4
"14,5",4
bsa,4
eddy,4
steer,4
ke-77,4
kelonggaran,4
palo,4
taksonomi,4
wallace,4
menerjemahkan,4
distorsi,4
hyypia,4
berfikir,4
bercorak,4
menghibahkan,4
jerome,4
milito,4
uche,4
alkena,4
merepotkan,4
"rp1,7",4
pabrik-pabrik,4
law,4
contract,4
jong-il,4
bagaimanakah,4
podolski,4
igor,4
jelle,4
inca,4
katongo,4
memupus,4
rp9.350,4
sopir,4
trombin,4
bunyi,4
"0,07",4
bi-rate,4
tatiana,4
akut,4
lintas-batas,4
togo,4
tentara-tentara,4
dirasa,4
bertubi-tubi,4
tergelincir,4
menghujani,4
nickel,4
clemente,4
19-21,4
memanipulasi,4
srilangka,4
mentransfer,4
berpihak,4
kawasaki,4
cicinho,4
wild,4
libya,4
astana,4
giorgio,4
mustafa,4
pengulangan,4
sneijder,4
disedot,4
kehabisan,4
2007-2009,4
ke-68,4
meregang,4
maoulida,4
pengaman,4
ketrampilan,4
harare,4
darren,4
jo-wilfried,4
pires,4
artis,4
haroun,4
mekanis,4
arca,4
disingkirkan,4
gb,4
ayhan,4
situs-situs,4
tomas,4
kka,4
morris,4
rockets,4
fouad,4
dmi,4
pudar,4
ramadan,4
rp895,4
lewis,4
officer,4
variable,4
dituntaskan,4
yasuhisa,4
transisi,4
disergap,4
menerangkan,4
membesar,4
pistons,4
selusin,4
persatu,4
dicegah,4
anti-as,4
kuku,4
semarang,4
danatama,4
kiefer,4
memperdalam,4
andil,4
7-3,4
this,4
rnl,4
granit,4
penyergapan,4
jahitan,4
ray,4
pelayan,4
"13,5",4
reuni,4
peradilan,4
surga,4
jaime,4
mickael,4
jr,4
perempatfinalis,4
menanyakan,4
petric,4
daewoo,4
bocor,4
mengeksploitasi,4
diperbolehkan,4
aturan-aturan,4
s/a,4
contoh-contoh,4
drum,4
dipaparkan,4
ias,4
provokasi,4
dibacakan,4
rasis,4
justin,4
al-bina,4
tandatangan,4
gurita,4
terbebas,4
partner,4
kultur,4
saldo,4
wang,4
bedah,4
berjuta-juta,4
konten,4
cristian,4
perwasitan,4
jenas,4
dipasarkan,4
kulkas,4
schwarzer,4
mukai,4
bijak,4
ketahui,4
ledakan-ledakan,4
dikontrol,4
agustin,4
disukai,4
f.,4
wanita-wanita,4
papar,4
solid,4
bar,4
unifikasi,4
950.000,4
otopsi,4
barry,4
cepu,4
teksas,4
columbia,4
amir,4
simulator,4
kenneth,4
kantor-kantor,4
rp11,4
kalimat,4
memperlambat,4
penetapan,4
ummat,4
perujukan,4
magic,4
ayat-ayat,4
ambulans,4
ekses,4
kasus-kasus,4
lansana,4
penunggak,4
gantung,4
aditya,4
raikkonen,4
joint,4
fiji,4
hebdo,4
diminati,4
terpecahkan,4
dassanayake,4
perubahan-perubahan,4
rampung,4
tersiar,4
slogan-slogan,4
berstatus,4
perjanjian-perjanjian,4
canberra,4
diucapkan,4
kolektif,4
pemusnah,4
tabel,4
sera,4
zeljko,4
ketakutan,4
reopening,4
flat,4
penegak,4
cinta,4
niken,4
silinder,4
ditengarai,4
berdampingan,4
sheffield,4
tri,4
bajaur,4
augusta,4
non-migas,4
aryasinha,4
humpuss,4
nelayan,4
trilliun,4
dimakan,4
alot,4
mengentaskan,4
ke-61,4
behrami,4
bda,4
pra-bahaya,4
macau,4
"23,9",4
menyempurnakan,4
addis,4
monarki,4
konsistensi,4
ekstradisi,4
baik-baik,4
inzaghi,4
menusuk,4
mengeksekusi,4
biak,4
memantulkan,4
tahap-tahap,4
menguraikan,4
gilberto,4
vertikal,4
wednesday,4
menyembuhkan,4
advertising,4
teramati,4
kalsium,4
kesatuan,4
kinetik,4
islamic,4
penantang,4
heru,4
serap,4
jamie,4
pedalaman,4
budha,4
soda,4
slomka,4
dirongrong,4
politikus,4
babbage,4
gen-gen,4
satwa,4
jiangsu,4
denia,4
lagi-lagi,4
over,4
menjalar,4
pornografi,4
borriello,4
forest,4
beasiswa,4
ganas,4
mencerna,4
penanda,4
bibit,4
bottom,4
gua,4
kaget,4
terlatih,4
menggumpal,4
school,4
terpeleset,4
sorotan,4
diupayakan,4
kontra-produktif,4
mesiu,4
kaki-kaki,4
"16,8",4
balok,4
marat,4
modifikasi,4
batalion,4
kitin,4
"0,8",4
horna,4
bercahaya,4
garitano,4
oliver,4
trub,4
concacaf,4
berhembus,4
fauzi,4
loans,4
pemasukan,4
volatile,4
neuron,4
naas,4
g,4
terbuang,4
sabar,4
merek,4
"5,8",4
seydou,4
magnetik,4
permen,4
rp400,4
150.000,4
memadati,4
setahu,4
fr0036,4
karrada,4
mendahului,4
diserukan,4
majikan,4
sebagi,4
terlayani,4
torpedo,4
pengiklan,4
berkolaborasi,4
rp600,4
kedap,4
points,4
hatem,4
cross,4
ul,4
interpol,4
berkontribusi,4
komplek,4
pengetatan,4
berlandaskan,4
lengket,4
bodman,4
agathe,4
berita-berita,4
ramalah,4
seperangkat,4
mengakomodasi,4
infanteri,4
tetesan,4
malaga,4
eagles,4
keberlanjutan,4
kesesuaian,4
lot,4
tayan,4
pekerja-pekerja,4
menggigit,4
disiagakan,4
redknapp,4
denver,4
disisi,4
travel,4
banco,4
garros,4
bijih,4
menengahi,4
gugup,4
sekuler,4
pengasuh,4
disumbangkan,4
bab,4
mabira,4
cimb,4
mengkloning,4
pembubaran,4
grafis,4
murr,4
akun,4
mengintai,4
sial,4
edward,4
skeptis,4
instruktur,4
kazim-kazim,4
golovin,4
nagle,4
runtuhnya,4
karier,4
cambiasso,4
januari-september,4
pemangkasan,4
diutarakan,4
belia,4
garver,4
redaksi,4
kooyong,4
natural,4
tenggang,4
andrea,4
"rp4,5",4
patrick,4
penunjang,4
virginie,4
dapatkan,4
pencadangan,4
klorida,4
taufik,4
selamanya,4
ausma,4
setiaatmadja,4
arizona,4
bukti-bukti,4
taro,4
wright-phillips,4
undisbursed,4
kepiawaian,4
potito,4
ekmeleddin,4
perth,4
relokasi,4
kerutan-kerutan,4
dilibatkan,4
hemat,4
pemotretan,4
bening,4
melacak,4
pancang,4
brassinolide,4
pembersihan,4
tatahan,4
pedang,4
keteraturan,4
spt,4
digester,4
teh,4
pokphand,4
prokop,4
perakitan,4
"28,7",4
matsui,4
iniesta,4
digolongkan,4
safin,4
jamison,4
jamarat,4
isolasi,4
venture,4
memenjarakan,4
realita,4
11.000,4
sd,4
memperburuk,4
timteng,4
pemeriksa,4
chemical,4
tersalurkan,4
love,4
maskapai,4
penumpukan,4
shoji,4
"5,07",4
runtuh,4
pembimbing,4
uruzgan,4
ejekan,4
its,4
diuntungkan,4
kohlschreiber,4
infra,4
block,4
viktor,3
tenggat,3
pemilihan-pemilihan,3
resource,3
400.000,3
northern,3
martowardoyo,3
menakut-nakuti,3
membimbing,3
kalian,3
desentralisasi,3
kesabaran,3
rekombinan,3
naito,3
agunan,3
ambruknya,3
ketidakstabilan,3
megabit,3
fr0050,3
reimbursment,3
"100,5",3
analog,3
terjun,3
1.800,3
kelangkaan,3
mediasi,3
rtrw,3
kekaguman,3
nektar,3
biota,3
"12,5",3
0-4,3
cerminan,3
carteran,3
dinari,3
takdir,3
haryana,3
podium,3
therapi,3
camacho,3
sergey,3
berbendera,3
memikul,3
memar,3
perantara,3
dilucuti,3
ferdinand,3
non-assam,3
paman,3
berubah-ubah,3
g.,3
"7,9",3
branta,3
leeds,3
terbenam,3
premiere,3
pierre,3
panah,3
kawat,3
lintas-perbatasan,3
terpotong-potong,3
value,3
change,3
baquba,3
melenting,3
dradjat,3
pemasokan,3
norman,3
prostat,3
penyidikan,3
penyampaian,3
paraguay,3
hukum-hukum,3
pemeringkatan,3
membelokkan,3
marasmiellus,3
asfn,3
40-50,3
terkubur,3
ronda,3
dikebumikan,3
stabilisasi,3
bancosol,3
ag,3
ditawan,3
pembiasan,3
akuatik,3
retak,3
membuang-buang,3
younis,3
menetap,3
dicermati,3
cacar,3
bina,3
wordpress,3
perombakan,3
algoritma,3
ldl,3
jurufoto,3
memotivasi,3
metal,3
mengganjal,3
cendekiawan,3
soemadi,3
belulang,3
selubung,3
conditional,3
paul-henri,3
telnet,3
indoor,3
genocide,3
good,3
solis,3
svm,3
rp8,3
lava,3
kesepakatan-kesepakatan,3
21-18,3
nesta,3
latih,3
pelarangan,3
wijaya,3
laki,3
"0,4",3
prosentase,3
"rp16,2",3
disentuh,3
investindo,3
aplikasi-aplikasi,3
laun,3
social,3
heinze,3
dove,3
kernel,3
kelimanya,3
genting,3
pandangan-pandangan,3
pria-pria,3
tariq,3
terbungkus,3
magath,3
karlovic,3
penyamaran,3
gallery,3
iv/2006,3
consumption,3
munggu,3
floyd,3
asri,3
morita,3
optimalisasi,3
sittard,3
jatidiri,3
lavezzi,3
barata,3
were,3
engkos,3
tinjauan,3
menawar,3
diadakannya,3
girija,3
diulang,3
mencengkeram,3
ntb,3
pengeksport,3
dirusak,3
osaka,3
dalan,3
clagett,3
kacau,3
gerombolan,3
kelinci,3
dudukan,3
konkret,3
'sangat,3
kosovo,3
peristiwa-peristiwa,3
disengketakan,3
membajak,3
ketimpangan,3
henrique,3
dua-duanya,3
pencemaran,3
"9,50",3
hernandez,3
simp,3
tjandradjaja,3
"20,9",3
chembulk,3
massu,3
ernst,3
dibongkar,3
kebangsaan,3
diiringi,3
beriklim,3
hilal,3
butuhkan,3
bersungguh-sungguh,3
mempersempit,3
nuno,3
discovery,3
rasional,3
ceo,3
mengetik,3
salihin,3
menumpuk,3
"rp2,2",3
saud,3
share-eps,3
instan,3
hindia,3
mirror,3
leroy,3
umk,3
jangkar,3
moo,3
bersimbah,3
berbasiskan,3
rainer,3
"2,25",3
mackay,3
menumbuhkan,3
rochus,3
teteapi,3
citibank,3
272.,3
reina,3
pumas,3
fasilitator,3
rmb,3
ditaja,3
disinggung,3
rio,3
bk,3
ogbaudu,3
raymond,3
hadiyanto,3
hitung,3
amnesty,3
bawaan,3
min,3
nafsu,3
mengalahan,3
condong,3
matematikawan,3
merampungkan,3
partisipan,3
teriakan,3
ringkasan,3
emerson,3
finch,3
kumpulkan,3
yuniarti,3
peliharaan,3
masterfoods,3
nikah,3
menggantung,3
anti-tank,3
casco,3
kapsul,3
eliezer,3
dihormati,3
belem,3
mendefinisikan,3
merangsek,3
dmitry,3
ammonium,3
berkarakter,3
parallel,3
tumbuh-tumbuhan,3
residu,3
mori,3
bernafas,3
petrov,3
kebobolan,3
gigih,3
bersyukur,3
setan,3
implikasi,3
azerbaijan,3
filamen,3
akselerasi,3
usaha-usaha,3
mikroskop,3
patogen,3
penjinak,3
merajai,3
above,3
walid,3
pendalaman,3
coupon,3
menstimulasi,3
menggiurkan,3
"11,03",3
"7,3",3
pakai,3
volladolid,3
standby,3
berterima,3
kumuh,3
diungkap,3
mengadopsi,3
rhizobium,3
'kamu,3
pemenangan,3
sepucuk,3
ryu,3
perwujudan,3
mb,3
ratooning,3
hoa,3
golden,3
ciptaan-nya,3
prakiraan,3
kemiripan,3
biarkan,3
"0,72",3
penertiban,3
nfu,3
digelarnya,3
sepatu,3
bergegas,3
detik-detik,3
soaring,3
skill,3
ditakuti,3
ancol,3
boom,3
mengusung,3
kennedy,3
beri,3
rika,3
administratur,3
mengeksplorasi,3
ricky,3
academy,3
ataukah,3
o'donnell,3
cbf,3
unocal,3
menelepon,3
batere,3
1-5,3
o.,3
riwayat,3
berlapis,3
romero,3
kringe,3
dilansir,3
enrico,3
halida,3
"15,9",3
mochtar,3
genggam,3
tuesday,3
10-11,3
mengemudikan,3
langgeng,3
dielakkan,3
campurtangan,3
habyarimana,3
halangan,3
menjentik,3
gang,3
benin,3
perlukan,3
meresmikan,3
radial,3
memodifikasi,3
albakri,3
menormalisasi,3
mikroorganisme,3
pabean,3
efesiensi,3
kufa,3
sienna,3
"16,67",3
kasuri,3
dikemas,3
kemewahan,3
n'djamena,3
whittingham,3
gunawan,3
zico,3
konverter,3
pongkor,3
menit-menit,3
pengembara,3
ansari,3
murid,3
sektoral,3
berbakat,3
ayman,3
al-zawahri,3
berkemas,3
pematahan,3
finalisasi,3
menangguhkan,3
menelaah,3
lie,3
"39,4",3
titan,3
dejan,3
jaffna,3
arktik,3
kritikus,3
9.000,3
proses-proses,3
21-15,3
penginderaan,3
flavonoid,3
schweinsteiger,3
"6,95",3
sesjen,3
padraig,3
biopsi,3
menyusup,3
membanjiri,3
processing,3
membolehkan,3
serah,3
prescott,3
csc,3
mengumpan,3
ottomitra,3
pertanyaan-pertanyaan,3
kipas,3
control,3
dipantau,3
odom,3
sulaiman,3
roe,3
dicampur,3
bersesuaian,3
kontemporer,3
diboikot,3
amiruddin,3
spanduk-spanduk,3
procurement,3
jean,3
jamrah,3
westermann,3
caruth,3
wesley,3
suasa,3
iuran,3
februarai,3
pemadaman,3
klas,3
simbolon,3
ulet,3
stennis,3
tomo,3
pelancong,3
semifinalis,3
peretz,3
24.,3
ketukan,3
aidid,3
melelang,3
ditempat,3
baidoa,3
bertumpuk,3
lewin,3
jerry,3
merseyside,3
kursor,3
sarafiya,3
bertekanan,3
polydoras,3
gagasan-gagasan,3
"rp3,2",3
"15,5",3
garut,3
menguras,3
megawatt,3
andahanesa,3
qpr,3
memperpendek,3
utiashvili,3
yenagoa,3
seedorf,3
cotto,3
labih,3
range,3
membentang,3
sesudahnya,3
dihapuskan,3
bianchi,3
merchant,3
bentley,3
konsesi,3
crespo,3
tiada,3
mengantar,3
omong,3
berakal,3
hmsp,3
kemajuan-kemajuan,3
tektonik,3
haaretz,3
tanggungjawab,3
rawi,3
unggun,3
al-ojeily,3
arab-israel,3
ranchi,3
ultra,3
putar,3
hongaria,3
place,3
granollers-pujol,3
avi,3
memeluk,3
supermarket,3
nggak,3
hyundai,3
loudspeaker,3
2020.,3
terjang,3
circle,3
morigami,3
biomimetik,3
berbintik,3
cekal,3
coates,3
shao,3
penggelapan,3
megapoda,3
akuan,3
pingsan,3
dioperasi,3
gm,3
cacing,3
off,3
topi,3
tunis,3
cube,3
second,3
serba,3
virtualisasi,3
bild,3
berbobot,3
memborong,3
clarence,3
koroner,3
celsius,3
dipatok,3
merenungkan,3
resesi,3
diklasifikasikan,3
penggarapan,3
"6,51",3
mengenang,3
kaset,3
boris,3
wel-t,3
pantelic,3
loss,3
agni-iii,3
diperkaya,3
2025.,3
gable,3
kremlin,3
ledak,3
76ers,3
yabunaka,3
nanometer,3
mengkampanyekan,3
prius,3
netanyahu,3
bay,3
sk,3
berfrekuensi,3
bit,3
rp2.050,3
didengar,3
tergenang,3
harrington,3
corporindo,3
sependapat,3
kooperatif,3
obu,3
payung,3
batuan,3
penegasan,3
ntt,3
minibus,3
penggambaran,3
rp7,3
"8,0",3
bfi,3
berproduksi,3
alfa,3
mewarisi,3
fitnah,3
orba,3
dyah,3
tatkala,3
lorong,3
membungkus,3
ram,3
sacramento,3
sulut,3
motorola,3
metan,3
pentas,3
bangunan-bangunan,3
suporter,3
fasilitasi,3
hampa,3
spanduk,3
manucho,3
kiriman,3
amankan,3
filippo,3
ranieri,3
terkejar,3
privat,3
tabung-tabung,3
bplp,3
pantul,3
mampawah,3
nam,3
jennifer,3
mangunkusumo,3
getah,3
profit,3
obligor,3
keith,3
pelari,3
disesalkan,3
samarra,3
denny,3
rekam,3
investors,3
korup,3
1975-1990,3
prilaku,3
"7,5-8,0",3
"6,7",3
family,3
performing,3
rp9.450,3
reserves,3
mr,3
yans,3
npwp,3
lagu-lagu,3
offering,3
opportunities,3
"1,25",3
bergeser,3
az-zahar,3
eksposur,3
fk2bi,3
negera,3
eksploitasi,3
liquiditas,3
baluch,3
pecinta,3
penangkap,3
rp42,3
andalucia,3
17.,3
kentang,3
saparini,3
kepulangan,3
ocbc,3
jarkko,3
hyun,3
"rp7,7",3
sahabat,3
investigasi,3
emp,3
menekuk,3
kalac,3
mengorbankan,3
fayyad,3
nontunai,3
makindo,3
menginspirasi,3
"0,3",3
membership,3
semu,3
nature,3
sobek,3
"rp13,5",3
cuma-cuma,3
fiat,3
otto,3
kebersamaan,3
jazz,3
menodai,3
ulang-alik,3
kaladze,3
berlangganan,3
kecerahan,3
pemesanan,3
penyakit-penyakit,3
icc,3
komeito,3
cakar,3
interogasi,3
butir,3
fungsional,3
1990.,3
terputus,3
terpercaya,3
rakitan,3
copa,3
sapuan,3
mariano,3
rawalpindi,3
kamera-kamera,3
centimeter,3
epidemiologi,3
spyware,3
diistirahatkan,3
trojan,3
1.700,3
menggerakan,3
records,3
shot,3
montazeri,3
piranha,3
kutcher,3
dhoni,3
since,3
goals,3
bicarakan,3
rusa,3
al-beshir,3
randrianantoanina,3
plummer,3
eris,3
maduro,3
perkataan,3
cottage,3
craven,3
syngas,3
pendengkur,3
n2,3
ditempelkan,3
page,3
pin,3
terbagus,3
etanol,3
nfa,3
dipanen,3
beresiko,3
usahakan,3
yahya,3
tanam,3
penggulingan,3
"0,45",3
boubakeur,3
ulah,3
fractional,3
cuplikan,3
neville,3
gila-gilaan,3
bertubuh,3
bobby,3
menggoyahkan,3
dpr/mpr,3
praha,3
marine,3
hektare,3
merak,3
paceklik,3
ditelusuri,3
penularan,3
querrey,3
kepedulian,3
sarwono,3
ceruk,3
kemacetan,3
stakeholders,3
loebis,3
syah,3
1993.,3
dominika,3
sebastian,3
kunjung,3
gila,3
batista,3
fleksibilitas,3
"13,8",3
fr0047,3
penabung,3
anton,3
"1,41",3
ishi,3
gwm,3
rapbn-p,3
milyard,3
refleks,3
terorganisasi,3
peluang-peluang,3
meringankan,3
terapung,3
amniota,3
pasar-pasar,3
memuncaki,3
mosi,3
fabianski,3
setijoso,3
jeritan,3
diriye,3
berlebih,3
pohon-pohon,3
presisi,3
komputing,3
terlama,3
mewaspadai,3
malaria,3
mempublikasikan,3
yusgiantoro,3
danny,3
maxis,3
triliunan,3
shahab,3
bermeriam,3
pkk,3
coca,3
erakat,3
onbase,3
bahwasanya,3
supervisi,3
pelepas,3
chapter,3
"6,30",3
scooter,3
jadual,3
memveto,3
hashemi,3
kartel,3
amsberg,3
merebak,3
janurianto,3
ketidakseimbangan,3
diunduh,3
universal,3
2.100,3
perbekalan,3
insiden-insiden,3
tirta,3
mengarungi,3
sistan-baluchestan,3
rudal-rudal,3
yussef,3
alun-alun,3
alim,3
sordo,3
menawari,3
menjarah,3
pegaris,3
melarutkan,3
demikianlah,3
den,3
vanstone,3
weekly,3
kriket,3
memperlemah,3
kekhawatiran-kekhawatiran,3
oven,3
skrtel,3
barangkali,3
disfungsi,3
memberitahukan,3
peminat,3
tercantum,3
empat-tahun,3
mematok,3
faksi-faksi,3
f,3
ke-89,3
kefaya,3
arkeologi,3
silvio,3
donka,3
cap,3
sedalam,3
adelaide,3
mana-mana,3
diilhamkan,3
wales,3
sayap-sayapnya,3
iseng,3
direkomendasikan,3
robocon,3
mahinda,3
"6,13",3
bari,3
bersandar,3
carbon,3
villegas,3
dijon,3
menganggarkan,3
idn,3
estate,3
anemia,3
tutu,3
"1,75",3
kedutaan-kedutaan,3
ekaterina,3
kebutuhan-kebutuhan,3
kekerabatan,3
djibouti,3
motherwell,3
eskalasi,3
yu,3
krisi,3
agip,3
tangkis,3
katak-katak,3
berkelompok,3
pengungsian,3
bajo,3
kideco,3
aiyegbeni,3
barbosa,3
"29,5",3
dipuji,3
batas-batas,3
olympic,3
tenerife,3
iii/2006,3
gain,3
dynamics,3
intan,3
winston-salem,3
halter,3
tampuk,3
13.000,3
meniadakan,3
elektronis,3
tani,3
tulisan-tulisan,3
his,3
carmelo,3
berdiameter,3
berinovasi,3
banega,3
sengketa-sengketa,3
mempesona,3
ditebak,3
kawalan,3
khurshid,3
dipersoalkan,3
strachan,3
pengumpan,3
nantes,3
ezequiel,3
lezat,3
fosforus,3
kanga,3
pebulutangkis,3
rom,3
nyanyian,3
gr,3
kamel,3
digestion,3
charlton,3
dianjurkan,3
rovana,3
molekuler,3
mengasingkan,3
bani,3
dimanapun,3
malisse,3
manara,3
diajarkan,3
phillip,3
berdifusi,3
mirko,3
iverson,3
wendel,3
10.,3
"rp15,82",3
aritmetika,3
tiga-jambi,3
dvla,3
semprotan,3
refleksi,3
sme,3
ditinjau,3
america,3
setlah,3
spam,3
jagoan,3
direvisi,3
fanatik,3
supertoy,3
dijuluki,3
"1,67",3
aerodinamik,3
jabaliya,3
dibawa-bawa,3
menata,3
miring,3
babi,3
terdeteksi,3
hamparan,3
consultative,3
berunjuk,3
belaka,3
forensik,3
into,3
menyesatkan,3
abubakar,3
sagna,3
govinda,3
ron,3
ulrich,3
benoit,3
baker,3
romawi,3
dup,3
pemotongan,3
carroll,3
young,3
sekejap,3
telanjang,3
serpihan-serpihan,3
gawat,3
bujur,3
perkampungan,3
70-an,3
sultan,3
brigadir,3
magma,3
rgb,3
risiko-risiko,3
kongo,3
yamagata,3
shin,3
capai,3
tembakan-tembakan,3
tulus,3
semisal,3
brin,3
insulin,3
mempelopori,3
bilangan,3
targetkan,3
bersinar,3
diberangkatkan,3
maccracken,3
diseret,3
kerak,3
lukman,3
karbala,3
jagat,3
mempererat,3
banda,3
"0,71",3
ditangguhkan,3
yanagisawa,3
pos-pos,3
januari-juli,3
mc,3
amiens,3
didampingi,3
masal,3
ditunjukan,3
jerapah,3
menganggur,3
kolagen,3
kelumpuhan,3
diperpendek,3
bengkak,3
kelakuan,3
aragones,3
9-21,3
700.000,3
rp9.080,3
geografis,3
penguasaan,3
mrei,3
balzer,3
mendesain,3
southampton,3
transport,3
kings,3
12.000,3
"rp18,3",3
malaka,3
lukisan,3
"2,7",3
berkeliling,3
berdomisili,3
support,3
'kami,3
remy,3
merekomendasikan,3
perunggu,3
terpanjang,3
aktuaria,3
terbarukan,3
pungutan,3
menghangat,3
rooney,3
beriman,3
ke-60,3
mengolah,3
os,3
plto,3
monokrom,3
mani,3
keranjingan,3
nabati,3
sikorsky,3
feith,3
mengombinasikan,3
-ku,3
liputan,3
suara-suara,3
luwes,3
perbedaan-perbedaan,3
pembelaan,3
determinasi,3
poster,3
dmsc,3
trailer,3
dagestan,3
kaos,3
pemberat,3
bias,3
5-5,3
kewaspadaan,3
chamisa,3
berpijak,3
riviera,3
ontario,3
alpha,3
berkulit,3
diikat,3
penyembuhan,3
nweke,3
platt,3
tancock,3
mengungsi,3
import,3
turner,3
mobilisasi,3
bertajuk,3
satelindo,3
karikatur,3
ernie,3
els,3
2.400,3
chicken,3
colin,3
ritzau,3
antonius,3
terimbas,3
chalongphob,3
nec,3
tandingan,3
primary,3
veto,3
perhubungan,3
poundsterling,3
'dialog,3
icbc,3
al-bandar,3
itali,3
herald,3
menjemput,3
menang-kalah,3
pembicara,3
guiza,3
haryanto,3
ilgauskas,3
gerhard,3
bpjb,3
bercanda,3
chimbonda,3
beragama,3
initial,3
darimana,3
cekatan,3
their,3
2037.,3
primo,3
tucson,3
kredibel,3
menggangu,3
anomali,3
sekondi,3
harsya,3
dirham,3
"10,25",3
dibolehkan,3
"7,0",3
riyal,3
produced,3
camilo,3
"0,21",3
bersikukuh,3
mendekatkan,3
baath,3
lumber,3
sejati,3
munitis,3
berkepanjangan,3
menyapu,3
menjenguk,3
peledakan,3
rp9.125,3
regu,3
firman,3
elnusa,3
miliuner,3
akusisi,3
bristol,3
rp40,3
mengakusisi,3
terhenyak,3
anti-korupsi,3
optimistik,3
auditan,3
cagni,3
rp12,3
periksa,3
dipersyaratkan,3
pegemudi,3
dasa,3
tractors,3
florent,3
entitas,3
plus-minus,3
summit,3
kenichiro,3
dinamis,3
ditemani,3
"42,6",3
rp23,3
asrama,3
database,3
horizontal,3
fssk,3
penghinaan,3
barel/hari,3
tampa,3
irjen,3
segelintir,3
wika,3
mempromosikan,3
holyfield,3
ayu,3
labuhan,3
tercemar,3
isu-isu,3
diekspor,3
kritikan,3
chartered,3
saada,3
ke-28,3
wagner,3
robot-robot,3
sinarmas,3
persekongkolan,3
docking,3
sistem-sistem,3
perburuhan,3
garzon,3
"0,04",3
tamura,3
saluran-saluran,3
rp30,3
vonny,3
ki,3
glaser,3
earnings,3
"6,75",3
abda,3
ke-36,3
hasnul,3
perumusan,3
stimulus,3
"40,8",3
kirchen,3
pengisian,3
souness,3
memposisikan,3
"rp45,72",3
"rp31,2",3
propolis,3
labuan,3
berang-berang,3
senoro,3
polyta,3
bertransaksi,3
transplantasi,3
dibuahi,3
hakiki,3
atletik,3
cengkeraman,3
penggalangan,3
legalitas,3
giampaolo,3
mencengangkan,3
gadjah,3
menginformasikan,3
pemisah,3
long,3
diadopsi,3
test,3
speight,3
square,3
kumpulan,3
android,3
melonggarkan,3
parjo,3
harbour,3
diperlengkapi,3
tebing,3
cink,3
medicine,3
gil,3
shaun,3
down,3
fico,3
bermutasi,3
frigat,3
redup,3
persistensi,3
pntl,3
memungut,3
jirgas,3
elektrolit,3
bayang,3
ayat,3
gel,3
wauquiez,3
roitman,3
heerenveen,3
ocraft,3
visual,3
sintetis,3
alaikum,3
radang,3
suplemen,3
semprot,3
membeberkan,3
neil,3
burn-in,3
pembakar,3
beting,3
difungsikan,3
berlimpah,3
robinson,3
petter,3
michigan,3
myanmar,3
mengantongi,3
menggoncang,3
jeep,3
bammer,3
birdies,3
al-arabiya,3
rentetan,3
mckay,3
0-5,3
popular,3
zig-zag,3
fluorescence,3
penalaran,3
pelajari,3
jajak-pendapat,3
penetrator,3
berangsur,3
perutusan,3
kalium,3
menakutkan,3
peradangan,3
vendor,3
hosting,3
rijal/greysia,3
beograd,3
puing,3
ub313,3
dipasangi,3
dilipat,3
bernie,3
start,3
luggable,3
seluk,3
pabrikan,3
21-12,3
joao,3
120.000,3
harvest,3
jumblatt,3
semantic,3
mengekang,3
pemroses,3
crocus,3
shalit,3
petra,3
hossein,3
dibelokkan,3
bertabrakkan,3
pencahayaan,3
bvudzijena,3
editor,3
diberdayakan,3
kejut,3
ditanami,3
dorong,3
komersil,3
aviliani,3
sungai-sungai,3
pastilla,3
pegang,3
ujung-ujung,3
tunda,3
alan,3
subronto,3
80.000,3
kau,3
kabut,3
hawks,3
beroda,3
tchite,3
eps-earning,3
postur,3
antar-pemerintah,3
pirlo,3
ke-2,3
pelaporan,3
jilib,3
princes,3
kecaman-kecaman,3
widjaja,3
kamerawan,3
wolfowitz,3
zemarai,3
atlantis,3
berimbang,3
karachi,3
dilelang,3
morgenthau,3
cip,3
penghambat,3
hangus,3
klasifikasi,3
proporsi,3
electric,3
kartagena,3
ditendang,3
d'aubuisson,3
rp1.000,3
doll,3
terhormat,3
menekuni,3
tsvetana,3
"19,1",3
mengisolasi,3
boro,3
enke,3
"rp2,7",3
earning,3
episode,3
jurgen,3
"rp6,9",3
klimowicz,3
darussalam,3
selang,3
melecehkan,3
wb,3
reda,3
dawn,3
panigoro,3
albion,3
disemprotkan,3
carvalho,3
lescott,3
bell,3
phosphorus,3
dilirik,3
tertabrak,3
simak,3
fosil-fosil,3
fahrenheit,3
kemauan,3
pertiga,3
denton,3
keyboard,3
wi-fi,3
soemarno,3
taylor,3
thermat,3
compiler,3
professional,3
penengahan,3
dreamspark,3
penangkal,3
relegation,3
neon,3
gorenje,3
polisario,3
direkayasa,3
hidrologi,3
akta,3
sma,3
cook,3
memphis,3
transgenik,3
kemana,3
cms,3
memprogram,3
bonny,3
kosta,3
bersarang,3
mengepakkan,3
disuntikkan,3
knight,3
abstrak,3
bersentuhan,3
sekotanya,3
norte,3
tertangkap,3
ke-84,3
guardian,3
dianalisis,3
penjelajah,3
dijalani,3
"6,88",3
beranjak,3
kakha,3
balkan,3
diuraikan,3
formasi,3
barnetta,3
diprivatisasi,3
konglomerasi,3
serat-serat,3
menikahi,3
tingkah,3
terkumpul,3
lehman,3
tendensi,3
climate,3
gell,3
monorel,3
memasukan,3
split,3
ditakutkan,3
fluktuatif,3
"21,8",3
kedaulatan,3
salahkan,3
mensyaratkan,3
menilik,3
"0,05",3
markus,3
yunnan,3
spesifikasi,3
cmg,3
tunduk,3
"rp4,3",3
intermoda,3
jica,3
demografi,3
"2,75",3
flores,3
disengaja,3
boo,3
petroleum,3
mengevaluasi,3
600.000,3
terealisir,3
seblat-bengkulu,3
satriyo,3
duran,3
rdi,3
23.100,3
fr0046,3
image,3
"2,08",3
mountain's,3
varietas,3
ubaliyo,3
dicabik,3
notes,3
memanaskan,3
pertandingan-pertandingan,3
menyiagakan,3
guadalupe,3
paszek,3
farid,3
cancer,3
fukushima,3
kontras,3
toro,3
aca,3
berkebalikan,3
armand,3
craybas,3
romano,3
semestinya,3
utomo,3
benaglio,3
peperangan,3
pazzini,3
ko,3
kuan,3
hasrat,3
dibunyikan,3
berdych,3
monorail,3
anadarko,3
"9,3",3
endapan,3
luncurkan,3
sedangan,3
mengucapkan,3
"12,8",3
islami,3
selayaknya,3
superoksida,3
franchise,3
wba,3
saleh,3
dikawal,3
cris,3
niort,3
kepurbakalaan,3
gularso,3
barbula,3
yong,3
sepenuh,3
menghangatkan,3
taddei,3
14-15,3
station,3
hbv,3
rossoneri,3
mendiskreditkan,3
menswastakan,3
cermat,3
penjajah,3
perkembangan-perkembangan,3
tarian,3
nabil,3
lahore,3
musuh-musuh,3
mengiris,3
jus,3
mengantarkan,3
citigroup,3
label,3
sekali-sekali,3
mengiklankan,3
corinthians,3
keakuratan,3
taj,3
1970an,3
didesak,3
mozilla,3
jenis-jenis,3
rodrigo,3
perkelahian,3
dikejar,3
harddisk,3
ada-lah,3
perekrutan,3
botani,3
pensiunan,3
multiguna,3
qarase,3
kuantitas,3
panucci,3
elton,3
sengat,3
stuart,3
melempari,3
laman,3
menggoda,3
bunuhdiri,3
agassi,3
freeport,3
ukur,3
melipatgandakan,3
voice,3
jelang,3
jermain,3
gardu,3
ptkp,3
ketidakadilan,3
ottawa,3
awam,3
sinilah,3
nikotin,3
spn20090731,3
turunan,3
tuna,3
vania,3
dilunasi,3
perbelanjaan,3
lukita,3
obi-halmahera,3
b.2,3
mahasiswa-mahasiswa,3
hidajat,3
15.000,3
didiskusikan,3
housewives,3
non-proliferasi,3
sponsor,3
hope,3
ketegangan-ketegangan,3
sandi,3
jenuh,3
sarsour,3
terpakai,3
penciuman,3
cc,3
chekalin,3
whitman,3
afar,3
"rp9,7",3
bukankah,3
kabur,3
bintara,3
seville,3
ditanyai,3
diallo,3
islamonline,3
christoph,3
berkobar,3
jong,3
hamada,3
teruji,3
pengunjukrasa,3
non-tradable,3
managemen,3
rakor,3
levi,3
ggrm,3
triassic,3
konsesi-konsesi,3
parabronkhus,3
diangsur,3
seharus,3
diperebutkan,3
pendidik,3
kakao,3
berkabung,3
"12,7",3
1985.,3
wo,3
glavermas,3
fumio,3
perhari,3
evelina,3
melzer,3
dedaunan,3
ruang-ruang,3
elemen-elemen,3
terkoneksi,3
uchida,3
ke-4,3
indikator-indikator,3
term,3
court,3
tayyip,3
rednic,3
memandu,3
jill,3
konfigurasi,3
billy,3
urban,3
bermoral,3
bebuyutan,3
kegembiraan,3
juri,3
jamuan,3
jody,3
asamoah,3
proliferasi,3
memaksimalkan,3
stagnan,3
dijauhkan,3
tawar-menawar,3
pengekspor,3
serial,3
nirwana,3
"6,39",3
tenggorokan,3
ta,3
corpindo,3
tranquillo,3
mengerem,3
monopoli,3
mengahiri,3
tambangraya,3
ombak,3
mafia,3
disk,3
masaran,3
farc,3
michel,3
vanity,3
hantaman,3
hentikan,3
ditimpa,3
modem,3
clippers,3
p4k,3
guinea-bissau,3
mencetuskan,3
tsv,3
menjaring,3
berunding,3
sekolah-sekolah,3
shropshire,3
micah,3
sesepuh,3
menghebohkan,3
papin,3
kimi,3
gugusan,3
800.000,3
margasatwa,3
ke-64,3
odemwingie,3
zabul,3
altintop,3
mda,3
are,3
perindustrian,3
startech,3
assalamu,3
berunjukrasa,3
rafflesia,3
1994.,3
peneropongan,3
sedetik,3
terkontrol,3
sumut,3
1.,3
kantaya,3
massachusetts,3
etika,3
asin,3
alexandre,3
swindon,3
rasheed,3
wrc,3
pemerintah-pemerintah,3
berti,3
polietilena,3
mendaratkan,3
enforcement,3
adaro,3
cheyrou,3
melingkar,3
bungkam,3
mnc,3
manouchehr,3
amdal,3
"2,00",3
anti-pemerintah,3
miti,3
negara/lembaga,3
berpegang,3
"rp40,6",3
menyuntikkan,3
kanwil,3
usa,3
ukmb,3
meremehkan,3
mujahidin,3
"11,85",3
chandrasekharam,3
ruslim,3
limonen,3
"8,37",3
merk,3
omset,3
cohen-aloro,3
reyes,3
mujani,3
handset,3
kelestarian,3
purchase,3
kerahasiaan,3
perseron,3
sebatas,3
agency,3
printer,3
sebaran,3
kunjungan-kunjungan,3
toifilou,3
oumar,3
penyubur,3
limonin,3
garuda,3
mendongkel,3
rincon,3
palmas,3
petr,3
meliput,3
rp9.170/9.175,3
perangkap,3
hugh,3
diledakkan,3
wujud,3
awad,3
diselesaikannya,3
goven,3
jangkung,3
organ-organ,3
liquid,3
kalou,3
dikenang,3
"rp1,0",3
tpi,3
1.300,3
dipercayai,3
perekam,3
dira,3
supernova,3
nautilus,3
kakak,3
akankah,3
personal,3
jelek,3
swansea,3
"5,0",3
"0,18",3
rumahtangga,3
secepat-cepatnya,3
reid,3
"11,3",3
mengebor,3
johnny,3
dilapisi,3
mbps,3
pbi,3
diartikan,3
ditimpakan,3
sabuk,3
francileudo,3
ubuntu,3
sorakan,3
murphy,3
ritsleting,3
norma,3
kapital,3
tuduh,3
safina,3
player,3
cibulkova,3
non-pemerintah,3
avatar,3
syumli,3
penahan,3
ahirnya,3
pasukan-pasukan,3
terpapar,3
output,3
bergaya,3
beradu,3
testing,3
berkonsultasi,3
pkt,3
sukoyo,3
trans-atlantik,3
pikaia,3
baluchistan,3
vista,3
fernandes,3
setebal,3
sebi,3
ungkapan,3
menjerat,3
verdasco,3
achilles,3
jabero,3
menipis,3
keterbelakangan,3
alga,3
menyayat,3
pongsaklek,3
perspektif,3
"rp9,516",3
molotov,3
temuan-temuan,3
nino,3
memprivatisasi,3
klip,3
doroud,3
haniyeh,3
mencantumkan,3
memprovokasi,3
crc,3
sentrifugal,3
salihamidzic,3
ipswich,3
terai,3
jeremy,3
terbelakang,3
pelonggaran,3
antawn,3
lukashenko,3
jimenez,3
downing,3
produktifitas,3
keberangkatan,3
foundation,3
kursorial,3
dinara,3
guccione,3
makroekonomi,3
best,3
meeting,3
pernikahan,3
300.000,3
dicopot,3
kasat,3
k1,3
express,3
oxford,3
ym,3
mbeki,3
neraka,3
heat,3
nyse,3
2008-2009,3
design,3
freddy,3
jenty,3
perintah-perintah,3
amran,3
"8,7",3
mengatkan,3
kucuran,3
mematuk,3
kacamata,3
naldo,3
parc,3
tema,3
bintik,3
tertuang,3
terbangun,3
aku,3
al-mahdi,3
pekat,3
susah-payah,3
bingkai,3
tergerus,3
membintangi,3
bury,3
paz,3
setahap,3
gemar,3
penyembunyi,3
menyedot,3
ditafsirkan,3
beluk,3
kepindahan,3
brunei,3
reddy,3
jurupotret,3
parutan,3
hiroshima,3
rakortas,3
"9,5",3
biosintesis,3
mendengkur,3
bertamu,3
superkonduktivitas,3
jenazah-jenazah,3
feliciano,3
"9,7",3
tembus,3
manuskrip,3
melenyapkan,3
ke-31,3
rabbo,3
dihambat,3
xp,3
jack,3
"rp8,4",3
pengucilan,3
dilandasi,3
"3,1",3
chanvit,3
operan,3
pemasangan,3
pertentangan,3
makarova,3
cl,2
perangsang,2
"3,23",2
fitokimia,2
dideskripsikan,2
emperor,2
dikoleksi,2
kapanpun,2
rp214,2
nad,2
mass,2
"169,02",2
"rp31,14",2
nazar,2
sjam,2
plt,2
nun,2
we,2
katanya,2
rp6.000,2
penggolongan,2
riverside,2
mendambakan,2
terisi,2
"0,08",2
timeline,2
josh,2
dirangsang,2
access,2
monitor-monitor,2
'must,2
lme,2
llorente,2
aguirre,2
nand,2
sekarat,2
"0,65",2
pembentuk,2
kaki-kakinya,2
ditunjang,2
selagi,2
"rp418,75",2
ambon,2
bandingkan,2
ganjalan,2
mitsui,2
terkapsul,2
mengobati,2
menorehkan,2
fe,2
pertahun,2
"3,47",2
maisng-masing,2
sven-goran,2
survey,2
anti-komunis,2
pyrometallurgy,2
gkg,2
"6,50",2
rahmany,2
kesibukan,2
ukm/komersial,2
predikat,2
'fair,2
bbk,2
pineda,2
mdgs,2
"rp609,2",2
"6,32",2
iming-iming,2
96.,2
lindung,2
property,2
residensial,2
baltimore,2
"rp74,70",2
gilbride,2
ing,2
diantisipasi,2
tenar,2
ian,2
mardju,2
berlipat,2
"11,2",2
nakal,2
tirreno-adriatico,2
lada,2
redistribusi,2
melemahkan,2
pakem,2
axelsson,2
1975.,2
melicinkan,2
pembatas,2
mencaplok,2
bermental,2
sendi-sendi,2
perbankkan,2
klbi,2
bir,2
malahan,2
pkm,2
berpenghuni,2
mittal,2
scoul,2
autralia,2
akademisi,2
bkk,2
camel,2
parung,2
merobek,2
'dan,2
benabdellah,2
terkunci,2
melambatkan,2
diawaki,2
lereng,2
tomahawk,2
perintang-perintang,2
obor,2
pink,2
nishikori,2
al-mujahedeen,2
buenaventura,2
gabriele,2
dipadati,2
peshawar,2
bendera-bendera,2
china-rusia,2
npd,2
80-an,2
dharamsala,2
kontradiksi,2
jandola,2
dihadang,2
gaulle,2
sedih,2
pemaksaan,2
hormat,2
meloncat,2
berjam-jam,2
rafflesiaceae,2
17.000,2
bima,2
mitra-mitra,2
tidakkah,2
sirine,2
sesempurna,2
levey,2
katoda,2
pipih,2
hembusan,2
ilmuan,2
menalar,2
membayang-bayangi,2
amida,2
pengecut,2
penimbunan,2
menumbuh-kembangkan,2
mengajar,2
sekonyong-konyong,2
komplain,2
motorik,2
janakpur,2
tuntutan-tuntutan,2
topeng,2
dirujuk,2
mensintesis,2
menghadap,2
menginstol,2
kalkulator,2
menyaingi,2
imagine,2
mendenda,2
xena,2
yaroun,2
pica,2
pembacaan,2
sangkar,2
lempengan,2
prosthesis,2
grafit,2
keller,2
sunday,2
tumit,2
djan,2
ketidakberuntungan,2
omonia,2
mellberg,2
chivu,2
"12,75",2
muslimovic,2
melesu,2
hsieh,2
carotenoids,2
"8,02",2
yusufzai,2
wilkinson,2
iii/2007,2
"rp58,285",2
bytes,2
diikutsertakan,2
2013.,2
paramedis,2
"rp17,4",2
gara-gara,2
gtp,2
valentino,2
"5,77",2
dilayani,2
likuidasi,2
fks,2
darwinlah,2
performance,2
expenditure,2
pertanggungjawaban,2
ppp,2
"15,01",2
perusuh,2
penunjukan,2
hertriono,2
jerzy,2
guntur,2
nevers,2
nottingham,2
"rp3,09",2
dijangkau,2
68.,2
"8,28",2
januari-15,2
"15,2",2
li,2
fluida,2
"rp1,4",2
microfinance,2
tig,2
valon,2
alkohol,2
soccer,2
bethanie,2
vitaly,2
berpori,2
don,2
iaf,2
dipatuhi,2
kurniawan,2
keaslian,2
gili,2
tremmel,2
saifi,2
apbd,2
mend,2
haye,2
meleset,2
"rp836,4",2
"34,3",2
krisna,2
heavy,2
testosteron,2
"8,16",2
sustainable,2
rp255,2
permainnya,2
bonera,2
salyadi,2
diprogramkan,2
sunda,2
setchell,2
"rp49,5",2
agricole,2
"1,76",2
"7,8",2
berambut,2
jeddah,2
u-23,2
gorontalo,2
klise,2
geofisika,2
ghent,2
transendental,2
rot-weiss,2
masing,2
konsol,2
"1,58",2
nomor-nomor,2
majemuk,2
cd,2
telekomindo,2
arpanet,2
"rp267,9",2
rp559,2
elrio,2
kemalangan,2
"6,29",2
"30,5",2
rayap-rayap,2
pemakan,2
tradable,2
leasing,2
"rp1,2",2
hunian,2
erik,2
argentine,2
"29,2",2
"rp16,7",2
farah,2
"3,92",2
penyusupan,2
brigjen,2
nangoi,2
sdn,2
juliano,2
catalunya,2
pokou,2
saputra,2
"29,02",2
rasio-rasio,2
turunkan,2
sidi,2
luxembourg,2
"0,51",2
schleck,2
default,2
mentargetkan,2
apik,2
"rp5,7",2
"rp272,58",2
"rp452,556",2
pansus,2
memperdebatkan,2
mengkomunikasikan,2
maradona,2
merapat,2
jagad,2
ke-74,2
v.,2
transistor,2
rp17,2
sabah,2
40.000,2
soria,2
yasser,2
"rp1,78",2
ikechukwu,2
andi,2
angkan,2
menimbun,2
farming,2
network,2
quinney,2
'multi,2
adn,2
1967-2006,2
menyukseskan,2
terjerumus,2
genap,2
gdp-nya,2
bancassurance,2
hartfield,2
bahari,2
dicanangkan,2
menubruk,2
900.000,2
ending,2
rp9.210,2
rp9.220,2
ghulam,2
rawa,2
ekuivalen,2
caraka,2
bebek,2
separah,2
imbas,2
menetralisir,2
berselisih,2
simunic,2
pei,2
gary,2
ikuti,2
soesatyo,2
"8,00",2
25/8,2
tillman,2
diobati,2
vielmann,2
konsumtif,2
push,2
dikorbankan,2
intermediary,2
abidjan,2
21.,2
di-mark,2
merintangi,2
adnan,2
dijawab,2
penumbuhan,2
'terkenal,2
slice,2
aegis,2
ke-73,2
materi-materi,2
video-video,2
"164,29",2
malesani,2
firm,2
zahir,2
beni,2
cibinong,2
demichelis,2
menggenangi,2
"rp763,6",2
feri,2
dea,2
louisiana,2
keretakan,2
dikendarai,2
mensejahterakan,2
rp19,2
sintawati,2
syarial,2
"rp2,8",2
kesepian,2
sana'a,2
somalia-ethiopia,2
dianulir,2
persoalan-persoalan,2
bumiputera,2
"39,71",2
hashi,2
rals,2
ekportir,2
wolfgang,2
eboue,2
bungkus,2
otomatik,2
valbury,2
menjijikkan,2
lembab,2
penyerang-penyerang,2
multiple,2
bsmr,2
gayatri,2
imo,2
jirga,2
berpura-pura,2
paigc,2
yassin,2
"1,5-1,8",2
"rp52,1",2
ztv,2
industries,2
pen,2
kemungkinan-kemungkinan,2
ecclestone,2
tuli,2
lanjutakan,2
memperjelas,2
hawthorne,2
"rp59,92",2
"rp288,4",2
rp90,2
waxman,2
valerie,2
hanoi,2
"7,424",2
kso,2
bjp-1,2
milyaran,2
trliun,2
farial,2
andrews,2
curang,2
kasperczak,2
allardyce,2
astrofisika,2
spalletti,2
escude,2
bafana,2
juergen,2
appleby,2
neeskens,2
nadzmi,2
impreza,2
judi,2
ohene,2
peroksidasi,2
distilasi,2
joleon,2
brilian,2
rangkul,2
stoudemire,2
andaipun,2
terjerat,2
ekuinoks,2
booting,2
ugm,2
peroksidase,2
memroduksi,2
dihidupkan,2
jelly,2
schrock,2
plutoid,2
jualan,2
device,2
danawa,2
cyanobacteria,2
dikembangbiakkan,2
bandingan,2
remote,2
fedoroff,2
impuls-impuls,2
brightness,2
lendir,2
micropayment,2
dicirikan,2
potasium,2
11-cis-retinal,2
belalang,2
taye,2
iphone,2
kg-ms,2
perisai,2
leslie,2
luciferase,2
hcv-rna,2
otot-ototnya,2
tangkas,2
tinga,2
1950.,2
koswara,2
zacaton,2
menyusu,2
o'hern,2
dicoba,2
tablet,2
sentuh,2
mediteranian,2
kapur,2
ooad,2
diketuai,2
glukosa,2
1990an,2
berprilaku,2
parade,2
odierno,2
kediktatoran,2
martins,2
bhinder,2
netron,2
pilih,2
keganjilan,2
disembunyikan,2
buntu,2
orgun,2
curiga,2
gas-gas,2
masabakti,2
plaque,2
pernyatan,2
ellery,2
mengiringi,2
caracas,2
daly,2
belize,2
yagi,2
palu,2
varela,2
diagnostik,2
gir,2
traktor,2
leto,2
panggul,2
bah,2
brisbane,2
kesukuan,2
lou,2
starter,2
indutri,2
kindi,2
zenawi,2
mengampuni,2
tara,2
kalkun,2
chernobyl,2
guerrero,2
"68,57",2
salsa,2
al-arab,2
sauerbrey,2
pro-suriah,2
khalis,2
mengeriput,2
bucharest,2
sarat,2
sekunder,2
'survive,2
eksis,2
have,2
filosofi,2
mal,2
khalayak,2
bimantara,2
programs,2
dua-negara,2
tapak,2
dimanjakan,2
penjadwalan,2
07:00,2
kotak-kotak,2
kertas-kertas,2
azaouagh,2
mentah-mentah,2
ditengah,2
tegaskan,2
aquifer,2
kecemburuan,2
fisher,2
m'bia,2
"15,6",2
andreev,2
priyo,2
"rp8,9",2
rafa,2
soepomo,2
andalusia,2
indoeskrim,2
bjp-1r2,2
kolo,2
bela,2
lsm,2
bosh,2
bruno,2
huth,2
"5,75",2
sesmeneg,2
jb,2
dianggarkan,2
berseragam,2
fr004,2
"103,3",2
mengendor,2
genggaman,2
lulusan,2
deutsche,2
11-12,2
investments,2
mail,2
tindak-lanjut,2
menghimbau,2
five-iron,2
halmahera,2
conversion,2
maserejian,2
ferro,2
nigel,2
rp900,2
angelino,2
rp9.080/9.085,2
ditekankan,2
tarum,2
floating,2
exposure,2
milisi-milisi,2
jitu,2
ongkowijoyo,2
teritorial,2
'review,2
dana-dana,2
dicegat,2
dirundingkan,2
13-21,2
tangerang,2
sepakati,2
terapresiasi,2
menuruti,2
"rp58,3",2
penegakkan,2
asahimas,2
frings,2
peluit,2
"46,99",2
dipecah,2
lichtenfeld,2
administratif,2
blora,2
"13,9",2
bahru,2
tier-1,2
asing/pma,2
higueras,2
senja,2
menjembatani,2
solihin,2
berkutet,2
32.000,2
angsuran,2
deh,2
moshe,2
dibeberkan,2
antar-korea,2
infrasolusi,2
enam-negara,2
mengekspor,2
iskandar,2
bohong,2
mechanism,2
sunito,2
"7,5-8",2
idriss,2
gaddafi,2
recovery,2
disarankan,2
"13,7",2
phillips,2
input,2
ri0037,2
arbaeen,2
pesangon,2
panipat,2
gaimusho,2
"rp6,92",2
rsf,2
memesan,2
"7,95",2
meperkirakan,2
"7,4",2
inflation,2
pailit,2
rgm,2
ba3,2
almarhum,2
keuntungan-keuntungan,2
hezbollah,2
beraliran,2
pembina,2
dipromosikan,2
"16,7",2
berdialog,2
manggung,2
utusan-utusan,2
tumpang-tindih,2
koge,2
diskusi-diskusi,2
terusan,2
kecurangan,2
putus-asa,2
yoon,2
zahara,2
thatcher,2
ketidak-stabilan,2
fatah-hamas,2
buron,2
thabane,2
guen,2
arunachal,2
pengosongan,2
bertarget,2
province,2
saviola,2
afmadow,2
netral,2
giambastiani,2
dirisaukan,2
nikai,2
rafiq,2
anti-amerika,2
rafik,2
laksana,2
dimock,2
perbulan,2
barnet,2
desas-desus,2
"15,92",2
helm,2
pasok,2
stmik,2
mdp,2
louis,2
tenda,2
dream,2
virgin,2
semak,2
pinggang,2
kekuningan,2
dimaklumi,2
terpantau,2
gulungan,2
iaquinta,2
aridi,2
pendinginan,2
hl-2,2
dongeng,2
sinhala,2
methan,2
hindustan,2
berhamburan,2
johnson-sirleaf,2
pradini,2
melestarikan,2
tungkai,2
madrasah,2
dituruti,2
motaki,2
pipit,2
sitoskeleton,2
sekenario,2
larijani,2
usb,2
kesepuluh,2
katholik,2
titus,2
kekhalifahan,2
pebble,2
spyglass,2
amanmuradova,2
kedubes,2
baju,2
warianty,2
butter,2
mencium,2
asus,2
edgar,2
ke-,2
rp9.075,2
sidang-sidang,2
kemanan,2
rp202,2
dilimpahkan,2
berformat,2
"49,9",2
menyemburkan,2
lhokseumawe,2
ipod,2
cermati,2
bonus,2
diidentikkan,2
converter,2
cnko,2
"rp92,55",2
arun,2
siur,2
supercomputer,2
sun-jin,2
mainframe,2
pengontrol,2
pengeraman,2
awal-awal,2
akademis,2
"rp12,07",2
sedini,2
pelompat,2
21-14,2
jernih,2
siboro,2
impuls,2
semikonduktor,2
"16,6",2
coundoul,2
tabulating,2
"0,6",2
diintegrasikan,2
rich,2
"13,4",2
"20,8",2
bertanya-tanya,2
dikehendaki,2
lavigne,2
bengkel,2
giuliano,2
scott,2
albiol,2
tjandra,2
cape,2
klasnic,2
volkanik,2
mandira,2
suplus,2
seyed,2
"51,6",2
2.,2
"6,04",2
hippocampus,2
"10,4",2
sekeras,2
satu-dua,2
gubbio,2
"4,71",2
ringim,2
tspc,2
sinhalese,2
vip,2
kotapraja,2
"26,95",2
memuntahkan,2
membelanjakan,2
alui,2
menegakkan,2
soderling,2
ancic,2
baseball,2
pengutukan,2
correa,2
sulley,2
chiles,2
enzim-enzim,2
memompakan,2
oknum-oknum,2
ba,2
7-1,2
"rp53,73",2
butler,2
gunardi,2
321.268,2
prasejarah,2
estimasi,2
sektretariat,2
sebgai,2
summarecon,2
kenya-somalia,2
shinkansen,2
"rp76,5",2
"3,96",2
langit-langit,2
terimakasih,2
keberlangsungan,2
"0,23",2
kcs,2
rp360,2
penembakan-penembakan,2
letter,2
membangunkan,2
adel,2
"6,03",2
begitupun,2
usah,2
ke-5,2
hayat,2
siapkan,2
merupaka,2
viva,2
"5,62",2
"21,2",2
kompetensi,2
bettini,2
halting,2
graphics,2
tingkatkan,2
max,2
bertepuk,2
mempertajam,2
matrix,2
small,2
effendy,2
edison,2
pemukul,2
membuyarkan,2
hleb,2
kelly,2
mentari,2
frankia,2
modus,2
taat,2
rp260,2
seabad,2
nusaphala,2
sakit-sakitan,2
rp125,2
turnkey,2
dijabat,2
"109,4",2
mengimbas,2
widjanarko,2
"5,47",2
ppn/sestama,2
menampakkan,2
"2,0",2
trincomalee,2
feronikel,2
tracy,2
ramussen,2
merka,2
bangkrut,2
nicola,2
facto,2
quique,2
paratroop,2
'tender,2
penahanan-penahanan,2
10/20/dasp,2
parit,2
lincah,2
merasuk,2
kesemuanya,2
serakah,2
ditumpas,2
subsistensi,2
menengok,2
'terlalu,2
mengigau,2
training,2
pemetaan,2
3.902,2
rogerio,2
ajal,2
railway,2
legam,2
unmin,2
bohlam,2
komplemen,2
lofaso,2
ancaman-ancaman,2
euthanasia,2
melukiskan,2
rugby,2
ditumbangkan,2
melewatkan,2
ibn,2
kurus,2
dikutuk,2
sumpah,2
ambhara,2
ak,2
bloomberg,2
nadia,2
werner,2
trenggiling,2
bihoro,2
zheng,2
bersekutu,2
gay,2
keracunan,2
berdemonstrasi,2
diskors,2
koper,2
berkas-berkas,2
anti-pesawat,2
gid,2
psd,2
topan,2
berpendidikan,2
9/11,2
terlempar,2
thoppigala,2
pendonor,2
mengetuai,2
kanda,2
indore,2
caf,2
ikat,2
sengatan,2
maariv,2
abd,2
moderator,2
vincenzo,2
apel,2
sakti,2
al-quran,2
tercela,2
50c,2
doppler,2
tergetar,2
ever,2
bola-bola,2
rotterdam,2
celta,2
rex,2
sehat-sehat,2
dilampaui,2
meng-upload,2
belanga,2
monooksida,2
usd1,2
tuas,2
mendoakan,2
ditutup-tutupi,2
memohon,2
montreal,2
dipelihara,2
berobat,2
persinggahan,2
direkatkan,2
eksport,2
ismael,2
banny,2
brooks,2
bugs,2
keindahan,2
butir-butir,2
intelligent,2
periodic,2
tendon,2
tigapuluh,2
menyiksa,2
ketidakaktifan,2
ipteknet,2
zorc,2
jol,2
okada,2
gerald,2
tersenyum,2
arron,2
toms,2
maresca,2
zdravko,2
pkp,2
realokasi,2
ditantang,2
diretur,2
rp220,2
jurong,2
dieksekusi,2
idbbb+,2
minus/idn,2
"4,75",2
cayman,2
taiwo,2
"rp7,9",2
"rp38,5",2
"rp4,2",2
"rp296,82",2
lamine,2
dasb,2
pool,2
menggembung,2
iit,2
"rp489,9",2
arsip-arsip,2
dprd,2
"13,6",2
grosso,2
"73,3",2
melwati,2
nippon,2
knesset,2
seruan-seruan,2
shuai,2
pejalan,2
seminimal,2
20-25,2
wisesa,2
mbokani,2
overhead,2
"rp61,09",2
pmk,2
'cooling,2
"rp779,605",2
kementerian/lembaga,2
12-10,2
1992.,2
depresiasi,2
schumacher,2
tee,2
aquitaine,2
clsa,2
cazorla,2
loan/npl,2
"4,41",2
61.,2
menghadiahkan,2
lucas,2
sanfrecce,2
cana,2
monica,2
denisov,2
memobilisasi,2
smcb,2
pekebunan,2
duka,2
jovem,2
merumput,2
mengawinkan,2
"0,50",2
diperintahkan,2
dileep,2
aguero,2
rp989,2
ke-40,2
tandan,2
"1,54",2
pietruschka,2
aminuddin,2
econit,2
dibedakan,2
yee,2
khatami,2
scb,2
tkim,2
straight-set,2
ramis,2
farm,2
coliseum,2
rayatama,2
panggar,2
rp2.000,2
sejawat,2
menggelegar,2
murung,2
mujahideen,2
kekuasan,2
asia-pasific,2
pangkat,2
kathmandu,2
sehinga,2
minar,2
golkar,2
vii,2
zoellick,2
permaisuri,2
brooklyn,2
cmos,2
"rp398,10",2
jiang,2
"2,624",2
pencerna,2
'mature,2
"3,50",2
stay,2
makhkota,2
batangan,2
arizmendi,2
signal,2
nibung,2
rp97,2
under,2
fr0048,2
oliveira,2
dagu,2
liam,2
chan,2
bullet,2
cela,2
indomilk,2
mohamad,2
habiskan,2
kredit-kredit,2
didiagnosis,2
menggunung,2
abi,2
'multiplier,2
"rp13,2",2
kuroda,2
"11,5-12,5",2
tanur,2
rp9.178/9.180,2
diamputasi,2
kesetiaan,2
dimata,2
pakto,2
alizay,2
panjwayi,2
menetes,2
lockheed,2
demokratisasi,2
sentralisasi,2
roket-roket,2
scheme,2
e'market,2
pejuang-pejuang,2
suleiman,2
keikutsertaan,2
kkal,2
harkat-ul-mujahideen,2
tirin,2
berdatangan,2
hyderabad,2
sembrono,2
highfield,2
dihantam,2
kecerobohan,2
neurologi,2
efesien,2
informan,2
ditampik,2
taji,2
patriotik,2
kenyataanya,2
separatisme,2
klinik-klinik,2
conchos,2
diutamakan,2
profesi,2
kerepotan,2
haru,2
tandu,2
"6,9",2
albeda,2
setakat,2
kolar,2
menelanjangi,2
katalase,2
kopenhagen,2
shevchenko,2
6.500,2
balad,2
mencekam,2
pengukur,2
gaib,2
story,2
"33,2",2
shield,2
alou,2
kirilenko,2
stiker,2
diberitahu,2
berpikiran,2
saku,2
mikko,2
pogrebnyak,2
gekas,2
mourinho,2
kameni,2
graphic,2
ereksi,2
sendi,2
lamina,2
terlontar,2
neuromotor,2
earphone,2
evolution,2
processes,2
sumbawa,2
mendeskripsikan,2
satupun,2
aerosol,2
terjangan,2
meju,2
haiti,2
terlampau,2
perkenalan,2
pengalian,2
terimobilisasi,2
kotoran,2
bentukan,2
hello,2
sanrio,2
zotta,2
alogaritma,2
pengumpul,2
seniman,2
sentra,2
merintis,2
peripherals,2
n,2
dihadirkan,2
paket-paket,2
dadu,2
dinamai,2
antibiotik,2
menuliskan,2
sawah,2
chieh,2
kematangan,2
cisarua,2
aleksander,2
simpang,2
selimut,2
parasut,2
diputar,2
miliard,2
provider,2
1967.,2
berkafein,2
rangkuman,2
dilarutkan,2
zionis,2
display-display,2
penyeimbang,2
mumi-mumi,2
fatima,2
gomis,2
satuan-satuan,2
mantap,2
virtual,2
kompetitor,2
badalona,2
dikloning,2
as-saadi,2
mirage,2
yard,2
menyetir,2
erupsi,2
dikibarkan,2
karbonisasi,2
dakahlia,2
simpatisan,2
rajapaksa,2
salad,2
kejuatan,2
french,2
riyad,2
slimane,2
fortune,2
rhyu,2
20-30,2
infantri,2
pda,2
jie,2
hurley,2
nouakchott,2
levy,2
al-shemari,2
murtad,2
aparat-aparat,2
perkereta,2
dibersihkan,2
rupanya,2
annual,2
executing,2
diminimalisasi,2
menginfeksi,2
bersabda,2
genewa,2
cita-cita,2
ekoperasi,2
menyerobot,2
terantisipasi,2
abrun,2
jasatama,2
vitoria,2
nekad,2
marcelo,2
receipt,2
seremonial,2
"rp94,3",2
"297,5",2
orchid,2
instruksi-instruksi,2
triple,2
misil,2
sylva,2
board,2
platinum,2
sankei,2
fahmy,2
rp9.120,2
julie,2
"rp94,7",2
ditunggu-tunggu,2
menapak,2
inpres,2
cheikh,2
stars,2
rp9.130/9.135,2
meminimalisasi,2
elbadarei,2
1.940,2
3.400,2
davomas,2
'over,2
pulsa,2
fbi,2
"37,8",2
bubaran,2
petemuan,2
werianty,2
merumahkan,2
rekonsilisasi,2
balance,2
"rp1,00",2
koji,2
ato,2
7.500,2
loic,2
bernomor,2
kok,2
omi,2
jeju,2
jalan-raya,2
2.700,2
bergulir,2
sukada,2
tambang-tambang,2
television,2
pemangku,2
petasan,2
andrei,2
percent,2
estadao,2
boleli,2
listing,2
antar-kelompok,2
duhamel,2
mcclaren,2
meriah,2
"65,8",2
2007-2010,2
chiellini,2
zab,2
"0,47",2
karantina,2
pom,2
"3,79",2
"0,79",2
deby,2
dragutinovic,2
illegal,2
anti-angiogenesis,2
"10,1",2
berguncang,2
adequacy,2
rosniaty,2
"10,9",2
katapun,2
bubur,2
told,2
monetary,2
telesera,2
saksikan,2
perpisahan,2
"rp11,2",2
peralanan,2
chung,2
scored,2
"rp761,4",2
came,2
cedric,2
bellucci,2
bangla,2
semak-semak,2
foreign,2
baht,2
perkapalan,2
pelt,2
chairul,2
anjungan,2
tadinya,2
konyol,2
tropical,2
maros,2
"rp282,8",2
"rp779,048",2
website-nya,2
permulaan,2
walsall,2
glenardi,2
melapisi,2
14.000,2
siksaan,2
scm,2
karna,2
rentenir,2
eschauer,2
gul,2
prayogo,2
penyumbat,2
"3,17",2
megah,2
pro-kerajaan,2
dibenahi,2
liao,2
o'brien,2
apec,2
ditingkat,2
notasi,2
mempersulit,2
pulalah,2
adopsi,2
naruhito,2
dimangsa,2
oieh,2
menyalahi,2
penghancur,2
7-4,2
anti-huru-hara,2
torsten,2
menginterogasi,2
pembangkangan,2
lalai,2
pemberhentian,2
ndlovu,2
dutch,2
plo,2
terbayang,2
bannu,2
fnl,2
nazareth,2
ramna,2
menugaskan,2
kawakan,2
chenkalady,2
konstitusional,2
kidwai,2
selsius,2
iskandriya,2
naluriah,2
methanococcoides,2
21-9,2
perahu-perahu,2
membesarkan,2
aktris,2
memenggal,2
html,2
memprioritaskan,2
beta,2
jung,2
sara,2
mengikatkan,2
125.000,2
jurubicaranya,2
bradshaw,2
amendemen,2
jharkhand,2
lemerre,2
sarapan,2
kusmayanto,2
treble,2
rusuh,2
yabg,2
harpa,2
berkelakar,2
fatwa,2
worm,2
dae,2
awja,2
pendeteksi,2
salaam,2
disatukan,2
dukacita,2
sulfat,2
anggur,2
khatulistiwa,2
bernada,2
berhubung,2
ton/ha,2
mendel,2
dinantikan,2
kemustahilan,2
fragmentogram,2
berdenyut,2
kitty,2
penganan,2
fitur-fitur,2
menempelkan,2
keasaman,2
perioda,2
sesumbar,2
nguyen,2
parasit,2
menyusutkan,2
72.,2
auer,2
mengekspresikan,2
duarte,2
pemantul,2
bradley,2
bernyawa,2
250cc,2
kebencian,2
3g,2
'mari,2
meng,2
samast,2
rheobatrachus,2
truk-truk,2
storage,2
memimpikan,2
safir,2
separasi,2
chengjiang,2
mendesakkan,2
wes,2
merangkai,2
stasis,2
radiokarbon,2
meroket,2
terhingga,2
mercado,2
sani,2
enteng,2
kental,2
casing,2
medullary,2
capdeville,2
sulap,2
risleting,2
digandrungi,2
gladiator,2
penyerbuan-penyerbuan,2
menggulirkan,2
bagan,2
bulbul,2
neo-darwinisme,2
coast,2
spesies-spesies,2
cobol,2
membumi,2
ovarium,2
wabah,2
kristal-kristal,2
menghubungan,2
"1,37",2
barnsley,2
cabrera,2
puygrenier,2
luciano,2
clear,2
traoui,2
chikhaoui,2
kiyoshi,2
ribosom,2
joey,2
ritual,2
eubakteri,2
kelingking,2
he,2
berpegangan,2
mouse,2
opcode,2
ditulisi,2
pasak,2
menyempurkan,2
kehebatan,2
menyebarluaskan,2
terbantahkan,2
berkopulasi,2
parreira,2
wmo,2
gigi-gigi,2
cile,2
knicks,2
being,2
melakukanya,2
kelincahan,2
hidroklorida,2
terluarnya,2
kelengahan,2
sembari,2
"22,4",2
basa,2
eksekutip,2
all-in-one,2
jacquard,2
transcend,2
religius,2
huxley,2
memikat,2
alik,2
acapkali,2
kompresi,2
force,2
pincang,2
berbahay,2
mendera,2
danilo,2
hyung-taik,2
tertidur,2
albin,2
montpellier,2
vidts,2
terbelah,2
memblok,2
apertura,2
pusing,2
raffaele,2
andriy,2
uss,2
mendobrak,2
aldo,2
bergembira,2
menyokong,2
ousmane,2
aslam,2
gambari,2
madelin,2
sania,2
verde,2
pelopor,2
ingushetia,2
gundik,2
rodionova,2
ajantha,2
rui,2
troicki,2
francois,2
mengadu,2
mempermalukan,2
uzbek,2
waris,2
jemaah,2
murillo,2
24/1,2
berpisah,2
jemima,2
nouadhibou,2
pad,2
syuhada,2
ikhwanul,2
diisolasi,2
diguncang,2
apian,2
balawneh,2
hokum,2
tekad,2
bersiap-siap,2
persebaran,2
tersentuh,2
berlipat-lipat,2
nalar,2
membidik,2
johan,2
kesetaraan,2
liberation,2
kilat,2
prachanda,2
aqidah,2
adakah,2
faktual,2
pengedar,2
mazen,2
gendang,2
rem,2
--tempat,2
alarm,2
review,2
bidang-bidang,2
hijab,2
sector,2
heerjee,2
kaizad,2
"0,57",2
duabelas,2
likuditas,2
afd,2
enaak,2
rp117,2
pengakuan-pengakuan,2
sepadan,2
kereta-api,2
pegangan,2
arranger,2
"rp198,7",2
"rp126,82",2
rp892,2
graziano,2
raptor,2
fdi,2
transparency,2
17.500,2
gua-gua,2
duplikasi,2
dipecundangi,2
3-4,2
rothen,2
okinawa,2
haris,2
u.,2
millwall,2
sock,2
"0,34",2
protes-protes,2
nida,2
maestro,2
raket,2
mencaci,2
menyabot,2
richweb,2
responsibilitas,2
2018.,2
offtake,2
clara,2
purnama,2
"22,9",2
pengeras,2
mensosialisasikan,2
ditikam,2
rp170,2
berjaya,2
gember,2
skibbe,2
umrah,2
eidur,2
komselindo,2
perjudian,2
"77,93",2
bermesin,2
riskan,2
eka,2
timur-laut,2
'tidak,2
mengikutsertakan,2
1971.,2
chittagong,2
kejadian-kejadian,2
lemas,2
"10,20",2
terkonsentrasi,2
rp1.050,2
melambungkan,2
berdiam,2
perihal,2
"14,4",2
suami-istri,2
mengolok-olok,2
'c/d,2
tripoli,2
approach,2
patung,2
berantakan,2
brotodiningrat,2
bergantian,2
digoncang,2
toleransi,2
"10,2",2
litrik,2
eks-rejim,2
marjinal,2
bhai,2
pelambatan,2
menukik,2
biofilm,2
pro-as,2
dirintis,2
akr,2
"1,84",2
1024x768,2
berutang,2
priok,2
k.1,2
inisiator,2
"5,45",2
"rp7,53",2
hitung-hitungan,2
mission,2
"rp2,39",2
depkes,2
termometer,2
bungkusan,2
umumkan,2
pembenaran,2
jabodetabek,2
abul,2
memblokir,2
kordsa,2
penunjukkan,2
sistematika,2
ari,2
disintesis,2
menggemakan,2
23-25,2
lai,2
"rp937,8",2
sinyalemen,2
fpan,2
fantastis,2
rp9.115/9.117,2
sosial-ekonomi,2
dirilis,2
"0,13",2
spm,2
mancanegara,2
deco,2
payment,2
1930-an,2
tolok,2
garansi,2
ldp,2
tergoyahkan,2
shinjo,2
"58,45",2
icd,2
"1,4736",2
diejek,2
lulu,2
bjorkman,2
terang-terangan,2
keingintahuan,2
restitusi,2
candu,2
cullinan,2
dsb,2
manusia-manusia,2
objective,2
menyantap,2
heri,2
dilarikan,2
poor,2
mitoji,2
took,2
ldkp,2
eksogen,2
04.00,2
index,2
menyimpang,2
arjen,2
ekstrem,2
endang,2
alona,2
heli,2
kelak,2
bruges,2
terparah,2
berdebat,2
gadio,2
survai,2
fiksi,2
pholo,2
ditanggapi,2
mempercayai,2
intifada,2
razuri,2
owerri-port,2
nido,2
kismayu,2
masjidil,2
straits,2
jin,2
ghaib,2
ke-79,2
melesat,2
peracunan,2
azarenka,2
bertemua,2
metereologi,2
almora,2
kwon,2
07:16,2
kriminalitas,2
srichaphan,2
hidrolik,2
solusi-solusi,2
konsekuensi-konsekuensi,2
oswald,2
jfk,2
puting,2
mishra,2
wuppertal,2
trakea,2
curi,2
al-maqwartar,2
komet,2
ranjang,2
indiana,2
dikejutkan,2
gulma,2
menyelematkan,2
intelejen,2
konservasi,2
11-13,2
basf,2
meranjau,2
diandalkan,2
ngotot,2
wilhelm,2
gelatin,2
big,2
dalah,2
30c,2
nazi,2
spore,2
heerden,2
hornets,2
korps,2
bavisi,2
memperngaruhi,2
perasa,2
membari,2
kemiringan,2
gilardino,2
seymouria,2
audio,2
menebus,2
mengoleksi,2
nitin,2
disekitarnya,2
candi,2
alkali,2
mengapung,2
departemen/kementerian,2
terurai,2
telkomflexi,2
cirian,2
tetikus,2
liang,2
bubuk,2
add,2
kounter,2
electronik,2
akali,2
capel,2
jarmila,2
menjemukan,2
beach,2
allianz,2
bert,2
ke-38,2
grizzlies,2
ke-11nya,2
mehsud,2
icl,2
muntari,2
subnukleus,2
zara,2
drm,2
production,2
temperature,2
labirin,2
finnan,2
kearahnya,2
hawai,2
cesium,2
rame,2
kuzmanovic,2
disejajarkan,2
wiltord,2
ditumpuk,2
tech,2
masry,2
savvides,2
stevens,2
beaya,2
norwich,2
o'neill,2
tepukan,2
didaur,2
cek,2
focus,2
biola,2
star,2
nataprawira,2
apollo,2
nilai-nilai,2
membusuk,2
memproteksi,2
kimiawan,2
alfabet,2
penggerek,2
menyanyikan,2
coma,2
multi-media,2
ramping,2
perklorat,2
rutenium,2
mengubah-ubah,2
peterhansel,2
berdetak,2
cassini,2
genetic,2
tersambung,2
pari,2
napas,2
mit,2
jump-be,2
naik-turun,2
bromwich,2
ssd,2
sulfur,2
reactor,2
berefek,2
akomodasi,2
butiran-butiran,2
poros,2
mendikte,2
alqaida,2
"rp1,25",2
perrotta,2
"45,1",2
garis-garis,2
stephane,2
mohamud,2
mual,2
diterjang,2
romantis,2
persentasi,2
antivirus,2
case,2
pesonel,2
enceladus,2
konkrit,2
denis,2
triodos,2
demiliterisasi,2
forlan,2
nil,2
www,2
moussawi,2
ditenagai,2
rudeina,2
kent,2
beralkohol,2
mopol,2
berserakan,2
janan,2
zero,2
mengecilkan,2
kish,2
engagement,2
samaraweera,2
icu,2
huddersfield,2
sessions,2
apnea,2
pesan-pesan,2
sekutu-sekutu,2
asal-usulnya,2
kristen,2
toseland,2
daisuke,2
al-tikriti,2
tambunan,2
dilestarikan,2
"24,4",2
mendinginkan,2
oksigen-oksigen,2
menatap,2
menggelisahkan,2
anggaplah,2
icw,2
pembalsaman,2
penganut,2
keserakahan,2
neoliberal,2
alloy,2
bobylov,2
banpu,2
khrisna,2
digenjot,2
albania,2
suwondo,2
melalu,2
perkawinan,2
leon,2
asy-syarif,2
lompat,2
jyllands-posten,2
fenomenal,2
fosfodiesterase,2
"rp1.020,1",2
prekursor,2
akihito,2
archaic,2
kedisiplinan,2
dpba,2
u-20,2
al-khalifa,2
debirokratisasi,2
gold,2
society,2
pns,2
"10,6",2
labov,2
bjp-2,2
urut-urutan,2
hydrometallurgy,2
spread,2
gabus,2
memperjuangkan,2
mengelak,2
quds,2
"5,66",2
vickers,2
solheim,2
7.100,2
"rp8,3",2
indomobil,2
"6,5-6,9",2
"6,25",2
fleming,2
angkut,2
dak,2
rp190,2
lq45,2
meteri,2
"0,87",2
"65,39",2
menyesali,2
anders,2
brutal,2
napolitano,2
menepuk,2
mendekam,2
langusng,2
arona,2
helicopter,2
merelokasi,2
klausal,2
klausul,2
hudyana,2
ipic,2
lingkup,2
bahas,2
bekasi,2
military,2
"19,0",2
satoh,2
s&,2
"36,43",2
scoring,2
well,2
chemicals,2
rajoy,2
penyucian,2
step,2
skinhead,2
alamsyah,2
tzipi,2
prosedural,2
calon-calon,2
rahimi,2
"rp4,7",2
meminjamkan,2
johor,2
muara,2
yakinkan,2
tersulit,2
anastasia,2
kontraksi,2
"47,6",2
5-10,2
par-lima,2
lombok,2
arthamulia,2
mai,2
"74,126",2
kesetiakawanan,2
thomson,2
emiliano,2
struck,2
bocum,2
"50,695",2
jatim,2
habsi,2
dar,2
xabi,2
pltd,2
"0,12",2
nir-laba,2
'outlook,2
kasihan,2
mustapha,2
reboisasi,2
dikoordinasikan,2
"56,655",2
21-16,2
ffi,2
tobias,2
b1,2
bhubaneswar,2
sutjipto,2
cspa,2
mengabsahkan,2
hampir-hampir,2
men-yahudi-kan,2
pemrakarsa,2
rp13,2
"62,3",2
menggeledah,2
penengah,2
berpuluh,2
secured,2
millenium,2
matt,2
korporat,2
menggubris,2
dipajang,2
doa,2
membocorkan,2
pernytaan,2
tang,2
jeffrey,2
hanif,2
"1,35",2
kiskenda,2
spasial,2
1989.,2
ec155b1,2
dicurangi,2
diujicoba,2
perbudakan,2
gala,2
suisse,2
channeling,2
mencuat,2
yong-il,2
"2,11",2
"10,0",2
muramuzi,2
kibaki,2
pembalikan,2
"28,01",2
buur,2
smra,2
satoru,2
sayed,2
al-anbar,2
willis,2
selebaran,2
mereformasi,2
"rp2,11",2
a+idn,2
"2,30",2
commerce,2
ado,2
canada,2
teratasi,2
programme,2
mengklik,2
pemutus,2
frame,2
terjawab,2
berlama-lama,2
banker,2
mengklasifikasikan,2
sonification,2
photogalvanic,2
berbaring,2
infrastructure,2
far,2
"rp826,9",2
"rp753,7",2
mengajari,2
mengatakn,2
natrium,2
termurah,2
penunjuk,2
disembuhkan,2
subjek,2
dimasak,2
disempurnakan,2
hollerith,2
pengangkutan-komunikasi,2
sumitomo,2
berikatan,2
ara,2
detektor,2
cma,2
diajari,2
kekentalan,2
pembuluh-pembuluh,2
dynamic,2
disadap,2
rp7.400,2
sebanyak-banyak,2
"49,6",2
rp21,2
pentasena,2
tiupan,2
utuk,2
joko,2
ramayana,2
arthasentosa,2
home,2
gigabyte,2
rumusan,2
memroses,2
hagel,2
dengkur,2
penyusutan,2
kalijambe,2
petenis-petenis,2
levski,2
gletser,2
amare,2
jjb,2
quagliarella,2
raphael,2
gegabah,2
tusukan,2
sejuta,2
nashville,2
bhumibol,2
fortuna,2
pagis,2
aboutrika,2
paloschi,2
hernan,2
broad,2
eldredge,2
ekosistem,2
tribun,2
terbaharukan,2
burdisso,2
mungkinkah,2
lukasz,2
monnet-paquet,2
nnaji,2
6&,2
yeung,2
frustasi,2
simetris,2
uniform,2
berkarya,2
dikategorikan,2
pandev,2
rfef,2
verbeek,2
hat-trick-nya,2
diving,2
janjaweed,2
shvedova,2
oberholser,2
lobi,2
cauca,2
kumalo,2
malbranque,2
gamal,2
fotografer,2
niscaya,2
suku-suku,2
silikon,2
pendahulu-burung,2
betapapun,2
menginstal,2
yam,2
merilis,2
dekomposisi,2
mengikis,2
'seorang,2
archaebakteri,2
disangka,2
robotik,2
3.200,2
recep,2
empuk,2
computing,2
anular,2
humayun,2
membunyikan,2
bug,2
pickup,2
h5ic6,2
janji-janji,2
sitosol,2
dihapus,2
palapa,2
bambu,2
berkepala,2
kecerdikan,2
memblokade,2
berduka,2
soon,2
kompromi,2
mehmood,2
takayanagi,2
tersier,2
wikia,2
pinus,2
ustad,2
galactic,2
sod,2
penyaringan,2
active,2
kegunaan,2
gnp,2
sepotong,2
berbaur,2
isotop,2
biratnagar,2
mencocokkan,2
sisik,2
dipindah-pindahkan,2
ries,2
kwok,2
al-qur'an,2
dialihtugaskan,2
menanyai,2
1976.,2
undang,2
cochabamba,2
notabene,2
against,2
1.200,2
cellou,2
5-6,2
08:30,2
harold,2
sewaan,2
anti-kapal,2
eisenhower,2
berondongan,2
ketangkasan,2
bermalam,2
rasisme,2
40-an,2
seringan,2
pengukuhan,2
tmz,2
26/3,2
tangkai,2
conditions,2
ramos-horta,2
140.000,2
patuh,2
hellfire,2
berbisa,2
didatangi,2
mosisili,2
dirugikan,2
rpf,2
peroleh,2
kram,2
sikat,2
memajang,2
copenhagen,2
menyalin,2
durasi,2
marcel,2
assad,2
uday,2
penculikan-penculikan,2
aachen,2
rigid,2
cretaceous,2
mayur,2
essen,2
dianut,2
keberpihakan,2
runners-up,2
peminjam,2
tolak,2
pengambiloperan,2
"rp93,8",2
manzano,2
bangsawan,2
amato,2
makinwa,2
obral,2
yani,2
tracking,2
ke-71,2
ditelurkan,2
sejatinya,2
bagaikan,2
"5,08",2
manama,2
miiar,2
pangestu,2
camat,2
na,2
pencapai,2
pelunasan,2
prospektif,2
anggun,2
responsif,2
tertata,2
reksadana,2
rp9.110,2
kesalahan-kesalahan,2
kovalainen,2
conference,2
fr0049,2
standar-standar,2
biogas,2
"rp31,01",2
tame,2
hongze,2
superior,2
elektrolisis,2
ungulan,2
kiryanto,2
works,2
waran,2
meliwatinya,2
perusahan,2
bata,2
stephanie,2
"1,323",2
polii,2
smp,2
kontinu,2
"3,58",2
years,2
consumer,2
elektro,2
respirasi,2
sangsi,2
rosa,2
pipa-pipa,2
dradjad,2
imperial,2
peredam,2
polutan,2
edvac,2
rakus,2
x.,2
interface,2
mccreevy,2
kateryna,2
percaturan,2
manzanillo,2
giants,2
during,2
meta,2
"54,2",2
"76,8",2
eksposure,2
broadcasting,2
printing,2
rp40-50,2
kesebelas,2
issuer,2
"6,2-6,8",2
pengikatan,2
lokakarya,2
"16,1",2
"2,41",2
soetjipto,2
obligation,2
kamboja,2
waspadai,2
kambing,2
musyawarah,2
yong-nam,2
omanthai,2
joelianto,2
e-government,2
pengingat,2
pengindera,2
terlarut,2
waluku,2
phising,2
1966.,2
kriptografi,2
linnaeus,2
kuarsa,2
merembes,2
penutur,2
loyd,2
penerjemahan,2
berulang-ulang,2
palangkaraya,2
sdm,2
tertera,2
merkuri,2
diruntuhkan,2
"13,99",2
"rp91,8",2
keesokan,2
apikultur,2
jelatang,2
berlemak,2
kaef,2
searah,2
daksa,2
mie,2
amfg,2
"rp46,5",2
karbonat,2
pandu,2
pramono,2
reaktor-reaktor,2
jadikan,2
chief,2
grade,2
peniru,2
pemulia,2
daroel,2
mencurahkan,2
negoisasi,2
dipasangkan,2
export,2
burtonii,2
offline,2
arabia,2
arthakencana,2
aerodinamis,2
estela,2
msb,2
miilar,2
terdorong,2
brad,2
ngalim,2
g-8,2
giroskop,2
pelarian,2
tawil,2
altileri,2
sarasehan,2
rp323,2
ekstensifikasi,2
rcti,2
masako,2
kemenakan,2
fomc,2
penjara-penjara,2
"rp9,5",2
pulau-pulau,2
anugrah,2
ketentuan-ketentuan,2
dealers,2
sol,2
bjp-1r1,2
berikat,2
nalinkant,2
dilatarbelakangi,2
mengoyak,2
rp176,2
bouteflika,2
contracting,2
album,2
papi,2
chiang,2
1945.,2
tersumbat,2
palang,2
"rp2,9",2
menumpang,2
ide-ide,2
nasionalisme,2
bagnaresi,2
berpakaian,2
peristirahatan,2
barnas,2
bb,2
mironov,2
mengemban,2
increase,2
catur,2
yerusalem,2
penyuapan,2
pertumbuan,2
"11,4",2
mewarnai,2
terhebat,2
mangane,2
terpanggang,2
slot,2
douchez,2
"12,4",2
donald,2
"29,43",2
kei,2
itung-itungan,2
ueda,2
eps,2
report,2
yudhyono,2
keungulan,2
toshiba,2
listrik-gas-air,2
perkuatan,2
"rp1,48",2
trilateral,2
tekan,2
terafiliasi,2
toho,2
2006-2009,2
kb,2
metrosel,2
deplu,2
pelelangan,2
ict,2
pemerintahan-negara,2
israel-lebanon,2
nim,2
rofikoh,2
persimpangan,2
4.,2
grupo,2
saiba,2
socceroos,2
flavio,2
lonergan,2
rp9.075/9.080,2
garcia-lopez,2
membudayakan,2
governor,2
river,2
"12,54",2
"rp74,51",2
"10,7",2
al-hariri,2
nedved,2
subversif,2
x,2
nominees,2
"rp14,39",2
ducati,2
lagos,2
pagelaran,2
chongqing,2
keselarasan,2
tinggalkan,2
memberangkatkan,2
wii,2
sei,2
hendarin,2
mensah,2
berlatihan,2
bersusah,2
sakral,2
galangan,2
tertanggal,2
sentosa,2
menempa,2
advisory,2
charter,2
pencurahan,2
ajukan,2
terigu,2
jacques,2
sanitasi,2
perkantoran,2
memperbarui,2
ebitda,2
al-buzayi,2
council,2
naiki,2
mendulang,2
livni,2
pjt,2
outlet,2
al-houthi,2
soft,2
desktopnya,2
komposit,2
"rp1,29",2
"rp8,73",2
"1,0",2
bigdog,2
lancarkan,2
meyediakan,2
anindya,2
"41,9",2
karebbe,2
lembap,2
lorik,2
simao,2
sulistiyanto,2
appraisal,2
cakrawala,2
trading,2
suhaimi,2
bap,2
pulido,2
giberelin,2
dennis,2
ground,2
"rp130,5",2
"rp260,433",2
mempertaruhkan,2
baldini,2
1986.,2
terinfeksi,2
bo,2
mcgrady,2
bnr,2
mansoor,2
"58,4",2
"12,55",2
petrovsky,2
clipan,2
oang,2
280.731.333,2
69.000,2
"rp4,65",2
philips,2
"14,3",2
adukan,2
requirement,2
ke-9,2
jason,2
unhtuk,2
keinginan-keinginan,2
info,2
lantang,2
didalam,2
semaksimal,2
determinan,2
putra-putra,2
bimbingan,2
membelot,2
taraf,2
guy,2
kot,2
investigatif,2
disangkal,2
vaart,2
ravinatha,2
heikki,2
2.300,2
ala,2
overall,2
suku-cadang,2
broadcast,2
berkabut,2
terlah,2
jasa-jasa,2
srilanka,2
warna-warni,2
tahrir,2
3.274,2
stankovic,2
21-19,2
bowl,2
georges,2
gusmao,2
ke-99,2
diracun,2
kejaksaan,2
griffin,2
sesi-sesi,2
340.000,2
malapetaka,2
orissa,2
stf,2
teregang,2
talkmania,2
kazakhstan,2
developer,2
kedok,2
npa,2
sergej,2
archives,2
shiwa,2
pencuri,2
riyadi,2
purdue,2
faye,2
vatikan,2
sehelai,2
adisababa,2
anti-gangguan,2
kepahitan,2
--amerika,2
when,2
keramaian,2
ball,2
bercerai,2
ahli-cuaca,2
memutakhirkan,2
lebah-lebah,2
kerikil,2
pra,2
gesekan,2
netbook,2
putut,2
tupai,2
pankreas,2
ena,2
ruddock,2
eriksson,2
pemulangan,2
teramat,2
berkaca,2
supranatural,2
ditegakkan,2
dinitrogen,2
gtp-transdusinrhodopsin,2
baruna,2
dapati,2
bioreaktor,2
sekaliber,2
motherboard,2
dibayangi,2
akrab,2
mosaik,2
niles,2
adik-adik,2
legendaris,2
pelarut,2
menjangkiti,2
nanotekstil,2
memliki,2
edmilson,2
gajdosova,2
stage,2
resiko-resiko,2
tamira,2
terlindung,2
menggantungkan,2
georgios,2
enzo,2
logam-logam,2
sisilia,2
traore,2
americo,2
melobi,2
krisman,2
tfpped,2
yuwono,2
menyederhanakan,2
madrigal,2
timberwolves,2
pascal,2
'administered,2
kelesuan,2
mementahkan,2
imf/wb,2
menawan,2
kyle,2
bvic,2
obligasi-obligasi,2
dirundung,2
6.300,2
penilai,2
urai,2
carver,2
commonwealth,2
lin,2
jel,2
bahasan,2
rp620,2
semeseter,2
zakaria,2
membaut,2
broto,2
pengaduan,2
toppmoeller,2
"43,266",2
"rp3,4",2
"rp20,78",2
ausaid,2
erick,2
noel,2
window,2
"0,24",2
disayangkan,2
menabrakkan,2
mengecil,2
anggaran-red,2
persetengahtahunan,2
ashley,2
bengkulu,2
lorena,2
bavarians,2
rp104,2
giovani,2
desparate,2
senderos,2
rkp,2
ii/2003,2
ad,2
"119,52-57",2
terdiversifikasi,2
"55,8",2
ditiadakannya,2
keengganan,2
bursa-bursa,2
"rp583,7",2
bull,2
sandri,2
jurukamera,2
abdur,2
khoso,2
makasar,2
kias,2
"8,96",2
keluwesan,2
yasukuni,2
august,2
phbk,2
mensinyalir,2
begini,2
kesukaan,2
terpelajar,2
dimulailah,2
misi-misi,2
pragmatis,2
ketegasan,2
temple,2
mutakhir,2
kapitalistik,2
kaleng,2
menjamur,2
sekilas,2
fakih,2
melalap,2
dicarikan,2
jurietti,2
digencarkan,2
exercise,2
driven,2
dioptimalkan,2
seychelles,2
5.200,2
mullahkhail,2
bandaranaike,2
pinata,2
berabad-abad,2
yuri,2
detektif,2
hilarius,2
berkompeten,2
audiensi,2
singgah,2
ipcc,2
mencuatkan,2
mandela,2
wakil-wakil,2
larangan-larangan,2
ota,2
direlokasi,2
christos,2
dipenggal,2
anees,2
dialamatkan,2
awami,2
memfilmkan,2
wahid,2
pipi,2
katunayake,2
berlusconi,2
pro-pemerintah,2
mengkaitkan,2
munafik,2
zawahri,2
famili,2
disiram,2
menjaringkan,2
figur,2
antlers,2
artur,2
sawa,2
end,2
da-pat,2
pizarro,2
robben,2
saint-etienne,2
gp,2
spark,2
pengenduran,2
mendiami,2
liedson,2
termotivasi,2
kepergian,2
radius,2
dikritik,2
terbilang,2
fotosintesis,2
memudar,2
terpancing,2
alfio,2
pundak,2
kreativitas,2
morrison,2
bakat,2
permian,2
hirup,2
magnesium,2
abnormal,2
trout,2
pejantan,2
intranet,2
bewarna,2
paris-nice,2
jain,2
quick,2
gannet,2
diperuntukkan,2
mencampurkan,2
pengirim,2
kedua-duanya,2
silau,2
diramalkan,2
jaringan-jaringan,2
jae,2
seberkas,2
selongey,2
tiruan,2
terlokalisasi,2
analysis,2
hamit,2
khomeini,2
ahead,2
eksibisi,2
akram,2
four,2
platipus,2
lance,2
terkawal,2
gudjohnsen,2
olof,2
pennant,2
paulista,2
bastia,2
"rp4,8",2
jesus,2
florian,2
buerger,2
ehlers,2
canal,2
kodri,2
2002-2003,2
dave,2
baptista,2
pellegrini,2
mengoperasi,2
cerny,2
ahmadi,2
ekstensif,2
sabotase,2
gsm,2
lumenal,2
i/o,2
lapan,2
ftp,2
nanokeramik,2
berpendar,2
chambishi,2
sendiri-sendiri,2
khursheed,2
kwartet,2
kedirgantaraan,2
diperankan,2
presidium,2
al-zamili,2
mioglobin,2
menganggu,2
kependudukan,2
aideed,2
dekapoda,2
polutif,2
1950-1953,2
dalang,2
gmt,2
laporal,2
mengosongkan,2
astaxanthin,2
avian,2
valle,2
beta-carotene,2
al-haram,2
perebiynis,2
seutuhnya,2
diblokir,2
fadel,2
bove,2
mui,2
penterjemah,2
melubangi,2
defensif,2
shim,2
dab,2
destruktif,2
menyelubungi,2
satu-hari,2
thabo,2
pemeritnah,2
goyah,2
mengusahakan,2
berlubang-lubang,2
dituding,2
adana,2
menghampar,2
hoshiyar,2
biden,2
buaya-buaya,2
skela,2
uttarakhand,2
keonjhar,2
penipuan,2
fuzhou,2
dijahit,2
mengidap,2
houla,2
khasiat,2
terselip,2
pastikan,2
dwight,2
luczak,2
taya,2
abdallahi,2
black,2
djalo,2
pradesh,2
takagi,2
levinson,2
guinness,2
bulawayo,2
sentamu,2
anti-teror,2
ditugasi,2
terdampar,2
shizuoka,2
giscquel,2
akiko,2
dipalang,2
klien,2
terpelihara,2
kesederhanaan,2
penyalur,2
terkurangi,2
perdesaan,2
dihabiskan,2
sewajarnya,2
anti-terorisme,2
disediakanlah,2
microenterprises,2
pelik,2
watch,2
persaratan,2
terlaksana,2
ketertiban,2
kebanjiran,2
jongos,2
mustansiriyah,2
melanggengkan,2
fikir,2
permaian,2
pasadena,2
saturday,2
koridor,2
l/c,2
kilobit,2
btn,2
tepuk,2
rela,2
coliseo,2
"3,564",2
salomon,2
mengepak,2
antar-bank,2
heiko,2
skutermatic,2
dacourt,2
menegang,2
rp4.887,2
emir,2
dituangkan,2
joseba,2
"26,8",2
"27,8",2
sukrisno,2
"rp612,61",2
penyalaan,2
pedoman,2
tanya,2
budidaya,2
corpora,2
penjelajahan,2
"rp1,73",2
"22,5",2
merestrukturisasi,2
wieczorek-zeul,2
reconstruction,2
distro,2
elektrik,2
januari-agustus,2
catharina,2
menggairahkan,2
"rp1,23",2
beresolusi,2
squeezebox,2
dudek,2
century,2
pertahankan,2
t-rex,2
"46,9",2
"3,93",2
menggapai,2
memasyarakatkan,2
"rp1,02",2
out,2
pengolah,2
kkb,2
photuris,2
"19,2",2
ubs,2
kesemua,2
waskita,2
luput,2
dn,2
blitzkrieg,2
rencanakan,2
basir,2
moeis,2
kebutaan,2
disubsidi,2
aerobik,2
jonas,2
berbusana,2
memilki,2
uv,2
"8,272",2
pembeku,2
ultraungu,2
advisor,2
kendi,2
terpaku,2
dahan,2
luncuran,2
plant,2
buyten,2
ke-6,2
mauro,2
electronics,2
marc-antoine,2
berganda,2
gigg,2
"rp1,3",2
velodrome,2
"57,4",2
diulang-ulang,2
flight,2
papa,2
dhabi,2
moment,2
rozik,2
kuala,2
exploration,2
lengah,2
malouda,2
ke-59,2
bacary,2
eagle,2
"16,4",2
"0,32",2
russ,2
ulreich,2
"5,16",2
'rate,2
multiplier,2
"rp273,857",2
cimbg,2
edc,2
land,2
sovereign,2
sanni,2
panggung,2
johannes,2
'the,2
terjadwal,2
onshore,2
"rp7,15",2
"35,4",2
"50,25",2
"19,7",2
suwaidi,2
tankers,2
parvaiz,2
gedung-gedung,2
diterjunkan,2
brom,2
lazcano,2
rasakan,2
membangkang,2
basten,2
berlumuran,2
tekanan-tekanan,2
illiano,2
dipatahkan,2
menyundulkan,2
bugar,2
responden,2
hormon-hormon,2
jansen,2
ec-council,2
substansi-substansi,2
busur,2
berebut,2
bijaksana,2
mengerami,2
hiu,2
xenon,2
pau,2
simetri,2
unjukrasa,2
european,2
mengintegrasikan,2
sirip-sirip,2
membungkam,2
hayal,2
andal,2
kelemahan-kelemahan,2
hizbut,2
besutan,2
gabashvili,2
mengkoordinasi,2
chirac,2
du,2
kadiman,2
v-2,2
resilin,2
berlatar,2
goodison,2
prenil,2
alumunium,2
membabi-buta,2
mampuslah,2
bullard,2
ohio,2
colombus,2
kekosongan,2
wiyono,2
waduk,2
proton,2
mengering,2
penjepit,2
anatomis,2
kurungan,2
hillsborough,2
demokratik,2
layu,2
aboisso,2
gembala,2
5.268,2
mizote,2
toyama,2
palate,2
navas,2
urat-syaraf,2
taktis,2
40.,2
keributan,2
giuliani,2
cologne,2
irbid,2
ambrosini,2
lepas-landas,2
adi,2
zeitoun,2
mengurungkan,2
rudolph,2
sherif,2
konakri,2
17.061,2
mundo,2
disebarluaskan,2
jassim,2
diancam,2
menginap,2
fuji,2
seng,2
telpon,2
disekap,2
melalukan,2
quo,2
mcdade,2
as-jepang,2
markas-markas,2
dipenjarakan,2
malcolm,2
idi,2
melegakan,2
ketidak-pedulian,2
zalmay,2
al-thawra,2
21.00,2
samjhauta,2
pozzi,2
mames,2
terendam,2
keliling,2
bising,2
micoud,2
haase,2
canary,2
kecacatan,2
proaktif,2
trasnportasi,2
caron,2
mengamuk,2
referensi,2
purbakala,2
eugene,2
kluster,2
asset-asset,2
1908.,2
"rp17,6",2
"0,59",2
"rp11,16",2
will,2
prasangka,2
truiden,2
nabh4,2
"2,15",2
terasing,2
dipa,2
menipu,2
gelsenkirchen,2
rp4.500,2
terpikat,2
rind,2
rp9.135/9.142,2
underwriter,2
jembo,2
termonuklir,2
endin,2
tujuan-tujuan,2
terbentur,2
memadukan,2
metodologi,2
polda,2
di-hack,2
iai,2
rp9,2
kandung,2
mempimpin,2
watawan,2
perintang,2
wawan,2
capacity,2
menjumpai,2
'pending,2
teka-teki,2
saklar,2
berpeluncur,2
pascabayar,2
pe,2
pengubah,2
fattuh,2
pencitraan,2
disentri,2
decker,2
roaming,2
"rp1,54",2
"rp17,9",2
mortir-mortir,2
penyulingan,2
catudaya,2
engine,2
"2,68",2
blogger,2
mt,2
wit,2
wilaya,2
mircea,2
rp546,2
asyura,2
dipersalahkan,2
difoto,2
ke-53,2
bergiliran,2
wahanaartha,2
merekonstruksi,2
"11,7",2
bioarts,2
"20,7",2
ervin,2
kebingungan,2
fiber,2
rp482,2
memasarkan,2
tirai,2
persemakmuran,2
mitratama,2
agresip,2
but,2
primasura,2
rudi,2
lobster,2
jean-pierre,2
"20,75",2
luton,2
finish,2
sofia,2
cce,2
rp61,2
tontowi,2
provisi,2
cnpc,2
furyk,2
"rp39,5",2
putaan,2
merelaksasi,2
ketidakpuasan,2
memperlakukan,2
yg,2
sersan,2
terpenuhinya,2
jacob,2
artajasa,2
ndiaye,2
graeme,2
bhakti,2
idr,2
nekkavi,2
federico,2
hilmi,2
1.007.999.964,2
direktur/sekretaris,2
information,2
delvecchio,2
rp289,2
jarum,2
"36,6",2
"rp30,7",2
albelda,2
limoges,2
chen,2
cprl,2
seal,2
nicky,2
just,2
dual,2
victory,2
gulf,2
round,2
klab,2
rocchi,2
curam,2
major,2
materazzi,2
proporsional,2
hayati,2
1950-an,2
un-tuk,2
dipotong,2
meningkatan,2
pong-ju,2
chaudhary,2
bertema,2
tuanrumah,2
pecandu,2
terabstraksi,2
qassim,2
sciences,2
inframerah,2
ellen,2
kew,2
inipun,2
kafe,2
spring,2
countries,2
perlihatkan,2
libanon,2
1.900,2
perbaikan-perbaikan,2
tergesa-gesa,2
menyempit,2
dinegosiasikan,2
linear,2
pabrikasi,2
baikal,2
rp39,2
memperbolehkan,2
ka,2
special,2
glikolisis,2
frederico,2
anarki,2
hanescu,2
disajikan,2
than,2
moda,2
dapatan,2
pendistribusian,2
proper,2
pendayagunaan,2
konstruktif,2
menukar,2
nauli,2
kolaborasi,2
enyimba,2
douillard,2
heu,2
dpd,2
kontak-kontak,2
mertayasa,2
laksamana,2
"15,08",2
rp9.100/9.105,2
pembelot,2
ditembus,2
conway,2
raffael,2
michelin,2
"6,28",2
sutomo,2
perdagangan-hotel,2
dilemparkan,2
alexis,2
kepulihan,2
2005-2006,2
factor,2
abdelkader,2
liman,2
"1,034",2
pemuka,2
dimarco,2
inter-governmental,2
cs,2
boca,2
silikat,2
'banking,2
efficiency,2
awet,2
segregated,2
teriak,2
superioritas,2
kuerten,2
idaa,2
cirrus,2
kerusukan,2
marquez,2
present,2
swandi,2
selebihnya,2
summitplast,2
tomash,2
bphtb,2
serikat-serikat,2
luat,2
ma,2
melikuidasi,2
setipis,2
memposting,2
memakmurkan,2
alcoyano,2
close,2
print,2
bengalon,2
"2,81",2
sungguminasa,2
konektivitas,2
dundee,2
mengalah,2
ikhsan,2
langganan,2
katalisator,2
berduri,2
mandul,2
craniata,2
rp779,2
cska,2
pengerjaan,2
mentransformasikan,2
tangkapan,2
menstimulus,2
menyegarkan,2
rp8.500,2
"0,33",2
"0,2",2
'management,2
'reserve,2
berpekan-pekan,2
12-14,2
chalana,2
mahmood,2
simultan,2
share/eps,2
pemodal,2
repubblica,2
nasser,2
bintan,2
"10,38",2
beem,2
"57,464",2
praktisi,2
gert,2
azis,2
sbsn,2
tennessee,2
menghadang,2
dipersepsikan,2
dikeringkan,2
diusung,2
bermodal,2
sugandhi,2
pertama-tama,2
ikut-campur,2
parry,2
katalog,2
terbendung,2
edi,2
manfaatkan,2
swasembada,2
penjarahan,2
nanosilika,2
kesinambungan,2
kubangan,2
privatization,2
kabupaten/kota,2
cnooc,2
bodoh,2
kebohongan,2
dll,2
fakir,2
instant,2
tidak-putuskan,2
menumpukkan,2
acap,2
hsbc,2
mendy,2
traumatis,2
ifad,2
standarisasi,2
ibarat,2
hdi,2
21-11,2
dibesar-besarkan,2
itik,2
jasmani,2
diciduk,2
keluarkan,2
menyensor,2
xantin,2
zi,2
schwarz,2
file-file,2
galapagos,2
longbow,2
oefelein,2
safari,2
staff,2
kekejaman,2
tepian,2
penghambatan,2
yepes,2
melangsingkan,2
berpenumpang,2
pew,2
alishah,2
penyanderaan,2
magnus,2
midwestern,2
maddox,2
patriot,2
dung,2
valid,2
not,2
scolavino,2
direkam,2
silus,2
didenda,2
kekhasan,2
06.00,2
linton,2
tyrannosaurus,2
aramida,2
firaun,2
terdekomposisi,2
fm,2
proboscis,2
meteor,2
maritim,2
mereduksi,2
bertahun,2
8-24,2
sintesa,2
neptunus,2
gatal,2
gugusan-gugusan,2
cortex,2
femur,2
belut,2
pencanangan,2
mesin-mesin,2
dikerjakan,2
antikanker,2
menyisipkan,2
pendaftaran,2
camar,2
c-2,2
dahir,2
terjeblos,2
pantura,2
planet-planet,2
al-aqsa,2
cerna,2
polistiren,2
membara,2
tonjolan,2
menakuti,2
keponakan,2
berkiprah,2
houllier,2
'ya,2
petkov,2
al-ain,2
disundul,2
al-majid,2
gejalan,2
marchionni,2
hector,2
diare,2
mustansiriya,2
